层,录波,方向,接口,最小值,最大值,变化次数,变化时刻_s,取值摘要,电压电流相关
net,average,输出,env_1_Design/VCU/OutPort/BCM_2.AlarmMode.valid,1,1,0,,{1},否
net,average,输出,env_1_Design/VCU/OutPort/BCM_2.Arming_Failed.raw,0,0,0,,{0},否
net,average,输出,env_1_Design/VCU/OutPort/BCM_2.Arming_Failed.valid,1,1,0,,{1},否
net,average,输出,env_1_Design/VCU/OutPort/CLM_1.CLM_EAC_CompressorSpdReq,0,0,0,,{0},否
net,average,输出,env_1_Design/VCU/OutPort/CLM_1.CLM_EACReq,,,0,,{OFF},否
net,average,输出,env_1_Design/VCU/OutPort/CLM_1.Evaporatortemperature,-40,-40,0,,{-40},否
net,average,输出,env_1_Design/VCU/OutPort/CLM_1.FaultCode2,,,0,,{正常/Startup/Default},否
net,average,输出,env_1_Design/VCU/OutPort/CLM_1.FaultCode3,,,0,,{正常/Startup/Default},否
net,average,输出,env_1_Design/VCU/OutPort/CLM_1.FaultCode4,,,0,,{正常/Startup/Default},否
net,average,输出,env_1_Design/VCU/OutPort/CLM_1.FaultCode5,,,0,,{正常/Startup/Default},否
net,average,输出,env_1_Design/VCU/OutPort/CLM_1.FaultCode6,,,0,,{正常/Startup/Default},否
net,average,输出,env_1_Design/VCU/OutPort/CLM_1.FaultCode7,,,0,,{正常/Startup/Default},否
net,average,输出,env_1_Design/VCU/OutPort/CLM_1.FaultCode8,,,0,,{正常/Startup/Default},否
net,average,输出,env_1_Design/VCU/OutPort/CLM_1.HVAC_max_perm_ACCM_power,0,0,0,,{0},否
net,average,输出,env_1_Design/VCU/OutPort/CLM_1.PTC_Temp,-40,-40,0,,{-40},否
net,average,输出,env_1_Design/VCU/OutPort/CLM_1.PTCState,,,0,,{OFF/Startup},否
net,average,输入,env_1_Design/VCU/InPort/Msg_CLM_1_RxDisabled,0,0,0,,{0},否
net,average,输出,env_1_Design/VCU/OutPort/RxMsg_0x198_Count,1043,2145,551,"0.200, 0.400, 0.600, 0.800, 1.000, 1.200, 1.400, 1.600, 1.800, 2.000 …",min=1043; max=2145; distinct=552,否
net,average,输出,env_1_Design/VCU/OutPort/CLM_1.CLM_EAC_CompressorSpdReq.raw,0,0,0,,{0},否
net,average,输出,env_1_Design/VCU/OutPort/CLM_1.CLM_EAC_CompressorSpdReq.valid,1,1,0,,{1},否
net,average,输出,env_1_Design/VCU/OutPort/CLM_1.CLM_EACReq.raw,0,0,0,,{0},否
net,average,输出,env_1_Design/VCU/OutPort/CLM_1.CLM_EACReq.valid,1,1,0,,{1},否
net,average,输出,env_1_Design/VCU/OutPort/CLM_1.Evaporatortemperature.raw,0,0,0,,{0},否
net,average,输出,env_1_Design/VCU/OutPort/CLM_1.Evaporatortemperature.valid,1,1,0,,{1},否
net,average,输出,env_1_Design/VCU/OutPort/CLM_1.FaultCode2.raw,0,0,0,,{0},否
net,average,输出,env_1_Design/VCU/OutPort/CLM_1.FaultCode2.valid,1,1,0,,{1},否
net,average,输出,env_1_Design/VCU/OutPort/CLM_1.FaultCode3.raw,0,0,0,,{0},否
net,average,输出,env_1_Design/VCU/OutPort/CLM_1.FaultCode3.valid,1,1,0,,{1},否
net,average,输出,env_1_Design/VCU/OutPort/CLM_1.FaultCode4.raw,0,0,0,,{0},否
net,average,输出,env_1_Design/VCU/OutPort/CLM_1.FaultCode4.valid,1,1,0,,{1},否
net,average,输出,env_1_Design/VCU/OutPort/CLM_1.FaultCode5.raw,0,0,0,,{0},否
net,average,输出,env_1_Design/VCU/OutPort/CLM_1.FaultCode5.valid,1,1,0,,{1},否
net,average,输出,env_1_Design/VCU/OutPort/CLM_1.FaultCode6.raw,0,0,0,,{0},否
net,average,输出,env_1_Design/VCU/OutPort/CLM_1.FaultCode6.valid,1,1,0,,{1},否
net,average,输出,env_1_Design/VCU/OutPort/CLM_1.FaultCode7.raw,0,0,0,,{0},否
net,average,输出,env_1_Design/VCU/OutPort/CLM_1.FaultCode7.valid,1,1,0,,{1},否
net,average,输出,env_1_Design/VCU/OutPort/CLM_1.FaultCode8.raw,0,0,0,,{0},否
net,average,输出,env_1_Design/VCU/OutPort/CLM_1.FaultCode8.valid,1,1,0,,{1},否
net,average,输出,env_1_Design/VCU/OutPort/CLM_1.HVAC_max_perm_ACCM_power.raw,0,0,0,,{0},否
net,average,输出,env_1_Design/VCU/OutPort/CLM_1.HVAC_max_perm_ACCM_power.valid,1,1,0,,{1},否
net,average,输出,env_1_Design/VCU/OutPort/CLM_1.PTC_Temp.raw,0,0,0,,{0},否
net,average,输出,env_1_Design/VCU/OutPort/CLM_1.PTC_Temp.valid,1,1,0,,{1},否
net,average,输出,env_1_Design/VCU/OutPort/CLM_1.PTCState.raw,0,0,0,,{0},否
net,average,输出,env_1_Design/VCU/OutPort/CLM_1.PTCState.valid,1,1,0,,{1},否
net,average,输出,env_1_Design/VCU/OutPort/CLM_2.BlowSpeedLevelDisplaySts,,,0,,{Not Active},否
net,average,输出,env_1_Design/VCU/OutPort/CLM_2.CirculationModeDisplaySts,,,0,,{Recirculation mode/Startup},否
net,average,输出,env_1_Design/VCU/OutPort/CLM_2.ControlMode_Sts,,,0,,{},否
net,average,输出,env_1_Design/VCU/OutPort/CLM_2.ModeAdjustDisplaySts,,,0,,{BlowFace},否
net,average,输出,env_1_Design/VCU/OutPort/CLM_2.TempCirculationMode,,,0,,{OFF},否
net,average,输出,env_1_Design/VCU/OutPort/CLM_2.TempknobRollingCounter,,,0,,{Not active},否
net,average,输出,env_1_Design/VCU/OutPort/CLM_2.WorkingSts,,,0,,{Startup/Active},否
net,average,输入,env_1_Design/VCU/InPort/Msg_CLM_2_RxDisabled,0,0,0,,{0},否
net,average,输出,env_1_Design/VCU/OutPort/RxMsg_0x51A_Count,1043,2145,551,"0.200, 0.400, 0.600, 0.800, 1.000, 1.200, 1.400, 1.600, 1.800, 2.000 …",min=1043; max=2145; distinct=552,否
net,average,输出,env_1_Design/VCU/OutPort/CLM_2.BlowSpeedLevelDisplaySts.raw,0,0,0,,{0},否
net,average,输出,env_1_Design/VCU/OutPort/CLM_2.BlowSpeedLevelDisplaySts.valid,1,1,0,,{1},否
net,average,输出,env_1_Design/VCU/OutPort/CLM_2.CirculationModeDisplaySts.raw,0,0,0,,{0},否
net,average,输出,env_1_Design/VCU/OutPort/CLM_2.CirculationModeDisplaySts.valid,1,1,0,,{1},否
net,average,输出,env_1_Design/VCU/OutPort/CLM_2.ControlMode_Sts.raw,0,0,0,,{0},否
net,average,输出,env_1_Design/VCU/OutPort/CLM_2.ControlMode_Sts.valid,1,1,0,,{1},否
net,average,输出,env_1_Design/VCU/OutPort/CLM_2.ModeAdjustDisplaySts.raw,0,0,0,,{0},否
net,average,输出,env_1_Design/VCU/OutPort/CLM_2.ModeAdjustDisplaySts.valid,1,1,0,,{1},否
net,average,输出,env_1_Design/VCU/OutPort/CLM_2.TempCirculationMode.raw,0,0,0,,{0},否
net,average,输出,env_1_Design/VCU/OutPort/CLM_2.TempCirculationMode.valid,1,1,0,,{1},否
net,average,输出,env_1_Design/VCU/OutPort/CLM_2.TempknobRollingCounter.raw,0,0,0,,{0},否
net,average,输出,env_1_Design/VCU/OutPort/CLM_2.TempknobRollingCounter.valid,1,1,0,,{1},否
net,average,输出,env_1_Design/VCU/OutPort/CLM_2.WorkingSts.raw,0,0,0,,{0},否
net,average,输出,env_1_Design/VCU/OutPort/CLM_2.WorkingSts.valid,1,1,0,,{1},否
net,average,输出,env_1_Design/VCU/OutPort/EAC_1.EAC_CompressorPower,0,0,0,,{0},否
net,average,输出,env_1_Design/VCU/OutPort/EAC_1.EAC_CompressorSpd,0,0,0,,{0},否
net,average,输出,env_1_Design/VCU/OutPort/EAC_1.EAC_HV_InputCurr,0,0,0,,{0},是
net,average,输出,env_1_Design/VCU/OutPort/EAC_1.EAC_HV_InputVolt,0,0,0,,{0},是
net,average,输出,env_1_Design/VCU/OutPort/EAC_1.EAC_IGBT_Temp,-40,-40,0,,{-40},否
net,average,输出,env_1_Design/VCU/OutPort/EAC_1.EAC_InternalVoltFault,,,0,,{Normal},是
net,average,输出,env_1_Design/VCU/OutPort/EAC_1.EAC_LostCommunicationWithECC,,,0,,{Normal},否
net,average,输出,env_1_Design/VCU/OutPort/EAC_1.EAC_Motor_PhaseCurr,0,0,0,,{0},是
net,average,输出,env_1_Design/VCU/OutPort/EAC_1.EAC_OverBusCurrFault,,,0,,{Normal},是
net,average,输出,env_1_Design/VCU/OutPort/EAC_1.EAC_OverPhaseECurrentFault,,,0,,{Normal},是
net,average,输出,env_1_Design/VCU/OutPort/EAC_1.EAC_OverTempeDropFrequeney,,,0,,{Normal},否
net,average,输出,env_1_Design/VCU/OutPort/EAC_1.EAC_OverTempFault,,,0,,{Normal},否
net,average,输出,env_1_Design/VCU/OutPort/EAC_1.EAC_OverVoltFault,,,0,,{Normal},是
net,average,输出,env_1_Design/VCU/OutPort/EAC_1.EAC_UnderVoltFault,,,0,,{Normal},是
net,average,输出,env_1_Design/VCU/OutPort/EAC_1.EAC_WorkingMode,,,0,,{Compressor off/Startup},否
net,average,输入,env_1_Design/VCU/InPort/Msg_EAC_1_RxDisabled,0,0,0,,{0},否
net,average,输出,env_1_Design/VCU/OutPort/RxMsg_0x302_Count,1043,2145,551,"0.200, 0.400, 0.600, 0.800, 1.000, 1.200, 1.400, 1.600, 1.800, 2.000 …",min=1043; max=2145; distinct=552,否
net,average,输出,env_1_Design/VCU/OutPort/EAC_1.EAC_CompressorPower.raw,0,0,0,,{0},否
net,average,输出,env_1_Design/VCU/OutPort/EAC_1.EAC_CompressorPower.valid,1,1,0,,{1},否
net,average,输出,env_1_Design/VCU/OutPort/EAC_1.EAC_CompressorSpd.raw,0,0,0,,{0},否
net,average,输出,env_1_Design/VCU/OutPort/EAC_1.EAC_CompressorSpd.valid,1,1,0,,{1},否
net,average,输出,env_1_Design/VCU/OutPort/EAC_1.EAC_HV_InputCurr.raw,0,0,0,,{0},是
net,average,输出,env_1_Design/VCU/OutPort/EAC_1.EAC_HV_InputCurr.valid,1,1,0,,{1},是
net,average,输出,env_1_Design/VCU/OutPort/EAC_1.EAC_HV_InputVolt.raw,0,0,0,,{0},是
net,average,输出,env_1_Design/VCU/OutPort/EAC_1.EAC_HV_InputVolt.valid,1,1,0,,{1},是
net,average,输出,env_1_Design/VCU/OutPort/EAC_1.EAC_IGBT_Temp.raw,0,0,0,,{0},否
net,average,输出,env_1_Design/VCU/OutPort/EAC_1.EAC_IGBT_Temp.valid,1,1,0,,{1},否
net,average,输出,env_1_Design/VCU/OutPort/EAC_1.EAC_InternalVoltFault.raw,0,0,0,,{0},是
net,average,输出,env_1_Design/VCU/OutPort/EAC_1.EAC_InternalVoltFault.valid,1,1,0,,{1},是
net,average,输出,env_1_Design/VCU/OutPort/EAC_1.EAC_LostCommunicationWithECC.raw,0,0,0,,{0},否
net,average,输出,env_1_Design/VCU/OutPort/EAC_1.EAC_LostCommunicationWithECC.valid,1,1,0,,{1},否
net,average,输出,env_1_Design/VCU/OutPort/EAC_1.EAC_Motor_PhaseCurr.raw,0,0,0,,{0},是
net,average,输出,env_1_Design/VCU/OutPort/EAC_1.EAC_Motor_PhaseCurr.valid,1,1,0,,{1},是
net,average,输出,env_1_Design/VCU/OutPort/EAC_1.EAC_OverBusCurrFault.raw,0,0,0,,{0},是
net,average,输出,env_1_Design/VCU/OutPort/EAC_1.EAC_OverBusCurrFault.valid,1,1,0,,{1},是
net,average,输出,env_1_Design/VCU/OutPort/EAC_1.EAC_OverPhaseECurrentFault.raw,0,0,0,,{0},是
net,average,输出,env_1_Design/VCU/OutPort/EAC_1.EAC_OverPhaseECurrentFault.valid,1,1,0,,{1},是
net,average,输出,env_1_Design/VCU/OutPort/EAC_1.EAC_OverTempeDropFrequeney.raw,0,0,0,,{0},否
net,average,输出,env_1_Design/VCU/OutPort/EAC_1.EAC_OverTempeDropFrequeney.valid,1,1,0,,{1},否
net,average,输出,env_1_Design/VCU/OutPort/EAC_1.EAC_OverTempFault.raw,0,0,0,,{0},否
net,average,输出,env_1_Design/VCU/OutPort/EAC_1.EAC_OverTempFault.valid,1,1,0,,{1},否
net,average,输出,env_1_Design/VCU/OutPort/EAC_1.EAC_OverVoltFault.raw,0,0,0,,{0},是
net,average,输出,env_1_Design/VCU/OutPort/EAC_1.EAC_OverVoltFault.valid,1,1,0,,{1},是
net,average,输出,env_1_Design/VCU/OutPort/EAC_1.EAC_UnderVoltFault.raw,0,0,0,,{0},是
net,average,输出,env_1_Design/VCU/OutPort/EAC_1.EAC_UnderVoltFault.valid,1,1,0,,{1},是
net,average,输出,env_1_Design/VCU/OutPort/EAC_1.EAC_WorkingMode.raw,0,0,0,,{0},否
net,average,输出,env_1_Design/VCU/OutPort/EAC_1.EAC_WorkingMode.valid,1,1,0,,{1},否
net,average,输出,env_1_Design/VCU/OutPort/GW_ABS_1.ABSActive,,,0,,{Not active/Startup/Default},否
net,average,输出,env_1_Design/VCU/OutPort/GW_ABS_1.ABSFailSts,,,0,,{Not present/Startup/Default},否
net,average,输出,env_1_Design/VCU/OutPort/GW_ABS_1.Checksum,0,0,0,,{0},否
net,average,输出,env_1_Design/VCU/OutPort/GW_ABS_1.EBDActive,,,0,,{Not active/Startup},否
net,average,输出,env_1_Design/VCU/OutPort/GW_ABS_1.EBDFailSts,,,0,,{Not present/Startup/Default},否
net,average,输出,env_1_Design/VCU/OutPort/GW_ABS_1.MessageCounter,0,0,0,,{0},否
net,average,输出,env_1_Design/VCU/OutPort/GW_ABS_1.VehicleSpeedVSOSig,0,0.4375,3,"2.400, 2.600, 2.800","{0, 0.125, 0.375, 0.4375}",否
net,average,输出,env_1_Design/VCU/OutPort/GW_ABS_1.VehicleSpeedVSOSigValidData,,,0,,{Valid/Startup/Default},否
net,average,输入,env_1_Design/VCU/InPort/Msg_GW_ABS_1_RxDisabled,0,0,0,,{0},否
net,average,输出,env_1_Design/VCU/OutPort/RxMsg_0x2E9_Count,2086,4290,551,"0.200, 0.400, 0.600, 0.800, 1.000, 1.200, 1.400, 1.600, 1.800, 2.000 …",min=2086; max=4290; distinct=552,否
net,average,输出,env_1_Design/VCU/OutPort/GW_ABS_1.ABSActive.raw,0,0,0,,{0},否
net,average,输出,env_1_Design/VCU/OutPort/GW_ABS_1.ABSActive.valid,1,1,0,,{1},否
net,average,输出,env_1_Design/VCU/OutPort/GW_ABS_1.ABSFailSts.raw,0,0,0,,{0},否
net,average,输出,env_1_Design/VCU/OutPort/GW_ABS_1.ABSFailSts.valid,1,1,0,,{1},否
net,average,输出,env_1_Design/VCU/OutPort/GW_ABS_1.Checksum.raw,0,0,0,,{0},否
net,average,输出,env_1_Design/VCU/OutPort/GW_ABS_1.Checksum.valid,1,1,0,,{1},否
net,average,输出,env_1_Design/VCU/OutPort/GW_ABS_1.EBDActive.raw,0,0,0,,{0},否
net,average,输出,env_1_Design/VCU/OutPort/GW_ABS_1.EBDActive.valid,1,1,0,,{1},否
net,average,输出,env_1_Design/VCU/OutPort/GW_ABS_1.EBDFailSts.raw,0,0,0,,{0},否
net,average,输出,env_1_Design/VCU/OutPort/GW_ABS_1.EBDFailSts.valid,1,1,0,,{1},否
net,average,输出,env_1_Design/VCU/OutPort/GW_ABS_1.MessageCounter.raw,0,0,0,,{0},否
net,average,输出,env_1_Design/VCU/OutPort/GW_ABS_1.MessageCounter.valid,1,1,0,,{1},否
net,average,输出,env_1_Design/VCU/OutPort/GW_ABS_1.VehicleSpeedVSOSig.raw,0,7,3,"2.400, 2.600, 2.800","{0, 2, 6, 7}",否
net,average,输出,env_1_Design/VCU/OutPort/GW_ABS_1.VehicleSpeedVSOSig.valid,1,1,0,,{1},否
net,average,输出,env_1_Design/VCU/OutPort/GW_ABS_1.VehicleSpeedVSOSigValidData.raw,0,0,0,,{0},否
net,average,输出,env_1_Design/VCU/OutPort/GW_ABS_1.VehicleSpeedVSOSigValidData.valid,1,1,0,,{1},否
net,average,输出,env_1_Design/VCU/OutPort/GW_ABS_10.TPMS_DangerousPressureWarningT,,,0,,{NoDeflationorGeneraldiffusion},否
net,average,输出,env_1_Design/VCU/OutPort/GW_ABS_10.TPMS_MalfunctionLamp,,,0,,{TPMSnoMalfunction/Startup/Def},否
net,average,输出,env_1_Design/VCU/OutPort/GW_ABS_10.TPMS_PressureWarningLamp,,,0,,{NoDeflationWarning/Startup/Def},否
net,average,输出,env_1_Design/VCU/OutPort/GW_ABS_10.TPMS_PressureWarningLampReset,,,0,,{No Reset Request/Startup/Defaul},否
net,average,输出,env_1_Design/VCU/OutPort/GW_ABS_10.TPMS_PressureWarningText,,,0,,{No TPMS Warning/Startup/Default},否
net,average,输入,env_1_Design/VCU/InPort/Msg_GW_ABS_10_RxDisabled,0,0,0,,{0},否
net,average,输出,env_1_Design/VCU/OutPort/RxMsg_0x503_Count,3129,6435,551,"0.200, 0.400, 0.600, 0.800, 1.000, 1.200, 1.400, 1.600, 1.800, 2.000 …",min=3129; max=6435; distinct=552,否
net,average,输出,env_1_Design/VCU/OutPort/GW_ABS_10.TPMS_DangerousPressureWarningT.raw,0,0,0,,{0},否
net,average,输出,env_1_Design/VCU/OutPort/GW_ABS_10.TPMS_DangerousPressureWarningT.valid,1,1,0,,{1},否
net,average,输出,env_1_Design/VCU/OutPort/GW_ABS_10.TPMS_MalfunctionLamp.raw,0,0,0,,{0},否
net,average,输出,env_1_Design/VCU/OutPort/GW_ABS_10.TPMS_MalfunctionLamp.valid,1,1,0,,{1},否
net,average,输出,env_1_Design/VCU/OutPort/GW_ABS_10.TPMS_PressureWarningLamp.raw,0,0,0,,{0},否
net,average,输出,env_1_Design/VCU/OutPort/GW_ABS_10.TPMS_PressureWarningLamp.valid,1,1,0,,{1},否
net,average,输出,env_1_Design/VCU/OutPort/GW_ABS_10.TPMS_PressureWarningLampReset.raw,0,0,0,,{0},否
net,average,输出,env_1_Design/VCU/OutPort/GW_ABS_10.TPMS_PressureWarningLampReset.valid,1,1,0,,{1},否
net,average,输出,env_1_Design/VCU/OutPort/GW_ABS_10.TPMS_PressureWarningText.raw,0,0,0,,{0},否
net,average,输出,env_1_Design/VCU/OutPort/GW_ABS_10.TPMS_PressureWarningText.valid,1,1,0,,{1},否
net,average,输出,env_1_Design/VCU/OutPort/GW_ABS_2.LHFWheelSpeed,0,0,0,,{0},否
net,average,输出,env_1_Design/VCU/OutPort/GW_ABS_2.LHFWheelSpeedValidData,,,0,,{Valid},否
net,average,输出,env_1_Design/VCU/OutPort/GW_ABS_2.LHRWheelSpeed,0,0,0,,{0},否
net,average,输出,env_1_Design/VCU/OutPort/GW_ABS_2.LHRWheelSpeedValidData,,,0,,{Valid},否
net,average,输出,env_1_Design/VCU/OutPort/GW_ABS_2.RHFWheelSpeed,0,0,0,,{0},否
net,average,输出,env_1_Design/VCU/OutPort/GW_ABS_2.RHFWheelSpeedValidData,,,0,,{Valid},否
net,average,输出,env_1_Design/VCU/OutPort/GW_ABS_2.RHRWheelSpeed,0,0,0,,{0},否
net,average,输出,env_1_Design/VCU/OutPort/GW_ABS_2.RHRWheelSpeedValidData,,,0,,{Valid},否
net,average,输入,env_1_Design/VCU/InPort/Msg_GW_ABS_2_RxDisabled,0,0,0,,{0},否
net,average,输出,env_1_Design/VCU/OutPort/RxMsg_0x310_Count,2086,4290,551,"0.200, 0.400, 0.600, 0.800, 1.000, 1.200, 1.400, 1.600, 1.800, 2.000 …",min=2086; max=4290; distinct=552,否
net,average,输出,env_1_Design/VCU/OutPort/GW_ABS_2.LHFWheelSpeed.raw,0,0,0,,{0},否
net,average,输出,env_1_Design/VCU/OutPort/GW_ABS_2.LHFWheelSpeed.valid,1,1,0,,{1},否
net,average,输出,env_1_Design/VCU/OutPort/GW_ABS_2.LHFWheelSpeedValidData.raw,0,0,0,,{0},否
net,average,输出,env_1_Design/VCU/OutPort/GW_ABS_2.LHFWheelSpeedValidData.valid,1,1,0,,{1},否
net,average,输出,env_1_Design/VCU/OutPort/GW_ABS_2.LHRWheelSpeed.raw,0,0,0,,{0},否
net,average,输出,env_1_Design/VCU/OutPort/GW_ABS_2.LHRWheelSpeed.valid,1,1,0,,{1},否
net,average,输出,env_1_Design/VCU/OutPort/GW_ABS_2.LHRWheelSpeedValidData.raw,0,0,0,,{0},否
net,average,输出,env_1_Design/VCU/OutPort/GW_ABS_2.LHRWheelSpeedValidData.valid,1,1,0,,{1},否
net,average,输出,env_1_Design/VCU/OutPort/GW_ABS_2.RHFWheelSpeed.raw,0,0,0,,{0},否
net,average,输出,env_1_Design/VCU/OutPort/GW_ABS_2.RHFWheelSpeed.valid,1,1,0,,{1},否
net,average,输出,env_1_Design/VCU/OutPort/GW_ABS_2.RHFWheelSpeedValidData.raw,0,0,0,,{0},否
net,average,输出,env_1_Design/VCU/OutPort/GW_ABS_2.RHFWheelSpeedValidData.valid,1,1,0,,{1},否
net,average,输出,env_1_Design/VCU/OutPort/GW_ABS_2.RHRWheelSpeed.raw,0,0,0,,{0},否
net,average,输出,env_1_Design/VCU/OutPort/GW_ABS_2.RHRWheelSpeed.valid,1,1,0,,{1},否
net,average,输出,env_1_Design/VCU/OutPort/GW_ABS_2.RHRWheelSpeedValidData.raw,0,0,0,,{0},否
net,average,输出,env_1_Design/VCU/OutPort/GW_ABS_2.RHRWheelSpeedValidData.valid,1,1,0,,{1},否
net,average,输出,env_1_Design/VCU/OutPort/GW_ABS_G.ABSFailSts,,,0,,{Not present/Startup/Default},否
net,average,输出,env_1_Design/VCU/OutPort/GW_ABS_G.Checksum,0,0,0,,{0},否
net,average,输出,env_1_Design/VCU/OutPort/GW_ABS_G.EBDFailSts,,,0,,{Not present/Startup/Default},否
net,average,输出,env_1_Design/VCU/OutPort/GW_ABS_G.MessageCounter,0,0,0,,{0},否
net,average,输出,env_1_Design/VCU/OutPort/GW_ABS_G.VehicleSpeedVSOSig,0,0.4375,3,"2.400, 2.600, 2.800","{0, 0.125, 0.375, 0.4375}",否
net,average,输出,env_1_Design/VCU/OutPort/GW_ABS_G.VehicleSpeedVSOSigValidData,,,0,,{Valid/Startup/Default},否
net,average,输入,env_1_Design/VCU/InPort/Msg_GW_ABS_G_RxDisabled,0,0,0,,{0},否
net,average,输出,env_1_Design/VCU/OutPort/RxMsg_0x502_Count,3129,6435,551,"0.200, 0.400, 0.600, 0.800, 1.000, 1.200, 1.400, 1.600, 1.800, 2.000 …",min=3129; max=6435; distinct=552,否
net,average,输出,env_1_Design/VCU/OutPort/GW_ABS_G.ABSFailSts.raw,0,0,0,,{0},否
net,average,输出,env_1_Design/VCU/OutPort/GW_ABS_G.ABSFailSts.valid,1,1,0,,{1},否
net,average,输出,env_1_Design/VCU/OutPort/GW_ABS_G.Checksum.raw,0,0,0,,{0},否
net,average,输出,env_1_Design/VCU/OutPort/GW_ABS_G.Checksum.valid,1,1,0,,{1},否
net,average,输出,env_1_Design/VCU/OutPort/GW_ABS_G.EBDFailSts.raw,0,0,0,,{0},否
net,average,输出,env_1_Design/VCU/OutPort/GW_ABS_G.EBDFailSts.valid,1,1,0,,{1},否
net,average,输出,env_1_Design/VCU/OutPort/GW_ABS_G.MessageCounter.raw,0,0,0,,{0},否
net,average,输出,env_1_Design/VCU/OutPort/GW_ABS_G.MessageCounter.valid,1,1,0,,{1},否
net,average,输出,env_1_Design/VCU/OutPort/GW_ABS_G.VehicleSpeedVSOSig.raw,0,7,3,"2.400, 2.600, 2.800","{0, 2, 6, 7}",否
net,average,输入,env_1_Design/power/InPort/BMS_WarningMsg.BMS_War_chg_Overcurrent_3,,,0,,{正常},是
net,average,输入,env_1_Design/power/InPort/BMS_WarningMsg.BMS_War_chg_Overcurrent_4,,,0,,{正常},是
net,average,输入,env_1_Design/power/InPort/BMS_WarningMsg.BMS_War_crash_level_4,,,0,,{正常},否
net,average,输入,env_1_Design/power/InPort/BMS_WarningMsg.BMS_War_dischg_Overcurrent_2,,,0,,{正常},是
net,average,输入,env_1_Design/power/InPort/BMS_WarningMsg.BMS_War_dischg_Overcurrent_3,,,0,,{正常},是
net,average,输入,env_1_Design/power/InPort/BMS_WarningMsg.BMS_War_heating_fault_4,,,0,,{正常},否
net,average,输入,env_1_Design/power/InPort/BMS_WarningMsg.BMS_War_heating_film_HingTemp_4,,,0,,{正常},否
net,average,输入,env_1_Design/power/InPort/BMS_WarningMsg.BMS_War_heating_rate_Too_high,,,0,,{正常},否
net,average,输入,env_1_Design/power/InPort/BMS_WarningMsg.BMS_War_heating_rate_Too_high_4,,,0,,{正常},否
net,average,输入,env_1_Design/power/InPort/BMS_WarningMsg.BMS_War_HingTemp_2,,,0,,{正常},否
net,average,输入,env_1_Design/power/InPort/BMS_WarningMsg.BMS_War_HingTemp_3,,,0,,{正常},否
net,average,输入,env_1_Design/power/InPort/BMS_WarningMsg.BMS_War_HingTemp_4,,,0,,{正常},否
net,average,输入,env_1_Design/power/InPort/BMS_WarningMsg.BMS_War_HVIL_fault,,,0,,{正常},否
net,average,输入,env_1_Design/power/InPort/BMS_WarningMsg.BMS_War_InsulationRes_TooLOW_2,,,0,,{正常},否
net,average,输入,env_1_Design/power/InPort/BMS_WarningMsg.BMS_War_InsulationRes_TooLOW_4,,,0,,{正常},否
net,average,输入,env_1_Design/power/InPort/BMS_WarningMsg.BMS_War_LowTemp_2,,,0,,{正常},否
net,average,输入,env_1_Design/power/InPort/BMS_WarningMsg.BMS_War_LowTemp_3,,,0,,{正常},否
net,average,输入,env_1_Design/power/InPort/BMS_WarningMsg.BMS_War_neg_rly_conglutination_3,,,0,,{正常},否
net,average,输入,env_1_Design/power/InPort/BMS_WarningMsg.BMS_War_neg_rly_not_attracting_3,,,0,,{正常},否
net,average,输入,env_1_Design/power/InPort/BMS_WarningMsg.BMS_War_OBC_communication_flt_3,,,0,,{正常},否
net,average,输入,env_1_Design/power/InPort/BMS_WarningMsg.BMS_War_Packconsistency,,,0,,{正常},否
net,average,输入,env_1_Design/power/InPort/BMS_WarningMsg.BMS_War_PackOverVoltage_3,,,0,,{正常},是
net,average,输入,env_1_Design/power/InPort/BMS_WarningMsg.BMS_War_PackOverVoltage_4,,,0,,{正常},是
net,average,输入,env_1_Design/power/InPort/BMS_WarningMsg.BMS_War_PackUnderVoltage_2,,,0,,{正常},是
net,average,输入,env_1_Design/power/InPort/BMS_WarningMsg.BMS_War_PackUnderVoltage_3,,,0,,{正常},是
net,average,输入,env_1_Design/power/InPort/BMS_WarningMsg.BMS_War_PackUnderVoltage_4,,,0,,{正常},是
net,average,输入,env_1_Design/power/InPort/BMS_WarningMsg.BMS_War_PackUnderVoltage_chg_4,,,0,,{正常},是
net,average,输入,env_1_Design/power/InPort/BMS_WarningMsg.BMS_War_SOClow,,,0,,{正常},否
net,average,输入,env_1_Design/power/InPort/BMS_WarningMsg.BMS_War_system_fault_3,,,0,,{正常},否
net,average,输入,env_1_Design/power/InPort/BMS_WarningMsg.BMS_War_temp_collect_interrupt_2,,,0,,{正常},否
net,average,输入,env_1_Design/power/InPort/BMS_WarningMsg.BMS_War_temp_collect_interrupt_4,,,0,,{正常},否
net,average,输入,env_1_Design/power/InPort/BMS_WarningMsg.BMS_War_tempDiffeerence_2,,,0,,{正常},否
net,average,输入,env_1_Design/power/InPort/BMS_WarningMsg.BMS_War_time_of_chg_too_long_4,,,0,,{正常},否
net,average,输入,env_1_Design/power/InPort/BMS_WarningMsg.BMS_War_time_of_heat_too_long_4,,,0,,{正常},否
net,average,输入,env_1_Design/power/InPort/BMS_WarningMsg.BMS_War_VCU_communication_flt_1,,,0,,{正常},否
net,average,输入,env_1_Design/power/InPort/BMS_WarningMsg.BMS_War_Volt_collect_interrupt_2,,,0,,{正常},是
net,average,输入,env_1_Design/power/InPort/BMS_WarningMsg.BMS_War_Volt_collect_interrupt_4,,,0,,{正常},是
net,average,输入,env_1_Design/power/InPort/BMS_WarningMsg.BMS_War_Voltage_difference_2,,,0,,{正常},是
net,average,输入,env_1_Design/power/InPort/Msg_BMS_WarningMsg_TxDisabled,0,0,0,,{0},否
net,average,输入,env_1_Design/power/InPort/BMS_WarningMsg.BMS_Battery_NOT_matching.raw,0,0,0,,{0},否
net,average,输入,env_1_Design/power/InPort/BMS_WarningMsg.BMS_Battery_NOT_matching.rawEnable,0,0,0,,{0},否
net,average,输入,env_1_Design/power/InPort/BMS_WarningMsg.BMS_SOC_Break_1.raw,0,0,0,,{0},否
net,average,输入,env_1_Design/power/InPort/BMS_WarningMsg.BMS_SOC_Break_1.rawEnable,0,0,0,,{0},否
net,average,输入,env_1_Design/power/InPort/BMS_WarningMsg.BMS_SOC_too_High.raw,0,0,0,,{0},否
net,average,输入,env_1_Design/power/InPort/BMS_WarningMsg.BMS_SOC_too_High.rawEnable,0,0,0,,{0},否
net,average,输入,env_1_Design/power/InPort/BMS_WarningMsg.BMS_War_cellOverVoltage_3.raw,0,0,0,,{0},是
net,average,输入,env_1_Design/power/InPort/BMS_WarningMsg.BMS_War_cellOverVoltage_3.rawEnable,0,0,0,,{0},是
net,average,输入,env_1_Design/power/InPort/BMS_WarningMsg.BMS_War_cellOverVoltage_4.raw,0,0,0,,{0},是
net,average,输入,env_1_Design/power/InPort/BMS_WarningMsg.BMS_War_cellOverVoltage_4.rawEnable,0,0,0,,{0},是
net,average,输入,env_1_Design/power/InPort/BMS_WarningMsg.BMS_War_cellUnderVoltage_2.raw,0,0,0,,{0},是
net,average,输入,env_1_Design/power/InPort/BMS_WarningMsg.BMS_War_cellUnderVoltage_2.rawEnable,0,0,0,,{0},是
net,average,输入,env_1_Design/power/InPort/BMS_WarningMsg.BMS_War_cellUnderVoltage_3.raw,0,0,0,,{0},是
net,average,输入,env_1_Design/power/InPort/BMS_WarningMsg.BMS_War_cellUnderVoltage_3.rawEnable,0,0,0,,{0},是
net,average,输入,env_1_Design/power/InPort/BMS_WarningMsg.BMS_War_cellUnderVoltage_4.raw,0,0,0,,{0},是
net,average,输入,env_1_Design/power/InPort/BMS_WarningMsg.BMS_War_cellUnderVoltage_4.rawEnable,0,0,0,,{0},是
net,average,输入,env_1_Design/power/InPort/BMS_WarningMsg.BMS_War_cellUnderVoltage_chg_4.raw,0,0,0,,{0},是
net,average,输入,env_1_Design/power/InPort/BMS_WarningMsg.BMS_War_cellUnderVoltage_chg_4.rawEnable,0,0,0,,{0},是
net,average,输入,env_1_Design/power/InPort/BMS_WarningMsg.BMS_War_chg_Overcurrent_3.raw,0,0,0,,{0},是
net,average,输入,env_1_Design/power/InPort/BMS_WarningMsg.BMS_War_chg_Overcurrent_3.rawEnable,0,0,0,,{0},是
net,average,输入,env_1_Design/power/InPort/BMS_WarningMsg.BMS_War_chg_Overcurrent_4.raw,0,0,0,,{0},是
net,average,输入,env_1_Design/power/InPort/BMS_WarningMsg.BMS_War_chg_Overcurrent_4.rawEnable,0,0,0,,{0},是
net,average,输入,env_1_Design/power/InPort/BMS_WarningMsg.BMS_War_crash_level_4.raw,0,0,0,,{0},否
net,average,输入,env_1_Design/power/InPort/BMS_WarningMsg.BMS_War_crash_level_4.rawEnable,0,0,0,,{0},否
net,average,输入,env_1_Design/power/InPort/BMS_WarningMsg.BMS_War_dischg_Overcurrent_2.raw,0,0,0,,{0},是
net,average,输入,env_1_Design/power/InPort/BMS_WarningMsg.BMS_War_dischg_Overcurrent_2.rawEnable,0,0,0,,{0},是
net,average,输入,env_1_Design/power/InPort/BMS_WarningMsg.BMS_War_dischg_Overcurrent_3.raw,0,0,0,,{0},是
net,average,输入,env_1_Design/power/InPort/BMS_WarningMsg.BMS_War_dischg_Overcurrent_3.rawEnable,0,0,0,,{0},是
net,average,输入,env_1_Design/power/InPort/BMS_WarningMsg.BMS_War_heating_fault_4.raw,0,0,0,,{0},否
net,average,输入,env_1_Design/power/InPort/BMS_WarningMsg.BMS_War_heating_fault_4.rawEnable,0,0,0,,{0},否
net,average,输入,env_1_Design/power/InPort/BMS_WarningMsg.BMS_War_heating_film_HingTemp_4.raw,0,0,0,,{0},否
net,average,输入,env_1_Design/power/InPort/BMS_WarningMsg.BMS_War_heating_film_HingTemp_4.rawEnable,0,0,0,,{0},否
net,average,输入,env_1_Design/power/InPort/BMS_WarningMsg.BMS_War_heating_rate_Too_high.raw,0,0,0,,{0},否
net,average,输入,env_1_Design/power/InPort/BMS_WarningMsg.BMS_War_heating_rate_Too_high.rawEnable,0,0,0,,{0},否
net,average,输入,env_1_Design/power/InPort/BMS_WarningMsg.BMS_War_heating_rate_Too_high_4.raw,0,0,0,,{0},否
net,average,输入,env_1_Design/power/InPort/BMS_WarningMsg.BMS_War_heating_rate_Too_high_4.rawEnable,0,0,0,,{0},否
net,average,输入,env_1_Design/power/InPort/BMS_WarningMsg.BMS_War_HingTemp_2.raw,0,0,0,,{0},否
net,average,输入,env_1_Design/power/InPort/BMS_WarningMsg.BMS_War_HingTemp_2.rawEnable,0,0,0,,{0},否
net,average,输入,env_1_Design/power/InPort/BMS_WarningMsg.BMS_War_HingTemp_3.raw,0,0,0,,{0},否
net,average,输入,env_1_Design/power/InPort/BMS_WarningMsg.BMS_War_HingTemp_3.rawEnable,0,0,0,,{0},否
net,average,输入,env_1_Design/power/InPort/BMS_WarningMsg.BMS_War_HingTemp_4.raw,0,0,0,,{0},否
net,average,输入,env_1_Design/power/InPort/BMS_WarningMsg.BMS_War_HingTemp_4.rawEnable,0,0,0,,{0},否
net,average,输入,env_1_Design/power/InPort/BMS_WarningMsg.BMS_War_HVIL_fault.raw,0,0,0,,{0},否
net,average,输入,env_1_Design/power/InPort/BMS_WarningMsg.BMS_War_HVIL_fault.rawEnable,0,0,0,,{0},否
net,average,输入,env_1_Design/power/InPort/BMS_WarningMsg.BMS_War_InsulationRes_TooLOW_2.raw,0,0,0,,{0},否
net,average,输入,env_1_Design/power/InPort/BMS_WarningMsg.BMS_War_InsulationRes_TooLOW_2.rawEnable,0,0,0,,{0},否
net,average,输入,env_1_Design/power/InPort/BMS_WarningMsg.BMS_War_InsulationRes_TooLOW_4.raw,0,0,0,,{0},否
net,average,输入,env_1_Design/power/InPort/BMS_WarningMsg.BMS_War_InsulationRes_TooLOW_4.rawEnable,0,0,0,,{0},否
net,average,输入,env_1_Design/power/InPort/BMS_WarningMsg.BMS_War_LowTemp_2.raw,0,0,0,,{0},否
net,average,输入,env_1_Design/power/InPort/BMS_WarningMsg.BMS_War_LowTemp_2.rawEnable,0,0,0,,{0},否
net,average,输入,env_1_Design/power/InPort/BMS_WarningMsg.BMS_War_LowTemp_3.raw,0,0,0,,{0},否
net,average,输入,env_1_Design/power/InPort/BMS_WarningMsg.BMS_War_LowTemp_3.rawEnable,0,0,0,,{0},否
net,average,输入,env_1_Design/power/InPort/BMS_WarningMsg.BMS_War_neg_rly_conglutination_3.raw,0,0,0,,{0},否
net,average,输入,env_1_Design/power/InPort/BMS_WarningMsg.BMS_War_neg_rly_conglutination_3.rawEnable,0,0,0,,{0},否
net,average,输入,env_1_Design/power/InPort/BMS_WarningMsg.BMS_War_neg_rly_not_attracting_3.raw,0,0,0,,{0},否
net,average,输入,env_1_Design/power/InPort/BMS_WarningMsg.BMS_War_neg_rly_not_attracting_3.rawEnable,0,0,0,,{0},否
net,average,输入,env_1_Design/power/InPort/BMS_WarningMsg.BMS_War_OBC_communication_flt_3.raw,0,0,0,,{0},否
net,average,输入,env_1_Design/power/InPort/BMS_WarningMsg.BMS_War_OBC_communication_flt_3.rawEnable,0,0,0,,{0},否
net,average,输入,env_1_Design/power/InPort/BMS_WarningMsg.BMS_War_Packconsistency.raw,0,0,0,,{0},否
net,average,输入,env_1_Design/power/InPort/BMS_WarningMsg.BMS_War_Packconsistency.rawEnable,0,0,0,,{0},否
net,average,输入,env_1_Design/power/InPort/BMS_WarningMsg.BMS_War_PackOverVoltage_3.raw,0,0,0,,{0},是
net,average,输入,env_1_Design/power/InPort/BMS_WarningMsg.BMS_War_PackOverVoltage_3.rawEnable,0,0,0,,{0},是
net,average,输入,env_1_Design/power/InPort/BMS_WarningMsg.BMS_War_PackOverVoltage_4.raw,0,0,0,,{0},是
net,average,输入,env_1_Design/power/InPort/BMS_WarningMsg.BMS_War_PackOverVoltage_4.rawEnable,0,0,0,,{0},是
net,average,输入,env_1_Design/power/InPort/BMS_WarningMsg.BMS_War_PackUnderVoltage_2.raw,0,0,0,,{0},是
net,average,输入,env_1_Design/power/InPort/BMS_WarningMsg.BMS_War_PackUnderVoltage_2.rawEnable,0,0,0,,{0},是
net,average,输入,env_1_Design/power/InPort/BMS_WarningMsg.BMS_War_PackUnderVoltage_3.raw,0,0,0,,{0},是
net,average,输入,env_1_Design/power/InPort/BMS_WarningMsg.BMS_War_PackUnderVoltage_3.rawEnable,0,0,0,,{0},是
net,average,输入,env_1_Design/power/InPort/BMS_WarningMsg.BMS_War_PackUnderVoltage_4.raw,0,0,0,,{0},是
net,average,输入,env_1_Design/power/InPort/BMS_WarningMsg.BMS_War_PackUnderVoltage_4.rawEnable,0,0,0,,{0},是
net,average,输入,env_1_Design/power/InPort/BMS_WarningMsg.BMS_War_PackUnderVoltage_chg_4.raw,0,0,0,,{0},是
net,average,输入,env_1_Design/power/InPort/BMS_WarningMsg.BMS_War_PackUnderVoltage_chg_4.rawEnable,0,0,0,,{0},是
net,average,输入,env_1_Design/power/InPort/BMS_WarningMsg.BMS_War_SOClow.raw,0,0,0,,{0},否
net,average,输入,env_1_Design/power/InPort/BMS_WarningMsg.BMS_War_SOClow.rawEnable,0,0,0,,{0},否
net,average,输入,env_1_Design/power/InPort/BMS_WarningMsg.BMS_War_system_fault_3.raw,0,0,0,,{0},否
net,average,输入,env_1_Design/power/InPort/BMS_WarningMsg.BMS_War_system_fault_3.rawEnable,0,0,0,,{0},否
net,average,输入,env_1_Design/power/InPort/BMS_WarningMsg.BMS_War_temp_collect_interrupt_2.raw,0,0,0,,{0},否
net,average,输入,env_1_Design/power/InPort/BMS_WarningMsg.BMS_War_temp_collect_interrupt_2.rawEnable,0,0,0,,{0},否
net,average,输入,env_1_Design/power/InPort/BMS_WarningMsg.BMS_War_temp_collect_interrupt_4.raw,0,0,0,,{0},否
net,average,输入,env_1_Design/power/InPort/BMS_WarningMsg.BMS_War_temp_collect_interrupt_4.rawEnable,0,0,0,,{0},否
net,average,输入,env_1_Design/power/InPort/BMS_WarningMsg.BMS_War_tempDiffeerence_2.raw,0,0,0,,{0},否
net,average,输入,env_1_Design/power/InPort/BMS_WarningMsg.BMS_War_tempDiffeerence_2.rawEnable,0,0,0,,{0},否
net,average,输入,env_1_Design/power/InPort/BMS_WarningMsg.BMS_War_time_of_chg_too_long_4.raw,0,0,0,,{0},否
net,average,输入,env_1_Design/power/InPort/BMS_WarningMsg.BMS_War_time_of_chg_too_long_4.rawEnable,0,0,0,,{0},否
net,average,输入,env_1_Design/power/InPort/BMS_WarningMsg.BMS_War_time_of_heat_too_long_4.raw,0,0,0,,{0},否
net,average,输入,env_1_Design/power/InPort/BMS_WarningMsg.BMS_War_time_of_heat_too_long_4.rawEnable,0,0,0,,{0},否
net,average,输入,env_1_Design/power/InPort/BMS_WarningMsg.BMS_War_VCU_communication_flt_1.raw,0,0,0,,{0},否
net,average,输入,env_1_Design/power/InPort/BMS_WarningMsg.BMS_War_VCU_communication_flt_1.rawEnable,0,0,0,,{0},否
net,average,输入,env_1_Design/power/InPort/BMS_WarningMsg.BMS_War_Volt_collect_interrupt_2.raw,0,0,0,,{0},是
net,average,输入,env_1_Design/power/InPort/BMS_WarningMsg.BMS_War_Volt_collect_interrupt_2.rawEnable,0,0,0,,{0},是
net,average,输入,env_1_Design/power/InPort/BMS_WarningMsg.BMS_War_Volt_collect_interrupt_4.raw,0,0,0,,{0},是
net,average,输入,env_1_Design/power/InPort/BMS_WarningMsg.BMS_War_Volt_collect_interrupt_4.rawEnable,0,0,0,,{0},是
net,average,输入,env_1_Design/power/InPort/BMS_WarningMsg.BMS_War_Voltage_difference_2.raw,0,0,0,,{0},是
net,average,输入,env_1_Design/power/InPort/BMS_WarningMsg.BMS_War_Voltage_difference_2.rawEnable,0,0,0,,{0},是
net,average,输入,env_1_Design/power/InPort/DCDC_General.DCDC_control_mode,,,0,,{Inactive},否
net,average,输入,env_1_Design/power/InPort/DCDC_General.DCDC_Fault_level,,,0,,{No_error},否
net,average,输入,env_1_Design/power/InPort/DCDC_General.DCDC_General_Counter,0,0,0,,{0},否
net,average,输入,env_1_Design/power/InPort/DCDC_General.DCDC_HVIL_state,,,0,,{OK},否
net,average,输入,env_1_Design/power/InPort/DCDC_General.DCDC_input_current,0,0,0,,{0},是
net,average,输入,env_1_Design/power/InPort/DCDC_General.DCDC_input_Voltage,0,0,0,,{0},是
net,average,输入,env_1_Design/power/InPort/DCDC_General.DCDC_On_Off_state,,,0,,{On_工作},否
net,average,输入,env_1_Design/power/InPort/DCDC_General.DCDC_output_current,0,0,0,,{0},是
net,average,输入,env_1_Design/power/InPort/DCDC_General.DCDC_output_Voltage,0,0,0,,{0},是
net,average,输入,env_1_Design/power/InPort/DCDC_General.DCDC_over_temp_alarm,,,0,,{No_alarm},否
net,average,输入,env_1_Design/power/InPort/DCDC_General.DCDC_state,,,0,,{},否
net,average,输入,env_1_Design/power/InPort/DCDC_General.DCDC_temp,0,0,0,,{0},否
net,average,输入,env_1_Design/power/InPort/Msg_DCDC_General_TxDisabled,0,0,0,,{0},否
net,average,输入,env_1_Design/power/InPort/DCDC_General.DCDC_control_mode.raw,0,0,0,,{0},否
net,average,输入,env_1_Design/power/InPort/DCDC_General.DCDC_control_mode.rawEnable,0,0,0,,{0},否
net,average,输入,env_1_Design/power/InPort/DCDC_General.DCDC_Fault_level.raw,0,0,0,,{0},否
net,average,输入,env_1_Design/power/InPort/DCDC_General.DCDC_Fault_level.rawEnable,0,0,0,,{0},否
net,average,输入,env_1_Design/power/InPort/DCDC_General.DCDC_General_Counter.raw,0,0,0,,{0},否
net,average,输入,env_1_Design/power/InPort/DCDC_General.DCDC_General_Counter.rawEnable,0,0,0,,{0},否
net,average,输入,env_1_Design/power/InPort/DCDC_General.DCDC_HVIL_state.raw,0,0,0,,{0},否
net,average,输入,env_1_Design/power/InPort/DCDC_General.DCDC_HVIL_state.rawEnable,0,0,0,,{0},否
net,average,输入,env_1_Design/power/InPort/DCDC_General.DCDC_input_current.raw,0,0,0,,{0},是
net,average,输入,env_1_Design/power/InPort/DCDC_General.DCDC_input_current.rawEnable,0,0,0,,{0},是
net,average,输入,env_1_Design/power/InPort/DCDC_General.DCDC_input_Voltage.raw,0,0,0,,{0},是
net,average,输入,env_1_Design/power/InPort/DCDC_General.DCDC_input_Voltage.rawEnable,0,0,0,,{0},是
net,average,输入,env_1_Design/power/InPort/DCDC_General.DCDC_On_Off_state.raw,0,0,0,,{0},否
net,average,输入,env_1_Design/power/InPort/DCDC_General.DCDC_On_Off_state.rawEnable,0,0,0,,{0},否
net,average,输入,env_1_Design/power/InPort/DCDC_General.DCDC_output_current.raw,0,0,0,,{0},是
net,average,输入,env_1_Design/power/InPort/DCDC_General.DCDC_output_current.rawEnable,0,0,0,,{0},是
net,average,输入,env_1_Design/power/InPort/DCDC_General.DCDC_output_Voltage.raw,0,0,0,,{0},是
net,average,输入,env_1_Design/power/InPort/DCDC_General.DCDC_output_Voltage.rawEnable,0,0,0,,{0},是
net,average,输入,env_1_Design/power/InPort/DCDC_General.DCDC_over_temp_alarm.raw,0,0,0,,{0},否
net,average,输入,env_1_Design/power/InPort/DCDC_General.DCDC_over_temp_alarm.rawEnable,0,0,0,,{0},否
net,average,输入,env_1_Design/power/InPort/DCDC_General.DCDC_state.raw,0,0,0,,{0},否
net,average,输入,env_1_Design/power/InPort/DCDC_General.DCDC_state.rawEnable,0,0,0,,{0},否
net,average,输入,env_1_Design/power/InPort/DCDC_General.DCDC_temp.raw,40,40,0,,{40},否
net,average,输入,env_1_Design/power/InPort/DCDC_General.DCDC_temp.rawEnable,0,0,0,,{0},否
net,average,输入,env_1_Design/power/InPort/DetailInfor_BroadCast.ECU_Edition,,,0,,{},否
net,average,输入,env_1_Design/power/InPort/Msg_DetailInfor_BroadCast_TxDisabled,0,0,0,,{0},否
net,average,输入,env_1_Design/power/InPort/DetailInfor_BroadCast.ECU_Edition.raw,0,0,0,,{0},否
net,average,输入,env_1_Design/power/InPort/DetailInfor_BroadCast.ECU_Edition.rawEnable,0,0,0,,{0},否
net,average,输入,env_1_Design/power/InPort/MC_General.MC_Control_mode,,,0,,{转矩模式},否
net,average,输入,env_1_Design/power/InPort/MC_General.MC_General_Checksum,0,0,0,,{0},否
net,average,输入,env_1_Design/power/InPort/MC_General.MC_General_Counter,0,0,0,,{0},否
net,average,输入,env_1_Design/power/InPort/MC_General.MC_HVIL_Status,,,3,"42.528, 59.928, 60.128","{, OK_disconnection, disconnection_OK}",否
net,average,输入,env_1_Design/power/InPort/MC_General.MC_MaxToque_Limit,361.5,420,4,"17.528, 17.728, 59.928, 60.128","{361.5, 420}",否
net,average,输入,env_1_Design/power/InPort/MC_General.MC_Power_In_Or_Out_stata,,,0,,{Power_In_耗电},否
net,average,输入,env_1_Design/power/InPort/MC_General.MC_Status_TargetRun,,,0,,{Standby},否
net,average,输入,env_1_Design/power/InPort/MC_General.MC_Status_Uncover,,,0,,{disconnection},否
net,average,输入,env_1_Design/power/InPort/MC_General.MC_system_Fault_level,,,0,,{No_error},否
net,average,输入,env_1_Design/power/InPort/Msg_MC_General_TxDisabled,0,0,0,,{0},否
net,average,输入,env_1_Design/power/InPort/MC_General.MC_Control_mode.raw,1,1,0,,{1},否
net,average,输入,env_1_Design/power/InPort/MC_General.MC_Control_mode.rawEnable,0,0,0,,{0},否
net,average,输入,env_1_Design/power/InPort/MC_General.MC_General_Checksum.raw,0,0,0,,{0},否
net,average,输入,env_1_Design/power/InPort/MC_General.MC_General_Checksum.rawEnable,0,0,0,,{0},否
net,average,输入,env_1_Design/power/InPort/MC_General.MC_General_Counter.raw,0,0,0,,{0},否
net,average,输入,env_1_Design/power/InPort/MC_General.MC_General_Counter.rawEnable,0,0,0,,{0},否
net,average,输入,env_1_Design/power/InPort/MC_General.MC_HVIL_Status.raw,0,0,0,,{0},否
net,average,输入,env_1_Design/power/InPort/MC_General.MC_HVIL_Status.rawEnable,0,0,0,,{0},否
net,average,输入,env_1_Design/power/InPort/MC_General.MC_MaxToque_Limit.raw,300,300,0,,{300},否
net,average,输入,env_1_Design/power/InPort/MC_General.MC_MaxToque_Limit.rawEnable,0,0,0,,{0},否
net,average,输入,env_1_Design/power/InPort/MC_General.MC_Power_In_Or_Out_stata.raw,0,0,0,,{0},否
net,average,输入,env_1_Design/power/InPort/MC_General.MC_Power_In_Or_Out_stata.rawEnable,0,0,0,,{0},否
net,average,输入,env_1_Design/power/InPort/MC_General.MC_Status_TargetRun.raw,2,2,0,,{2},否
net,average,输入,env_1_Design/power/InPort/MC_General.MC_Status_TargetRun.rawEnable,0,0,0,,{0},否
net,average,输入,env_1_Design/power/InPort/MC_General.MC_Status_Uncover.raw,0,0,0,,{0},否
net,average,输入,env_1_Design/power/InPort/MC_General.MC_Status_Uncover.rawEnable,0,0,0,,{0},否
net,average,输入,env_1_Design/VCU/InPort/OBC_4.OBC_ChrgPortTemp2.rawEnable,0,0,0,,{0},否
net,average,输入,env_1_Design/VCU/InPort/OBC_4.OBC_CPDuty.raw,0,0,0,,{0},否
net,average,输入,env_1_Design/VCU/InPort/OBC_4.OBC_CPDuty.rawEnable,0,0,0,,{0},否
net,average,输入,env_1_Design/VCU/InPort/OBC_4.OBC_Faultlevel.raw,0,0,0,,{0},否
net,average,输入,env_1_Design/VCU/InPort/OBC_4.OBC_Faultlevel.rawEnable,0,0,0,,{0},否
net,average,输入,env_1_Design/VCU/InPort/OBC_4.OBC_S2Sts.raw,0,0,0,,{0},否
net,average,输入,env_1_Design/VCU/InPort/OBC_4.OBC_S2Sts.rawEnable,0,0,0,,{0},否
net,average,输入,env_1_Design/VCU/InPort/OBC_4.Unused.raw,0,0,0,,{0},否
net,average,输入,env_1_Design/VCU/InPort/OBC_4.Unused.rawEnable,0,0,0,,{0},否
net,average,输入,env_1_Design/VCU/InPort/Model_Disabled,0,0,0,,{0},否
net,average,内部/未标记,env_1_Design/VCU/Measurement/Runtime(us),0,20,480,"0.462, 0.662, 0.862, 1.262, 1.462, 1.662, 1.862, 2.062, 2.262, 2.462 …",min=0; max=20; distinct=18,否
net,average,内部/未标记,env_1_Design/VCU/Measurement/Runtime_Min(us),0,13,323,"0.462, 0.862, 1.062, 1.462, 1.662, 1.862, 2.062, 2.262, 2.462, 3.462 …",min=0; max=13; distinct=13,否
net,average,内部/未标记,env_1_Design/VCU/Measurement/Runtime_Max(us),39,42,1,7.262,"{39, 42}",否
net,average,内部/未标记,env_1_Design/VCU/Measurement/Schedule_Interval(us),1,30907,550,"0.462, 0.662, 0.862, 1.062, 1.262, 1.462, 1.662, 1.862, 2.062, 2.262 …",min=1; max=30907; distinct=426,否
net,average,内部/未标记,env_1_Design/VCU/Measurement/Schedule_Interval_Min(us),1,36,78,"1.662, 1.862, 2.062, 2.262, 5.462, 5.662, 5.862, 7.062, 10.462, 10.662 …",min=1; max=36; distinct=11,否
net,average,内部/未标记,env_1_Design/VCU/Measurement/Schedule_Interval_Max(us),40617,41480,5,"1.262, 2.462, 66.462, 75.062, 77.862","{40617, 40809, 40859, 41130, 41307, 41480}",否
net,average,内部/未标记,env_1_Design/VCU/Measurement/Schedule_Count,33883,69154,550,"0.462, 0.662, 0.862, 1.062, 1.262, 1.462, 1.662, 1.862, 2.062, 2.262 …",min=33883; max=69154; distinct=551,否
net,average,内部/未标记,env_1_Design/VCU/Measurement/Activate_Fail_Count,0,0,0,,{0},否
net,average,内部/未标记,env_1_Design/VCU/Measurement/Processor,5,15,491,"0.462, 0.662, 0.862, 1.262, 1.462, 1.662, 1.862, 2.062, 2.262, 2.462 …",min=5; max=15; distinct=11,否
net,average,输出,env_1_Design/VCU/OutPort/TBOX_2.minute.raw,0,0,0,,{0},否
net,average,输出,env_1_Design/VCU/OutPort/TBOX_2.minute.valid,1,1,0,,{1},否
net,average,输出,env_1_Design/VCU/OutPort/TBOX_2.month.raw,0,0,0,,{0},否
net,average,输出,env_1_Design/VCU/OutPort/TBOX_2.month.valid,1,1,0,,{1},否
net,average,输出,env_1_Design/VCU/OutPort/TBOX_2.second.raw,0,0,0,,{0},否
net,average,输出,env_1_Design/VCU/OutPort/TBOX_2.second.valid,1,1,0,,{1},否
net,average,输出,env_1_Design/VCU/OutPort/TBOX_2.TBOX_TimeValidity.raw,0,0,0,,{0},否
net,average,输出,env_1_Design/VCU/OutPort/TBOX_2.TBOX_TimeValidity.valid,1,1,0,,{1},否
net,average,输出,env_1_Design/VCU/OutPort/TBOX_2.year.raw,0,0,0,,{0},否
net,average,输出,env_1_Design/VCU/OutPort/TBOX_2.year.valid,1,1,0,,{1},否
net,average,输入,env_1_Design/VCU/InPort/Model_Reset,0,0,0,,{0},否
net,average,输入,env_1_Design/VCU/InPort/DCDC_1.DCDC_CANError,,,0,,{No fault/Startup},否
net,average,输入,env_1_Design/VCU/InPort/DCDC_1.DCDC_Derating,,,0,,{OFF/Startup},否
net,average,输入,env_1_Design/VCU/InPort/DCDC_1.DCDC_faultlevel,,,0,,{0 level fault},否
net,average,输入,env_1_Design/VCU/InPort/DCDC_1.DCDC_InputCurrent,0,0,0,,{0},是
net,average,输入,env_1_Design/VCU/InPort/DCDC_1.DCDC_InputVoltage,0,0,0,,{0},是
net,average,输入,env_1_Design/VCU/InPort/DCDC_1.DCDC_OperatingMode,,,0,,{Standby},否
net,average,输入,env_1_Design/VCU/InPort/DCDC_1.DCDC_OuputOpencircuit,,,0,,{No fault/Startup},否
net,average,输入,env_1_Design/VCU/InPort/DCDC_1.DCDC_OutCurrent,0,0,0,,{0},是
net,average,输入,env_1_Design/VCU/InPort/DCDC_1.DCDC_OutVoltage,0,0,0,,{0},是
net,average,输入,env_1_Design/VCU/InPort/DCDC_1.DCDC_OverIV,,,0,,{No fault/Startup},否
net,average,输入,env_1_Design/VCU/InPort/DCDC_1.DCDC_OverOC,,,0,,{No fault/Startup},否
net,average,输入,env_1_Design/VCU/InPort/DCDC_1.DCDC_OverOV,,,0,,{No fault/Startup},否
net,average,输入,env_1_Design/VCU/InPort/DCDC_1.DCDC_OverTemp,,,0,,{Normal},否
net,average,输入,env_1_Design/VCU/InPort/DCDC_1.DCDC_RealityTemp,-40,-40,0,,{-40},否
net,average,输入,env_1_Design/VCU/InPort/DCDC_1.DCDC_stsError,,,0,,{No fault/Startup},否
net,average,输入,env_1_Design/VCU/InPort/DCDC_1.DCDC_UnderIV,,,0,,{No fault/Startup},否
net,average,输入,env_1_Design/VCU/InPort/DCDC_1.DCDC_UnderOV,,,0,,{No fault/Startup},否
net,average,输入,env_1_Design/VCU/InPort/Msg_DCDC_1_TxDisabled,0,0,0,,{0},否
net,average,输入,env_1_Design/VCU/InPort/DCDC_1.DCDC_CANError.raw,0,0,0,,{0},否
net,average,输入,env_1_Design/VCU/InPort/DCDC_1.DCDC_CANError.rawEnable,0,0,0,,{0},否
net,average,输入,env_1_Design/VCU/InPort/DCDC_1.DCDC_Derating.raw,0,0,0,,{0},否
net,average,输入,env_1_Design/VCU/InPort/DCDC_1.DCDC_Derating.rawEnable,0,0,0,,{0},否
net,average,输入,env_1_Design/VCU/InPort/DCDC_1.DCDC_faultlevel.raw,0,0,0,,{0},否
net,average,输入,env_1_Design/VCU/InPort/DCDC_1.DCDC_faultlevel.rawEnable,0,0,0,,{0},否
net,average,输入,env_1_Design/VCU/InPort/DCDC_1.DCDC_InputCurrent.raw,0,0,0,,{0},是
net,average,输入,env_1_Design/VCU/InPort/DCDC_1.DCDC_InputCurrent.rawEnable,0,0,0,,{0},是
net,average,输入,env_1_Design/VCU/InPort/DCDC_1.DCDC_InputVoltage.raw,0,0,0,,{0},是
net,average,输入,env_1_Design/VCU/InPort/DCDC_1.DCDC_InputVoltage.rawEnable,0,0,0,,{0},是
net,average,输入,env_1_Design/VCU/InPort/DCDC_1.DCDC_OperatingMode.raw,0,0,0,,{0},否
net,average,输入,env_1_Design/VCU/InPort/DCDC_1.DCDC_OperatingMode.rawEnable,0,0,0,,{0},否
net,average,输入,env_1_Design/VCU/InPort/DCDC_1.DCDC_OuputOpencircuit.raw,0,0,0,,{0},否
net,average,输入,env_1_Design/VCU/InPort/DCDC_1.DCDC_OuputOpencircuit.rawEnable,0,0,0,,{0},否
net,average,输入,env_1_Design/VCU/InPort/DCDC_1.DCDC_OutCurrent.raw,0,0,0,,{0},是
net,average,输入,env_1_Design/VCU/InPort/DCDC_1.DCDC_OutCurrent.rawEnable,0,0,0,,{0},是
net,average,输入,env_1_Design/VCU/InPort/DCDC_1.DCDC_OutVoltage.raw,0,0,0,,{0},是
net,average,输入,env_1_Design/VCU/InPort/DCDC_1.DCDC_OutVoltage.rawEnable,0,0,0,,{0},是
net,average,输入,env_1_Design/VCU/InPort/DCDC_1.DCDC_OverIV.raw,0,0,0,,{0},否
net,average,输入,env_1_Design/VCU/InPort/DCDC_1.DCDC_OverIV.rawEnable,0,0,0,,{0},否
net,average,输入,env_1_Design/VCU/InPort/DCDC_1.DCDC_OverOC.raw,0,0,0,,{0},否
net,average,输入,env_1_Design/VCU/InPort/DCDC_1.DCDC_OverOC.rawEnable,0,0,0,,{0},否
net,average,输入,env_1_Design/VCU/InPort/DCDC_1.DCDC_OverOV.raw,0,0,0,,{0},否
net,average,输入,env_1_Design/VCU/InPort/DCDC_1.DCDC_OverOV.rawEnable,0,0,0,,{0},否
net,average,输入,env_1_Design/VCU/InPort/DCDC_1.DCDC_OverTemp.raw,0,0,0,,{0},否
net,average,输入,env_1_Design/VCU/InPort/DCDC_1.DCDC_OverTemp.rawEnable,0,0,0,,{0},否
net,average,输入,env_1_Design/VCU/InPort/DCDC_1.DCDC_RealityTemp.raw,0,0,0,,{0},否
net,average,输入,env_1_Design/VCU/InPort/DCDC_1.DCDC_RealityTemp.rawEnable,0,0,0,,{0},否
net,average,输入,env_1_Design/VCU/InPort/DCDC_1.DCDC_stsError.raw,0,0,0,,{0},否
net,average,输入,env_1_Design/VCU/InPort/DCDC_1.DCDC_stsError.rawEnable,0,0,0,,{0},否
net,average,输入,env_1_Design/VCU/InPort/DCDC_1.DCDC_UnderIV.raw,0,0,0,,{0},否
net,average,输入,env_1_Design/VCU/InPort/DCDC_1.DCDC_UnderIV.rawEnable,0,0,0,,{0},否
net,average,输入,env_1_Design/VCU/InPort/DCDC_1.DCDC_UnderOV.raw,0,0,0,,{0},否
net,average,输入,env_1_Design/VCU/InPort/DCDC_1.DCDC_UnderOV.rawEnable,0,0,0,,{0},否
net,average,输入,env_1_Design/VCU/InPort/DCDC1_1.DC1_AverageTemp,-40,-40,0,,{-40},否
net,average,输入,env_1_Design/VCU/InPort/DCDC1_1.DC1_ChargingTime,0,0,0,,{0},否
net,average,输入,env_1_Design/VCU/InPort/DCDC1_1.DC1_ChgConnectSts,,,0,,{Disconnect},否
net,average,输入,env_1_Design/VCU/InPort/DCDC1_1.DC1_Faultcode,,,0,,{0.无故障},否
net,average,输入,env_1_Design/VCU/InPort/DCDC1_1.DC1_OutputCurr,0,0,0,,{0},是
net,average,输入,env_1_Design/VCU/InPort/DCDC1_1.DC1_OutputVoltage,0,0,0,,{0},是
net,average,输入,env_1_Design/VCU/InPort/DCDC1_1.DC1_PDUSts,,,0,,{Disconnect},否
net,average,输入,env_1_Design/VCU/InPort/DCDC1_1.DC1_WorkingMode,,,0,,{Standby},否
net,average,输入,env_1_Design/VCU/InPort/DCDC1_1.NTC_AverageTemp,-40,-40,0,,{-40},否
net,average,输入,env_1_Design/VCU/InPort/Msg_DCDC1_1_TxDisabled,0,0,0,,{0},否
net,average,输入,env_1_Design/VCU/InPort/DCDC1_1.DC1_AverageTemp.raw,0,0,0,,{0},否
net,average,输入,env_1_Design/VCU/InPort/DCDC1_1.DC1_AverageTemp.rawEnable,0,0,0,,{0},否
net,average,输入,env_1_Design/VCU/InPort/DCDC1_1.DC1_ChargingTime.raw,0,0,0,,{0},否
net,average,输入,env_1_Design/VCU/InPort/DCDC1_1.DC1_ChargingTime.rawEnable,0,0,0,,{0},否
net,average,输入,env_1_Design/VCU/InPort/DCDC1_1.DC1_ChgConnectSts.raw,0,0,0,,{0},否
net,average,输入,env_1_Design/VCU/InPort/DCDC1_1.DC1_ChgConnectSts.rawEnable,0,0,0,,{0},否
net,average,输入,env_1_Design/VCU/InPort/DCDC1_1.DC1_Faultcode.raw,0,0,0,,{0},否
net,average,输入,env_1_Design/VCU/InPort/DCDC1_1.DC1_Faultcode.rawEnable,0,0,0,,{0},否
net,average,输入,env_1_Design/VCU/InPort/DCDC1_1.DC1_OutputCurr.raw,0,0,0,,{0},是
net,average,输入,env_1_Design/VCU/InPort/DCDC1_1.DC1_OutputCurr.rawEnable,0,0,0,,{0},是
net,average,输入,env_1_Design/VCU/InPort/DCDC1_1.DC1_OutputVoltage.raw,0,0,0,,{0},是
net,average,输入,env_1_Design/VCU/InPort/DCDC1_1.DC1_OutputVoltage.rawEnable,0,0,0,,{0},是
net,average,输入,env_1_Design/VCU/InPort/DCDC1_1.DC1_PDUSts.raw,0,0,0,,{0},否
net,average,输入,env_1_Design/VCU/InPort/DCDC1_1.DC1_PDUSts.rawEnable,0,0,0,,{0},否
net,average,输入,env_1_Design/VCU/InPort/DCDC1_1.DC1_WorkingMode.raw,0,0,0,,{0},否
net,average,输入,env_1_Design/VCU/InPort/DCDC1_1.DC1_WorkingMode.rawEnable,0,0,0,,{0},否
net,average,输入,env_1_Design/VCU/InPort/DCDC1_1.NTC_AverageTemp.raw,0,0,0,,{0},否
net,average,输入,env_1_Design/VCU/InPort/DCDC1_1.NTC_AverageTemp.rawEnable,0,0,0,,{0},否
net,average,输入,env_1_Design/VCU/InPort/Msg_OBC_1_TxDisabled,0,0,0,,{0},否
net,average,输入,env_1_Design/VCU/InPort/OBC_1.OBC_CANMsgFault,,,0,,{Not fault/Startup},否
net,average,输入,env_1_Design/VCU/InPort/OBC_1.OBC_ChargeCurrent,0,0,0,,{0},是
net,average,输入,env_1_Design/VCU/InPort/OBC_1.OBC_ChargeVoltage,0,0,0,,{0},是
net,average,输入,env_1_Design/VCU/InPort/OBC_1.OBC_FanFault,,,0,,{Not fault/Startup},否
net,average,输入,env_1_Design/VCU/InPort/OBC_1.OBC_HighCurrOutputFault,,,0,,{Not fault/Startup},是
net,average,输入,env_1_Design/VCU/InPort/OBC_1.OBC_HighVoltOutputOverVolt,,,0,,{Not fault/Startup},是
net,average,输入,env_1_Design/VCU/InPort/OBC_1.OBC_HighVoltOutputShortCircuit,,,0,,{Not fault/Startup},是
net,average,输入,env_1_Design/VCU/InPort/OBC_1.OBC_HighVoltOutputUnderVolt,,,0,,{Not fault/Startup},是
net,average,输入,env_1_Design/VCU/InPort/OBC_1.OBC_InputOverVolt,,,0,,{Not fault/Startup},是
net,average,输入,env_1_Design/VCU/InPort/OBC_1.OBC_InputUnderVolt,,,0,,{Not fault/Startup},是
net,average,输入,env_1_Design/VCU/InPort/OBC_1.OBC_LowVoltOTFault,,,0,,{Not fault/Startup},是
net,average,输入,env_1_Design/VCU/InPort/OBC_1.OBC_NoBattery,,,0,,{Not fault/Startup},否
net,average,输入,env_1_Design/VCU/InPort/OBC_1.OBC_OverTemp,,,0,,{Not fault/Startup},否
net,average,输入,env_1_Design/VCU/InPort/OBC_1.OBC_State,,,0,,{Initalization},否
net,average,输入,env_1_Design/VCU/InPort/OBC_1.OBC_CANMsgFault.raw,0,0,0,,{0},否
net,average,输入,env_1_Design/VCU/InPort/OBC_1.OBC_CANMsgFault.rawEnable,0,0,0,,{0},否
net,average,输入,env_1_Design/VCU/InPort/OBC_1.OBC_ChargeCurrent.raw,0,0,0,,{0},是
net,average,输入,env_1_Design/VCU/InPort/OBC_1.OBC_ChargeCurrent.rawEnable,0,0,0,,{0},是
net,average,输入,env_1_Design/VCU/InPort/OBC_1.OBC_ChargeVoltage.raw,0,0,0,,{0},是
net,average,输入,env_1_Design/VCU/InPort/OBC_1.OBC_ChargeVoltage.rawEnable,0,0,0,,{0},是
net,average,输入,env_1_Design/VCU/InPort/OBC_1.OBC_FanFault.raw,0,0,0,,{0},否
net,average,输入,env_1_Design/VCU/InPort/OBC_1.OBC_FanFault.rawEnable,0,0,0,,{0},否
net,average,输入,env_1_Design/VCU/InPort/OBC_1.OBC_HighCurrOutputFault.raw,0,0,0,,{0},是
net,average,输入,env_1_Design/VCU/InPort/OBC_1.OBC_HighCurrOutputFault.rawEnable,0,0,0,,{0},是
net,average,输入,env_1_Design/VCU/InPort/OBC_1.OBC_HighVoltOutputOverVolt.raw,0,0,0,,{0},是
net,average,输入,env_1_Design/VCU/InPort/OBC_1.OBC_HighVoltOutputOverVolt.rawEnable,0,0,0,,{0},是
net,average,输入,env_1_Design/VCU/InPort/OBC_1.OBC_HighVoltOutputShortCircuit.raw,0,0,0,,{0},是
net,average,输入,env_1_Design/VCU/InPort/OBC_1.OBC_HighVoltOutputShortCircuit.rawEnable,0,0,0,,{0},是
net,average,输入,env_1_Design/VCU/InPort/OBC_1.OBC_HighVoltOutputUnderVolt.raw,0,0,0,,{0},是
net,average,输入,env_1_Design/VCU/InPort/OBC_1.OBC_HighVoltOutputUnderVolt.rawEnable,0,0,0,,{0},是
net,average,输入,env_1_Design/VCU/InPort/OBC_1.OBC_InputOverVolt.raw,0,0,0,,{0},是
net,average,输入,env_1_Design/VCU/InPort/OBC_1.OBC_InputOverVolt.rawEnable,0,0,0,,{0},是
net,average,输入,env_1_Design/VCU/InPort/OBC_1.OBC_InputUnderVolt.raw,0,0,0,,{0},是
net,average,输入,env_1_Design/VCU/InPort/OBC_1.OBC_InputUnderVolt.rawEnable,0,0,0,,{0},是
net,average,输入,env_1_Design/VCU/InPort/OBC_1.OBC_LowVoltOTFault.raw,0,0,0,,{0},是
net,average,输入,env_1_Design/VCU/InPort/OBC_1.OBC_LowVoltOTFault.rawEnable,0,0,0,,{0},是
net,average,输入,env_1_Design/VCU/InPort/OBC_1.OBC_NoBattery.raw,0,0,0,,{0},否
net,average,输入,env_1_Design/VCU/InPort/OBC_1.OBC_NoBattery.rawEnable,0,0,0,,{0},否
net,average,输入,env_1_Design/VCU/InPort/OBC_1.OBC_OverTemp.raw,0,0,0,,{0},否
net,average,输入,env_1_Design/VCU/InPort/OBC_1.OBC_OverTemp.rawEnable,0,0,0,,{0},否
net,average,输入,env_1_Design/VCU/InPort/OBC_1.OBC_State.raw,0,0,0,,{0},否
net,average,输入,env_1_Design/VCU/InPort/OBC_1.OBC_State.rawEnable,0,0,0,,{0},否
net,average,输入,env_1_Design/VCU/InPort/Msg_OBC_2_TxDisabled,0,0,0,,{0},否
net,average,输入,env_1_Design/VCU/InPort/OBC_2.OBC_ACVolageSts,,,0,,{Not fault/Startup},否
net,average,输入,env_1_Design/VCU/InPort/OBC_2.OBC_BattConnectSts,,,0,,{Not fault/Startup},否
net,average,输入,env_1_Design/VCU/InPort/OBC_2.OBC_CommOverTime,,,0,,{Not fault/Startup},否
net,average,输入,env_1_Design/VCU/InPort/OBC_2.OBC_CP_Sts,,,0,,{Default/Startup},否
net,average,输入,env_1_Design/VCU/InPort/OBC_2.OBC_HWSts,,,0,,{Not fault/Startup},否
net,average,输入,env_1_Design/VCU/InPort/OBC_2.OBC_HWVersion,0,0,0,,{0},否
net,average,输入,env_1_Design/VCU/InPort/OBC_2.OBC_SoftVersion,0,0,0,,{0},否
net,average,输入,env_1_Design/VCU/InPort/OBC_2.OBC_Temp,-40,-40,0,,{-40},否
net,average,输入,env_1_Design/VCU/InPort/OBC_2.OBC_TempSts,,,0,,{Not fault/Startup},否
net,average,输入,env_1_Design/VCU/InPort/OBC_2.OBC_ACVolageSts.raw,0,0,0,,{0},否
net,average,输入,env_1_Design/VCU/InPort/OBC_2.OBC_ACVolageSts.rawEnable,0,0,0,,{0},否
net,average,输入,env_1_Design/VCU/InPort/OBC_2.OBC_BattConnectSts.raw,0,0,0,,{0},否
net,average,输入,env_1_Design/VCU/InPort/OBC_2.OBC_BattConnectSts.rawEnable,0,0,0,,{0},否
net,average,输入,env_1_Design/VCU/InPort/OBC_2.OBC_CommOverTime.raw,0,0,0,,{0},否
net,average,输入,env_1_Design/VCU/InPort/OBC_2.OBC_CommOverTime.rawEnable,0,0,0,,{0},否
net,average,输入,env_1_Design/VCU/InPort/OBC_2.OBC_CP_Sts.raw,0,0,0,,{0},否
net,average,输入,env_1_Design/VCU/InPort/OBC_2.OBC_CP_Sts.rawEnable,0,0,0,,{0},否
net,average,输入,env_1_Design/VCU/InPort/OBC_2.OBC_HWSts.raw,0,0,0,,{0},否
net,average,输入,env_1_Design/VCU/InPort/OBC_2.OBC_HWSts.rawEnable,0,0,0,,{0},否
net,average,输入,env_1_Design/VCU/InPort/OBC_2.OBC_HWVersion.raw,0,0,0,,{0},否
net,average,输入,env_1_Design/VCU/InPort/OBC_2.OBC_HWVersion.rawEnable,0,0,0,,{0},否
net,average,输入,env_1_Design/VCU/InPort/OBC_2.OBC_SoftVersion.raw,0,0,0,,{0},否
net,average,输入,env_1_Design/VCU/InPort/OBC_2.OBC_SoftVersion.rawEnable,0,0,0,,{0},否
net,average,输入,env_1_Design/VCU/InPort/OBC_2.OBC_Temp.raw,0,0,0,,{0},否
net,average,输入,env_1_Design/VCU/InPort/OBC_2.OBC_Temp.rawEnable,0,0,0,,{0},否
net,average,输入,env_1_Design/VCU/InPort/OBC_2.OBC_TempSts.raw,0,0,0,,{0},否
net,average,输入,env_1_Design/VCU/InPort/OBC_2.OBC_TempSts.rawEnable,0,0,0,,{0},否
net,average,输入,env_1_Design/VCU/InPort/Msg_OBC_3_TxDisabled,0,0,0,,{0},否
net,average,输入,env_1_Design/VCU/InPort/OBC_3.OBC_ACInputVoltage,0,0,0,,{0},是
net,average,输入,env_1_Design/VCU/InPort/OBC_3.OBC_BatteryVoltage,0,0,0,,{0},是
net,average,输入,env_1_Design/VCU/InPort/OBC_3.OBC_CurrentLimit,0,0,0,,{0},是
net,average,输入,env_1_Design/VCU/InPort/OBC_3.OBC_ErrorFlag,,,0,,{NO Error},否
net,average,输入,env_1_Design/VCU/InPort/OBC_3.OBC_PFCVoltage,0,0,0,,{0},是
net,average,输入,env_1_Design/VCU/InPort/OBC_3.OBC_ACInputVoltage.raw,0,0,0,,{0},是
net,average,输入,env_1_Design/VCU/InPort/OBC_3.OBC_ACInputVoltage.rawEnable,0,0,0,,{0},是
net,average,输入,env_1_Design/VCU/InPort/OBC_3.OBC_BatteryVoltage.raw,0,0,0,,{0},是
net,average,输入,env_1_Design/VCU/InPort/OBC_3.OBC_BatteryVoltage.rawEnable,0,0,0,,{0},是
net,average,输入,env_1_Design/VCU/InPort/OBC_3.OBC_CurrentLimit.raw,0,0,0,,{0},是
net,average,输入,env_1_Design/VCU/InPort/OBC_3.OBC_CurrentLimit.rawEnable,0,0,0,,{0},是
net,average,输入,env_1_Design/VCU/InPort/OBC_3.OBC_ErrorFlag.raw,0,0,0,,{0},否
net,average,输入,env_1_Design/VCU/InPort/OBC_3.OBC_ErrorFlag.rawEnable,0,0,0,,{0},否
net,average,输入,env_1_Design/VCU/InPort/OBC_3.OBC_PFCVoltage.raw,0,0,0,,{0},是
net,average,输入,env_1_Design/VCU/InPort/OBC_3.OBC_PFCVoltage.rawEnable,0,0,0,,{0},是
net,average,输入,env_1_Design/VCU/InPort/Msg_OBC_4_TxDisabled,0,0,0,,{0},否
net,average,输入,env_1_Design/VCU/InPort/OBC_4.OBC_ACInputCurrent,0,0,0,,{0},是
net,average,输入,env_1_Design/VCU/InPort/OBC_4.OBC_BMSWakeSts,,,0,,{Disable/Startup},否
net,average,输入,env_1_Design/VCU/InPort/OBC_4.OBC_CCSts,,,0,,{},否
net,average,输入,env_1_Design/VCU/InPort/OBC_4.OBC_ChrgPiletMaxCurr,0,0,0,,{0},是
net,average,输入,env_1_Design/VCU/InPort/OBC_4.OBC_ChrgPortTemp1,-40,-40,0,,{-40},否
net,average,输入,env_1_Design/VCU/InPort/OBC_4.OBC_ChrgPortTemp2,-40,-40,0,,{-40},否
net,average,输入,env_1_Design/VCU/InPort/OBC_4.OBC_CPDuty,0,0,0,,{0},否
net,average,输入,env_1_Design/VCU/InPort/OBC_4.OBC_Faultlevel,,,0,,{0 level fault},否
net,average,输入,env_1_Design/VCU/InPort/OBC_4.OBC_S2Sts,,,0,,{Open/Startup},否
net,average,输入,env_1_Design/VCU/InPort/OBC_4.Unused,0,0,0,,{0},否
net,average,输入,env_1_Design/VCU/InPort/OBC_4.OBC_ACInputCurrent.raw,0,0,0,,{0},是
net,average,输入,env_1_Design/VCU/InPort/OBC_4.OBC_ACInputCurrent.rawEnable,0,0,0,,{0},是
net,average,输入,env_1_Design/VCU/InPort/OBC_4.OBC_BMSWakeSts.raw,0,0,0,,{0},否
net,average,输入,env_1_Design/VCU/InPort/OBC_4.OBC_BMSWakeSts.rawEnable,0,0,0,,{0},否
net,average,输入,env_1_Design/VCU/InPort/OBC_4.OBC_CCSts.raw,0,0,0,,{0},否
net,average,输入,env_1_Design/VCU/InPort/OBC_4.OBC_CCSts.rawEnable,0,0,0,,{0},否
net,average,输入,env_1_Design/VCU/InPort/OBC_4.OBC_ChrgPiletMaxCurr.raw,0,0,0,,{0},是
net,average,输入,env_1_Design/VCU/InPort/OBC_4.OBC_ChrgPiletMaxCurr.rawEnable,0,0,0,,{0},是
net,average,输入,env_1_Design/VCU/InPort/OBC_4.OBC_ChrgPortTemp1.raw,0,0,0,,{0},否
net,average,输入,env_1_Design/VCU/InPort/OBC_4.OBC_ChrgPortTemp1.rawEnable,0,0,0,,{0},否
net,average,输入,env_1_Design/VCU/InPort/OBC_4.OBC_ChrgPortTemp2.raw,0,0,0,,{0},否
net,average,输入,env_1_Design/power/InPort/BMS_CellVoltMsg9.BMS_cell_Volt_34.raw,0,0,0,,{0},是
net,average,输入,env_1_Design/power/InPort/BMS_CellVoltMsg9.BMS_cell_Volt_34.rawEnable,0,0,0,,{0},是
net,average,输入,env_1_Design/power/InPort/BMS_CellVoltMsg9.BMS_cell_Volt_35.raw,0,0,0,,{0},是
net,average,输入,env_1_Design/power/InPort/BMS_CellVoltMsg9.BMS_cell_Volt_35.rawEnable,0,0,0,,{0},是
net,average,输入,env_1_Design/power/InPort/BMS_CellVoltMsg9.BMS_cell_Volt_36.raw,0,0,0,,{0},是
net,average,输入,env_1_Design/power/InPort/BMS_CellVoltMsg9.BMS_cell_Volt_36.rawEnable,0,0,0,,{0},是
net,average,输入,env_1_Design/power/InPort/BMS_CellVoltMsg9.BMS_CellVoltMsg9_Counter.raw,0,0,0,,{0},是
net,average,输入,env_1_Design/power/InPort/BMS_CellVoltMsg9.BMS_CellVoltMsg9_Counter.rawEnable,0,0,0,,{0},是
net,average,输入,env_1_Design/power/InPort/BMS_General.BMS_chgFault_alarm,,,0,,{正常},否
net,average,输入,env_1_Design/power/InPort/BMS_General.BMS_chgFaultLevel,,,0,,{No_error},否
net,average,输入,env_1_Design/power/InPort/BMS_General.BMS_Discharge_Relay_state,,,3,"2.739, 3.139, 42.539","{All_Open, Main_Negtive_Relay_Close_Main_P, Main_Negtive_Relay_Close_Precha}",否
net,average,输入,env_1_Design/power/InPort/BMS_General.BMS_General_CheckSUM,0,0,0,,{0},否
net,average,输入,env_1_Design/power/InPort/BMS_General.BMS_General_RollingCounter,0,0,0,,{0},否
net,average,输入,env_1_Design/power/InPort/BMS_General.BMS_HVIL_state,,,0,,{OK},否
net,average,输入,env_1_Design/power/InPort/BMS_General.BMS_Insolation_Sta,,,0,,{Insolation_OK},否
net,average,输入,env_1_Design/power/InPort/BMS_General.BMS_InsulationRes,0,0,0,,{0},否
net,average,输入,env_1_Design/power/InPort/BMS_General.BMS_mode,,,0,,{},否
net,average,输入,env_1_Design/power/InPort/BMS_General.BMS_Vehicle_crash_signal,,,0,,{No_Crash},否
net,average,输入,env_1_Design/power/InPort/Msg_BMS_General_TxDisabled,0,0,0,,{0},否
net,average,输入,env_1_Design/power/InPort/BMS_General.BMS_chgFault_alarm.raw,0,0,0,,{0},否
net,average,输入,env_1_Design/power/InPort/BMS_General.BMS_chgFault_alarm.rawEnable,0,0,0,,{0},否
net,average,输入,env_1_Design/power/InPort/BMS_General.BMS_chgFaultLevel.raw,0,0,0,,{0},否
net,average,输入,env_1_Design/power/InPort/BMS_General.BMS_chgFaultLevel.rawEnable,0,0,0,,{0},否
net,average,输入,env_1_Design/power/InPort/BMS_General.BMS_Discharge_Relay_state.raw,0,0,0,,{0},否
net,average,输入,env_1_Design/power/InPort/BMS_General.BMS_Discharge_Relay_state.rawEnable,0,0,0,,{0},否
net,average,输入,env_1_Design/power/InPort/BMS_General.BMS_General_CheckSUM.raw,0,0,0,,{0},否
net,average,输入,env_1_Design/power/InPort/BMS_General.BMS_General_CheckSUM.rawEnable,0,0,0,,{0},否
net,average,输入,env_1_Design/power/InPort/BMS_General.BMS_General_RollingCounter.raw,0,0,0,,{0},否
net,average,输入,env_1_Design/power/InPort/BMS_General.BMS_General_RollingCounter.rawEnable,0,0,0,,{0},否
net,average,输入,env_1_Design/power/InPort/BMS_General.BMS_HVIL_state.raw,0,0,0,,{0},否
net,average,输入,env_1_Design/power/InPort/BMS_General.BMS_HVIL_state.rawEnable,0,0,0,,{0},否
net,average,输入,env_1_Design/power/InPort/BMS_General.BMS_Insolation_Sta.raw,0,0,0,,{0},否
net,average,输入,env_1_Design/power/InPort/BMS_General.BMS_Insolation_Sta.rawEnable,0,0,0,,{0},否
net,average,输入,env_1_Design/power/InPort/BMS_General.BMS_InsulationRes.raw,0,0,0,,{0},否
net,average,输入,env_1_Design/power/InPort/BMS_General.BMS_InsulationRes.rawEnable,0,0,0,,{0},否
net,average,输入,env_1_Design/power/InPort/BMS_General.BMS_mode.raw,2,2,0,,{2},否
net,average,输入,env_1_Design/power/InPort/BMS_General.BMS_mode.rawEnable,0,0,0,,{0},否
net,average,输入,env_1_Design/power/InPort/BMS_General.BMS_Vehicle_crash_signal.raw,0,0,0,,{0},否
net,average,输入,env_1_Design/power/InPort/BMS_General.BMS_Vehicle_crash_signal.rawEnable,0,0,0,,{0},否
net,average,输入,env_1_Design/power/InPort/BMS_HVBusVolt_Curr.BMS_HVBusCurr,1.55508e-106,0.0104779,30,"0.739, 0.939, 1.139, 1.339, 1.539, 1.739, 1.939, 2.139, 2.339, 2.539 …",min=1.55508e-106; max=0.0104779; distinct=550,是
net,average,输入,env_1_Design/power/InPort/BMS_HVBusVolt_Curr.BMS_HVBusVolt,397.819,397.819,3,"2.339, 2.539, 2.739",min=397.819; max=397.819; distinct=76,是
net,average,输入,env_1_Design/power/InPort/BMS_HVBusVolt_Curr.BMS_SOC,97.9962,97.9962,0,,min=97.9962; max=97.9962; distinct=39,是
net,average,输入,env_1_Design/power/InPort/BMS_HVBusVolt_Curr.BMS_SOH,0,0,0,,{0},是
net,average,输入,env_1_Design/power/InPort/Msg_BMS_HVBusVolt_Curr_TxDisabled,0,0,0,,{0},是
net,average,输入,env_1_Design/power/InPort/BMS_HVBusVolt_Curr.BMS_HVBusCurr.raw,10000,10000,0,,{10000},是
net,average,输入,env_1_Design/power/InPort/BMS_HVBusVolt_Curr.BMS_HVBusCurr.rawEnable,0,0,0,,{0},是
net,average,输入,env_1_Design/power/InPort/BMS_HVBusVolt_Curr.BMS_HVBusVolt.raw,0,0,0,,{0},是
net,average,输入,env_1_Design/power/InPort/BMS_HVBusVolt_Curr.BMS_HVBusVolt.rawEnable,0,0,0,,{0},是
net,average,输入,env_1_Design/power/InPort/BMS_HVBusVolt_Curr.BMS_SOC.raw,0,0,0,,{0},是
net,average,输入,env_1_Design/power/InPort/BMS_HVBusVolt_Curr.BMS_SOC.rawEnable,0,0,0,,{0},是
net,average,输入,env_1_Design/power/InPort/BMS_HVBusVolt_Curr.BMS_SOH.raw,0,0,0,,{0},是
net,average,输入,env_1_Design/power/InPort/BMS_HVBusVolt_Curr.BMS_SOH.rawEnable,0,0,0,,{0},是
net,average,输入,env_1_Design/power/InPort/BMS_OBCCtrl.BMS_charge_enable,,,0,,{Disable},否
net,average,输入,env_1_Design/power/InPort/BMS_OBCCtrl.BMS_charge_remaintime,0,0,0,,{0},否
net,average,输入,env_1_Design/power/InPort/BMS_OBCCtrl.BMS_charger_arrow_chargcurrent,0,0,0,,{0},是
net,average,输入,env_1_Design/power/InPort/BMS_OBCCtrl.BMS_charger_arrow_chargvoltag,0,0,0,,{0},是
net,average,输入,env_1_Design/power/InPort/BMS_OBCCtrl.BMS_charger_requier_chargcurrent,0,0,0,,{0},是
net,average,输入,env_1_Design/power/InPort/BMS_OBCCtrl.BMS_charger_requier_chargvoltag,0,0,0,,{0},是
net,average,输入,env_1_Design/power/InPort/BMS_OBCCtrl.BMS_OBCCtrl_Counter,0,0,0,,{0},否
net,average,输入,env_1_Design/power/InPort/Msg_BMS_OBCCtrl_TxDisabled,0,0,0,,{0},否
net,average,输入,env_1_Design/power/InPort/BMS_OBCCtrl.BMS_charge_enable.raw,0,0,0,,{0},否
net,average,输入,env_1_Design/power/InPort/BMS_OBCCtrl.BMS_charge_enable.rawEnable,0,0,0,,{0},否
net,average,输入,env_1_Design/power/InPort/BMS_OBCCtrl.BMS_charge_remaintime.raw,0,0,0,,{0},否
net,average,输入,env_1_Design/power/InPort/BMS_OBCCtrl.BMS_charge_remaintime.rawEnable,0,0,0,,{0},否
net,average,输入,env_1_Design/power/InPort/BMS_OBCCtrl.BMS_charger_arrow_chargcurrent.raw,1000,1000,0,,{1000},是
net,average,输入,env_1_Design/power/InPort/BMS_OBCCtrl.BMS_charger_arrow_chargcurrent.rawEnable,0,0,0,,{0},是
net,average,输入,env_1_Design/power/InPort/BMS_OBCCtrl.BMS_charger_arrow_chargvoltag.raw,0,0,0,,{0},是
net,average,输入,env_1_Design/power/InPort/BMS_OBCCtrl.BMS_charger_arrow_chargvoltag.rawEnable,0,0,0,,{0},是
net,average,输入,env_1_Design/power/InPort/BMS_OBCCtrl.BMS_charger_requier_chargcurrent.raw,1000,1000,0,,{1000},是
net,average,输入,env_1_Design/power/InPort/BMS_OBCCtrl.BMS_charger_requier_chargcurrent.rawEnable,0,0,0,,{0},是
net,average,输入,env_1_Design/power/InPort/BMS_OBCCtrl.BMS_charger_requier_chargvoltag.raw,0,0,0,,{0},是
net,average,输入,env_1_Design/power/InPort/BMS_OBCCtrl.BMS_charger_requier_chargvoltag.rawEnable,0,0,0,,{0},是
net,average,输入,env_1_Design/power/InPort/BMS_OBCCtrl.BMS_OBCCtrl_Counter.raw,0,0,0,,{0},否
net,average,输入,env_1_Design/power/InPort/BMS_OBCCtrl.BMS_OBCCtrl_Counter.rawEnable,0,0,0,,{0},否
net,average,输入,env_1_Design/power/InPort/BMS_Pack_status.BMS_charge_or_discharge_status,,,0,,{No_Charge_&_No_Discharge},否
net,average,输入,env_1_Design/power/InPort/BMS_Pack_status.BMS_cold_or_heat_status,,,0,,{cold_&_hot_are_all_OFF},否
net,average,输入,env_1_Design/power/InPort/BMS_Pack_status.Bms_num_PLUG,0,0,0,,{0},否
net,average,输入,env_1_Design/power/InPort/BMS_Pack_status.BMS_Pack_status_Counter,0,0,0,,{0},否
net,average,输入,env_1_Design/power/InPort/BMS_Pack_status.BMS_status_blacce,,,0,,{balance_is_not_active},否
net,average,输入,env_1_Design/power/InPort/BMS_Pack_status.BMS_status_chargerelay,,,3,"2.739, 3.139, 42.539","{, All_Open, Main_Negtive_Relay_Close_Charge}",否
net,average,输入,env_1_Design/power/InPort/Msg_BMS_Pack_status_TxDisabled,0,0,0,,{0},否
net,average,输入,env_1_Design/power/InPort/BMS_Pack_status.BMS_charge_or_discharge_status.raw,0,0,0,,{0},否
net,average,输入,env_1_Design/power/InPort/BMS_Pack_status.BMS_charge_or_discharge_status.rawEnable,0,0,0,,{0},否
net,average,输入,env_1_Design/power/InPort/BMS_Pack_status.BMS_cold_or_heat_status.raw,0,0,0,,{0},否
net,average,输入,env_1_Design/power/InPort/BMS_Pack_status.BMS_cold_or_heat_status.rawEnable,0,0,0,,{0},否
net,average,输入,env_1_Design/power/InPort/BMS_Pack_status.Bms_num_PLUG.raw,0,0,0,,{0},否
net,average,输入,env_1_Design/power/InPort/BMS_Pack_status.Bms_num_PLUG.rawEnable,0,0,0,,{0},否
net,average,输入,env_1_Design/power/InPort/BMS_Pack_status.BMS_Pack_status_Counter.raw,0,0,0,,{0},否
net,average,输入,env_1_Design/power/InPort/BMS_Pack_status.BMS_Pack_status_Counter.rawEnable,0,0,0,,{0},否
net,average,输入,env_1_Design/power/InPort/BMS_Pack_status.BMS_status_blacce.raw,0,0,0,,{0},否
net,average,输入,env_1_Design/power/InPort/BMS_Pack_status.BMS_status_blacce.rawEnable,0,0,0,,{0},否
net,average,输入,env_1_Design/power/InPort/BMS_Pack_status.BMS_status_chargerelay.raw,0,0,0,,{0},否
net,average,输入,env_1_Design/power/InPort/BMS_Pack_status.BMS_status_chargerelay.rawEnable,0,0,0,,{0},否
net,average,输入,env_1_Design/power/InPort/BMS_PwrLimit_Chg.BMS_Max_continuous_charge_power,0,0,0,,{0},否
net,average,输入,env_1_Design/power/InPort/BMS_PwrLimit_Chg.BMS_Max_Instantaneous_Peak_charge_power,0,0,0,,{0},否
net,average,输入,env_1_Design/power/InPort/BMS_PwrLimit_Chg.BMS_PwrLimit_Chg_Counter,0,0,0,,{0},否
net,average,输入,env_1_Design/power/InPort/Msg_BMS_PwrLimit_Chg_TxDisabled,0,0,0,,{0},否
net,average,输入,env_1_Design/power/InPort/BMS_PwrLimit_Chg.BMS_Max_continuous_charge_power.raw,32000,32000,0,,{32000},否
net,average,输入,env_1_Design/power/InPort/BMS_PwrLimit_Chg.BMS_Max_continuous_charge_power.rawEnable,0,0,0,,{0},否
net,average,输入,env_1_Design/power/InPort/BMS_PwrLimit_Chg.BMS_Max_Instantaneous_Peak_charge_power.raw,32000,32000,0,,{32000},否
net,average,输入,env_1_Design/power/InPort/BMS_PwrLimit_Chg.BMS_Max_Instantaneous_Peak_charge_power.rawEnable,0,0,0,,{0},否
net,average,输入,env_1_Design/power/InPort/BMS_PwrLimit_Chg.BMS_PwrLimit_Chg_Counter.raw,0,0,0,,{0},否
net,average,输入,env_1_Design/power/InPort/BMS_PwrLimit_Chg.BMS_PwrLimit_Chg_Counter.rawEnable,0,0,0,,{0},否
net,average,输入,env_1_Design/power/InPort/BMS_PwrLimit_DisChg.BMS_10sMaxDischgPwr,0,0,0,,{0},否
net,average,输入,env_1_Design/power/InPort/BMS_PwrLimit_DisChg.BMS_30sMaxDischgPwr,0,0,0,,{0},否
net,average,输入,env_1_Design/power/InPort/BMS_PwrLimit_DisChg.BMS_MaxContDischgPwr,546.244,546.244,3,"2.339, 2.539, 2.739",min=546.244; max=546.244; distinct=550,否
net,average,输入,env_1_Design/power/InPort/BMS_PwrLimit_DisChg.BMS_PwrLimit_DisChg_Counter,0,0,0,,{0},否
net,average,输入,env_1_Design/power/InPort/Msg_BMS_PwrLimit_DisChg_TxDisabled,0,0,0,,{0},否
net,average,输入,env_1_Design/power/InPort/BMS_PwrLimit_DisChg.BMS_10sMaxDischgPwr.raw,0,0,0,,{0},否
net,average,输入,env_1_Design/power/InPort/BMS_PwrLimit_DisChg.BMS_10sMaxDischgPwr.rawEnable,0,0,0,,{0},否
net,average,输入,env_1_Design/power/InPort/BMS_PwrLimit_DisChg.BMS_30sMaxDischgPwr.raw,0,0,0,,{0},否
net,average,输入,env_1_Design/power/InPort/BMS_PwrLimit_DisChg.BMS_30sMaxDischgPwr.rawEnable,0,0,0,,{0},否
net,average,输入,env_1_Design/power/InPort/BMS_PwrLimit_DisChg.BMS_MaxContDischgPwr.raw,0,0,0,,{0},否
net,average,输入,env_1_Design/power/InPort/BMS_PwrLimit_DisChg.BMS_MaxContDischgPwr.rawEnable,0,0,0,,{0},否
net,average,输入,env_1_Design/power/InPort/BMS_PwrLimit_DisChg.BMS_PwrLimit_DisChg_Counter.raw,0,0,0,,{0},否
net,average,输入,env_1_Design/power/InPort/BMS_PwrLimit_DisChg.BMS_PwrLimit_DisChg_Counter.rawEnable,0,0,0,,{0},否
net,average,输入,env_1_Design/power/InPort/BMS_Temp.BMS_BattTempAvg,0,0,0,,{0},否
net,average,输入,env_1_Design/power/InPort/BMS_Temp.BMS_Cell_total,0,0,0,,{0},否
net,average,输入,env_1_Design/power/InPort/BMS_Temp.BMS_CellTempMax,160,160,0,,{160},否
net,average,输入,env_1_Design/power/InPort/BMS_Temp.BMS_CellTempMax_Num,0,0,0,,{0},否
net,average,输入,env_1_Design/power/InPort/BMS_Temp.BMS_CellTempMin,0,0,0,,{0},否
net,average,输入,env_1_Design/power/InPort/BMS_Temp.BMS_CellTempMin_Num,0,0,0,,{0},否
net,average,输入,env_1_Design/power/InPort/BMS_Temp.BMS_Temp_Counter,0,0,0,,{0},否
net,average,输入,env_1_Design/power/InPort/BMS_Temp.BMS_Temp_sensor_total,0,0,0,,{0},否
net,average,输入,env_1_Design/power/InPort/Msg_BMS_Temp_TxDisabled,0,0,0,,{0},否
net,average,输入,env_1_Design/power/InPort/BMS_Temp.BMS_BattTempAvg.raw,40,40,0,,{40},否
net,average,输入,env_1_Design/power/InPort/BMS_Temp.BMS_BattTempAvg.rawEnable,0,0,0,,{0},否
net,average,输入,env_1_Design/power/InPort/BMS_Temp.BMS_Cell_total.raw,0,0,0,,{0},否
net,average,输入,env_1_Design/power/InPort/BMS_Temp.BMS_Cell_total.rawEnable,0,0,0,,{0},否
net,average,输入,env_1_Design/power/InPort/BMS_Temp.BMS_CellTempMax.raw,40,40,0,,{40},否
net,average,输入,env_1_Design/power/InPort/BMS_Temp.BMS_CellTempMax.rawEnable,0,0,0,,{0},否
net,average,输入,env_1_Design/power/InPort/BMS_Temp.BMS_CellTempMax_Num.raw,0,0,0,,{0},否
net,average,输入,env_1_Design/power/InPort/BMS_Temp.BMS_CellTempMax_Num.rawEnable,0,0,0,,{0},否
net,average,输入,env_1_Design/power/InPort/BMS_Temp.BMS_CellTempMin.raw,40,40,0,,{40},否
net,average,输入,env_1_Design/power/InPort/BMS_Temp.BMS_CellTempMin.rawEnable,0,0,0,,{0},否
net,average,输入,env_1_Design/power/InPort/BMS_Temp.BMS_CellTempMin_Num.raw,0,0,0,,{0},否
net,average,输入,env_1_Design/power/InPort/BMS_Temp.BMS_CellTempMin_Num.rawEnable,0,0,0,,{0},否
net,average,输入,env_1_Design/power/InPort/BMS_Temp.BMS_Temp_Counter.raw,0,0,0,,{0},否
net,average,输入,env_1_Design/power/InPort/BMS_Temp.BMS_Temp_Counter.rawEnable,0,0,0,,{0},否
net,average,输入,env_1_Design/power/InPort/BMS_Temp.BMS_Temp_sensor_total.raw,0,0,0,,{0},否
net,average,输入,env_1_Design/power/InPort/BMS_Temp.BMS_Temp_sensor_total.rawEnable,0,0,0,,{0},否
net,average,输入,env_1_Design/power/InPort/BMS_TempSensorMsg1.BMS_Sensor_temp_1,0,0,0,,{0},否
net,average,输入,env_1_Design/power/InPort/BMS_TempSensorMsg1.BMS_Sensor_temp_2,0,0,0,,{0},否
net,average,输入,env_1_Design/power/InPort/BMS_TempSensorMsg1.BMS_Sensor_temp_3,0,0,0,,{0},否
net,average,输入,env_1_Design/power/InPort/BMS_TempSensorMsg1.BMS_Sensor_temp_4,0,0,0,,{0},否
net,average,输入,env_1_Design/power/InPort/BMS_TempSensorMsg1.BMS_Sensor_temp_5,0,0,0,,{0},否
net,average,输入,env_1_Design/power/InPort/BMS_TempSensorMsg1.BMS_Sensor_temp_6,0,0,0,,{0},否
net,average,输入,env_1_Design/power/InPort/BMS_TempSensorMsg1.BMS_Sensor_temp_7,0,0,0,,{0},否
net,average,输入,env_1_Design/power/InPort/BMS_TempSensorMsg1.BMS_TempSensorMsg1_Counter,0,0,0,,{0},否
net,average,输入,env_1_Design/power/InPort/Msg_BMS_TempSensorMsg1_TxDisabled,0,0,0,,{0},否
net,average,输入,env_1_Design/power/InPort/BMS_TempSensorMsg1.BMS_Sensor_temp_1.raw,40,40,0,,{40},否
net,average,输入,env_1_Design/power/InPort/BMS_TempSensorMsg1.BMS_Sensor_temp_1.rawEnable,0,0,0,,{0},否
net,average,输入,env_1_Design/power/InPort/BMS_TempSensorMsg1.BMS_Sensor_temp_2.raw,40,40,0,,{40},否
net,average,输入,env_1_Design/power/InPort/BMS_TempSensorMsg1.BMS_Sensor_temp_2.rawEnable,0,0,0,,{0},否
net,average,输入,env_1_Design/power/InPort/BMS_TempSensorMsg1.BMS_Sensor_temp_3.raw,40,40,0,,{40},否
net,average,输入,env_1_Design/power/InPort/BMS_TempSensorMsg1.BMS_Sensor_temp_3.rawEnable,0,0,0,,{0},否
net,average,输入,env_1_Design/power/InPort/BMS_TempSensorMsg1.BMS_Sensor_temp_4.raw,40,40,0,,{40},否
net,average,输入,env_1_Design/power/InPort/BMS_TempSensorMsg1.BMS_Sensor_temp_4.rawEnable,0,0,0,,{0},否
net,average,输入,env_1_Design/power/InPort/BMS_TempSensorMsg1.BMS_Sensor_temp_5.raw,40,40,0,,{40},否
net,average,输入,env_1_Design/power/InPort/BMS_TempSensorMsg1.BMS_Sensor_temp_5.rawEnable,0,0,0,,{0},否
net,average,输入,env_1_Design/power/InPort/BMS_TempSensorMsg1.BMS_Sensor_temp_6.raw,40,40,0,,{40},否
net,average,输入,env_1_Design/power/InPort/BMS_TempSensorMsg1.BMS_Sensor_temp_6.rawEnable,0,0,0,,{0},否
net,average,输入,env_1_Design/power/InPort/BMS_TempSensorMsg1.BMS_Sensor_temp_7.raw,40,40,0,,{40},否
net,average,输入,env_1_Design/power/InPort/BMS_TempSensorMsg1.BMS_Sensor_temp_7.rawEnable,0,0,0,,{0},否
net,average,输入,env_1_Design/power/InPort/BMS_TempSensorMsg1.BMS_TempSensorMsg1_Counter.raw,0,0,0,,{0},否
net,average,输入,env_1_Design/power/InPort/BMS_TempSensorMsg1.BMS_TempSensorMsg1_Counter.rawEnable,0,0,0,,{0},否
net,average,输入,env_1_Design/power/InPort/BMS_TempSensorMsg2.BMS_Sensor_temp_10,0,0,0,,{0},否
net,average,输入,env_1_Design/power/InPort/BMS_TempSensorMsg2.BMS_Sensor_temp_11,0,0,0,,{0},否
net,average,输入,env_1_Design/power/InPort/BMS_TempSensorMsg2.BMS_Sensor_temp_12,0,0,0,,{0},否
net,average,输入,env_1_Design/power/InPort/BMS_TempSensorMsg2.BMS_Sensor_temp_13,0,0,0,,{0},否
net,average,输入,env_1_Design/power/InPort/BMS_TempSensorMsg2.BMS_Sensor_temp_14,0,0,0,,{0},否
net,average,输入,env_1_Design/power/InPort/BMS_TempSensorMsg2.BMS_Sensor_temp_8,0,0,0,,{0},否
net,average,输入,env_1_Design/power/InPort/BMS_TempSensorMsg2.BMS_Sensor_temp_9,0,0,0,,{0},否
net,average,输入,env_1_Design/power/InPort/BMS_TempSensorMsg2.BMS_TempSensorMsg2_Counter,0,0,0,,{0},否
net,average,输入,env_1_Design/power/InPort/Msg_BMS_TempSensorMsg2_TxDisabled,0,0,0,,{0},否
net,average,输入,env_1_Design/power/InPort/BMS_TempSensorMsg2.BMS_Sensor_temp_10.raw,40,40,0,,{40},否
net,average,输入,env_1_Design/power/InPort/BMS_TempSensorMsg2.BMS_Sensor_temp_10.rawEnable,0,0,0,,{0},否
net,average,输入,env_1_Design/power/InPort/BMS_TempSensorMsg2.BMS_Sensor_temp_11.raw,40,40,0,,{40},否
net,average,输入,env_1_Design/power/InPort/BMS_TempSensorMsg2.BMS_Sensor_temp_11.rawEnable,0,0,0,,{0},否
net,average,输入,env_1_Design/power/InPort/BMS_TempSensorMsg2.BMS_Sensor_temp_12.raw,40,40,0,,{40},否
net,average,输入,env_1_Design/power/InPort/BMS_TempSensorMsg2.BMS_Sensor_temp_12.rawEnable,0,0,0,,{0},否
net,average,输入,env_1_Design/power/InPort/BMS_TempSensorMsg2.BMS_Sensor_temp_13.raw,40,40,0,,{40},否
net,average,输入,env_1_Design/power/InPort/BMS_TempSensorMsg2.BMS_Sensor_temp_13.rawEnable,0,0,0,,{0},否
net,average,输入,env_1_Design/power/InPort/BMS_TempSensorMsg2.BMS_Sensor_temp_14.raw,40,40,0,,{40},否
net,average,输入,env_1_Design/power/InPort/BMS_TempSensorMsg2.BMS_Sensor_temp_14.rawEnable,0,0,0,,{0},否
net,average,输入,env_1_Design/power/InPort/BMS_TempSensorMsg2.BMS_Sensor_temp_8.raw,40,40,0,,{40},否
net,average,输入,env_1_Design/power/InPort/BMS_TempSensorMsg2.BMS_Sensor_temp_8.rawEnable,0,0,0,,{0},否
net,average,输入,env_1_Design/power/InPort/BMS_TempSensorMsg2.BMS_Sensor_temp_9.raw,40,40,0,,{40},否
net,average,输入,env_1_Design/power/InPort/BMS_TempSensorMsg2.BMS_Sensor_temp_9.rawEnable,0,0,0,,{0},否
net,average,输入,env_1_Design/power/InPort/BMS_TempSensorMsg2.BMS_TempSensorMsg2_Counter.raw,0,0,0,,{0},否
net,average,输入,env_1_Design/power/InPort/BMS_TempSensorMsg2.BMS_TempSensorMsg2_Counter.rawEnable,0,0,0,,{0},否
net,average,输入,env_1_Design/power/InPort/BMS_WarningMsg.BMS_Battery_NOT_matching,,,0,,{正常},否
net,average,输入,env_1_Design/power/InPort/BMS_WarningMsg.BMS_SOC_Break_1,,,0,,{正常},否
net,average,输入,env_1_Design/power/InPort/BMS_WarningMsg.BMS_SOC_too_High,,,0,,{正常},否
net,average,输入,env_1_Design/power/InPort/BMS_WarningMsg.BMS_War_cellOverVoltage_3,,,0,,{正常},是
net,average,输入,env_1_Design/power/InPort/BMS_WarningMsg.BMS_War_cellOverVoltage_4,,,0,,{正常},是
net,average,输入,env_1_Design/power/InPort/BMS_WarningMsg.BMS_War_cellUnderVoltage_2,,,0,,{正常},是
net,average,输入,env_1_Design/power/InPort/BMS_WarningMsg.BMS_War_cellUnderVoltage_3,,,0,,{正常},是
net,average,输入,env_1_Design/power/InPort/BMS_WarningMsg.BMS_War_cellUnderVoltage_4,,,0,,{正常},是
net,average,输入,env_1_Design/power/InPort/BMS_WarningMsg.BMS_War_cellUnderVoltage_chg_4,,,0,,{正常},是
net,average,输出,env_1_Design/VCU/OutPort/GW_BMS_9.BMS_12vOutputDisable,,,0,,{Output Enable/Startup/Default},否
net,average,输出,env_1_Design/VCU/OutPort/GW_BMS_9.BMS_ChgTime,0,0,0,,{0},否
net,average,输出,env_1_Design/VCU/OutPort/GW_BMS_9.BMS_OutputCurrReq,0,0,0,,{0},是
net,average,输出,env_1_Design/VCU/OutPort/GW_BMS_9.BMS_OutputVoltReq,0,0,0,,{0},是
net,average,输出,env_1_Design/VCU/OutPort/GW_BMS_9.BMS_tOutputModeReq,,,0,,{Disconnec},否
net,average,输出,env_1_Design/VCU/OutPort/GW_BMS_9.BMS_WorkingMode,,,0,,{Running mode},否
net,average,输入,env_1_Design/VCU/InPort/Msg_GW_BMS_9_RxDisabled,0,0,0,,{0},否
net,average,输出,env_1_Design/VCU/OutPort/RxMsg_0x470_Count,2099,4295,549,"0.874, 1.074, 1.274, 1.474, 1.674, 1.874, 2.074, 2.274, 2.474, 2.674 …",min=2099; max=4295; distinct=550,否
net,average,输出,env_1_Design/VCU/OutPort/GW_BMS_9.BMS_12vOutputDisable.raw,0,0,0,,{0},否
net,average,输出,env_1_Design/VCU/OutPort/GW_BMS_9.BMS_12vOutputDisable.valid,1,1,0,,{1},否
net,average,输出,env_1_Design/VCU/OutPort/GW_BMS_9.BMS_ChgTime.raw,0,0,0,,{0},否
net,average,输出,env_1_Design/VCU/OutPort/GW_BMS_9.BMS_ChgTime.valid,1,1,0,,{1},否
net,average,输出,env_1_Design/VCU/OutPort/GW_BMS_9.BMS_OutputCurrReq.raw,0,0,0,,{0},是
net,average,输出,env_1_Design/VCU/OutPort/GW_BMS_9.BMS_OutputCurrReq.valid,1,1,0,,{1},是
net,average,输出,env_1_Design/VCU/OutPort/GW_BMS_9.BMS_OutputVoltReq.raw,0,0,0,,{0},是
net,average,输出,env_1_Design/VCU/OutPort/GW_BMS_9.BMS_OutputVoltReq.valid,1,1,0,,{1},是
net,average,输出,env_1_Design/VCU/OutPort/GW_BMS_9.BMS_tOutputModeReq.raw,0,0,0,,{0},否
net,average,输出,env_1_Design/VCU/OutPort/GW_BMS_9.BMS_tOutputModeReq.valid,1,1,0,,{1},否
net,average,输出,env_1_Design/VCU/OutPort/GW_BMS_9.BMS_WorkingMode.raw,0,0,0,,{0},否
net,average,输出,env_1_Design/VCU/OutPort/GW_BMS_9.BMS_WorkingMode.valid,1,1,0,,{1},否
net,average,输出,env_1_Design/VCU/OutPort/GW_EPS_1.EPSFailSts,,,0,,{No fault/Startup/Default},否
net,average,输出,env_1_Design/VCU/OutPort/GW_EPS_1.RecoverableFault,,,0,,{Default/Start up},否
net,average,输入,env_1_Design/VCU/InPort/Msg_GW_EPS_1_RxDisabled,0,0,0,,{0},否
net,average,输出,env_1_Design/VCU/OutPort/RxMsg_0x365_Count,1049,2147,549,"0.874, 1.074, 1.274, 1.474, 1.674, 1.874, 2.074, 2.274, 2.474, 2.674 …",min=1049; max=2147; distinct=550,否
net,average,输出,env_1_Design/VCU/OutPort/GW_EPS_1.EPSFailSts.raw,0,0,0,,{0},否
net,average,输出,env_1_Design/VCU/OutPort/GW_EPS_1.EPSFailSts.valid,1,1,0,,{1},否
net,average,输出,env_1_Design/VCU/OutPort/GW_EPS_1.RecoverableFault.raw,0,0,0,,{0},否
net,average,输出,env_1_Design/VCU/OutPort/GW_EPS_1.RecoverableFault.valid,1,1,0,,{1},否
net,average,输出,env_1_Design/VCU/OutPort/GW_MCU_1.MCU_ControllerTemp,20,20,0,,{20},否
net,average,输出,env_1_Design/VCU/OutPort/GW_MCU_1.MCU_ControllerTorque,0,0,0,,{0},否
net,average,输出,env_1_Design/VCU/OutPort/GW_MCU_1.MCU_MotorSpeed,0,38,4,"2.474, 2.674, 2.874, 3.074","{0, 1, 9, 24, 38}",否
net,average,输出,env_1_Design/VCU/OutPort/GW_MCU_1.MCU_MotorTemp,20,20,0,,{20},否
net,average,输出,env_1_Design/VCU/OutPort/GW_MCU_1.MCU_SpeedVechile,0,0.5,3,"2.474, 2.674, 2.874","{0, 0.1, 0.3, 0.5}",否
net,average,输入,env_1_Design/VCU/InPort/Msg_GW_MCU_1_RxDisabled,0,0,0,,{0},否
net,average,输出,env_1_Design/VCU/OutPort/RxMsg_0x410_Count,525,1074,549,"0.874, 1.074, 1.274, 1.474, 1.674, 1.874, 2.074, 2.274, 2.474, 2.674 …",min=525; max=1074; distinct=550,否
net,average,输出,env_1_Design/VCU/OutPort/GW_MCU_1.MCU_ControllerTemp.raw,60,60,0,,{60},否
net,average,输出,env_1_Design/VCU/OutPort/GW_MCU_1.MCU_ControllerTemp.valid,1,1,0,,{1},否
net,average,输出,env_1_Design/VCU/OutPort/GW_MCU_1.MCU_ControllerTorque.raw,20000,20000,0,,{20000},否
net,average,输出,env_1_Design/VCU/OutPort/GW_MCU_1.MCU_ControllerTorque.valid,1,1,0,,{1},否
net,average,输出,env_1_Design/VCU/OutPort/GW_MCU_1.MCU_MotorSpeed.raw,20000,20038,4,"2.474, 2.674, 2.874, 3.074","{20000, 20001, 20009, 20024, 20038}",否
net,average,输出,env_1_Design/VCU/OutPort/GW_MCU_1.MCU_MotorSpeed.valid,1,1,0,,{1},否
net,average,输出,env_1_Design/VCU/OutPort/GW_MCU_1.MCU_MotorTemp.raw,60,60,0,,{60},否
net,average,输出,env_1_Design/VCU/OutPort/GW_MCU_1.MCU_MotorTemp.valid,1,1,0,,{1},否
net,average,输出,env_1_Design/VCU/OutPort/GW_MCU_1.MCU_SpeedVechile.raw,2000,2005,3,"2.474, 2.674, 2.874","{2000, 2001, 2003, 2005}",否
net,average,输出,env_1_Design/VCU/OutPort/GW_MCU_1.MCU_SpeedVechile.valid,1,1,0,,{1},否
net,average,输出,env_1_Design/VCU/OutPort/GW_SAM_1.CRCCheck,0,0,0,,{0},否
net,average,输出,env_1_Design/VCU/OutPort/GW_SAM_1.MessageCounter,0,0,0,,{0},否
net,average,输出,env_1_Design/VCU/OutPort/GW_SAM_1.SASCalibrated,,,0,,{Not calibrated/Startup/Default},否
net,average,输出,env_1_Design/VCU/OutPort/GW_SAM_1.SASInit,,,0,,{Not Initialized/Startup/Default},否
net,average,输出,env_1_Design/VCU/OutPort/GW_SAM_1.SteeringAngle,0,0,0,,{0},否
net,average,输出,env_1_Design/VCU/OutPort/GW_SAM_1.SteeringAngleSpeed,0,0,0,,{0},否
net,average,输出,env_1_Design/VCU/OutPort/GW_SAM_1.SteeringAngleSpeedValidData,,,0,,{Valid},否
net,average,输出,env_1_Design/VCU/OutPort/GW_SAM_1.SteeringAngleValidData,,,0,,{Valid},否
net,average,输入,env_1_Design/VCU/InPort/Msg_GW_SAM_1_RxDisabled,0,0,0,,{0},否
net,average,输出,env_1_Design/VCU/OutPort/RxMsg_0xC4_Count,1049,2147,549,"0.874, 1.074, 1.274, 1.474, 1.674, 1.874, 2.074, 2.274, 2.474, 2.674 …",min=1049; max=2147; distinct=550,否
net,average,输出,env_1_Design/VCU/OutPort/GW_SAM_1.CRCCheck.raw,0,0,0,,{0},否
net,average,输出,env_1_Design/VCU/OutPort/GW_SAM_1.CRCCheck.valid,1,1,0,,{1},否
net,average,输出,env_1_Design/VCU/OutPort/GW_SAM_1.MessageCounter.raw,0,0,0,,{0},否
net,average,输出,env_1_Design/VCU/OutPort/GW_SAM_1.MessageCounter.valid,1,1,0,,{1},否
net,average,输出,env_1_Design/VCU/OutPort/GW_SAM_1.SASCalibrated.raw,0,0,0,,{0},否
net,average,输出,env_1_Design/VCU/OutPort/GW_SAM_1.SASCalibrated.valid,1,1,0,,{1},否
net,average,输出,env_1_Design/VCU/OutPort/GW_SAM_1.SASInit.raw,0,0,0,,{0},否
net,average,输出,env_1_Design/VCU/OutPort/GW_SAM_1.SASInit.valid,1,1,0,,{1},否
net,average,输出,env_1_Design/VCU/OutPort/GW_SAM_1.SteeringAngle.raw,0,0,0,,{0},否
net,average,输出,env_1_Design/VCU/OutPort/GW_SAM_1.SteeringAngle.valid,1,1,0,,{1},否
net,average,输出,env_1_Design/VCU/OutPort/GW_SAM_1.SteeringAngleSpeed.raw,0,0,0,,{0},否
net,average,输出,env_1_Design/VCU/OutPort/GW_SAM_1.SteeringAngleSpeed.valid,1,1,0,,{1},否
net,average,输出,env_1_Design/VCU/OutPort/GW_SAM_1.SteeringAngleSpeedValidData.raw,0,0,0,,{0},否
net,average,输出,env_1_Design/VCU/OutPort/GW_SAM_1.SteeringAngleSpeedValidData.valid,1,1,0,,{1},否
net,average,输出,env_1_Design/VCU/OutPort/GW_SAM_1.SteeringAngleValidData.raw,0,0,0,,{0},否
net,average,输出,env_1_Design/VCU/OutPort/GW_SAM_1.SteeringAngleValidData.valid,1,1,0,,{1},否
net,average,输出,env_1_Design/VCU/OutPort/GW_VCU_1.VCU_bBattChgAndDischgFaults,,,0,,{Lamp OFF/Startup/Default},否
net,average,输出,env_1_Design/VCU/OutPort/GW_VCU_1.VCU_bBattFaultWarningLightSts,,,0,,{Lamp OFF/Startup/Default},否
net,average,输出,env_1_Design/VCU/OutPort/GW_VCU_1.VCU_bBrakeSt,,,2,"2.474, 6.674","{Braking, Not braking}",否
net,average,输出,env_1_Design/VCU/OutPort/GW_VCU_1.VCU_bGrLevErr,,,0,,{Not Error},否
net,average,输出,env_1_Design/VCU/OutPort/GW_VCU_1.VCU_bLVBattwarning,,,0,,{Lamp OFF/Startup/Default},否
net,average,输出,env_1_Design/VCU/OutPort/GW_VCU_1.VCU_bMaintainLightSts,,,0,,{Lamp OFF/Startup/Default},否
net,average,输出,env_1_Design/VCU/OutPort/GW_VCU_1.VCU_bMotorFaultWarningLightSts,,,0,,{Lamp OFF/Startup/Default},否
net,average,输出,env_1_Design/VCU/OutPort/GW_VCU_1.VCU_bMotorOvertempWarningLig,,,0,,{Lamp OFF/Startup/Default},否
net,average,输出,env_1_Design/VCU/OutPort/GW_VCU_1.VCU_bReadyLightSts,,,2,"3.274, 42.674","{Lamp OFF/Startup/Default, Lamp ON}",否
net,average,输出,env_1_Design/VCU/OutPort/GW_VCU_1.VCU_bSocWarningLightSts,,,0,,{Lamp OFF/Startup/Default},否
net,average,输出,env_1_Design/VCU/OutPort/GW_VCU_1.VCU_bSysFaultsWarningLightSts,,,3,"42.474, 42.674, 71.074","{Lamp OFF/Startup/Default, Lamp ON}",否
net,average,输出,env_1_Design/VCU/OutPort/GW_VCU_1.VCU_bSysWarningLightSts,,,1,71.074,"{Lamp OFF/Startup/Default, Lamp ON}",否
net,average,输出,env_1_Design/VCU/OutPort/GW_VCU_1.VCU_bVacuumPumpSysFailure,,,0,,{No Failure},否
net,average,输出,env_1_Design/VCU/OutPort/GW_VCU_1.VCU_GasPedalPosition,0,0,0,,{0},否
net,average,输出,env_1_Design/VCU/OutPort/GW_VCU_1.VCU_GearboxPositionDisplay,,,0,,{Neutral},否
net,average,输出,env_1_Design/VCU/OutPort/GW_VCU_1.VCU_InstPowerConsum,29.988,29.988,0,,{29.988},否
net,average,输出,env_1_Design/VCU/OutPort/GW_VCU_1.VCU_ResidualOdometer,31,31,0,,{31},否
net,average,输出,env_1_Design/VCU/OutPort/GW_VCU_1.VCU_VehicleSpeedVSOSig,0,0.4375,3,"2.474, 2.674, 2.874","{0, 0.125, 0.3125, 0.4375}",否
net,average,输入,env_1_Design/VCU/InPort/Msg_GW_VCU_1_RxDisabled,0,0,0,,{0},否
net,average,输出,env_1_Design/VCU/OutPort/RxMsg_0x403_Count,525,1074,549,"0.874, 1.074, 1.274, 1.474, 1.674, 1.874, 2.074, 2.274, 2.474, 2.674 …",min=525; max=1074; distinct=550,否
net,average,输出,env_1_Design/VCU/OutPort/GW_VCU_1.VCU_bBattChgAndDischgFaults.raw,0,0,0,,{0},否
net,average,输出,env_1_Design/VCU/OutPort/GW_VCU_1.VCU_bBattChgAndDischgFaults.valid,1,1,0,,{1},否
net,average,输出,env_1_Design/VCU/OutPort/GW_VCU_1.VCU_bBattFaultWarningLightSts.raw,0,0,0,,{0},否
net,average,输出,env_1_Design/VCU/OutPort/GW_VCU_1.VCU_bBattFaultWarningLightSts.valid,1,1,0,,{1},否
net,average,输出,env_1_Design/VCU/OutPort/GW_VCU_1.VCU_bBrakeSt.raw,0,1,2,"2.474, 6.674","{0, 1}",否
net,average,输出,env_1_Design/VCU/OutPort/GW_VCU_1.VCU_bBrakeSt.valid,1,1,0,,{1},否
net,average,输出,env_1_Design/VCU/OutPort/GW_VCU_1.VCU_bGrLevErr.raw,0,0,0,,{0},否
net,average,输出,env_1_Design/VCU/OutPort/GW_VCU_1.VCU_bGrLevErr.valid,1,1,0,,{1},否
net,average,输出,env_1_Design/VCU/OutPort/GW_VCU_1.VCU_bLVBattwarning.raw,0,0,0,,{0},否
net,average,输出,env_1_Design/VCU/OutPort/GW_VCU_1.VCU_bLVBattwarning.valid,1,1,0,,{1},否
net,average,输出,env_1_Design/VCU/OutPort/GW_VCU_1.VCU_bMaintainLightSts.raw,0,0,0,,{0},否
net,average,输出,env_1_Design/VCU/OutPort/GW_VCU_1.VCU_bMaintainLightSts.valid,1,1,0,,{1},否
net,average,输出,env_1_Design/VCU/OutPort/GW_VCU_1.VCU_bMotorFaultWarningLightSts.raw,0,0,0,,{0},否
net,average,输出,env_1_Design/VCU/OutPort/GW_VCU_1.VCU_bMotorFaultWarningLightSts.valid,1,1,0,,{1},否
net,average,输出,env_1_Design/VCU/OutPort/GW_VCU_1.VCU_bMotorOvertempWarningLig.raw,0,0,0,,{0},否
net,average,输出,env_1_Design/VCU/OutPort/GW_VCU_1.VCU_bMotorOvertempWarningLig.valid,1,1,0,,{1},否
net,average,输出,env_1_Design/VCU/OutPort/GW_VCU_1.VCU_bReadyLightSts.raw,0,1,2,"3.274, 42.674","{0, 1}",否
net,average,输出,env_1_Design/VCU/OutPort/GW_VCU_1.VCU_bReadyLightSts.valid,1,1,0,,{1},否
net,average,输出,env_1_Design/VCU/OutPort/GW_VCU_1.VCU_bSocWarningLightSts.raw,0,0,0,,{0},否
net,average,输出,env_1_Design/VCU/OutPort/GW_VCU_1.VCU_bSocWarningLightSts.valid,1,1,0,,{1},否
net,average,输出,env_1_Design/VCU/OutPort/GW_VCU_1.VCU_bSysFaultsWarningLightSts.raw,0,1,3,"42.474, 42.674, 71.074","{0, 1}",否
net,average,输出,env_1_Design/VCU/OutPort/GW_VCU_1.VCU_bSysFaultsWarningLightSts.valid,1,1,0,,{1},否
net,average,输出,env_1_Design/VCU/OutPort/GW_VCU_1.VCU_bSysWarningLightSts.raw,0,1,1,71.074,"{0, 1}",否
net,average,输出,env_1_Design/VCU/OutPort/GW_VCU_1.VCU_bSysWarningLightSts.valid,1,1,0,,{1},否
net,average,输出,env_1_Design/VCU/OutPort/GW_VCU_1.VCU_bVacuumPumpSysFailure.raw,0,0,0,,{0},否
net,average,输出,env_1_Design/VCU/OutPort/GW_VCU_1.VCU_bVacuumPumpSysFailure.valid,1,1,0,,{1},否
net,average,输出,env_1_Design/VCU/OutPort/GW_VCU_1.VCU_GasPedalPosition.raw,0,0,0,,{0},否
net,average,输出,env_1_Design/VCU/OutPort/GW_VCU_1.VCU_GasPedalPosition.valid,1,1,0,,{1},否
net,average,输出,env_1_Design/VCU/OutPort/GW_VCU_1.VCU_GearboxPositionDisplay.raw,12,12,0,,{12},否
net,average,输出,env_1_Design/VCU/OutPort/GW_VCU_1.VCU_GearboxPositionDisplay.valid,1,1,0,,{1},否
net,average,输出,env_1_Design/VCU/OutPort/GW_VCU_1.VCU_InstPowerConsum.raw,153,153,0,,{153},否
net,average,输出,env_1_Design/VCU/OutPort/GW_VCU_1.VCU_InstPowerConsum.valid,1,1,0,,{1},否
net,average,输出,env_1_Design/VCU/OutPort/GW_VCU_1.VCU_ResidualOdometer.raw,310,310,0,,{310},否
net,average,输出,env_1_Design/VCU/OutPort/GW_VCU_1.VCU_ResidualOdometer.valid,1,1,0,,{1},否
net,average,输出,env_1_Design/VCU/OutPort/GW_VCU_1.VCU_VehicleSpeedVSOSig.raw,0,7,3,"2.474, 2.674, 2.874","{0, 2, 5, 7}",否
net,average,输出,env_1_Design/VCU/OutPort/GW_VCU_1.VCU_VehicleSpeedVSOSig.valid,1,1,0,,{1},否
net,average,输出,env_1_Design/VCU/OutPort/GW_VCU_2.VCU_bAntiSkid,,,0,,{InValid/Startup/Default},否
net,average,输出,env_1_Design/VCU/OutPort/GW_VCU_2.VCU_bBattConnectSt,,,0,,{Disconnect/Startup/Default},否
net,average,输出,env_1_Design/VCU/OutPort/GW_VCU_2.VCU_bChgAllow,,,0,,{Charge forbidden/Startup/Defaul},否
net,average,输出,env_1_Design/VCU/OutPort/GW_VCU_2.VCU_bMCUActDischgCmd,,,0,,{OFF},否
net,average,输出,env_1_Design/VCU/OutPort/GW_VCU_2.VCU_bMCUEnable,,,0,,{Disable/Startup/default},否
net,average,输出,env_1_Design/VCU/OutPort/GW_VCU_2.VCU_bMCUPowerOff,,,0,,{Power on},否
net,average,输出,env_1_Design/VCU/OutPort/GW_VCU_2.VCU_DCDCstCtrlReq,,,2,"5.874, 42.674","{Disabled/Startup, Enabled}",否
net,average,输出,env_1_Design/VCU/OutPort/GW_VCU_2.VCU_DCDCTarVolt,0,13.5,2,"5.874, 42.674","{0, 13.5}",是
net,average,输出,env_1_Design/VCU/OutPort/GW_VCU_2.VCU_ModeReq,,,0,,{Off Mode(PWM off)},否
net,average,输出,env_1_Design/VCU/OutPort/GW_VCU_2.VCU_RemoteHVReady,,,0,,{NO Ready},否
net,average,输出,env_1_Design/VCU/OutPort/GW_VCU_2.VCU_stPUPDSts,,,0,,{InvalidInitialing},否
net,average,输出,env_1_Design/VCU/OutPort/GW_VCU_2.VCU_TqReqCmd,0,0,0,,{0},否
net,average,输入,env_1_Design/VCU/InPort/Msg_GW_VCU_2_RxDisabled,0,0,0,,{0},否
net,average,输出,env_1_Design/VCU/OutPort/RxMsg_0x400_Count,525,1074,549,"0.874, 1.074, 1.274, 1.474, 1.674, 1.874, 2.074, 2.274, 2.474, 2.674 …",min=525; max=1074; distinct=550,否
net,average,输出,env_1_Design/VCU/OutPort/GW_VCU_2.VCU_bAntiSkid.raw,0,0,0,,{0},否
net,average,输出,env_1_Design/VCU/OutPort/GW_VCU_2.VCU_bAntiSkid.valid,1,1,0,,{1},否
net,average,输出,env_1_Design/VCU/OutPort/GW_VCU_2.VCU_bBattConnectSt.raw,0,0,0,,{0},否
net,average,输出,env_1_Design/VCU/OutPort/GW_VCU_2.VCU_bBattConnectSt.valid,1,1,0,,{1},否
net,average,输出,env_1_Design/VCU/OutPort/GW_VCU_2.VCU_bChgAllow.raw,0,0,0,,{0},否
net,average,输出,env_1_Design/VCU/OutPort/GW_VCU_2.VCU_bChgAllow.valid,1,1,0,,{1},否
net,average,输出,env_1_Design/VCU/OutPort/GW_VCU_2.VCU_bMCUActDischgCmd.raw,0,0,0,,{0},否
net,average,输出,env_1_Design/VCU/OutPort/GW_VCU_2.VCU_bMCUActDischgCmd.valid,1,1,0,,{1},否
net,average,输出,env_1_Design/VCU/OutPort/GW_VCU_2.VCU_bMCUEnable.raw,0,0,0,,{0},否
net,average,输出,env_1_Design/VCU/OutPort/GW_VCU_2.VCU_bMCUEnable.valid,1,1,0,,{1},否
net,average,输出,env_1_Design/VCU/OutPort/GW_VCU_2.VCU_bMCUPowerOff.raw,0,0,0,,{0},否
net,average,输出,env_1_Design/VCU/OutPort/GW_VCU_2.VCU_bMCUPowerOff.valid,1,1,0,,{1},否
net,average,输出,env_1_Design/VCU/OutPort/GW_VCU_2.VCU_DCDCstCtrlReq.raw,0,1,2,"5.874, 42.674","{0, 1}",否
net,average,输出,env_1_Design/VCU/OutPort/GW_VCU_2.VCU_DCDCstCtrlReq.valid,1,1,0,,{1},否
net,average,输出,env_1_Design/VCU/OutPort/GW_VCU_2.VCU_DCDCTarVolt.raw,0,135,2,"5.874, 42.674","{0, 135}",是
net,average,输出,env_1_Design/VCU/OutPort/GW_VCU_2.VCU_DCDCTarVolt.valid,1,1,0,,{1},是
net,average,输出,env_1_Design/VCU/OutPort/GW_VCU_2.VCU_ModeReq.raw,0,0,0,,{0},否
net,average,输出,env_1_Design/VCU/OutPort/GW_VCU_2.VCU_ModeReq.valid,1,1,0,,{1},否
net,average,输出,env_1_Design/VCU/OutPort/GW_VCU_2.VCU_RemoteHVReady.raw,0,0,0,,{0},否
net,average,输出,env_1_Design/VCU/OutPort/GW_VCU_2.VCU_RemoteHVReady.valid,1,1,0,,{1},否
net,average,输出,env_1_Design/VCU/OutPort/GW_VCU_2.VCU_stPUPDSts.raw,0,0,0,,{0},否
net,average,输出,env_1_Design/VCU/OutPort/GW_VCU_2.VCU_stPUPDSts.valid,1,1,0,,{1},否
net,average,输出,env_1_Design/VCU/OutPort/GW_VCU_2.VCU_TqReqCmd.raw,20000,20000,0,,{20000},否
net,average,输出,env_1_Design/VCU/OutPort/GW_VCU_2.VCU_TqReqCmd.valid,1,1,0,,{1},否
net,average,输出,env_1_Design/VCU/OutPort/GW_VCU_3.VCU_bDCDCSt,,,0,,{OK/Startup},否
net,average,输出,env_1_Design/VCU/OutPort/GW_VCU_3.VCU_bHandBrakeSts,,,0,,{OFF},否
net,average,输出,env_1_Design/VCU/OutPort/GW_VCU_3.VCU_bHvEmgyReqSt,,,0,,{NO Emergency/Startup/Default},否
net,average,输出,env_1_Design/VCU/OutPort/GW_VCU_3.VCU_bStSmartChg,,,0,,{Not Allow/Default/Startup},否
net,average,输出,env_1_Design/VCU/OutPort/GW_VCU_3.VCU_Control,,,0,,{Disconnect},否
net,average,输出,env_1_Design/VCU/OutPort/GW_VCU_3.VCU_CreepFuncSts,,,0,,{OFF},否
net,average,输出,env_1_Design/VCU/OutPort/GW_VCU_3.VCU_DriveMode,,,0,,{ECO},否
net,average,输出,env_1_Design/VCU/OutPort/GW_VCU_3.VCU_DrivemodeRembSts,,,0,,{OFF},否
net,average,输出,env_1_Design/VCU/OutPort/GW_VCU_3.VCU_Faultcode,,,0,,{正常},否
net,average,输出,env_1_Design/VCU/OutPort/GW_VCU_3.VCU_PPDSoundClose,,,0,,{Open},否
net,average,输出,env_1_Design/VCU/OutPort/GW_VCU_3.VCU_SpeedLimit,,,0,,{NO limit},否
net,average,输出,env_1_Design/VCU/OutPort/GW_VCU_3.VCU_stTBOX_Limit,,,0,,{NO TBOX Limit/Startup/Default},否
net,average,输出,env_1_Design/VCU/OutPort/GW_VCU_3.VCU_VechileSts,,,0,,{},否
net,average,输入,env_1_Design/VCU/InPort/Msg_GW_VCU_3_RxDisabled,0,0,0,,{0},否
net,average,输出,env_1_Design/VCU/OutPort/RxMsg_0x460_Count,525,1074,549,"0.874, 1.074, 1.274, 1.474, 1.674, 1.874, 2.074, 2.274, 2.474, 2.674 …",min=525; max=1074; distinct=550,否
net,average,输出,env_1_Design/VCU/OutPort/GW_VCU_3.VCU_bDCDCSt.raw,0,0,0,,{0},否
net,average,输出,env_1_Design/VCU/OutPort/GW_VCU_3.VCU_bDCDCSt.valid,1,1,0,,{1},否
net,average,输出,env_1_Design/VCU/OutPort/GW_VCU_3.VCU_bHandBrakeSts.raw,0,0,0,,{0},否
net,average,输出,env_1_Design/VCU/OutPort/GW_VCU_3.VCU_bHandBrakeSts.valid,1,1,0,,{1},否
net,average,输出,env_1_Design/VCU/OutPort/GW_VCU_3.VCU_bHvEmgyReqSt.raw,0,0,0,,{0},否
net,average,输出,env_1_Design/VCU/OutPort/GW_VCU_3.VCU_bHvEmgyReqSt.valid,1,1,0,,{1},否
net,average,输出,env_1_Design/VCU/OutPort/GW_VCU_3.VCU_bStSmartChg.raw,0,0,0,,{0},否
net,average,输出,env_1_Design/VCU/OutPort/GW_VCU_3.VCU_bStSmartChg.valid,1,1,0,,{1},否
net,average,输出,env_1_Design/VCU/OutPort/GW_VCU_3.VCU_Control.raw,0,0,0,,{0},否
net,average,输出,env_1_Design/VCU/OutPort/GW_VCU_3.VCU_Control.valid,1,1,0,,{1},否
net,average,输出,env_1_Design/VCU/OutPort/GW_VCU_3.VCU_CreepFuncSts.raw,0,0,0,,{0},否
net,average,输出,env_1_Design/VCU/OutPort/GW_VCU_3.VCU_CreepFuncSts.valid,1,1,0,,{1},否
net,average,输出,env_1_Design/VCU/OutPort/GW_VCU_3.VCU_DriveMode.raw,0,0,0,,{0},否
net,average,输出,env_1_Design/VCU/OutPort/GW_VCU_3.VCU_DriveMode.valid,1,1,0,,{1},否
net,average,输出,env_1_Design/VCU/OutPort/GW_VCU_3.VCU_DrivemodeRembSts.raw,0,0,0,,{0},否
net,average,输出,env_1_Design/VCU/OutPort/GW_VCU_3.VCU_DrivemodeRembSts.valid,1,1,0,,{1},否
net,average,输出,env_1_Design/VCU/OutPort/GW_VCU_3.VCU_Faultcode.raw,0,0,0,,{0},否
net,average,输出,env_1_Design/VCU/OutPort/GW_VCU_3.VCU_Faultcode.valid,1,1,0,,{1},否
net,average,输出,env_1_Design/VCU/OutPort/GW_VCU_3.VCU_PPDSoundClose.raw,0,0,0,,{0},否
net,average,输出,env_1_Design/VCU/OutPort/GW_VCU_3.VCU_PPDSoundClose.valid,1,1,0,,{1},否
net,average,输出,env_1_Design/VCU/OutPort/GW_VCU_3.VCU_SpeedLimit.raw,0,0,0,,{0},否
net,average,输出,env_1_Design/VCU/OutPort/GW_VCU_3.VCU_SpeedLimit.valid,1,1,0,,{1},否
net,average,输出,env_1_Design/VCU/OutPort/GW_VCU_3.VCU_stTBOX_Limit.raw,0,0,0,,{0},否
net,average,输出,env_1_Design/VCU/OutPort/GW_VCU_3.VCU_stTBOX_Limit.valid,1,1,0,,{1},否
net,average,输出,env_1_Design/VCU/OutPort/GW_VCU_3.VCU_VechileSts.raw,0,0,0,,{0},否
net,average,输出,env_1_Design/VCU/OutPort/GW_VCU_3.VCU_VechileSts.valid,1,1,0,,{1},否
net,average,输出,env_1_Design/VCU/OutPort/GW_VCU_4.VCU_AvailResidPower,512,512,0,,{512},否
net,average,输出,env_1_Design/VCU/OutPort/GW_VCU_4.VCU_CLM_stPtc,,,0,,{},否
net,average,输出,env_1_Design/VCU/OutPort/GW_VCU_4.VCU_EAC_drive_request,,,0,,{Compressor off/Startup},否
net,average,输出,env_1_Design/VCU/OutPort/GW_VCU_4.VCU_EAC_power_lim,0,0,0,,{0},否
net,average,输出,env_1_Design/VCU/OutPort/GW_VCU_4.VCU_InstantPower,0,0,0,,{0},否
net,average,输出,env_1_Design/VCU/OutPort/GW_VCU_4.VCU_InterlockSts,,,0,,{Normal},否
net,average,输出,env_1_Design/VCU/OutPort/GW_VCU_4.VCU_MotorMaxPower,-511,-511,0,,{-511},否
net,average,输入,env_1_Design/VCU/InPort/Msg_GW_VCU_4_RxDisabled,0,0,0,,{0},否
net,average,输出,env_1_Design/VCU/OutPort/RxMsg_0x200_Count,526,1074,548,"1.018, 1.218, 1.418, 1.618, 1.818, 2.018, 2.218, 2.418, 2.618, 2.818 …",min=526; max=1074; distinct=549,否
net,average,输出,env_1_Design/VCU/OutPort/GW_VCU_4.VCU_AvailResidPower.raw,1023,1023,0,,{1023},否
net,average,输出,env_1_Design/VCU/OutPort/GW_VCU_4.VCU_AvailResidPower.valid,1,1,0,,{1},否
net,average,输出,env_1_Design/VCU/OutPort/GW_VCU_4.VCU_CLM_stPtc.raw,0,0,0,,{0},否
net,average,输出,env_1_Design/VCU/OutPort/GW_VCU_4.VCU_CLM_stPtc.valid,1,1,0,,{1},否
net,average,输出,env_1_Design/VCU/OutPort/GW_VCU_4.VCU_EAC_drive_request.raw,0,0,0,,{0},否
net,average,输出,env_1_Design/VCU/OutPort/GW_VCU_4.VCU_EAC_drive_request.valid,1,1,0,,{1},否
net,average,输出,env_1_Design/VCU/OutPort/GW_VCU_4.VCU_EAC_power_lim.raw,0,0,0,,{0},否
net,average,输出,env_1_Design/VCU/OutPort/GW_VCU_4.VCU_EAC_power_lim.valid,1,1,0,,{1},否
net,average,输出,env_1_Design/VCU/OutPort/GW_VCU_4.VCU_InstantPower.raw,511,511,0,,{511},否
net,average,输出,env_1_Design/VCU/OutPort/GW_VCU_4.VCU_InstantPower.valid,1,1,0,,{1},否
net,average,输出,env_1_Design/VCU/OutPort/GW_VCU_4.VCU_InterlockSts.raw,0,0,0,,{0},否
net,average,输出,env_1_Design/VCU/OutPort/GW_VCU_4.VCU_InterlockSts.valid,1,1,0,,{1},否
net,average,输出,env_1_Design/VCU/OutPort/GW_VCU_4.VCU_MotorMaxPower.raw,0,0,0,,{0},否
net,average,输出,env_1_Design/VCU/OutPort/GW_VCU_4.VCU_MotorMaxPower.valid,1,1,0,,{1},否
net,average,输出,env_1_Design/VCU/OutPort/ICM_1.DriverSeatBeltWarningSts,,,0,,{Not warning/Startup/Default},否
net,average,输出,env_1_Design/VCU/OutPort/ICM_1.TotalOdometer_km,0,0,0,,{0},否
net,average,输入,env_1_Design/VCU/InPort/Msg_ICM_1_RxDisabled,0,0,0,,{0},否
net,average,输出,env_1_Design/VCU/OutPort/RxMsg_0x430_Count,1051,2147,548,"1.018, 1.218, 1.418, 1.618, 1.818, 2.018, 2.218, 2.418, 2.618, 2.818 …",min=1051; max=2147; distinct=549,否
net,average,输出,env_1_Design/VCU/OutPort/ICM_1.DriverSeatBeltWarningSts.raw,0,0,0,,{0},否
net,average,输出,env_1_Design/VCU/OutPort/ICM_1.DriverSeatBeltWarningSts.valid,1,1,0,,{1},否
net,average,输出,env_1_Design/VCU/OutPort/ICM_1.TotalOdometer_km.raw,0,0,0,,{0},否
net,average,输出,env_1_Design/VCU/OutPort/ICM_1.TotalOdometer_km.valid,1,1,0,,{1},否
net,average,输入,env_1_Design/VCU/InPort/Msg_NMm_BCM_RxDisabled,0,0,0,,{0},否
net,average,输出,env_1_Design/VCU/OutPort/NMm_BCM.ActiveLoadMaster,,,0,,{No active loads in master},否
net,average,输出,env_1_Design/VCU/OutPort/NMm_BCM.ControllerSts,,,0,,{CANcontrollerisinErrorActiveSt},否
net,average,输出,env_1_Design/VCU/OutPort/NMm_BCM.Counter,0,0,0,,{0},否
net,average,输出,env_1_Design/VCU/OutPort/NMm_BCM.CurrentFailSts,,,0,,{No DTC with Status=Present},是
net,average,输出,env_1_Design/VCU/OutPort/NMm_BCM.NetworkCommand,,,0,,{WU (Wake up request)},否
net,average,输出,env_1_Design/VCU/OutPort/NMm_BCM.SYNCBits,,,0,,{Reserved},否
net,average,输出,env_1_Design/VCU/OutPort/RxMsg_0x625_Count,1051,2147,548,"1.018, 1.218, 1.418, 1.618, 1.818, 2.018, 2.218, 2.418, 2.618, 2.818 …",min=1051; max=2147; distinct=549,否
net,average,输出,env_1_Design/VCU/OutPort/NMm_BCM.ActiveLoadMaster.raw,0,0,0,,{0},否
net,average,输出,env_1_Design/VCU/OutPort/NMm_BCM.ActiveLoadMaster.valid,1,1,0,,{1},否
net,average,输出,env_1_Design/VCU/OutPort/NMm_BCM.ControllerSts.raw,0,0,0,,{0},否
net,average,输出,env_1_Design/VCU/OutPort/NMm_BCM.ControllerSts.valid,1,1,0,,{1},否
net,average,输出,env_1_Design/VCU/OutPort/NMm_BCM.Counter.raw,0,0,0,,{0},否
net,average,输出,env_1_Design/VCU/OutPort/NMm_BCM.Counter.valid,1,1,0,,{1},否
net,average,输出,env_1_Design/VCU/OutPort/NMm_BCM.CurrentFailSts.raw,0,0,0,,{0},是
net,average,输出,env_1_Design/VCU/OutPort/NMm_BCM.CurrentFailSts.valid,1,1,0,,{1},是
net,average,输出,env_1_Design/VCU/OutPort/NMm_BCM.NetworkCommand.raw,0,0,0,,{0},否
net,average,输出,env_1_Design/VCU/OutPort/NMm_BCM.NetworkCommand.valid,1,1,0,,{1},否
net,average,输出,env_1_Design/VCU/OutPort/NMm_BCM.SYNCBits.raw,0,0,0,,{0},否
net,average,输出,env_1_Design/VCU/OutPort/NMm_BCM.SYNCBits.valid,1,1,0,,{1},否
net,average,输入,env_1_Design/VCU/InPort/Msg_NMm_DCDC_OBC_RxDisabled,0,0,0,,{0},否
net,average,输出,env_1_Design/VCU/OutPort/NMm_DCDC_OBC.AL,,,0,,{No active loads in master},否
net,average,输出,env_1_Design/VCU/OutPort/NMm_DCDC_OBC.ControllerSts,,,0,,{CANcontrollerisinErrorActiveSt},否
net,average,输出,env_1_Design/VCU/OutPort/NMm_DCDC_OBC.Counter,,,0,,{Incremental counter managed},否
net,average,输出,env_1_Design/VCU/OutPort/NMm_DCDC_OBC.CurrentFailSts,,,0,,{No DTC with Status=Present},是
net,average,输出,env_1_Design/VCU/OutPort/NMm_DCDC_OBC.NC,,,0,,{WU (Wake up request)},否
net,average,输出,env_1_Design/VCU/OutPort/NMm_DCDC_OBC.SYNCBits,,,0,,{Reserved},否
net,average,输出,env_1_Design/VCU/OutPort/RxMsg_0x611_Count,1051,2147,548,"1.018, 1.218, 1.418, 1.618, 1.818, 2.018, 2.218, 2.418, 2.618, 2.818 …",min=1051; max=2147; distinct=549,否
net,average,输出,env_1_Design/VCU/OutPort/NMm_DCDC_OBC.AL.raw,0,0,0,,{0},否
net,average,输出,env_1_Design/VCU/OutPort/NMm_DCDC_OBC.AL.valid,1,1,0,,{1},否
net,average,输出,env_1_Design/VCU/OutPort/NMm_DCDC_OBC.ControllerSts.raw,0,0,0,,{0},否
net,average,输出,env_1_Design/VCU/OutPort/NMm_DCDC_OBC.ControllerSts.valid,1,1,0,,{1},否
net,average,输出,env_1_Design/VCU/OutPort/NMm_DCDC_OBC.Counter.raw,0,0,0,,{0},否
net,average,输出,env_1_Design/VCU/OutPort/NMm_DCDC_OBC.Counter.valid,1,1,0,,{1},否
net,average,输出,env_1_Design/VCU/OutPort/NMm_DCDC_OBC.CurrentFailSts.raw,0,0,0,,{0},是
net,average,输出,env_1_Design/VCU/OutPort/NMm_DCDC_OBC.CurrentFailSts.valid,1,1,0,,{1},是
net,average,输出,env_1_Design/VCU/OutPort/NMm_DCDC_OBC.NC.raw,0,0,0,,{0},否
net,average,输出,env_1_Design/VCU/OutPort/NMm_DCDC_OBC.NC.valid,1,1,0,,{1},否
net,average,输出,env_1_Design/VCU/OutPort/NMm_DCDC_OBC.SYNCBits.raw,0,0,0,,{0},否
net,average,输出,env_1_Design/VCU/OutPort/NMm_DCDC_OBC.SYNCBits.valid,1,1,0,,{1},否
net,average,输入,env_1_Design/VCU/InPort/Msg_NMm_DCDC1_RxDisabled,0,0,0,,{0},否
net,average,输出,env_1_Design/VCU/OutPort/NMm_DCDC1.ActiveLoadMaster,,,0,,{No active loads in master},否
net,average,输出,env_1_Design/VCU/OutPort/NMm_DCDC1.ControllerSts,,,0,,{CANcontrollerisinErrorActiveSt},否
net,average,输出,env_1_Design/VCU/OutPort/NMm_DCDC1.Counter,,,0,,{Incremental counter managed},否
net,average,输出,env_1_Design/VCU/OutPort/NMm_DCDC1.CurrentFailSts,,,0,,{No DTC with Status=Present},是
net,average,输出,env_1_Design/VCU/OutPort/NMm_DCDC1.NetworkCommand,,,0,,{WU (Wake up request)},否
net,average,输出,env_1_Design/VCU/OutPort/NMm_DCDC1.SYNCBits,,,0,,{Reserved},否
net,average,输出,env_1_Design/VCU/OutPort/RxMsg_0x612_Count,1051,2147,548,"1.018, 1.218, 1.418, 1.618, 1.818, 2.018, 2.218, 2.418, 2.618, 2.818 …",min=1051; max=2147; distinct=549,否
net,average,输出,env_1_Design/VCU/OutPort/NMm_DCDC1.ActiveLoadMaster.raw,0,0,0,,{0},否
net,average,输出,env_1_Design/VCU/OutPort/NMm_DCDC1.ActiveLoadMaster.valid,1,1,0,,{1},否
net,average,输出,env_1_Design/VCU/OutPort/NMm_DCDC1.ControllerSts.raw,0,0,0,,{0},否
net,average,输出,env_1_Design/VCU/OutPort/NMm_DCDC1.ControllerSts.valid,1,1,0,,{1},否
net,average,输出,env_1_Design/VCU/OutPort/NMm_DCDC1.Counter.raw,0,0,0,,{0},否
net,average,输出,env_1_Design/VCU/OutPort/NMm_DCDC1.Counter.valid,1,1,0,,{1},否
net,average,输出,env_1_Design/VCU/OutPort/NMm_DCDC1.CurrentFailSts.raw,0,0,0,,{0},是
net,average,输出,env_1_Design/VCU/OutPort/NMm_DCDC1.CurrentFailSts.valid,1,1,0,,{1},是
net,average,输出,env_1_Design/VCU/OutPort/NMm_DCDC1.NetworkCommand.raw,0,0,0,,{0},否
net,average,输出,env_1_Design/VCU/OutPort/NMm_DCDC1.NetworkCommand.valid,1,1,0,,{1},否
net,average,输出,env_1_Design/VCU/OutPort/NMm_DCDC1.SYNCBits.raw,0,0,0,,{0},否
net,average,输出,env_1_Design/VCU/OutPort/NMm_DCDC1.SYNCBits.valid,1,1,0,,{1},否
net,average,输入,env_1_Design/VCU/InPort/Msg_NMm_RRM_RxDisabled,0,0,0,,{0},否
net,average,输出,env_1_Design/VCU/OutPort/NMm_RRM.ActiveLoadMaster,,,0,,{No active loads in master},否
net,average,输出,env_1_Design/VCU/OutPort/NMm_RRM.ControllerSts,,,0,,{CANcontrollerisinErrorActiveSt},否
net,average,输出,env_1_Design/VCU/OutPort/NMm_RRM.Counter,0,0,0,,{0},否
net,average,输出,env_1_Design/VCU/OutPort/NMm_RRM.CurrentFailSts,,,0,,{No DTC with Status=Present},是
net,average,输出,env_1_Design/VCU/OutPort/NMm_RRM.NetworkCommand,,,0,,{WU (Wake up request)},否
net,average,输出,env_1_Design/VCU/OutPort/NMm_RRM.SYNCBits,,,0,,{Reserved},否
net,average,输出,env_1_Design/VCU/OutPort/RxMsg_0x618_Count,1051,2147,548,"1.018, 1.218, 1.418, 1.618, 1.818, 2.018, 2.218, 2.418, 2.618, 2.818 …",min=1051; max=2147; distinct=549,否
net,average,输出,env_1_Design/VCU/OutPort/NMm_RRM.ActiveLoadMaster.raw,0,0,0,,{0},否
net,average,输出,env_1_Design/VCU/OutPort/NMm_RRM.ActiveLoadMaster.valid,1,1,0,,{1},否
net,average,输出,env_1_Design/VCU/OutPort/NMm_RRM.ControllerSts.raw,0,0,0,,{0},否
net,average,输出,env_1_Design/VCU/OutPort/NMm_RRM.ControllerSts.valid,1,1,0,,{1},否
net,average,输出,env_1_Design/VCU/OutPort/NMm_RRM.Counter.raw,0,0,0,,{0},否
net,average,输出,env_1_Design/VCU/OutPort/NMm_RRM.Counter.valid,1,1,0,,{1},否
net,average,输出,env_1_Design/VCU/OutPort/NMm_RRM.CurrentFailSts.raw,0,0,0,,{0},是
net,average,输出,env_1_Design/VCU/OutPort/NMm_RRM.CurrentFailSts.valid,1,1,0,,{1},是
net,average,输出,env_1_Design/VCU/OutPort/NMm_RRM.NetworkCommand.raw,0,0,0,,{0},否
net,average,输出,env_1_Design/VCU/OutPort/NMm_RRM.NetworkCommand.valid,1,1,0,,{1},否
net,average,输出,env_1_Design/VCU/OutPort/NMm_RRM.SYNCBits.raw,0,0,0,,{0},否
net,average,输出,env_1_Design/VCU/OutPort/NMm_RRM.SYNCBits.valid,1,1,0,,{1},否
net,average,输入,env_1_Design/VCU/InPort/Msg_NWM_ICM_RxDisabled,0,0,0,,{0},否
net,average,输出,env_1_Design/VCU/OutPort/NWM_ICM.ActiveLoads,,,0,,{No active loads in Slave},否
net,average,输出,env_1_Design/VCU/OutPort/NWM_ICM.ControllerSts,,,0,,{CANcontrollerisinErrorActiveSt},否
net,average,输出,env_1_Design/VCU/OutPort/NWM_ICM.Counter,0,0,0,,{0},否
net,average,输出,env_1_Design/VCU/OutPort/NWM_ICM.CurrentFailSts,,,0,,{No DTC with Status=Present},是
net,average,输出,env_1_Design/VCU/OutPort/NWM_ICM.NetworkCommand,,,0,,{WU (Wake up request)},否
net,average,输出,env_1_Design/VCU/OutPort/NWM_ICM.SyncBits,,,0,,{Reserved},否
net,average,输出,env_1_Design/VCU/OutPort/RxMsg_0x614_Count,1051,2147,548,"1.018, 1.218, 1.418, 1.618, 1.818, 2.018, 2.218, 2.418, 2.618, 2.818 …",min=1051; max=2147; distinct=549,否
net,average,输出,env_1_Design/VCU/OutPort/NWM_ICM.ActiveLoads.raw,0,0,0,,{0},否
net,average,输出,env_1_Design/VCU/OutPort/NWM_ICM.ActiveLoads.valid,1,1,0,,{1},否
net,average,输出,env_1_Design/VCU/OutPort/NWM_ICM.ControllerSts.raw,0,0,0,,{0},否
net,average,输出,env_1_Design/VCU/OutPort/NWM_ICM.ControllerSts.valid,1,1,0,,{1},否
net,average,输出,env_1_Design/VCU/OutPort/NWM_ICM.Counter.raw,0,0,0,,{0},否
net,average,输出,env_1_Design/VCU/OutPort/NWM_ICM.Counter.valid,1,1,0,,{1},否
net,average,输出,env_1_Design/VCU/OutPort/NWM_ICM.CurrentFailSts.raw,0,0,0,,{0},是
net,average,输出,env_1_Design/VCU/OutPort/NWM_ICM.CurrentFailSts.valid,1,1,0,,{1},是
net,average,输出,env_1_Design/VCU/OutPort/NWM_ICM.NetworkCommand.raw,0,0,0,,{0},否
net,average,输出,env_1_Design/VCU/OutPort/NWM_ICM.NetworkCommand.valid,1,1,0,,{1},否
net,average,输出,env_1_Design/VCU/OutPort/NWM_ICM.SyncBits.raw,0,0,0,,{0},否
net,average,输出,env_1_Design/VCU/OutPort/NWM_ICM.SyncBits.valid,1,1,0,,{1},否
net,average,输入,env_1_Design/VCU/InPort/Msg_NWM_TBOX_RxDisabled,0,0,0,,{0},否
net,average,输出,env_1_Design/VCU/OutPort/NWM_TBOX.ActiveLoadMaster,,,0,,{No active loads in master},否
net,average,输出,env_1_Design/VCU/OutPort/NWM_TBOX.ControllerSts,,,0,,{CANcontrollerisinErrorActiveSt},否
net,average,输出,env_1_Design/VCU/OutPort/NWM_TBOX.Counter,0,0,0,,{0},否
net,average,输出,env_1_Design/VCU/OutPort/NWM_TBOX.CounterError,,,0,,{Countersequencecorrect/Stup/De},否
net,average,输出,env_1_Design/VCU/OutPort/NWM_TBOX.CurrentFailSts,,,0,,{No DTC with Status=Present},是
net,average,输出,env_1_Design/VCU/OutPort/NWM_TBOX.NetworkCommand,,,0,,{WU (Wake up request)},否
net,average,输出,env_1_Design/VCU/OutPort/NWM_TBOX.Node0,,,0,,{Is currently not active on bus},否
net,average,输出,env_1_Design/VCU/OutPort/NWM_TBOX.Node1,,,0,,{Is currently not active on bus},否
net,average,输出,env_1_Design/VCU/OutPort/NWM_TBOX.Node10,,,0,,{Is currently not active on bus},否
net,average,输出,env_1_Design/VCU/OutPort/NWM_TBOX.Node11,,,0,,{Is currently not active on bus},否
net,average,输出,env_1_Design/VCU/OutPort/NWM_TBOX.Node12,,,0,,{Is currently not active on bus},否
net,average,输出,env_1_Design/VCU/OutPort/NWM_TBOX.Node13,,,0,,{Is currently not active on bus},否
net,average,输出,env_1_Design/VCU/OutPort/NWM_TBOX.Node14,,,0,,{Is currently not active on bus},否
net,average,输出,env_1_Design/VCU/OutPort/NWM_TBOX.Node15,,,0,,{Is currently not active on bus},否
net,average,输出,env_1_Design/VCU/OutPort/NWM_TBOX.Node16,,,0,,{Is currently not active on bus},否
net,average,输出,env_1_Design/VCU/OutPort/NWM_TBOX.Node17,,,0,,{Is currently not active on bus},否
net,average,输出,env_1_Design/VCU/OutPort/NWM_TBOX.Node18,,,0,,{Is currently not active on bus},否
net,average,输出,env_1_Design/VCU/OutPort/NWM_TBOX.Node19,,,0,,{Is currently not active on bus},否
net,average,输出,env_1_Design/VCU/OutPort/NWM_TBOX.Node2,,,0,,{Is currently not active on bus},否
net,average,输出,env_1_Design/VCU/OutPort/NWM_TBOX.Node20,,,0,,{Is currently not active on bus},否
net,average,输出,env_1_Design/VCU/OutPort/NWM_TBOX.Node21,,,0,,{Is currently not active on bus},否
net,average,输出,env_1_Design/VCU/OutPort/NWM_TBOX.Node22,,,0,,{Is currently not active on bus},否
net,average,输出,env_1_Design/VCU/OutPort/NWM_TBOX.Node23,,,0,,{Is currently not active on bus},否
net,average,输出,env_1_Design/VCU/OutPort/NWM_TBOX.Node24,,,0,,{Is currently not active on bus},否
net,average,输出,env_1_Design/VCU/OutPort/NWM_TBOX.Node25,,,0,,{Is currently not active on bus},否
net,average,输出,env_1_Design/VCU/OutPort/NWM_TBOX.Node26,,,0,,{Is currently not active on bus},否
net,average,输出,env_1_Design/VCU/OutPort/NWM_TBOX.Node27,,,0,,{Is currently not active on bus},否
net,average,输出,env_1_Design/VCU/OutPort/NWM_TBOX.Node28,,,0,,{Is currently not active on bus},否
net,average,输出,env_1_Design/VCU/OutPort/NWM_TBOX.Node29,,,0,,{Is currently not active on bus},否
net,average,输出,env_1_Design/VCU/OutPort/NWM_TBOX.Node3,,,0,,{Is currently not active on bus},否
net,average,输出,env_1_Design/VCU/OutPort/NWM_TBOX.Node30,,,0,,{Is currently not active on bus},否
net,average,输出,env_1_Design/VCU/OutPort/NWM_TBOX.Node31,,,0,,{Is currently not active on bus},否
net,average,输出,env_1_Design/VCU/OutPort/NWM_TBOX.Node32,,,0,,{Is currently not active on bus},否
net,average,输出,env_1_Design/VCU/OutPort/NWM_TBOX.Node33,,,0,,{Is currently not active on bus},否
net,average,输出,env_1_Design/VCU/OutPort/NWM_TBOX.Node34,,,0,,{Is currently not active on bus},否
net,average,输出,env_1_Design/VCU/OutPort/NWM_TBOX.Node35,,,0,,{Is currently not active on bus},否
net,average,输出,env_1_Design/VCU/OutPort/NWM_TBOX.Node36,,,0,,{Is currently not active on bus},否
net,average,输出,env_1_Design/VCU/OutPort/NWM_TBOX.Node37,,,0,,{Is currently not active on bus},否
net,average,输出,env_1_Design/VCU/OutPort/NWM_TBOX.Node38,,,0,,{Is currently not active on bus},否
net,average,输出,env_1_Design/VCU/OutPort/NWM_TBOX.Node39,,,0,,{Is currently not active on bus},否
net,average,输出,env_1_Design/VCU/OutPort/NWM_TBOX.Node4,,,0,,{Is currently not active on bus},否
net,average,输出,env_1_Design/VCU/OutPort/NWM_TBOX.Node5,,,0,,{Is currently not active on bus},否
net,average,输出,env_1_Design/VCU/OutPort/NWM_TBOX.Node6,,,0,,{Is currently not active on bus},否
net,average,输出,env_1_Design/VCU/OutPort/NWM_TBOX.Node7,,,0,,{Is currently not active on bus},否
net,average,输出,env_1_Design/VCU/OutPort/NWM_TBOX.Node8,,,0,,{Is currently not active on bus},否
net,average,输出,env_1_Design/VCU/OutPort/NWM_TBOX.Node9,,,0,,{Is currently not active on bus},否
net,average,输出,env_1_Design/VCU/OutPort/NWM_TBOX.Reserved,0,0,0,,{0},否
net,average,输出,env_1_Design/VCU/OutPort/NWM_TBOX.SYNCBits,,,0,,{Reserved},否
net,average,输出,env_1_Design/VCU/OutPort/RxMsg_0x600_Count,1051,2147,548,"1.018, 1.218, 1.418, 1.618, 1.818, 2.018, 2.218, 2.418, 2.618, 2.818 …",min=1051; max=2147; distinct=549,否
net,average,输出,env_1_Design/VCU/OutPort/NWM_TBOX.ActiveLoadMaster.raw,0,0,0,,{0},否
net,average,输出,env_1_Design/VCU/OutPort/NWM_TBOX.ActiveLoadMaster.valid,1,1,0,,{1},否
net,average,输出,env_1_Design/VCU/OutPort/NWM_TBOX.ControllerSts.raw,0,0,0,,{0},否
net,average,输出,env_1_Design/VCU/OutPort/NWM_TBOX.ControllerSts.valid,1,1,0,,{1},否
net,average,输出,env_1_Design/VCU/OutPort/NWM_TBOX.Counter.raw,0,0,0,,{0},否
net,average,输出,env_1_Design/VCU/OutPort/NWM_TBOX.Counter.valid,1,1,0,,{1},否
net,average,输出,env_1_Design/VCU/OutPort/NWM_TBOX.CounterError.raw,0,0,0,,{0},否
net,average,输出,env_1_Design/VCU/OutPort/NWM_TBOX.CounterError.valid,1,1,0,,{1},否
net,average,输出,env_1_Design/VCU/OutPort/NWM_TBOX.CurrentFailSts.raw,0,0,0,,{0},是
net,average,输出,env_1_Design/VCU/OutPort/NWM_TBOX.CurrentFailSts.valid,1,1,0,,{1},是
net,average,输出,env_1_Design/VCU/OutPort/NWM_TBOX.NetworkCommand.raw,0,0,0,,{0},否
net,average,输出,env_1_Design/VCU/OutPort/NWM_TBOX.NetworkCommand.valid,1,1,0,,{1},否
net,average,输出,env_1_Design/VCU/OutPort/NWM_TBOX.Node0.raw,0,0,0,,{0},否
net,average,输出,env_1_Design/VCU/OutPort/GW_ABS_G.VehicleSpeedVSOSig.valid,1,1,0,,{1},否
net,average,输出,env_1_Design/VCU/OutPort/GW_ABS_G.VehicleSpeedVSOSigValidData.raw,0,0,0,,{0},否
net,average,输出,env_1_Design/VCU/OutPort/GW_ABS_G.VehicleSpeedVSOSigValidData.valid,1,1,0,,{1},否
net,average,输出,env_1_Design/VCU/OutPort/GW_BMS_1.BMS_BattDisconnectWLS,,,2,"3.358, 42.758","{Lamp OFF/Startup/Default, Lamp ON}",否
net,average,输出,env_1_Design/VCU/OutPort/GW_BMS_1.BMS_bBattMaintainLightReq,,,0,,{NO request/Startup/Default},否
net,average,输出,env_1_Design/VCU/OutPort/GW_BMS_1.BMS_ChgConnectLightSts,,,0,,{DIsconnect/Startup/Default},否
net,average,输出,env_1_Design/VCU/OutPort/GW_BMS_1.BMS_MaxChgCurr,-1600,-1600,0,,{-1600},是
net,average,输出,env_1_Design/VCU/OutPort/GW_BMS_1.BMS_MaxDischgCurr,-1600,-1600,0,,{-1600},是
net,average,输出,env_1_Design/VCU/OutPort/GW_BMS_1.BMS_SOC,98,98,0,,{98},否
net,average,输入,env_1_Design/VCU/InPort/Msg_GW_BMS_1_RxDisabled,0,0,0,,{0},否
net,average,输出,env_1_Design/VCU/OutPort/RxMsg_0x469_Count,526,1074,548,"1.158, 1.358, 1.558, 1.758, 1.958, 2.158, 2.358, 2.558, 2.758, 2.958 …",min=526; max=1074; distinct=549,否
net,average,输出,env_1_Design/VCU/OutPort/GW_BMS_1.BMS_BattDisconnectWLS.raw,0,1,2,"3.358, 42.758","{0, 1}",否
net,average,输出,env_1_Design/VCU/OutPort/GW_BMS_1.BMS_BattDisconnectWLS.valid,1,1,0,,{1},否
net,average,输出,env_1_Design/VCU/OutPort/GW_BMS_1.BMS_bBattMaintainLightReq.raw,0,0,0,,{0},否
net,average,输出,env_1_Design/VCU/OutPort/GW_BMS_1.BMS_bBattMaintainLightReq.valid,1,1,0,,{1},否
net,average,输出,env_1_Design/VCU/OutPort/GW_BMS_1.BMS_ChgConnectLightSts.raw,0,0,0,,{0},否
net,average,输出,env_1_Design/VCU/OutPort/GW_BMS_1.BMS_ChgConnectLightSts.valid,1,1,0,,{1},否
net,average,输出,env_1_Design/VCU/OutPort/GW_BMS_1.BMS_MaxChgCurr.raw,0,0,0,,{0},是
net,average,输出,env_1_Design/VCU/OutPort/GW_BMS_1.BMS_MaxChgCurr.valid,1,1,0,,{1},是
net,average,输出,env_1_Design/VCU/OutPort/GW_BMS_1.BMS_MaxDischgCurr.raw,0,0,0,,{0},是
net,average,输出,env_1_Design/VCU/OutPort/GW_BMS_1.BMS_MaxDischgCurr.valid,1,1,0,,{1},是
net,average,输出,env_1_Design/VCU/OutPort/GW_BMS_1.BMS_SOC.raw,9800,9800,0,,{9800},否
net,average,输出,env_1_Design/VCU/OutPort/GW_BMS_1.BMS_SOC.valid,1,1,0,,{1},否
net,average,输出,env_1_Design/VCU/OutPort/GW_BMS_3.BMS_AverageBattTemp,-40,-40,0,,{-40},否
net,average,输出,env_1_Design/VCU/OutPort/GW_BMS_3.BMS_BatteryCurrent,-1600,-1600,0,,{-1600},是
net,average,输出,env_1_Design/VCU/OutPort/GW_BMS_3.BMS_BattVolt,0,0,0,,{0},是
net,average,输出,env_1_Design/VCU/OutPort/GW_BMS_3.BMS_DCBusVoltage,0,0,0,,{0},是
net,average,输入,env_1_Design/VCU/InPort/Msg_GW_BMS_3_RxDisabled,0,0,0,,{0},否
net,average,输出,env_1_Design/VCU/OutPort/RxMsg_0x46B_Count,526,1074,548,"1.158, 1.358, 1.558, 1.758, 1.958, 2.158, 2.358, 2.558, 2.758, 2.958 …",min=526; max=1074; distinct=549,否
net,average,输出,env_1_Design/VCU/OutPort/GW_BMS_3.BMS_AverageBattTemp.raw,0,0,0,,{0},否
net,average,输出,env_1_Design/VCU/OutPort/GW_BMS_3.BMS_AverageBattTemp.valid,1,1,0,,{1},否
net,average,输出,env_1_Design/VCU/OutPort/GW_BMS_3.BMS_BatteryCurrent.raw,0,0,0,,{0},是
net,average,输出,env_1_Design/VCU/OutPort/GW_BMS_3.BMS_BatteryCurrent.valid,1,1,0,,{1},是
net,average,输出,env_1_Design/VCU/OutPort/GW_BMS_3.BMS_BattVolt.raw,0,0,0,,{0},是
net,average,输出,env_1_Design/VCU/OutPort/GW_BMS_3.BMS_BattVolt.valid,1,1,0,,{1},是
net,average,输出,env_1_Design/VCU/OutPort/GW_BMS_3.BMS_DCBusVoltage.raw,0,0,0,,{0},是
net,average,输出,env_1_Design/VCU/OutPort/GW_BMS_3.BMS_DCBusVoltage.valid,1,1,0,,{1},是
net,average,输出,env_1_Design/VCU/OutPort/GW_BMS_6.BMS__BattContFail,,,0,,{Normal/Startup/Default},否
net,average,输出,env_1_Design/VCU/OutPort/GW_BMS_6.BMS__InterlockSts,,,0,,{Normal/Startup/Default},否
net,average,输出,env_1_Design/VCU/OutPort/GW_BMS_6.BMS__PosBattContSts,,,0,,{Disconnect/Startup/Default},否
net,average,输出,env_1_Design/VCU/OutPort/GW_BMS_6.BMS__PrechargeSts,,,0,,{Disconnect/Startup/Default},否
net,average,输出,env_1_Design/VCU/OutPort/GW_BMS_6.BMS_BattConstantSts,,,0,,{OFF},否
net,average,输出,env_1_Design/VCU/OutPort/GW_BMS_6.BMS_bKeepWarmSet,,,0,,{OFF},否
net,average,输出,env_1_Design/VCU/OutPort/GW_BMS_6.BMS_ChgFault_Grade,,,0,,{Default},否
net,average,输出,env_1_Design/VCU/OutPort/GW_BMS_6.BMS_DcChgRelaySts,,,0,,{Disconnect/Startup/Default},否
net,average,输出,env_1_Design/VCU/OutPort/GW_BMS_6.BMS_DisChgfault_Grade,,,0,,{Default},否
net,average,输出,env_1_Design/VCU/OutPort/GW_BMS_6.BMS_Powerdown,,,0,,{OFF},否
net,average,输出,env_1_Design/VCU/OutPort/GW_BMS_6.BMS_PrechargeContSts,,,0,,{Disconnect/Startup/Default},否
net,average,输出,env_1_Design/VCU/OutPort/GW_BMS_6.BMS_PTCSts,,,0,,{Disconnect/Startup/Default},否
net,average,输出,env_1_Design/VCU/OutPort/GW_BMS_6.BMS_SmaChrgReq,,,0,,{No Request/Startup/Default},否
net,average,输出,env_1_Design/VCU/OutPort/GW_BMS_6.BMS_SmaChrgSts,,,0,,{OFF},否
net,average,输出,env_1_Design/VCU/OutPort/GW_BMS_6.BMS_Sts,,,0,,{Not ready/Startup/Default},否
net,average,输出,env_1_Design/VCU/OutPort/GW_BMS_6.BMS_TotalFautlCount_N1,0,0,0,,{0},否
net,average,输出,env_1_Design/VCU/OutPort/GW_BMS_6.BMS_VhlChgControlMode,,,0,,{Startup/Default},否
net,average,输出,env_1_Design/VCU/OutPort/GW_BMS_6.BMS_vhlDTBOXode,,,0,,{Startup/Default},否
net,average,输出,env_1_Design/VCU/OutPort/GW_BMS_6.BMS_workingMode,,,0,,{Initialing(上电自检)},否
net,average,输入,env_1_Design/VCU/InPort/Msg_GW_BMS_6_RxDisabled,0,0,0,,{0},否
net,average,输出,env_1_Design/VCU/OutPort/RxMsg_0x46E_Count,2105,4297,548,"1.158, 1.358, 1.558, 1.758, 1.958, 2.158, 2.358, 2.558, 2.758, 2.958 …",min=2105; max=4297; distinct=549,否
net,average,输出,env_1_Design/VCU/OutPort/GW_BMS_6.BMS__BattContFail.raw,0,0,0,,{0},否
net,average,输出,env_1_Design/VCU/OutPort/GW_BMS_6.BMS__BattContFail.valid,1,1,0,,{1},否
net,average,输出,env_1_Design/VCU/OutPort/GW_BMS_6.BMS__InterlockSts.raw,0,0,0,,{0},否
net,average,输出,env_1_Design/VCU/OutPort/GW_BMS_6.BMS__InterlockSts.valid,1,1,0,,{1},否
net,average,输出,env_1_Design/VCU/OutPort/GW_BMS_6.BMS__PosBattContSts.raw,0,0,0,,{0},否
net,average,输出,env_1_Design/VCU/OutPort/GW_BMS_6.BMS__PosBattContSts.valid,1,1,0,,{1},否
net,average,输出,env_1_Design/VCU/OutPort/GW_BMS_6.BMS__PrechargeSts.raw,0,0,0,,{0},否
net,average,输出,env_1_Design/VCU/OutPort/GW_BMS_6.BMS__PrechargeSts.valid,1,1,0,,{1},否
net,average,输出,env_1_Design/VCU/OutPort/GW_BMS_6.BMS_BattConstantSts.raw,0,0,0,,{0},否
net,average,输出,env_1_Design/VCU/OutPort/GW_BMS_6.BMS_BattConstantSts.valid,1,1,0,,{1},否
net,average,输出,env_1_Design/VCU/OutPort/GW_BMS_6.BMS_bKeepWarmSet.raw,0,0,0,,{0},否
net,average,输出,env_1_Design/VCU/OutPort/GW_BMS_6.BMS_bKeepWarmSet.valid,1,1,0,,{1},否
net,average,输出,env_1_Design/VCU/OutPort/GW_BMS_6.BMS_ChgFault_Grade.raw,0,0,0,,{0},否
net,average,输出,env_1_Design/VCU/OutPort/GW_BMS_6.BMS_ChgFault_Grade.valid,1,1,0,,{1},否
net,average,输出,env_1_Design/VCU/OutPort/GW_BMS_6.BMS_DcChgRelaySts.raw,0,0,0,,{0},否
net,average,输出,env_1_Design/VCU/OutPort/GW_BMS_6.BMS_DcChgRelaySts.valid,1,1,0,,{1},否
net,average,输出,env_1_Design/VCU/OutPort/GW_BMS_6.BMS_DisChgfault_Grade.raw,0,0,0,,{0},否
net,average,输出,env_1_Design/VCU/OutPort/GW_BMS_6.BMS_DisChgfault_Grade.valid,1,1,0,,{1},否
net,average,输出,env_1_Design/VCU/OutPort/GW_BMS_6.BMS_Powerdown.raw,0,0,0,,{0},否
net,average,输出,env_1_Design/VCU/OutPort/GW_BMS_6.BMS_Powerdown.valid,1,1,0,,{1},否
net,average,输出,env_1_Design/VCU/OutPort/GW_BMS_6.BMS_PrechargeContSts.raw,0,0,0,,{0},否
net,average,输出,env_1_Design/VCU/OutPort/GW_BMS_6.BMS_PrechargeContSts.valid,1,1,0,,{1},否
net,average,输出,env_1_Design/VCU/OutPort/GW_BMS_6.BMS_PTCSts.raw,0,0,0,,{0},否
net,average,输出,env_1_Design/VCU/OutPort/GW_BMS_6.BMS_PTCSts.valid,1,1,0,,{1},否
net,average,输出,env_1_Design/VCU/OutPort/GW_BMS_6.BMS_SmaChrgReq.raw,0,0,0,,{0},否
net,average,输出,env_1_Design/VCU/OutPort/GW_BMS_6.BMS_SmaChrgReq.valid,1,1,0,,{1},否
net,average,输出,env_1_Design/VCU/OutPort/GW_BMS_6.BMS_SmaChrgSts.raw,0,0,0,,{0},否
net,average,输出,env_1_Design/VCU/OutPort/GW_BMS_6.BMS_SmaChrgSts.valid,1,1,0,,{1},否
net,average,输出,env_1_Design/VCU/OutPort/GW_BMS_6.BMS_Sts.raw,0,0,0,,{0},否
net,average,输出,env_1_Design/VCU/OutPort/GW_BMS_6.BMS_Sts.valid,1,1,0,,{1},否
net,average,输出,env_1_Design/VCU/OutPort/GW_BMS_6.BMS_TotalFautlCount_N1.raw,0,0,0,,{0},否
net,average,输出,env_1_Design/VCU/OutPort/GW_BMS_6.BMS_TotalFautlCount_N1.valid,1,1,0,,{1},否
net,average,输出,env_1_Design/VCU/OutPort/GW_BMS_6.BMS_VhlChgControlMode.raw,0,0,0,,{0},否
net,average,输出,env_1_Design/VCU/OutPort/GW_BMS_6.BMS_VhlChgControlMode.valid,1,1,0,,{1},否
net,average,输出,env_1_Design/VCU/OutPort/GW_BMS_6.BMS_vhlDTBOXode.raw,0,0,0,,{0},否
net,average,输出,env_1_Design/VCU/OutPort/GW_BMS_6.BMS_vhlDTBOXode.valid,1,1,0,,{1},否
net,average,输出,env_1_Design/VCU/OutPort/GW_BMS_6.BMS_workingMode.raw,0,0,0,,{0},否
net,average,输出,env_1_Design/VCU/OutPort/GW_BMS_6.BMS_workingMode.valid,1,1,0,,{1},否
net,average,输出,env_1_Design/VCU/OutPort/GW_BMS_7.BMS__CellUnderVoltageSts,,,0,,{Normal},是
net,average,输出,env_1_Design/VCU/OutPort/GW_BMS_7.BMS_bBatTotalVolSampleBackErr,,,0,,{Normal},否
net,average,输出,env_1_Design/VCU/OutPort/GW_BMS_7.BMS_bBattPack_MatchErr,,,0,,{Normal},否
net,average,输出,env_1_Design/VCU/OutPort/GW_BMS_7.BMS_bCanBusoff,,,0,,{Normal},否
net,average,输出,env_1_Design/VCU/OutPort/GW_BMS_7.BMS_bCarStorePowerOverCurr,,,0,,{Normal},是
net,average,输出,env_1_Design/VCU/OutPort/GW_BMS_7.BMS_bDischg_loop_interlock,,,0,,{Normal},否
net,average,输出,env_1_Design/VCU/OutPort/GW_BMS_7.BMS_bHeatrelayAdhesionSts,,,0,,{Normal},否
net,average,输出,env_1_Design/VCU/OutPort/GW_BMS_7.BMS_bHighVolloopOffErr,,,0,,{Normal},否
net,average,输出,env_1_Design/VCU/OutPort/GW_BMS_7.BMS_bMainRelayAdhesionSts,,,0,,{Normal},否
net,average,输出,env_1_Design/VCU/OutPort/GW_BMS_7.BMS_bMainSwitchBreakErr,,,0,,{Normal},否
net,average,输出,env_1_Design/VCU/OutPort/GW_BMS_7.BMS_bOutlettempSts,,,0,,{Normal},否
net,average,输出,env_1_Design/VCU/OutPort/GW_BMS_7.BMS_bOverSOCSts,,,0,,{Normal},否
net,average,输出,env_1_Design/VCU/OutPort/GW_BMS_7.BMS_bPowerSupplyHighErr,,,0,,{Normal},否
net,average,输出,env_1_Design/VCU/OutPort/GW_BMS_7.BMS_bPowerSupplyLowErr,,,0,,{Normal},否
net,average,输出,env_1_Design/VCU/OutPort/GW_BMS_7.BMS_bPrerelayAdhesionSts,,,0,,{Normal},否
net,average,输出,env_1_Design/VCU/OutPort/GW_BMS_7.BMS_bSingleHeatingTimeOutFault,,,0,,{Normal},否
net,average,输出,env_1_Design/VCU/OutPort/GW_BMS_7.BMS_bSOC_JumpErr,,,0,,{Normal},否
net,average,输出,env_1_Design/VCU/OutPort/GW_BMS_7.BMS_bTemp_line_breakErr,,,0,,{Normal},否
net,average,输出,env_1_Design/VCU/OutPort/GW_BMS_7.BMS_bTmalRunFlt,,,0,,{Normal},否
net,average,输出,env_1_Design/VCU/OutPort/GW_BMS_7.BMS_bVCU_CAN_FAILED,,,0,,{Normal},否
net,average,输出,env_1_Design/VCU/OutPort/GW_BMS_7.BMS_bVolt_linebreakErr,,,0,,{Normal},是
net,average,输出,env_1_Design/VCU/OutPort/GW_BMS_7.BMS_CellDiffSts,,,0,,{Normal},否
net,average,输出,env_1_Design/VCU/OutPort/GW_BMS_7.BMS_CellOverTempSts,,,0,,{Normal},否
net,average,输出,env_1_Design/VCU/OutPort/GW_BMS_7.BMS_CellOverVoltageSts,,,0,,{Normal},是
net,average,输出,env_1_Design/VCU/OutPort/GW_BMS_7.BMS_CellUnderTempSts,,,0,,{Normal},否
net,average,输出,env_1_Design/VCU/OutPort/GW_BMS_7.BMS_CurrSampleErr,,,0,,{Normal},是
net,average,输出,env_1_Design/VCU/OutPort/GW_BMS_7.BMS_Currsensor_CommuErr,,,0,,{Normal},是
net,average,输出,env_1_Design/VCU/OutPort/GW_BMS_7.BMS_DiffTempSts,,,0,,{Normal},否
net,average,输出,env_1_Design/VCU/OutPort/GW_BMS_7.BMS_IsolSuperSts,,,0,,{Normal},否
net,average,输出,env_1_Design/VCU/OutPort/GW_BMS_7.BMS_OverChgCurrSts,,,0,,{Normal},是
net,average,输出,env_1_Design/VCU/OutPort/GW_BMS_7.BMS_OverCurrtSts,,,0,,{Normal},是
net,average,输出,env_1_Design/VCU/OutPort/GW_BMS_7.BMS_OverVoltageSts,,,0,,{Normal},是
net,average,输出,env_1_Design/VCU/OutPort/GW_BMS_7.BMS_UnderSOCSts,,,0,,{Normal},否
net,average,输出,env_1_Design/VCU/OutPort/GW_BMS_7.BMS_UnderVoltageSts,,,0,,{Normal},是
net,average,输入,env_1_Design/VCU/InPort/Msg_GW_BMS_7_RxDisabled,0,0,0,,{0},否
net,average,输出,env_1_Design/VCU/OutPort/RxMsg_0x46F_Count,2105,4297,548,"1.158, 1.358, 1.558, 1.758, 1.958, 2.158, 2.358, 2.558, 2.758, 2.958 …",min=2105; max=4297; distinct=549,否
net,average,输出,env_1_Design/VCU/OutPort/GW_BMS_7.BMS__CellUnderVoltageSts.raw,0,0,0,,{0},是
net,average,输出,env_1_Design/VCU/OutPort/GW_BMS_7.BMS__CellUnderVoltageSts.valid,1,1,0,,{1},是
net,average,输出,env_1_Design/VCU/OutPort/GW_BMS_7.BMS_bBatTotalVolSampleBackErr.raw,0,0,0,,{0},否
net,average,输出,env_1_Design/VCU/OutPort/GW_BMS_7.BMS_bBatTotalVolSampleBackErr.valid,1,1,0,,{1},否
net,average,输出,env_1_Design/VCU/OutPort/GW_BMS_7.BMS_bBattPack_MatchErr.raw,0,0,0,,{0},否
net,average,输出,env_1_Design/VCU/OutPort/GW_BMS_7.BMS_bBattPack_MatchErr.valid,1,1,0,,{1},否
net,average,输出,env_1_Design/VCU/OutPort/GW_BMS_7.BMS_bCanBusoff.raw,0,0,0,,{0},否
net,average,输出,env_1_Design/VCU/OutPort/GW_BMS_7.BMS_bCanBusoff.valid,1,1,0,,{1},否
net,average,输出,env_1_Design/VCU/OutPort/GW_BMS_7.BMS_bCarStorePowerOverCurr.raw,0,0,0,,{0},是
net,average,输出,env_1_Design/VCU/OutPort/GW_BMS_7.BMS_bCarStorePowerOverCurr.valid,1,1,0,,{1},是
net,average,输出,env_1_Design/VCU/OutPort/GW_BMS_7.BMS_bDischg_loop_interlock.raw,0,0,0,,{0},否
net,average,输出,env_1_Design/VCU/OutPort/GW_BMS_7.BMS_bDischg_loop_interlock.valid,1,1,0,,{1},否
net,average,输出,env_1_Design/VCU/OutPort/GW_BMS_7.BMS_bHeatrelayAdhesionSts.raw,0,0,0,,{0},否
net,average,输出,env_1_Design/VCU/OutPort/GW_BMS_7.BMS_bHeatrelayAdhesionSts.valid,1,1,0,,{1},否
net,average,输出,env_1_Design/VCU/OutPort/GW_BMS_7.BMS_bHighVolloopOffErr.raw,0,0,0,,{0},否
net,average,输出,env_1_Design/VCU/OutPort/GW_BMS_7.BMS_bHighVolloopOffErr.valid,1,1,0,,{1},否
net,average,输出,env_1_Design/VCU/OutPort/GW_BMS_7.BMS_bMainRelayAdhesionSts.raw,0,0,0,,{0},否
net,average,输出,env_1_Design/VCU/OutPort/GW_BMS_7.BMS_bMainRelayAdhesionSts.valid,1,1,0,,{1},否
net,average,输出,env_1_Design/VCU/OutPort/GW_BMS_7.BMS_bMainSwitchBreakErr.raw,0,0,0,,{0},否
net,average,输出,env_1_Design/VCU/OutPort/GW_BMS_7.BMS_bMainSwitchBreakErr.valid,1,1,0,,{1},否
net,average,输出,env_1_Design/VCU/OutPort/GW_BMS_7.BMS_bOutlettempSts.raw,0,0,0,,{0},否
net,average,输出,env_1_Design/VCU/OutPort/GW_BMS_7.BMS_bOutlettempSts.valid,1,1,0,,{1},否
net,average,输出,env_1_Design/VCU/OutPort/GW_BMS_7.BMS_bOverSOCSts.raw,0,0,0,,{0},否
net,average,输出,env_1_Design/VCU/OutPort/GW_BMS_7.BMS_bOverSOCSts.valid,1,1,0,,{1},否
net,average,输出,env_1_Design/VCU/OutPort/GW_BMS_7.BMS_bPowerSupplyHighErr.raw,0,0,0,,{0},否
net,average,输出,env_1_Design/VCU/OutPort/GW_BMS_7.BMS_bPowerSupplyHighErr.valid,1,1,0,,{1},否
net,average,输出,env_1_Design/VCU/OutPort/GW_BMS_7.BMS_bPowerSupplyLowErr.raw,0,0,0,,{0},否
net,average,输出,env_1_Design/VCU/OutPort/GW_BMS_7.BMS_bPowerSupplyLowErr.valid,1,1,0,,{1},否
net,average,输出,env_1_Design/VCU/OutPort/GW_BMS_7.BMS_bPrerelayAdhesionSts.raw,0,0,0,,{0},否
net,average,输出,env_1_Design/VCU/OutPort/GW_BMS_7.BMS_bPrerelayAdhesionSts.valid,1,1,0,,{1},否
net,average,输出,env_1_Design/VCU/OutPort/GW_BMS_7.BMS_bSingleHeatingTimeOutFault.raw,0,0,0,,{0},否
net,average,输出,env_1_Design/VCU/OutPort/GW_BMS_7.BMS_bSingleHeatingTimeOutFault.valid,1,1,0,,{1},否
net,average,输出,env_1_Design/VCU/OutPort/GW_BMS_7.BMS_bSOC_JumpErr.raw,0,0,0,,{0},否
net,average,输出,env_1_Design/VCU/OutPort/GW_BMS_7.BMS_bSOC_JumpErr.valid,1,1,0,,{1},否
net,average,输出,env_1_Design/VCU/OutPort/GW_BMS_7.BMS_bTemp_line_breakErr.raw,0,0,0,,{0},否
net,average,输出,env_1_Design/VCU/OutPort/GW_BMS_7.BMS_bTemp_line_breakErr.valid,1,1,0,,{1},否
net,average,输出,env_1_Design/VCU/OutPort/GW_BMS_7.BMS_bTmalRunFlt.raw,0,0,0,,{0},否
net,average,输出,env_1_Design/VCU/OutPort/GW_BMS_7.BMS_bTmalRunFlt.valid,1,1,0,,{1},否
net,average,输出,env_1_Design/VCU/OutPort/GW_BMS_7.BMS_bVCU_CAN_FAILED.raw,0,0,0,,{0},否
net,average,输出,env_1_Design/VCU/OutPort/GW_BMS_7.BMS_bVCU_CAN_FAILED.valid,1,1,0,,{1},否
net,average,输出,env_1_Design/VCU/OutPort/GW_BMS_7.BMS_bVolt_linebreakErr.raw,0,0,0,,{0},是
net,average,输出,env_1_Design/VCU/OutPort/GW_BMS_7.BMS_bVolt_linebreakErr.valid,1,1,0,,{1},是
net,average,输出,env_1_Design/VCU/OutPort/GW_BMS_7.BMS_CellDiffSts.raw,0,0,0,,{0},否
net,average,输出,env_1_Design/VCU/OutPort/GW_BMS_7.BMS_CellDiffSts.valid,1,1,0,,{1},否
net,average,输出,env_1_Design/VCU/OutPort/GW_BMS_7.BMS_CellOverTempSts.raw,0,0,0,,{0},否
net,average,输出,env_1_Design/VCU/OutPort/GW_BMS_7.BMS_CellOverTempSts.valid,1,1,0,,{1},否
net,average,输出,env_1_Design/VCU/OutPort/GW_BMS_7.BMS_CellOverVoltageSts.raw,0,0,0,,{0},是
net,average,输出,env_1_Design/VCU/OutPort/GW_BMS_7.BMS_CellOverVoltageSts.valid,1,1,0,,{1},是
net,average,输出,env_1_Design/VCU/OutPort/GW_BMS_7.BMS_CellUnderTempSts.raw,0,0,0,,{0},否
net,average,输出,env_1_Design/VCU/OutPort/GW_BMS_7.BMS_CellUnderTempSts.valid,1,1,0,,{1},否
net,average,输出,env_1_Design/VCU/OutPort/GW_BMS_7.BMS_CurrSampleErr.raw,0,0,0,,{0},是
net,average,输出,env_1_Design/VCU/OutPort/GW_BMS_7.BMS_CurrSampleErr.valid,1,1,0,,{1},是
net,average,输出,env_1_Design/VCU/OutPort/GW_BMS_7.BMS_Currsensor_CommuErr.raw,0,0,0,,{0},是
net,average,输出,env_1_Design/VCU/OutPort/GW_BMS_7.BMS_Currsensor_CommuErr.valid,1,1,0,,{1},是
net,average,输出,env_1_Design/VCU/OutPort/GW_BMS_7.BMS_DiffTempSts.raw,0,0,0,,{0},否
net,average,输出,env_1_Design/VCU/OutPort/GW_BMS_7.BMS_DiffTempSts.valid,1,1,0,,{1},否
net,average,输出,env_1_Design/VCU/OutPort/GW_BMS_7.BMS_IsolSuperSts.raw,0,0,0,,{0},否
net,average,输出,env_1_Design/VCU/OutPort/GW_BMS_7.BMS_IsolSuperSts.valid,1,1,0,,{1},否
net,average,输出,env_1_Design/VCU/OutPort/GW_BMS_7.BMS_OverChgCurrSts.raw,0,0,0,,{0},是
net,average,输出,env_1_Design/VCU/OutPort/GW_BMS_7.BMS_OverChgCurrSts.valid,1,1,0,,{1},是
net,average,输出,env_1_Design/VCU/OutPort/GW_BMS_7.BMS_OverCurrtSts.raw,0,0,0,,{0},是
net,average,输出,env_1_Design/VCU/OutPort/GW_BMS_7.BMS_OverCurrtSts.valid,1,1,0,,{1},是
net,average,输出,env_1_Design/VCU/OutPort/GW_BMS_7.BMS_OverVoltageSts.raw,0,0,0,,{0},是
net,average,输出,env_1_Design/VCU/OutPort/GW_BMS_7.BMS_OverVoltageSts.valid,1,1,0,,{1},是
net,average,输出,env_1_Design/VCU/OutPort/GW_BMS_7.BMS_UnderSOCSts.raw,0,0,0,,{0},否
net,average,输出,env_1_Design/VCU/OutPort/GW_BMS_7.BMS_UnderSOCSts.valid,1,1,0,,{1},否
net,average,输出,env_1_Design/VCU/OutPort/GW_BMS_7.BMS_UnderVoltageSts.raw,0,0,0,,{0},是
net,average,输出,env_1_Design/VCU/OutPort/GW_BMS_7.BMS_UnderVoltageSts.valid,1,1,0,,{1},是
net,average,输出,env_1_Design/VCU/OutPort/NWM_TBOX.Node0.valid,1,1,0,,{1},否
net,average,输出,env_1_Design/VCU/OutPort/NWM_TBOX.Node1.raw,0,0,0,,{0},否
net,average,输出,env_1_Design/VCU/OutPort/NWM_TBOX.Node1.valid,1,1,0,,{1},否
net,average,输出,env_1_Design/VCU/OutPort/NWM_TBOX.Node10.raw,0,0,0,,{0},否
net,average,输出,env_1_Design/VCU/OutPort/NWM_TBOX.Node10.valid,1,1,0,,{1},否
net,average,输出,env_1_Design/VCU/OutPort/NWM_TBOX.Node11.raw,0,0,0,,{0},否
net,average,输出,env_1_Design/VCU/OutPort/NWM_TBOX.Node11.valid,1,1,0,,{1},否
net,average,输出,env_1_Design/VCU/OutPort/NWM_TBOX.Node12.raw,0,0,0,,{0},否
net,average,输出,env_1_Design/VCU/OutPort/NWM_TBOX.Node12.valid,1,1,0,,{1},否
net,average,输出,env_1_Design/VCU/OutPort/NWM_TBOX.Node13.raw,0,0,0,,{0},否
net,average,输出,env_1_Design/VCU/OutPort/NWM_TBOX.Node13.valid,1,1,0,,{1},否
net,average,输出,env_1_Design/VCU/OutPort/NWM_TBOX.Node14.raw,0,0,0,,{0},否
net,average,输出,env_1_Design/VCU/OutPort/NWM_TBOX.Node14.valid,1,1,0,,{1},否
net,average,输出,env_1_Design/VCU/OutPort/NWM_TBOX.Node15.raw,0,0,0,,{0},否
net,average,输出,env_1_Design/VCU/OutPort/NWM_TBOX.Node15.valid,1,1,0,,{1},否
net,average,输出,env_1_Design/VCU/OutPort/NWM_TBOX.Node16.raw,0,0,0,,{0},否
net,average,输出,env_1_Design/VCU/OutPort/NWM_TBOX.Node16.valid,1,1,0,,{1},否
net,average,输出,env_1_Design/VCU/OutPort/NWM_TBOX.Node17.raw,0,0,0,,{0},否
net,average,输出,env_1_Design/VCU/OutPort/NWM_TBOX.Node17.valid,1,1,0,,{1},否
net,average,输出,env_1_Design/VCU/OutPort/NWM_TBOX.Node18.raw,0,0,0,,{0},否
net,average,输出,env_1_Design/VCU/OutPort/NWM_TBOX.Node18.valid,1,1,0,,{1},否
net,average,输出,env_1_Design/VCU/OutPort/NWM_TBOX.Node19.raw,0,0,0,,{0},否
net,average,输出,env_1_Design/VCU/OutPort/NWM_TBOX.Node19.valid,1,1,0,,{1},否
net,average,输出,env_1_Design/VCU/OutPort/NWM_TBOX.Node2.raw,0,0,0,,{0},否
net,average,输出,env_1_Design/VCU/OutPort/NWM_TBOX.Node2.valid,1,1,0,,{1},否
net,average,输出,env_1_Design/VCU/OutPort/NWM_TBOX.Node20.raw,0,0,0,,{0},否
net,average,输出,env_1_Design/VCU/OutPort/NWM_TBOX.Node20.valid,1,1,0,,{1},否
net,average,输出,env_1_Design/VCU/OutPort/NWM_TBOX.Node21.raw,0,0,0,,{0},否
net,average,输出,env_1_Design/VCU/OutPort/NWM_TBOX.Node21.valid,1,1,0,,{1},否
net,average,输出,env_1_Design/VCU/OutPort/NWM_TBOX.Node22.raw,0,0,0,,{0},否
net,average,输出,env_1_Design/VCU/OutPort/NWM_TBOX.Node22.valid,1,1,0,,{1},否
net,average,输出,env_1_Design/VCU/OutPort/NWM_TBOX.Node23.raw,0,0,0,,{0},否
net,average,输出,env_1_Design/VCU/OutPort/NWM_TBOX.Node23.valid,1,1,0,,{1},否
net,average,输出,env_1_Design/VCU/OutPort/NWM_TBOX.Node24.raw,0,0,0,,{0},否
net,average,输出,env_1_Design/VCU/OutPort/NWM_TBOX.Node24.valid,1,1,0,,{1},否
net,average,输出,env_1_Design/VCU/OutPort/NWM_TBOX.Node25.raw,0,0,0,,{0},否
net,average,输出,env_1_Design/VCU/OutPort/NWM_TBOX.Node25.valid,1,1,0,,{1},否
net,average,输出,env_1_Design/VCU/OutPort/NWM_TBOX.Node26.raw,0,0,0,,{0},否
net,average,输出,env_1_Design/VCU/OutPort/NWM_TBOX.Node26.valid,1,1,0,,{1},否
net,average,输出,env_1_Design/VCU/OutPort/NWM_TBOX.Node27.raw,0,0,0,,{0},否
net,average,输出,env_1_Design/VCU/OutPort/NWM_TBOX.Node27.valid,1,1,0,,{1},否
net,average,输出,env_1_Design/VCU/OutPort/NWM_TBOX.Node28.raw,0,0,0,,{0},否
net,average,输出,env_1_Design/VCU/OutPort/NWM_TBOX.Node28.valid,1,1,0,,{1},否
net,average,输出,env_1_Design/VCU/OutPort/NWM_TBOX.Node29.raw,0,0,0,,{0},否
net,average,输出,env_1_Design/VCU/OutPort/NWM_TBOX.Node29.valid,1,1,0,,{1},否
net,average,输出,env_1_Design/VCU/OutPort/NWM_TBOX.Node3.raw,0,0,0,,{0},否
net,average,输出,env_1_Design/VCU/OutPort/NWM_TBOX.Node3.valid,1,1,0,,{1},否
net,average,输出,env_1_Design/VCU/OutPort/NWM_TBOX.Node30.raw,0,0,0,,{0},否
net,average,输出,env_1_Design/VCU/OutPort/NWM_TBOX.Node30.valid,1,1,0,,{1},否
net,average,输出,env_1_Design/VCU/OutPort/NWM_TBOX.Node31.raw,0,0,0,,{0},否
net,average,输出,env_1_Design/VCU/OutPort/NWM_TBOX.Node31.valid,1,1,0,,{1},否
net,average,输出,env_1_Design/VCU/OutPort/NWM_TBOX.Node32.raw,0,0,0,,{0},否
net,average,输出,env_1_Design/VCU/OutPort/NWM_TBOX.Node32.valid,1,1,0,,{1},否
net,average,输出,env_1_Design/VCU/OutPort/NWM_TBOX.Node33.raw,0,0,0,,{0},否
net,average,输出,env_1_Design/VCU/OutPort/NWM_TBOX.Node33.valid,1,1,0,,{1},否
net,average,输出,env_1_Design/VCU/OutPort/NWM_TBOX.Node34.raw,0,0,0,,{0},否
net,average,输出,env_1_Design/VCU/OutPort/NWM_TBOX.Node34.valid,1,1,0,,{1},否
net,average,输出,env_1_Design/VCU/OutPort/NWM_TBOX.Node35.raw,0,0,0,,{0},否
net,average,输出,env_1_Design/VCU/OutPort/NWM_TBOX.Node35.valid,1,1,0,,{1},否
net,average,输出,env_1_Design/VCU/OutPort/NWM_TBOX.Node36.raw,0,0,0,,{0},否
net,average,输出,env_1_Design/VCU/OutPort/NWM_TBOX.Node36.valid,1,1,0,,{1},否
net,average,输出,env_1_Design/VCU/OutPort/NWM_TBOX.Node37.raw,0,0,0,,{0},否
net,average,输出,env_1_Design/VCU/OutPort/NWM_TBOX.Node37.valid,1,1,0,,{1},否
net,average,输出,env_1_Design/VCU/OutPort/NWM_TBOX.Node38.raw,0,0,0,,{0},否
net,average,输出,env_1_Design/VCU/OutPort/NWM_TBOX.Node38.valid,1,1,0,,{1},否
net,average,输出,env_1_Design/VCU/OutPort/NWM_TBOX.Node39.raw,0,0,0,,{0},否
net,average,输出,env_1_Design/VCU/OutPort/NWM_TBOX.Node39.valid,1,1,0,,{1},否
net,average,输出,env_1_Design/VCU/OutPort/NWM_TBOX.Node4.raw,0,0,0,,{0},否
net,average,输出,env_1_Design/VCU/OutPort/NWM_TBOX.Node4.valid,1,1,0,,{1},否
net,average,输出,env_1_Design/VCU/OutPort/NWM_TBOX.Node5.raw,0,0,0,,{0},否
net,average,输出,env_1_Design/VCU/OutPort/NWM_TBOX.Node5.valid,1,1,0,,{1},否
net,average,输出,env_1_Design/VCU/OutPort/NWM_TBOX.Node6.raw,0,0,0,,{0},否
net,average,输出,env_1_Design/VCU/OutPort/NWM_TBOX.Node6.valid,1,1,0,,{1},否
net,average,输出,env_1_Design/VCU/OutPort/NWM_TBOX.Node7.raw,0,0,0,,{0},否
net,average,输出,env_1_Design/VCU/OutPort/NWM_TBOX.Node7.valid,1,1,0,,{1},否
net,average,输出,env_1_Design/VCU/OutPort/NWM_TBOX.Node8.raw,0,0,0,,{0},否
net,average,输出,env_1_Design/VCU/OutPort/NWM_TBOX.Node8.valid,1,1,0,,{1},否
net,average,输出,env_1_Design/VCU/OutPort/NWM_TBOX.Node9.raw,0,0,0,,{0},否
net,average,输出,env_1_Design/VCU/OutPort/NWM_TBOX.Node9.valid,1,1,0,,{1},否
net,average,输出,env_1_Design/VCU/OutPort/NWM_TBOX.Reserved.raw,0,0,0,,{0},否
net,average,输出,env_1_Design/VCU/OutPort/NWM_TBOX.Reserved.valid,1,1,0,,{1},否
net,average,输出,env_1_Design/VCU/OutPort/NWM_TBOX.SYNCBits.raw,0,0,0,,{0},否
net,average,输出,env_1_Design/VCU/OutPort/NWM_TBOX.SYNCBits.valid,1,1,0,,{1},否
net,average,输入,env_1_Design/VCU/InPort/Msg_PPD_1_RxDisabled,0,0,0,,{0},否
net,average,输出,env_1_Design/VCU/OutPort/PPD_1.PPD_SwitchSts,,,0,,{ON},否
net,average,输出,env_1_Design/VCU/OutPort/PPD_1.PPD_TypesOfNoise,,,0,,{Default},否
net,average,输出,env_1_Design/VCU/OutPort/PPD_1.Reserved,0,0,0,,{0},否
net,average,输出,env_1_Design/VCU/OutPort/RxMsg_0x530_Count,1054,2148,547,"1.294, 1.494, 1.694, 1.894, 2.094, 2.294, 2.494, 2.694, 2.894, 3.094 …",min=1054; max=2148; distinct=548,否
net,average,输出,env_1_Design/VCU/OutPort/PPD_1.PPD_SwitchSts.raw,0,0,0,,{0},否
net,average,输出,env_1_Design/VCU/OutPort/PPD_1.PPD_SwitchSts.valid,1,1,0,,{1},否
net,average,输出,env_1_Design/VCU/OutPort/PPD_1.PPD_TypesOfNoise.raw,0,0,0,,{0},否
net,average,输出,env_1_Design/VCU/OutPort/PPD_1.PPD_TypesOfNoise.valid,1,1,0,,{1},否
net,average,输出,env_1_Design/VCU/OutPort/PPD_1.Reserved.raw,0,0,0,,{0},否
net,average,输出,env_1_Design/VCU/OutPort/PPD_1.Reserved.valid,1,1,0,,{1},否
net,average,输入,env_1_Design/VCU/InPort/Msg_RADAR_1_RxDisabled,0,0,0,,{0},否
net,average,输出,env_1_Design/VCU/OutPort/RADAR_1.RADAR_AudibleBeepRate,,,0,,{Off/Startup},否
net,average,输出,env_1_Design/VCU/OutPort/RADAR_1.RADAR_LHRRadarSensorDistance,25,25,0,,{25},否
net,average,输出,env_1_Design/VCU/OutPort/RADAR_1.RADAR_RadarDetectSts,,,0,,{No detecting/Startup},否
net,average,输出,env_1_Design/VCU/OutPort/RADAR_1.RADAR_RadarWorkSts,,,0,,{Not Active/Startup},否
net,average,输出,env_1_Design/VCU/OutPort/RADAR_1.RADAR_RHMRRadarSensorDistance,25,25,0,,{25},否
net,average,输出,env_1_Design/VCU/OutPort/RxMsg_0x440_Count,2108,4296,547,"1.294, 1.494, 1.694, 1.894, 2.094, 2.294, 2.494, 2.694, 2.894, 3.094 …",min=2108; max=4296; distinct=548,否
net,average,输出,env_1_Design/VCU/OutPort/RADAR_1.RADAR_AudibleBeepRate.raw,0,0,0,,{0},否
net,average,输出,env_1_Design/VCU/OutPort/RADAR_1.RADAR_AudibleBeepRate.valid,1,1,0,,{1},否
net,average,输出,env_1_Design/VCU/OutPort/RADAR_1.RADAR_LHRRadarSensorDistance.raw,0,0,0,,{0},否
net,average,输出,env_1_Design/VCU/OutPort/RADAR_1.RADAR_LHRRadarSensorDistance.valid,1,1,0,,{1},否
net,average,输出,env_1_Design/VCU/OutPort/RADAR_1.RADAR_RadarDetectSts.raw,0,0,0,,{0},否
net,average,输出,env_1_Design/VCU/OutPort/RADAR_1.RADAR_RadarDetectSts.valid,1,1,0,,{1},否
net,average,输出,env_1_Design/VCU/OutPort/RADAR_1.RADAR_RadarWorkSts.raw,0,0,0,,{0},否
net,average,输出,env_1_Design/VCU/OutPort/RADAR_1.RADAR_RadarWorkSts.valid,1,1,0,,{1},否
net,average,输出,env_1_Design/VCU/OutPort/RADAR_1.RADAR_RHMRRadarSensorDistance.raw,0,0,0,,{0},否
net,average,输出,env_1_Design/VCU/OutPort/RADAR_1.RADAR_RHMRRadarSensorDistance.valid,1,1,0,,{1},否
net,average,输入,env_1_Design/VCU/InPort/Msg_RRM_1_RxDisabled,0,0,0,,{0},否
net,average,输出,env_1_Design/VCU/OutPort/RRM_1.RRM_CreepFuncSet,,,0,,{Startup/Default},否
net,average,输出,env_1_Design/VCU/OutPort/RRM_1.RRM_DrivemodeRembSet,,,0,,{Startup/Default},否
net,average,输出,env_1_Design/VCU/OutPort/RRM_1.RRM_PPDFuncSet,,,0,,{Startup/Default},否
net,average,输出,env_1_Design/VCU/OutPort/RRM_1.RRM_PPDTypesOfNoise,,,0,,{Default},否
net,average,输出,env_1_Design/VCU/OutPort/RxMsg_0x53F_Count,1054,2148,547,"1.294, 1.494, 1.694, 1.894, 2.094, 2.294, 2.494, 2.694, 2.894, 3.094 …",min=1054; max=2148; distinct=548,否
net,average,输出,env_1_Design/VCU/OutPort/RRM_1.RRM_CreepFuncSet.raw,0,0,0,,{0},否
net,average,输出,env_1_Design/VCU/OutPort/RRM_1.RRM_CreepFuncSet.valid,1,1,0,,{1},否
net,average,输出,env_1_Design/VCU/OutPort/RRM_1.RRM_DrivemodeRembSet.raw,0,0,0,,{0},否
net,average,输出,env_1_Design/VCU/OutPort/RRM_1.RRM_DrivemodeRembSet.valid,1,1,0,,{1},否
net,average,输出,env_1_Design/VCU/OutPort/RRM_1.RRM_PPDFuncSet.raw,0,0,0,,{0},否
net,average,输出,env_1_Design/VCU/OutPort/RRM_1.RRM_PPDFuncSet.valid,1,1,0,,{1},否
net,average,输出,env_1_Design/VCU/OutPort/RRM_1.RRM_PPDTypesOfNoise.raw,0,0,0,,{0},否
net,average,输出,env_1_Design/VCU/OutPort/RRM_1.RRM_PPDTypesOfNoise.valid,1,1,0,,{1},否
net,average,输入,env_1_Design/VCU/InPort/Msg_TBOX_1_RxDisabled,0,0,0,,{0},否
net,average,输出,env_1_Design/VCU/OutPort/RxMsg_0x520_Count,1054,2148,547,"1.294, 1.494, 1.694, 1.894, 2.094, 2.294, 2.494, 2.694, 2.894, 3.094 …",min=1054; max=2148; distinct=548,否
net,average,输出,env_1_Design/VCU/OutPort/TBOX_1.AliveCounter,0,0,0,,{0},否
net,average,输出,env_1_Design/VCU/OutPort/TBOX_1.Checksum,0,0,0,,{0},否
net,average,输出,env_1_Design/VCU/OutPort/TBOX_1.DVD_SET_HORNcmd,,,0,,{Startup/Default},否
net,average,输出,env_1_Design/VCU/OutPort/TBOX_1.Remo_FastWarming,,,0,,{ON},否
net,average,输出,env_1_Design/VCU/OutPort/TBOX_1.Remote_AC_Req,,,0,,{Startup/Default},否
net,average,输出,env_1_Design/VCU/OutPort/TBOX_1.Remote_BattConstantStsReq,,,0,,{Startup/Default},否
net,average,输出,env_1_Design/VCU/OutPort/TBOX_1.Remote_CirculationMode,,,0,,{Startup/Default},否
net,average,输出,env_1_Design/VCU/OutPort/TBOX_1.Remote_Fastcooling,,,0,,{ON},否
net,average,输出,env_1_Design/VCU/OutPort/TBOX_1.Remote_KeepWarmReq,,,0,,{Startup/Default},否
net,average,输出,env_1_Design/VCU/OutPort/TBOX_1.Remote_Limit_Start,,,0,,{Not Limit/Startup},否
net,average,输出,env_1_Design/VCU/OutPort/TBOX_1.Remote_SmaChrgReq,,,0,,{Startup/Default},否
net,average,输出,env_1_Design/VCU/OutPort/TBOX_1.RemotestartReq,,,0,,{Startup/Default},否
net,average,输出,env_1_Design/VCU/OutPort/TBOX_1.Rmote_Control_Lock,,,0,,{No Request},否
net,average,输出,env_1_Design/VCU/OutPort/TBOX_1.Rmote_LowBeamCon_Req,,,0,,{Startup/Default},否
net,average,输出,env_1_Design/VCU/OutPort/TBOX_1.TBOX_4GSts,,,0,,{Not Fail/Default},否
net,average,输出,env_1_Design/VCU/OutPort/TBOX_1.TBOX_Diag_sts,,,0,,{No faul/Startup/Default},否
net,average,输出,env_1_Design/VCU/OutPort/TBOX_1.TBOX_GPSSts,,,0,,{Not Fail/Default},否
net,average,输出,env_1_Design/VCU/OutPort/TBOX_1.TBOX_PowerSts,,,0,,{Not Fail/Default},否
net,average,输出,env_1_Design/VCU/OutPort/TBOX_1.AliveCounter.raw,0,0,0,,{0},否
net,average,输出,env_1_Design/VCU/OutPort/TBOX_1.AliveCounter.valid,1,1,0,,{1},否
net,average,输出,env_1_Design/VCU/OutPort/TBOX_1.Checksum.raw,0,0,0,,{0},否
net,average,输出,env_1_Design/VCU/OutPort/TBOX_1.Checksum.valid,1,1,0,,{1},否
net,average,输出,env_1_Design/VCU/OutPort/TBOX_1.DVD_SET_HORNcmd.raw,0,0,0,,{0},否
net,average,输出,env_1_Design/VCU/OutPort/TBOX_1.DVD_SET_HORNcmd.valid,1,1,0,,{1},否
net,average,输出,env_1_Design/VCU/OutPort/TBOX_1.Remo_FastWarming.raw,0,0,0,,{0},否
net,average,输出,env_1_Design/VCU/OutPort/TBOX_1.Remo_FastWarming.valid,1,1,0,,{1},否
net,average,输出,env_1_Design/VCU/OutPort/TBOX_1.Remote_AC_Req.raw,0,0,0,,{0},否
net,average,输出,env_1_Design/VCU/OutPort/TBOX_1.Remote_AC_Req.valid,1,1,0,,{1},否
net,average,输出,env_1_Design/VCU/OutPort/TBOX_1.Remote_BattConstantStsReq.raw,0,0,0,,{0},否
net,average,输出,env_1_Design/VCU/OutPort/TBOX_1.Remote_BattConstantStsReq.valid,1,1,0,,{1},否
net,average,输出,env_1_Design/VCU/OutPort/TBOX_1.Remote_CirculationMode.raw,0,0,0,,{0},否
net,average,输出,env_1_Design/VCU/OutPort/TBOX_1.Remote_CirculationMode.valid,1,1,0,,{1},否
net,average,输出,env_1_Design/VCU/OutPort/TBOX_1.Remote_Fastcooling.raw,0,0,0,,{0},否
net,average,输出,env_1_Design/VCU/OutPort/TBOX_1.Remote_Fastcooling.valid,1,1,0,,{1},否
net,average,输出,env_1_Design/VCU/OutPort/TBOX_1.Remote_KeepWarmReq.raw,0,0,0,,{0},否
net,average,输出,env_1_Design/VCU/OutPort/TBOX_1.Remote_KeepWarmReq.valid,1,1,0,,{1},否
net,average,输出,env_1_Design/VCU/OutPort/TBOX_1.Remote_Limit_Start.raw,0,0,0,,{0},否
net,average,输出,env_1_Design/VCU/OutPort/TBOX_1.Remote_Limit_Start.valid,1,1,0,,{1},否
net,average,输出,env_1_Design/VCU/OutPort/TBOX_1.Remote_SmaChrgReq.raw,0,0,0,,{0},否
net,average,输出,env_1_Design/VCU/OutPort/TBOX_1.Remote_SmaChrgReq.valid,1,1,0,,{1},否
net,average,输出,env_1_Design/VCU/OutPort/TBOX_1.RemotestartReq.raw,0,0,0,,{0},否
net,average,输出,env_1_Design/VCU/OutPort/TBOX_1.RemotestartReq.valid,1,1,0,,{1},否
net,average,输出,env_1_Design/VCU/OutPort/TBOX_1.Rmote_Control_Lock.raw,0,0,0,,{0},否
net,average,输出,env_1_Design/VCU/OutPort/TBOX_1.Rmote_Control_Lock.valid,1,1,0,,{1},否
net,average,输出,env_1_Design/VCU/OutPort/TBOX_1.Rmote_LowBeamCon_Req.raw,0,0,0,,{0},否
net,average,输出,env_1_Design/VCU/OutPort/TBOX_1.Rmote_LowBeamCon_Req.valid,1,1,0,,{1},否
net,average,输出,env_1_Design/VCU/OutPort/TBOX_1.TBOX_4GSts.raw,0,0,0,,{0},否
net,average,输出,env_1_Design/VCU/OutPort/TBOX_1.TBOX_4GSts.valid,1,1,0,,{1},否
net,average,输出,env_1_Design/VCU/OutPort/TBOX_1.TBOX_Diag_sts.raw,0,0,0,,{0},否
net,average,输出,env_1_Design/VCU/OutPort/TBOX_1.TBOX_Diag_sts.valid,1,1,0,,{1},否
net,average,输出,env_1_Design/VCU/OutPort/TBOX_1.TBOX_GPSSts.raw,0,0,0,,{0},否
net,average,输出,env_1_Design/VCU/OutPort/TBOX_1.TBOX_GPSSts.valid,1,1,0,,{1},否
net,average,输出,env_1_Design/VCU/OutPort/TBOX_1.TBOX_PowerSts.raw,0,0,0,,{0},否
net,average,输出,env_1_Design/VCU/OutPort/TBOX_1.TBOX_PowerSts.valid,1,1,0,,{1},否
net,average,输入,env_1_Design/VCU/InPort/Msg_TBOX_2_RxDisabled,0,0,0,,{0},否
net,average,输出,env_1_Design/VCU/OutPort/RxMsg_0x521_Count,1054,2148,547,"1.294, 1.494, 1.694, 1.894, 2.094, 2.294, 2.494, 2.694, 2.894, 3.094 …",min=1054; max=2148; distinct=548,否
net,average,输出,env_1_Design/VCU/OutPort/TBOX_2.day,0,0,0,,{0},否
net,average,输出,env_1_Design/VCU/OutPort/TBOX_2.Elevation,-1000,-1000,0,,{-1000},否
net,average,输出,env_1_Design/VCU/OutPort/TBOX_2.Elevation_Valid,,,0,,{Invalid},否
net,average,输出,env_1_Design/VCU/OutPort/TBOX_2.hour,0,0,0,,{0},否
net,average,输出,env_1_Design/VCU/OutPort/TBOX_2.minute,0,0,0,,{0},否
net,average,输出,env_1_Design/VCU/OutPort/TBOX_2.month,0,0,0,,{0},否
net,average,输出,env_1_Design/VCU/OutPort/TBOX_2.second,0,0,0,,{0},否
net,average,输出,env_1_Design/VCU/OutPort/TBOX_2.TBOX_TimeValidity,,,0,,{Invalid},否
net,average,输出,env_1_Design/VCU/OutPort/TBOX_2.year,2000,2000,0,,{2000},否
net,average,输出,env_1_Design/VCU/OutPort/TBOX_2.day.raw,0,0,0,,{0},否
net,average,输出,env_1_Design/VCU/OutPort/TBOX_2.day.valid,1,1,0,,{1},否
net,average,输出,env_1_Design/VCU/OutPort/TBOX_2.Elevation.raw,0,0,0,,{0},否
net,average,输出,env_1_Design/VCU/OutPort/TBOX_2.Elevation.valid,1,1,0,,{1},否
net,average,输出,env_1_Design/VCU/OutPort/TBOX_2.Elevation_Valid.raw,0,0,0,,{0},否
net,average,输出,env_1_Design/VCU/OutPort/TBOX_2.Elevation_Valid.valid,1,1,0,,{1},否
net,average,输出,env_1_Design/VCU/OutPort/TBOX_2.hour.raw,0,0,0,,{0},否
net,average,输出,env_1_Design/VCU/OutPort/TBOX_2.hour.valid,1,1,0,,{1},否
net,average,输入,env_1_Design/power/InPort/BMS_battery_system_code_2.BMS_production_year.rawEnable,0,0,0,,{0},否
net,average,输入,env_1_Design/power/InPort/BMS_battery_system_code_2.BMS_rated_voltage.raw,0,0,0,,{0},是
net,average,输入,env_1_Design/power/InPort/BMS_battery_system_code_2.BMS_rated_voltage.rawEnable,0,0,0,,{0},是
net,average,输入,env_1_Design/power/InPort/BMS_Capability.BMS_Capability_Counter,0,0,0,,{0},否
net,average,输入,env_1_Design/power/InPort/BMS_Capability.BMS_max_charge_current,0,0,0,,{0},是
net,average,输入,env_1_Design/power/InPort/BMS_Capability.BMS_max_charge_voltage,0,0,0,,{0},是
net,average,输入,env_1_Design/power/InPort/BMS_Capability.BMS_max_discharge_current,0,0,0,,{0},是
net,average,输入,env_1_Design/power/InPort/BMS_Capability.BMS_max_discharge_voltage,0,0,0,,{0},是
net,average,输入,env_1_Design/power/InPort/Msg_BMS_Capability_TxDisabled,0,0,0,,{0},否
net,average,输入,env_1_Design/power/InPort/BMS_Capability.BMS_Capability_Counter.raw,0,0,0,,{0},否
net,average,输入,env_1_Design/power/InPort/BMS_Capability.BMS_Capability_Counter.rawEnable,0,0,0,,{0},否
net,average,输入,env_1_Design/power/InPort/BMS_Capability.BMS_max_charge_current.raw,5000,5000,0,,{5000},是
net,average,输入,env_1_Design/power/InPort/BMS_Capability.BMS_max_charge_current.rawEnable,0,0,0,,{0},是
net,average,输入,env_1_Design/power/InPort/BMS_Capability.BMS_max_charge_voltage.raw,0,0,0,,{0},是
net,average,输入,env_1_Design/power/InPort/BMS_Capability.BMS_max_charge_voltage.rawEnable,0,0,0,,{0},是
net,average,输入,env_1_Design/power/InPort/BMS_Capability.BMS_max_discharge_current.raw,0,0,0,,{0},是
net,average,输入,env_1_Design/power/InPort/BMS_Capability.BMS_max_discharge_current.rawEnable,0,0,0,,{0},是
net,average,输入,env_1_Design/power/InPort/BMS_Capability.BMS_max_discharge_voltage.raw,0,0,0,,{0},是
net,average,输入,env_1_Design/power/InPort/BMS_Capability.BMS_max_discharge_voltage.rawEnable,0,0,0,,{0},是
net,average,输入,env_1_Design/power/InPort/BMS_CellVolt.BMS_Cell_aveVolt,0,0,0,,{0},是
net,average,输入,env_1_Design/power/InPort/BMS_CellVolt.BMS_CellVolt_Counter,0,0,0,,{0},是
net,average,输入,env_1_Design/power/InPort/BMS_CellVolt.BMS_CellVoltMax,4.5,4.5,0,,{4.5},是
net,average,输入,env_1_Design/power/InPort/BMS_CellVolt.BMS_CellVoltMax_Num,0,0,0,,{0},是
net,average,输入,env_1_Design/power/InPort/BMS_CellVolt.BMS_CellVoltMin,2.7,2.7,0,,{2.7},是
net,average,输入,env_1_Design/power/InPort/BMS_CellVolt.BMS_CellVoltMin_Num,0,0,0,,{0},是
net,average,输入,env_1_Design/power/InPort/Msg_BMS_CellVolt_TxDisabled,0,0,0,,{0},是
net,average,输入,env_1_Design/power/InPort/BMS_CellVolt.BMS_Cell_aveVolt.raw,0,0,0,,{0},是
net,average,输入,env_1_Design/power/InPort/BMS_CellVolt.BMS_Cell_aveVolt.rawEnable,0,0,0,,{0},是
net,average,输入,env_1_Design/power/InPort/BMS_CellVolt.BMS_CellVolt_Counter.raw,0,0,0,,{0},是
net,average,输入,env_1_Design/power/InPort/BMS_CellVolt.BMS_CellVolt_Counter.rawEnable,0,0,0,,{0},是
net,average,输入,env_1_Design/power/InPort/BMS_CellVolt.BMS_CellVoltMax.raw,0,0,0,,{0},是
net,average,输入,env_1_Design/power/InPort/BMS_CellVolt.BMS_CellVoltMax.rawEnable,0,0,0,,{0},是
net,average,输入,env_1_Design/power/InPort/BMS_CellVolt.BMS_CellVoltMax_Num.raw,0,0,0,,{0},是
net,average,输入,env_1_Design/power/InPort/BMS_CellVolt.BMS_CellVoltMax_Num.rawEnable,0,0,0,,{0},是
net,average,输入,env_1_Design/power/InPort/BMS_CellVolt.BMS_CellVoltMin.raw,0,0,0,,{0},是
net,average,输入,env_1_Design/power/InPort/BMS_CellVolt.BMS_CellVoltMin.rawEnable,0,0,0,,{0},是
net,average,输入,env_1_Design/power/InPort/BMS_CellVolt.BMS_CellVoltMin_Num.raw,0,0,0,,{0},是
net,average,输入,env_1_Design/power/InPort/BMS_CellVolt.BMS_CellVoltMin_Num.rawEnable,0,0,0,,{0},是
net,average,输入,env_1_Design/power/InPort/BMS_CellVoltMsg1.BMS_cell_Volt_1,0,0,0,,{0},是
net,average,输入,env_1_Design/power/InPort/BMS_CellVoltMsg1.BMS_cell_Volt_2,0,0,0,,{0},是
net,average,输入,env_1_Design/power/InPort/BMS_CellVoltMsg1.BMS_cell_Volt_3,0,0,0,,{0},是
net,average,输入,env_1_Design/power/InPort/BMS_CellVoltMsg1.BMS_cell_Volt_4,0,0,0,,{0},是
net,average,输入,env_1_Design/power/InPort/BMS_CellVoltMsg1.BMS_CellVoltMsg1_Counter,0,0,0,,{0},是
net,average,输入,env_1_Design/power/InPort/Msg_BMS_CellVoltMsg1_TxDisabled,0,0,0,,{0},是
net,average,输入,env_1_Design/power/InPort/BMS_CellVoltMsg1.BMS_cell_Volt_1.raw,0,0,0,,{0},是
net,average,输入,env_1_Design/power/InPort/BMS_CellVoltMsg1.BMS_cell_Volt_1.rawEnable,0,0,0,,{0},是
net,average,输入,env_1_Design/power/InPort/BMS_CellVoltMsg1.BMS_cell_Volt_2.raw,0,0,0,,{0},是
net,average,输入,env_1_Design/power/InPort/BMS_CellVoltMsg1.BMS_cell_Volt_2.rawEnable,0,0,0,,{0},是
net,average,输入,env_1_Design/power/InPort/BMS_CellVoltMsg1.BMS_cell_Volt_3.raw,0,0,0,,{0},是
net,average,输入,env_1_Design/power/InPort/BMS_CellVoltMsg1.BMS_cell_Volt_3.rawEnable,0,0,0,,{0},是
net,average,输入,env_1_Design/power/InPort/BMS_CellVoltMsg1.BMS_cell_Volt_4.raw,0,0,0,,{0},是
net,average,输入,env_1_Design/power/InPort/BMS_CellVoltMsg1.BMS_cell_Volt_4.rawEnable,0,0,0,,{0},是
net,average,输入,env_1_Design/power/InPort/BMS_CellVoltMsg1.BMS_CellVoltMsg1_Counter.raw,0,0,0,,{0},是
net,average,输入,env_1_Design/power/InPort/BMS_CellVoltMsg1.BMS_CellVoltMsg1_Counter.rawEnable,0,0,0,,{0},是
net,average,输入,env_1_Design/power/InPort/BMS_CellVoltMsg10.BMS_cell_Volt_37,0,0,0,,{0},是
net,average,输入,env_1_Design/power/InPort/BMS_CellVoltMsg10.BMS_cell_Volt_38,0,0,0,,{0},是
net,average,输入,env_1_Design/power/InPort/BMS_CellVoltMsg10.BMS_cell_Volt_39,0,0,0,,{0},是
net,average,输入,env_1_Design/power/InPort/BMS_CellVoltMsg10.BMS_cell_Volt_40,0,0,0,,{0},是
net,average,输入,env_1_Design/power/InPort/BMS_CellVoltMsg10.BMS_CellVoltMsg10_Counter,0,0,0,,{0},是
net,average,输入,env_1_Design/power/InPort/Msg_BMS_CellVoltMsg10_TxDisabled,0,0,0,,{0},是
net,average,输入,env_1_Design/power/InPort/BMS_CellVoltMsg10.BMS_cell_Volt_37.raw,0,0,0,,{0},是
net,average,输入,env_1_Design/power/InPort/BMS_CellVoltMsg10.BMS_cell_Volt_37.rawEnable,0,0,0,,{0},是
net,average,输入,env_1_Design/power/InPort/BMS_CellVoltMsg10.BMS_cell_Volt_38.raw,0,0,0,,{0},是
net,average,输入,env_1_Design/power/InPort/BMS_CellVoltMsg10.BMS_cell_Volt_38.rawEnable,0,0,0,,{0},是
net,average,输入,env_1_Design/power/InPort/BMS_CellVoltMsg10.BMS_cell_Volt_39.raw,0,0,0,,{0},是
net,average,输入,env_1_Design/power/InPort/BMS_CellVoltMsg10.BMS_cell_Volt_39.rawEnable,0,0,0,,{0},是
net,average,输入,env_1_Design/power/InPort/BMS_CellVoltMsg10.BMS_cell_Volt_40.raw,0,0,0,,{0},是
net,average,输入,env_1_Design/power/InPort/BMS_CellVoltMsg10.BMS_cell_Volt_40.rawEnable,0,0,0,,{0},是
net,average,输入,env_1_Design/power/InPort/BMS_CellVoltMsg10.BMS_CellVoltMsg10_Counter.raw,0,0,0,,{0},是
net,average,输入,env_1_Design/power/InPort/BMS_CellVoltMsg10.BMS_CellVoltMsg10_Counter.rawEnable,0,0,0,,{0},是
net,average,输入,env_1_Design/power/InPort/BMS_CellVoltMsg11.BMS_cell_Volt_41,0,0,0,,{0},是
net,average,输入,env_1_Design/power/InPort/BMS_CellVoltMsg11.BMS_cell_Volt_42,0,0,0,,{0},是
net,average,输入,env_1_Design/power/InPort/BMS_CellVoltMsg11.BMS_CellVoltMsg11_Counter,0,0,0,,{0},是
net,average,输入,env_1_Design/power/InPort/Msg_BMS_CellVoltMsg11_TxDisabled,0,0,0,,{0},是
net,average,输入,env_1_Design/power/InPort/BMS_CellVoltMsg11.BMS_cell_Volt_41.raw,0,0,0,,{0},是
net,average,输入,env_1_Design/power/InPort/BMS_CellVoltMsg11.BMS_cell_Volt_41.rawEnable,0,0,0,,{0},是
net,average,输入,env_1_Design/power/InPort/BMS_CellVoltMsg11.BMS_cell_Volt_42.raw,0,0,0,,{0},是
net,average,输入,env_1_Design/power/InPort/BMS_CellVoltMsg11.BMS_cell_Volt_42.rawEnable,0,0,0,,{0},是
net,average,输入,env_1_Design/power/InPort/BMS_CellVoltMsg11.BMS_CellVoltMsg11_Counter.raw,0,0,0,,{0},是
net,average,输入,env_1_Design/power/InPort/BMS_CellVoltMsg11.BMS_CellVoltMsg11_Counter.rawEnable,0,0,0,,{0},是
net,average,输入,env_1_Design/power/InPort/BMS_CellVoltMsg2.BMS_cell_Volt_5,0,0,0,,{0},是
net,average,输入,env_1_Design/power/InPort/BMS_CellVoltMsg2.BMS_cell_Volt_6,0,0,0,,{0},是
net,average,输入,env_1_Design/power/InPort/BMS_CellVoltMsg2.BMS_cell_Volt_7,0,0,0,,{0},是
net,average,输入,env_1_Design/power/InPort/BMS_CellVoltMsg2.BMS_cell_Volt_8,0,0,0,,{0},是
net,average,输入,env_1_Design/power/InPort/BMS_CellVoltMsg2.BMS_CellVoltMsg2_Counter,0,0,0,,{0},是
net,average,输入,env_1_Design/power/InPort/Msg_BMS_CellVoltMsg2_TxDisabled,0,0,0,,{0},是
net,average,输入,env_1_Design/power/InPort/BMS_CellVoltMsg2.BMS_cell_Volt_5.raw,0,0,0,,{0},是
net,average,输入,env_1_Design/power/InPort/BMS_CellVoltMsg2.BMS_cell_Volt_5.rawEnable,0,0,0,,{0},是
net,average,输入,env_1_Design/power/InPort/BMS_CellVoltMsg2.BMS_cell_Volt_6.raw,0,0,0,,{0},是
net,average,输入,env_1_Design/power/InPort/BMS_CellVoltMsg2.BMS_cell_Volt_6.rawEnable,0,0,0,,{0},是
net,average,输入,env_1_Design/power/InPort/BMS_CellVoltMsg2.BMS_cell_Volt_7.raw,0,0,0,,{0},是
net,average,输入,env_1_Design/power/InPort/BMS_CellVoltMsg2.BMS_cell_Volt_7.rawEnable,0,0,0,,{0},是
net,average,输入,env_1_Design/power/InPort/BMS_CellVoltMsg2.BMS_cell_Volt_8.raw,0,0,0,,{0},是
net,average,输入,env_1_Design/power/InPort/BMS_CellVoltMsg2.BMS_cell_Volt_8.rawEnable,0,0,0,,{0},是
net,average,输入,env_1_Design/power/InPort/BMS_CellVoltMsg2.BMS_CellVoltMsg2_Counter.raw,0,0,0,,{0},是
net,average,输入,env_1_Design/power/InPort/BMS_CellVoltMsg2.BMS_CellVoltMsg2_Counter.rawEnable,0,0,0,,{0},是
net,average,输入,env_1_Design/power/InPort/BMS_CellVoltMsg3.BMS_cell_Volt_10,0,0,0,,{0},是
net,average,输入,env_1_Design/power/InPort/BMS_CellVoltMsg3.BMS_cell_Volt_11,0,0,0,,{0},是
net,average,输入,env_1_Design/power/InPort/BMS_CellVoltMsg3.BMS_cell_Volt_12,0,0,0,,{0},是
net,average,输入,env_1_Design/power/InPort/BMS_CellVoltMsg3.BMS_cell_Volt_9,0,0,0,,{0},是
net,average,输入,env_1_Design/power/InPort/BMS_CellVoltMsg3.BMS_CellVoltMsg3_Counter,0,0,0,,{0},是
net,average,输入,env_1_Design/power/InPort/Msg_BMS_CellVoltMsg3_TxDisabled,0,0,0,,{0},是
net,average,输入,env_1_Design/power/InPort/BMS_CellVoltMsg3.BMS_cell_Volt_10.raw,0,0,0,,{0},是
net,average,输入,env_1_Design/power/InPort/BMS_CellVoltMsg3.BMS_cell_Volt_10.rawEnable,0,0,0,,{0},是
net,average,输入,env_1_Design/power/InPort/BMS_CellVoltMsg3.BMS_cell_Volt_11.raw,0,0,0,,{0},是
net,average,输入,env_1_Design/power/InPort/BMS_CellVoltMsg3.BMS_cell_Volt_11.rawEnable,0,0,0,,{0},是
net,average,输入,env_1_Design/power/InPort/BMS_CellVoltMsg3.BMS_cell_Volt_12.raw,0,0,0,,{0},是
net,average,输入,env_1_Design/power/InPort/BMS_CellVoltMsg3.BMS_cell_Volt_12.rawEnable,0,0,0,,{0},是
net,average,输入,env_1_Design/power/InPort/BMS_CellVoltMsg3.BMS_cell_Volt_9.raw,0,0,0,,{0},是
net,average,输入,env_1_Design/power/InPort/BMS_CellVoltMsg3.BMS_cell_Volt_9.rawEnable,0,0,0,,{0},是
net,average,输入,env_1_Design/power/InPort/BMS_CellVoltMsg3.BMS_CellVoltMsg3_Counter.raw,0,0,0,,{0},是
net,average,输入,env_1_Design/power/InPort/BMS_CellVoltMsg3.BMS_CellVoltMsg3_Counter.rawEnable,0,0,0,,{0},是
net,average,输入,env_1_Design/power/InPort/BMS_CellVoltMsg4.BMS_cell_Volt_13,0,0,0,,{0},是
net,average,输入,env_1_Design/power/InPort/BMS_CellVoltMsg4.BMS_cell_Volt_14,0,0,0,,{0},是
net,average,输入,env_1_Design/power/InPort/BMS_CellVoltMsg4.BMS_cell_Volt_15,0,0,0,,{0},是
net,average,输入,env_1_Design/power/InPort/BMS_CellVoltMsg4.BMS_cell_Volt_16,0,0,0,,{0},是
net,average,输入,env_1_Design/power/InPort/BMS_CellVoltMsg4.BMS_CellVoltMsg4_Counter,0,0,0,,{0},是
net,average,输入,env_1_Design/power/InPort/Msg_BMS_CellVoltMsg4_TxDisabled,0,0,0,,{0},是
net,average,输入,env_1_Design/power/InPort/BMS_CellVoltMsg4.BMS_cell_Volt_13.raw,0,0,0,,{0},是
net,average,输入,env_1_Design/power/InPort/BMS_CellVoltMsg4.BMS_cell_Volt_13.rawEnable,0,0,0,,{0},是
net,average,输入,env_1_Design/power/InPort/BMS_CellVoltMsg4.BMS_cell_Volt_14.raw,0,0,0,,{0},是
net,average,输入,env_1_Design/power/InPort/BMS_CellVoltMsg4.BMS_cell_Volt_14.rawEnable,0,0,0,,{0},是
net,average,输入,env_1_Design/power/InPort/BMS_CellVoltMsg4.BMS_cell_Volt_15.raw,0,0,0,,{0},是
net,average,输入,env_1_Design/power/InPort/BMS_CellVoltMsg4.BMS_cell_Volt_15.rawEnable,0,0,0,,{0},是
net,average,输入,env_1_Design/power/InPort/BMS_CellVoltMsg4.BMS_cell_Volt_16.raw,0,0,0,,{0},是
net,average,输入,env_1_Design/power/InPort/BMS_CellVoltMsg4.BMS_cell_Volt_16.rawEnable,0,0,0,,{0},是
net,average,输入,env_1_Design/power/InPort/BMS_CellVoltMsg4.BMS_CellVoltMsg4_Counter.raw,0,0,0,,{0},是
net,average,输入,env_1_Design/power/InPort/BMS_CellVoltMsg4.BMS_CellVoltMsg4_Counter.rawEnable,0,0,0,,{0},是
net,average,输入,env_1_Design/power/InPort/BMS_CellVoltMsg5.BMS_cell_Volt_17,0,0,0,,{0},是
net,average,输入,env_1_Design/power/InPort/BMS_CellVoltMsg5.BMS_cell_Volt_18,0,0,0,,{0},是
net,average,输入,env_1_Design/power/InPort/BMS_CellVoltMsg5.BMS_cell_Volt_19,0,0,0,,{0},是
net,average,输入,env_1_Design/power/InPort/BMS_CellVoltMsg5.BMS_cell_Volt_20,0,0,0,,{0},是
net,average,输入,env_1_Design/power/InPort/BMS_CellVoltMsg5.BMS_CellVoltMsg5_Counter,0,0,0,,{0},是
net,average,输入,env_1_Design/power/InPort/Msg_BMS_CellVoltMsg5_TxDisabled,0,0,0,,{0},是
net,average,输入,env_1_Design/power/InPort/BMS_CellVoltMsg5.BMS_cell_Volt_17.raw,0,0,0,,{0},是
net,average,输入,env_1_Design/power/InPort/BMS_CellVoltMsg5.BMS_cell_Volt_17.rawEnable,0,0,0,,{0},是
net,average,输入,env_1_Design/power/InPort/BMS_CellVoltMsg5.BMS_cell_Volt_18.raw,0,0,0,,{0},是
net,average,输入,env_1_Design/power/InPort/BMS_CellVoltMsg5.BMS_cell_Volt_18.rawEnable,0,0,0,,{0},是
net,average,输入,env_1_Design/power/InPort/BMS_CellVoltMsg5.BMS_cell_Volt_19.raw,0,0,0,,{0},是
net,average,输入,env_1_Design/power/InPort/BMS_CellVoltMsg5.BMS_cell_Volt_19.rawEnable,0,0,0,,{0},是
net,average,输入,env_1_Design/power/InPort/BMS_CellVoltMsg5.BMS_cell_Volt_20.raw,0,0,0,,{0},是
net,average,输入,env_1_Design/power/InPort/BMS_CellVoltMsg5.BMS_cell_Volt_20.rawEnable,0,0,0,,{0},是
net,average,输入,env_1_Design/power/InPort/BMS_CellVoltMsg5.BMS_CellVoltMsg5_Counter.raw,0,0,0,,{0},是
net,average,输入,env_1_Design/power/InPort/BMS_CellVoltMsg5.BMS_CellVoltMsg5_Counter.rawEnable,0,0,0,,{0},是
net,average,输入,env_1_Design/power/InPort/BMS_CellVoltMsg6.BMS_cell_Volt_21,0,0,0,,{0},是
net,average,输入,env_1_Design/power/InPort/BMS_CellVoltMsg6.BMS_cell_Volt_22,0,0,0,,{0},是
net,average,输入,env_1_Design/power/InPort/BMS_CellVoltMsg6.BMS_cell_Volt_23,0,0,0,,{0},是
net,average,输入,env_1_Design/power/InPort/BMS_CellVoltMsg6.BMS_cell_Volt_24,0,0,0,,{0},是
net,average,输入,env_1_Design/power/InPort/BMS_CellVoltMsg6.BMS_CellVoltMsg6_Counter,0,0,0,,{0},是
net,average,输入,env_1_Design/power/InPort/Msg_BMS_CellVoltMsg6_TxDisabled,0,0,0,,{0},是
net,average,输入,env_1_Design/power/InPort/BMS_CellVoltMsg6.BMS_cell_Volt_21.raw,0,0,0,,{0},是
net,average,输入,env_1_Design/power/InPort/BMS_CellVoltMsg6.BMS_cell_Volt_21.rawEnable,0,0,0,,{0},是
net,average,输入,env_1_Design/power/InPort/BMS_CellVoltMsg6.BMS_cell_Volt_22.raw,0,0,0,,{0},是
net,average,输入,env_1_Design/power/InPort/BMS_CellVoltMsg6.BMS_cell_Volt_22.rawEnable,0,0,0,,{0},是
net,average,输入,env_1_Design/power/InPort/BMS_CellVoltMsg6.BMS_cell_Volt_23.raw,0,0,0,,{0},是
net,average,输入,env_1_Design/power/InPort/BMS_CellVoltMsg6.BMS_cell_Volt_23.rawEnable,0,0,0,,{0},是
net,average,输入,env_1_Design/power/InPort/BMS_CellVoltMsg6.BMS_cell_Volt_24.raw,0,0,0,,{0},是
net,average,输入,env_1_Design/power/InPort/BMS_CellVoltMsg6.BMS_cell_Volt_24.rawEnable,0,0,0,,{0},是
net,average,输入,env_1_Design/power/InPort/BMS_CellVoltMsg6.BMS_CellVoltMsg6_Counter.raw,0,0,0,,{0},是
net,average,输入,env_1_Design/power/InPort/BMS_CellVoltMsg6.BMS_CellVoltMsg6_Counter.rawEnable,0,0,0,,{0},是
net,average,输入,env_1_Design/power/InPort/BMS_CellVoltMsg7.BMS_cell_Volt_25,0,0,0,,{0},是
net,average,输入,env_1_Design/power/InPort/BMS_CellVoltMsg7.BMS_cell_Volt_26,0,0,0,,{0},是
net,average,输入,env_1_Design/power/InPort/BMS_CellVoltMsg7.BMS_cell_Volt_27,0,0,0,,{0},是
net,average,输入,env_1_Design/power/InPort/BMS_CellVoltMsg7.BMS_cell_Volt_28,0,0,0,,{0},是
net,average,输入,env_1_Design/power/InPort/BMS_CellVoltMsg7.BMS_CellVoltMsg7_Counter,0,0,0,,{0},是
net,average,输入,env_1_Design/power/InPort/Msg_BMS_CellVoltMsg7_TxDisabled,0,0,0,,{0},是
net,average,输入,env_1_Design/power/InPort/BMS_CellVoltMsg7.BMS_cell_Volt_25.raw,0,0,0,,{0},是
net,average,输入,env_1_Design/power/InPort/BMS_CellVoltMsg7.BMS_cell_Volt_25.rawEnable,0,0,0,,{0},是
net,average,输入,env_1_Design/power/InPort/BMS_CellVoltMsg7.BMS_cell_Volt_26.raw,0,0,0,,{0},是
net,average,输入,env_1_Design/power/InPort/BMS_CellVoltMsg7.BMS_cell_Volt_26.rawEnable,0,0,0,,{0},是
net,average,输入,env_1_Design/power/InPort/BMS_CellVoltMsg7.BMS_cell_Volt_27.raw,0,0,0,,{0},是
net,average,输入,env_1_Design/power/InPort/BMS_CellVoltMsg7.BMS_cell_Volt_27.rawEnable,0,0,0,,{0},是
net,average,输入,env_1_Design/power/InPort/BMS_CellVoltMsg7.BMS_cell_Volt_28.raw,0,0,0,,{0},是
net,average,输入,env_1_Design/power/InPort/BMS_CellVoltMsg7.BMS_cell_Volt_28.rawEnable,0,0,0,,{0},是
net,average,输入,env_1_Design/power/InPort/BMS_CellVoltMsg7.BMS_CellVoltMsg7_Counter.raw,0,0,0,,{0},是
net,average,输入,env_1_Design/power/InPort/BMS_CellVoltMsg7.BMS_CellVoltMsg7_Counter.rawEnable,0,0,0,,{0},是
net,average,输入,env_1_Design/power/InPort/BMS_CellVoltMsg8.BMS_cell_Volt_29,0,0,0,,{0},是
net,average,输入,env_1_Design/power/InPort/BMS_CellVoltMsg8.BMS_cell_Volt_30,0,0,0,,{0},是
net,average,输入,env_1_Design/power/InPort/BMS_CellVoltMsg8.BMS_cell_Volt_31,0,0,0,,{0},是
net,average,输入,env_1_Design/power/InPort/BMS_CellVoltMsg8.BMS_cell_Volt_32,0,0,0,,{0},是
net,average,输入,env_1_Design/power/InPort/BMS_CellVoltMsg8.BMS_CellVoltMsg8_Counter,0,0,0,,{0},是
net,average,输入,env_1_Design/power/InPort/Msg_BMS_CellVoltMsg8_TxDisabled,0,0,0,,{0},是
net,average,输入,env_1_Design/power/InPort/BMS_CellVoltMsg8.BMS_cell_Volt_29.raw,0,0,0,,{0},是
net,average,输入,env_1_Design/power/InPort/BMS_CellVoltMsg8.BMS_cell_Volt_29.rawEnable,0,0,0,,{0},是
net,average,输入,env_1_Design/power/InPort/BMS_CellVoltMsg8.BMS_cell_Volt_30.raw,0,0,0,,{0},是
net,average,输入,env_1_Design/power/InPort/BMS_CellVoltMsg8.BMS_cell_Volt_30.rawEnable,0,0,0,,{0},是
net,average,输入,env_1_Design/power/InPort/BMS_CellVoltMsg8.BMS_cell_Volt_31.raw,0,0,0,,{0},是
net,average,输入,env_1_Design/power/InPort/BMS_CellVoltMsg8.BMS_cell_Volt_31.rawEnable,0,0,0,,{0},是
net,average,输入,env_1_Design/power/InPort/BMS_CellVoltMsg8.BMS_cell_Volt_32.raw,0,0,0,,{0},是
net,average,输入,env_1_Design/power/InPort/BMS_CellVoltMsg8.BMS_cell_Volt_32.rawEnable,0,0,0,,{0},是
net,average,输入,env_1_Design/power/InPort/BMS_CellVoltMsg8.BMS_CellVoltMsg8_Counter.raw,0,0,0,,{0},是
net,average,输入,env_1_Design/power/InPort/BMS_CellVoltMsg8.BMS_CellVoltMsg8_Counter.rawEnable,0,0,0,,{0},是
net,average,输入,env_1_Design/power/InPort/BMS_CellVoltMsg9.BMS_cell_Volt_33,0,0,0,,{0},是
net,average,输入,env_1_Design/power/InPort/BMS_CellVoltMsg9.BMS_cell_Volt_34,0,0,0,,{0},是
net,average,输入,env_1_Design/power/InPort/BMS_CellVoltMsg9.BMS_cell_Volt_35,0,0,0,,{0},是
net,average,输入,env_1_Design/power/InPort/BMS_CellVoltMsg9.BMS_cell_Volt_36,0,0,0,,{0},是
net,average,输入,env_1_Design/power/InPort/BMS_CellVoltMsg9.BMS_CellVoltMsg9_Counter,0,0,0,,{0},是
net,average,输入,env_1_Design/power/InPort/Msg_BMS_CellVoltMsg9_TxDisabled,0,0,0,,{0},是
net,average,输入,env_1_Design/power/InPort/BMS_CellVoltMsg9.BMS_cell_Volt_33.raw,0,0,0,,{0},是
net,average,输入,env_1_Design/power/InPort/BMS_CellVoltMsg9.BMS_cell_Volt_33.rawEnable,0,0,0,,{0},是
net,average,输入,env_1_Design/power/InPort/MC_General.MC_system_Fault_level.raw,0,0,0,,{0},否
net,average,输入,env_1_Design/power/InPort/MC_General.MC_system_Fault_level.rawEnable,0,0,0,,{0},否
net,average,输入,env_1_Design/power/InPort/MC_motor_Torque_AND_speed.MC_busbar_current,2.00888e-106,0.00546823,25,"1.540, 1.740, 1.940, 2.140, 2.340, 2.540, 2.740, 2.940, 3.140, 3.540 …",min=2.00888e-106; max=0.00546823; distinct=547,是
net,average,输入,env_1_Design/power/InPort/MC_motor_Torque_AND_speed.MC_busbar_Voltage,0,397.819,20,"2.540, 2.740, 2.940, 3.140, 3.340, 3.540, 3.740, 3.940, 4.140, 4.340 …",min=0; max=397.819; distinct=40,是
net,average,输入,env_1_Design/power/InPort/MC_motor_Torque_AND_speed.MC_motor_speed,1.40206e-102,38.1643,49,"1.540, 1.740, 1.940, 2.140, 2.340, 2.540, 2.740, 2.940, 3.140, 3.340 …",min=1.40206e-102; max=38.1643; distinct=547,否
net,average,输入,env_1_Design/power/InPort/MC_motor_Torque_AND_speed.MC_motor_Torque,0,0,0,,{0},否
net,average,输入,env_1_Design/power/InPort/Msg_MC_motor_Torque_AND_speed_TxDisabled,0,0,0,,{0},否
net,average,输入,env_1_Design/power/InPort/MC_motor_Torque_AND_speed.MC_busbar_current.raw,10000,10000,0,,{10000},是
net,average,输入,env_1_Design/power/InPort/MC_motor_Torque_AND_speed.MC_busbar_current.rawEnable,0,0,0,,{0},是
net,average,输入,env_1_Design/power/InPort/MC_motor_Torque_AND_speed.MC_busbar_Voltage.raw,0,0,0,,{0},是
net,average,输入,env_1_Design/power/InPort/MC_motor_Torque_AND_speed.MC_busbar_Voltage.rawEnable,0,0,0,,{0},是
net,average,输入,env_1_Design/power/InPort/MC_motor_Torque_AND_speed.MC_motor_speed.raw,20000,20000,0,,{20000},否
net,average,输入,env_1_Design/power/InPort/MC_motor_Torque_AND_speed.MC_motor_speed.rawEnable,0,0,0,,{0},否
net,average,输入,env_1_Design/power/InPort/MC_motor_Torque_AND_speed.MC_motor_Torque.raw,20000,20000,0,,{20000},否
net,average,输入,env_1_Design/power/InPort/MC_motor_Torque_AND_speed.MC_motor_Torque.rawEnable,0,0,0,,{0},否
net,average,输入,env_1_Design/power/InPort/MC_Status.MC_max_Torque_Limit,50,50,0,,{50},否
net,average,输入,env_1_Design/power/InPort/MC_Status.MC_Status_Checksum,0,0,0,,{0},否
net,average,输入,env_1_Design/power/InPort/MC_Status.MC_Status_Counter,0,0,0,,{0},否
net,average,输入,env_1_Design/power/InPort/MC_Status.MC_Ucurrent,0,0,0,,{0},是
net,average,输入,env_1_Design/power/InPort/MC_Status.MC_Vcurrent,0,0,0,,{0},是
net,average,输入,env_1_Design/power/InPort/Msg_MC_Status_TxDisabled,0,0,0,,{0},否
net,average,输入,env_1_Design/power/InPort/MC_Status.MC_max_Torque_Limit.raw,100,100,0,,{100},否
net,average,输入,env_1_Design/power/InPort/MC_Status.MC_max_Torque_Limit.rawEnable,0,0,0,,{0},否
net,average,输入,env_1_Design/power/InPort/MC_Status.MC_Status_Checksum.raw,0,0,0,,{0},否
net,average,输入,env_1_Design/power/InPort/MC_Status.MC_Status_Checksum.rawEnable,0,0,0,,{0},否
net,average,输入,env_1_Design/power/InPort/MC_Status.MC_Status_Counter.raw,0,0,0,,{0},否
net,average,输入,env_1_Design/power/InPort/MC_Status.MC_Status_Counter.rawEnable,0,0,0,,{0},否
net,average,输入,env_1_Design/power/InPort/MC_Status.MC_Ucurrent.raw,500,500,0,,{500},是
net,average,输入,env_1_Design/power/InPort/MC_Status.MC_Ucurrent.rawEnable,0,0,0,,{0},是
net,average,输入,env_1_Design/power/InPort/MC_Status.MC_Vcurrent.raw,500,500,0,,{500},是
net,average,输入,env_1_Design/power/InPort/MC_Status.MC_Vcurrent.rawEnable,0,0,0,,{0},是
net,average,输入,env_1_Design/power/InPort/MC_Temp.MC_Max_Temp,20,20,0,,{20},否
net,average,输入,env_1_Design/power/InPort/MC_Temp.MC_Motor_max_Temp,20,20,0,,{20},否
net,average,输入,env_1_Design/power/InPort/MC_Temp.MC_Temp_Counter,0,0,0,,{0},否
net,average,输入,env_1_Design/power/InPort/Msg_MC_Temp_TxDisabled,0,0,0,,{0},否
net,average,输入,env_1_Design/power/InPort/MC_Temp.MC_Max_Temp.raw,40,40,0,,{40},否
net,average,输入,env_1_Design/power/InPort/MC_Temp.MC_Max_Temp.rawEnable,0,0,0,,{0},否
net,average,输入,env_1_Design/power/InPort/MC_Temp.MC_Motor_max_Temp.raw,40,40,0,,{40},否
net,average,输入,env_1_Design/power/InPort/MC_Temp.MC_Motor_max_Temp.rawEnable,0,0,0,,{0},否
net,average,输入,env_1_Design/power/InPort/MC_Temp.MC_Temp_Counter.raw,0,0,0,,{0},否
net,average,输入,env_1_Design/power/InPort/MC_Temp.MC_Temp_Counter.rawEnable,0,0,0,,{0},否
net,average,输入,env_1_Design/power/InPort/Msg_OBC_General_TxDisabled,0,0,0,,{0},否
net,average,输入,env_1_Design/power/InPort/OBC_General.OBC_Charge_Temp,0,0,0,,{0},否
net,average,输入,env_1_Design/power/InPort/OBC_General.OBC_error_Level,,,0,,{No_error},否
net,average,输入,env_1_Design/power/InPort/OBC_General.OBC_General_Checksum,0,0,0,,{0},否
net,average,输入,env_1_Design/power/InPort/OBC_General.OBC_General_Counter,0,0,0,,{0},否
net,average,输入,env_1_Design/power/InPort/OBC_General.OBC_HV_In_Current,0,0,0,,{0},是
net,average,输入,env_1_Design/power/InPort/OBC_General.OBC_HV_Input_Voltage,0,0,0,,{0},是
net,average,输入,env_1_Design/power/InPort/OBC_General.OBC_HV_Output_Current,0,0,0,,{0},是
net,average,输入,env_1_Design/power/InPort/OBC_General.OBC_HV_Output_Voltage,0,0,0,,{0},是
net,average,输入,env_1_Design/power/InPort/OBC_General.OBC_HVIL_state,,,0,,{OK},否
net,average,输入,env_1_Design/power/InPort/OBC_General.OBC_state_charge_run,,,0,,{Standby},否
net,average,输入,env_1_Design/power/InPort/OBC_General.OBC_Charge_Temp.raw,20,20,0,,{20},否
net,average,输入,env_1_Design/power/InPort/OBC_General.OBC_Charge_Temp.rawEnable,0,0,0,,{0},否
net,average,输入,env_1_Design/power/InPort/OBC_General.OBC_error_Level.raw,0,0,0,,{0},否
net,average,输入,env_1_Design/power/InPort/OBC_General.OBC_error_Level.rawEnable,0,0,0,,{0},否
net,average,输入,env_1_Design/power/InPort/OBC_General.OBC_General_Checksum.raw,0,0,0,,{0},否
net,average,输入,env_1_Design/power/InPort/OBC_General.OBC_General_Checksum.rawEnable,0,0,0,,{0},否
net,average,输入,env_1_Design/power/InPort/OBC_General.OBC_General_Counter.raw,0,0,0,,{0},否
net,average,输入,env_1_Design/power/InPort/OBC_General.OBC_General_Counter.rawEnable,0,0,0,,{0},否
net,average,输入,env_1_Design/power/InPort/OBC_General.OBC_HV_In_Current.raw,0,0,0,,{0},是
net,average,输入,env_1_Design/power/InPort/OBC_General.OBC_HV_In_Current.rawEnable,0,0,0,,{0},是
net,average,输入,env_1_Design/power/InPort/OBC_General.OBC_HV_Input_Voltage.raw,0,0,0,,{0},是
net,average,输入,env_1_Design/power/InPort/OBC_General.OBC_HV_Input_Voltage.rawEnable,0,0,0,,{0},是
net,average,输入,env_1_Design/power/InPort/OBC_General.OBC_HV_Output_Current.raw,200,200,0,,{200},是
net,average,输入,env_1_Design/power/InPort/OBC_General.OBC_HV_Output_Current.rawEnable,0,0,0,,{0},是
net,average,输入,env_1_Design/power/InPort/OBC_General.OBC_HV_Output_Voltage.raw,0,0,0,,{0},是
net,average,输入,env_1_Design/power/InPort/OBC_General.OBC_HV_Output_Voltage.rawEnable,0,0,0,,{0},是
net,average,输入,env_1_Design/power/InPort/OBC_General.OBC_HVIL_state.raw,0,0,0,,{0},否
net,average,输入,env_1_Design/power/InPort/OBC_General.OBC_HVIL_state.rawEnable,0,0,0,,{0},否
net,average,输入,env_1_Design/power/InPort/OBC_General.OBC_state_charge_run.raw,2,2,0,,{2},否
net,average,输入,env_1_Design/power/InPort/OBC_General.OBC_state_charge_run.rawEnable,0,0,0,,{0},否
net,average,输入,env_1_Design/power/InPort/Msg_OBC_VoltCurr_TxDisabled,0,0,0,,{0},是
net,average,输入,env_1_Design/power/InPort/OBC_VoltCurr.OBC_HV_Output_Max_Current_Limit,0,0,0,,{0},是
net,average,输入,env_1_Design/power/InPort/OBC_VoltCurr.OBC_HV_Output_Max_Voltage_Limit,0,0,0,,{0},是
net,average,输入,env_1_Design/power/InPort/OBC_VoltCurr.OBC_LV_Output_Current,0,0,0,,{0},是
net,average,输入,env_1_Design/power/InPort/OBC_VoltCurr.OBC_LV_Output_Voltage,0,0,0,,{0},是
net,average,输入,env_1_Design/power/InPort/OBC_VoltCurr.OBC_VoltCurr_Counter,0,0,0,,{0},是
net,average,输入,env_1_Design/power/InPort/OBC_VoltCurr.OBC_HV_Output_Max_Current_Limit.raw,200,200,0,,{200},是
net,average,输入,env_1_Design/power/InPort/OBC_VoltCurr.OBC_HV_Output_Max_Current_Limit.rawEnable,0,0,0,,{0},是
net,average,输入,env_1_Design/power/InPort/OBC_VoltCurr.OBC_HV_Output_Max_Voltage_Limit.raw,0,0,0,,{0},是
net,average,输入,env_1_Design/power/InPort/OBC_VoltCurr.OBC_HV_Output_Max_Voltage_Limit.rawEnable,0,0,0,,{0},是
net,average,输入,env_1_Design/power/InPort/OBC_VoltCurr.OBC_LV_Output_Current.raw,0,0,0,,{0},是
net,average,输入,env_1_Design/power/InPort/OBC_VoltCurr.OBC_LV_Output_Current.rawEnable,0,0,0,,{0},是
net,average,输入,env_1_Design/power/InPort/OBC_VoltCurr.OBC_LV_Output_Voltage.raw,0,0,0,,{0},是
net,average,输入,env_1_Design/power/InPort/OBC_VoltCurr.OBC_LV_Output_Voltage.rawEnable,0,0,0,,{0},是
net,average,输入,env_1_Design/power/InPort/OBC_VoltCurr.OBC_VoltCurr_Counter.raw,0,0,0,,{0},是
net,average,输入,env_1_Design/power/InPort/OBC_VoltCurr.OBC_VoltCurr_Counter.rawEnable,0,0,0,,{0},是
net,average,输入,env_1_Design/power/InPort/Model_Disabled,0,0,0,,{0},否
net,average,内部/未标记,env_1_Design/power/Measurement/Runtime(us),0,12,474,"1.540, 1.740, 1.940, 2.140, 2.540, 2.740, 2.940, 3.140, 3.540, 3.740 …",min=0; max=12; distinct=13,否
net,average,内部/未标记,env_1_Design/power/Measurement/Runtime_Min(us),0,10,252,"1.740, 1.940, 2.540, 2.740, 2.940, 3.140, 4.940, 5.140, 5.340, 5.540 …","{0, 1, 2, 3, 4, 5, 6, 10}",否
net,average,内部/未标记,env_1_Design/power/Measurement/Runtime_Max(us),38,38,0,,{38},否
net,average,内部/未标记,env_1_Design/power/Measurement/Schedule_Interval(us),5,1938,515,"1.540, 1.740, 1.940, 2.140, 2.340, 2.540, 2.740, 2.940, 3.140, 3.340 …",min=5; max=1938; distinct=69,否
net,average,内部/未标记,env_1_Design/power/Measurement/Schedule_Interval_Min(us),1,1029,32,"6.340, 6.540, 8.740, 9.940, 10.940, 22.540, 22.740, 24.140, 24.340, 24.540 …",min=1; max=1029; distinct=10,否
net,average,内部/未标记,env_1_Design/power/Measurement/Schedule_Interval_Max(us),5259,5360,1,47.540,"{5259, 5360}",否
net,average,内部/未标记,env_1_Design/power/Measurement/Schedule_Count,89285,181376,546,"1.540, 1.740, 1.940, 2.140, 2.340, 2.540, 2.740, 2.940, 3.140, 3.340 …",min=89285; max=181376; distinct=547,否
net,average,内部/未标记,env_1_Design/power/Measurement/Activate_Fail_Count,0,0,0,,{0},否
net,average,内部/未标记,env_1_Design/power/Measurement/Processor,5,15,499,"1.540, 1.740, 1.940, 2.340, 2.540, 2.740, 2.940, 3.140, 3.340, 3.540 …",min=5; max=15; distinct=11,否
net,average,输出,env_1_Design/VCU/OutPort/ABM_1.AirBagFailSts,,,0,,"{Fail no present, lamp off}",否
net,average,输出,env_1_Design/VCU/OutPort/ABM_1.CheckSum,0,0,0,,{0},否
net,average,输出,env_1_Design/VCU/OutPort/ABM_1.CrashOutputSts,,,0,,{No crash/Rear Crash},否
net,average,输出,env_1_Design/VCU/OutPort/ABM_1.DrvSeatBeltRSt,,,0,,{0x00:Not warning},否
net,average,输出,env_1_Design/VCU/OutPort/ABM_1.MessageCounter,0,0,0,,{0},否
net,average,输出,env_1_Design/VCU/OutPort/ABM_1.PsngrSeatBeltWarning,,,0,,{0x00:Not warning},否
net,average,输入,env_1_Design/VCU/InPort/Msg_ABM_1_RxDisabled,0,0,0,,{0},否
net,average,输出,env_1_Design/VCU/OutPort/RxMsg_0x31C_Count,2113,4297,546,"1.540, 1.740, 1.940, 2.140, 2.340, 2.540, 2.740, 2.940, 3.140, 3.340 …",min=2113; max=4297; distinct=547,否
net,average,输出,env_1_Design/VCU/OutPort/ABM_1.AirBagFailSts.raw,0,0,0,,{0},否
net,average,输出,env_1_Design/VCU/OutPort/ABM_1.AirBagFailSts.valid,1,1,0,,{1},否
net,average,输出,env_1_Design/VCU/OutPort/ABM_1.CheckSum.raw,0,0,0,,{0},否
net,average,输出,env_1_Design/VCU/OutPort/ABM_1.CheckSum.valid,1,1,0,,{1},否
net,average,输出,env_1_Design/VCU/OutPort/ABM_1.CrashOutputSts.raw,0,0,0,,{0},否
net,average,输出,env_1_Design/VCU/OutPort/ABM_1.CrashOutputSts.valid,1,1,0,,{1},否
net,average,输出,env_1_Design/VCU/OutPort/ABM_1.DrvSeatBeltRSt.raw,0,0,0,,{0},否
net,average,输出,env_1_Design/VCU/OutPort/ABM_1.DrvSeatBeltRSt.valid,1,1,0,,{1},否
net,average,输出,env_1_Design/VCU/OutPort/ABM_1.MessageCounter.raw,0,0,0,,{0},否
net,average,输出,env_1_Design/VCU/OutPort/ABM_1.MessageCounter.valid,1,1,0,,{1},否
net,average,输出,env_1_Design/VCU/OutPort/ABM_1.PsngrSeatBeltWarning.raw,0,0,0,,{0},否
net,average,输出,env_1_Design/VCU/OutPort/ABM_1.PsngrSeatBeltWarning.valid,1,1,0,,{1},否
net,average,输出,env_1_Design/VCU/OutPort/BCM_1.AlarmModeReserved,0,0,0,,{0},否
net,average,输出,env_1_Design/VCU/OutPort/BCM_1.BonnetSts,,,0,,{Close/Startup/Default},否
net,average,输出,env_1_Design/VCU/OutPort/BCM_1.DriverDoorLockSts,,,0,,{Lock/Startup/Default},否
net,average,输出,env_1_Design/VCU/OutPort/BCM_1.DriverDoorSts,,,0,,{Close/Startup/Default},否
net,average,输出,env_1_Design/VCU/OutPort/BCM_1.DRLSts,,,0,,{Off/Startup/Default},否
net,average,输出,env_1_Design/VCU/OutPort/BCM_1.FollowMeTime,,,0,,{0/Startup/Default},否
net,average,输出,env_1_Design/VCU/OutPort/BCM_1.FrontFogLightSts,,,0,,{Off/Startup/Default},否
net,average,输出,env_1_Design/VCU/OutPort/BCM_1.HazardLightSts,,,0,,{Off/Startup/Default},否
net,average,输出,env_1_Design/VCU/OutPort/BCM_1.HighBeamSts,,,0,,{Off/Startup/Default},否
net,average,输出,env_1_Design/VCU/OutPort/BCM_1.KeyPrtBuzzCmd,,,0,,{Off/Startup/Default},否
net,average,输出,env_1_Design/VCU/OutPort/BCM_1.KeySts,,,0,,{OFF},否
net,average,输出,env_1_Design/VCU/OutPort/BCM_1.LHRdoorSts,,,0,,{Close/Startup/Default},否
net,average,输出,env_1_Design/VCU/OutPort/BCM_1.LHTurnlightSts,,,0,,{Off/Startup/Default},否
net,average,输出,env_1_Design/VCU/OutPort/BCM_1.LowBeamSts,,,0,,{Off/Startup/Default},否
net,average,输出,env_1_Design/VCU/OutPort/BCM_1.ParkLightOnWarning,,,0,,{Off/Startup/Default},否
net,average,输出,env_1_Design/VCU/OutPort/BCM_1.PosLightOnWarning,,,0,,{Off/Startup/Default},否
net,average,输出,env_1_Design/VCU/OutPort/BCM_1.PosLightSts,,,0,,{Off/Startup/Default},否
net,average,输出,env_1_Design/VCU/OutPort/BCM_1.PosSwitchSts,,,0,,{OFF},否
net,average,输出,env_1_Design/VCU/OutPort/BCM_1.PsngrDoorSts,,,0,,{Close/Startup/Default},否
net,average,输出,env_1_Design/VCU/OutPort/BCM_1.RearFogLightSts,,,0,,{Off/Startup/Default},否
net,average,输出,env_1_Design/VCU/OutPort/BCM_1.RHRDoorSts,,,0,,{Close/Startup/Default},否
net,average,输出,env_1_Design/VCU/OutPort/BCM_1.RHTurnlightSts,,,0,,{Off/Startup/Default},否
net,average,输出,env_1_Design/VCU/OutPort/BCM_1.TrumpetSts,,,0,,{OFF/Startup/Default},否
net,average,输出,env_1_Design/VCU/OutPort/BCM_1.Trunk_BackDoor_Sts,,,0,,{Close/Startup/Default},否
net,average,输出,env_1_Design/VCU/OutPort/BCM_1.TrunkDoorLockSts,,,0,,{Lock/Startup/Default},否
net,average,输入,env_1_Design/VCU/InPort/Msg_BCM_1_RxDisabled,0,0,0,,{0},否
net,average,输出,env_1_Design/VCU/OutPort/RxMsg_0x391_Count,528,1074,546,"1.540, 1.740, 1.940, 2.140, 2.340, 2.540, 2.740, 2.940, 3.140, 3.340 …",min=528; max=1074; distinct=547,否
net,average,输出,env_1_Design/VCU/OutPort/BCM_1.AlarmModeReserved.raw,0,0,0,,{0},否
net,average,输出,env_1_Design/VCU/OutPort/BCM_1.AlarmModeReserved.valid,1,1,0,,{1},否
net,average,输出,env_1_Design/VCU/OutPort/BCM_1.BonnetSts.raw,0,0,0,,{0},否
net,average,输出,env_1_Design/VCU/OutPort/BCM_1.BonnetSts.valid,1,1,0,,{1},否
net,average,输出,env_1_Design/VCU/OutPort/BCM_1.DriverDoorLockSts.raw,0,0,0,,{0},否
net,average,输出,env_1_Design/VCU/OutPort/BCM_1.DriverDoorLockSts.valid,1,1,0,,{1},否
net,average,输出,env_1_Design/VCU/OutPort/BCM_1.DriverDoorSts.raw,0,0,0,,{0},否
net,average,输出,env_1_Design/VCU/OutPort/BCM_1.DriverDoorSts.valid,1,1,0,,{1},否
net,average,输出,env_1_Design/VCU/OutPort/BCM_1.DRLSts.raw,0,0,0,,{0},否
net,average,输出,env_1_Design/VCU/OutPort/BCM_1.DRLSts.valid,1,1,0,,{1},否
net,average,输出,env_1_Design/VCU/OutPort/BCM_1.FollowMeTime.raw,0,0,0,,{0},否
net,average,输出,env_1_Design/VCU/OutPort/BCM_1.FollowMeTime.valid,1,1,0,,{1},否
net,average,输出,env_1_Design/VCU/OutPort/BCM_1.FrontFogLightSts.raw,0,0,0,,{0},否
net,average,输出,env_1_Design/VCU/OutPort/BCM_1.FrontFogLightSts.valid,1,1,0,,{1},否
net,average,输出,env_1_Design/VCU/OutPort/BCM_1.HazardLightSts.raw,0,0,0,,{0},否
net,average,输出,env_1_Design/VCU/OutPort/BCM_1.HazardLightSts.valid,1,1,0,,{1},否
net,average,输出,env_1_Design/VCU/OutPort/BCM_1.HighBeamSts.raw,0,0,0,,{0},否
net,average,输出,env_1_Design/VCU/OutPort/BCM_1.HighBeamSts.valid,1,1,0,,{1},否
net,average,输出,env_1_Design/VCU/OutPort/BCM_1.KeyPrtBuzzCmd.raw,0,0,0,,{0},否
net,average,输出,env_1_Design/VCU/OutPort/BCM_1.KeyPrtBuzzCmd.valid,1,1,0,,{1},否
net,average,输出,env_1_Design/VCU/OutPort/BCM_1.KeySts.raw,0,0,0,,{0},否
net,average,输出,env_1_Design/VCU/OutPort/BCM_1.KeySts.valid,1,1,0,,{1},否
net,average,输出,env_1_Design/VCU/OutPort/BCM_1.LHRdoorSts.raw,0,0,0,,{0},否
net,average,输出,env_1_Design/VCU/OutPort/BCM_1.LHRdoorSts.valid,1,1,0,,{1},否
net,average,输出,env_1_Design/VCU/OutPort/BCM_1.LHTurnlightSts.raw,0,0,0,,{0},否
net,average,输出,env_1_Design/VCU/OutPort/BCM_1.LHTurnlightSts.valid,1,1,0,,{1},否
net,average,输出,env_1_Design/VCU/OutPort/BCM_1.LowBeamSts.raw,0,0,0,,{0},否
net,average,输出,env_1_Design/VCU/OutPort/BCM_1.LowBeamSts.valid,1,1,0,,{1},否
net,average,输出,env_1_Design/VCU/OutPort/BCM_1.ParkLightOnWarning.raw,0,0,0,,{0},否
net,average,输出,env_1_Design/VCU/OutPort/BCM_1.ParkLightOnWarning.valid,1,1,0,,{1},否
net,average,输出,env_1_Design/VCU/OutPort/BCM_1.PosLightOnWarning.raw,0,0,0,,{0},否
net,average,输出,env_1_Design/VCU/OutPort/BCM_1.PosLightOnWarning.valid,1,1,0,,{1},否
net,average,输出,env_1_Design/VCU/OutPort/BCM_1.PosLightSts.raw,0,0,0,,{0},否
net,average,输出,env_1_Design/VCU/OutPort/BCM_1.PosLightSts.valid,1,1,0,,{1},否
net,average,输出,env_1_Design/VCU/OutPort/BCM_1.PosSwitchSts.raw,0,0,0,,{0},否
net,average,输出,env_1_Design/VCU/OutPort/BCM_1.PosSwitchSts.valid,1,1,0,,{1},否
net,average,输出,env_1_Design/VCU/OutPort/BCM_1.PsngrDoorSts.raw,0,0,0,,{0},否
net,average,输出,env_1_Design/VCU/OutPort/BCM_1.PsngrDoorSts.valid,1,1,0,,{1},否
net,average,输出,env_1_Design/VCU/OutPort/BCM_1.RearFogLightSts.raw,0,0,0,,{0},否
net,average,输出,env_1_Design/VCU/OutPort/BCM_1.RearFogLightSts.valid,1,1,0,,{1},否
net,average,输出,env_1_Design/VCU/OutPort/BCM_1.RHRDoorSts.raw,0,0,0,,{0},否
net,average,输出,env_1_Design/VCU/OutPort/BCM_1.RHRDoorSts.valid,1,1,0,,{1},否
net,average,输出,env_1_Design/VCU/OutPort/BCM_1.RHTurnlightSts.raw,0,0,0,,{0},否
net,average,输出,env_1_Design/VCU/OutPort/BCM_1.RHTurnlightSts.valid,1,1,0,,{1},否
net,average,输出,env_1_Design/VCU/OutPort/BCM_1.TrumpetSts.raw,0,0,0,,{0},否
net,average,输出,env_1_Design/VCU/OutPort/BCM_1.TrumpetSts.valid,1,1,0,,{1},否
net,average,输出,env_1_Design/VCU/OutPort/BCM_1.Trunk_BackDoor_Sts.raw,0,0,0,,{0},否
net,average,输出,env_1_Design/VCU/OutPort/BCM_1.Trunk_BackDoor_Sts.valid,1,1,0,,{1},否
net,average,输出,env_1_Design/VCU/OutPort/BCM_1.TrunkDoorLockSts.raw,0,0,0,,{0},否
net,average,输出,env_1_Design/VCU/OutPort/BCM_1.TrunkDoorLockSts.valid,1,1,0,,{1},否
net,average,输出,env_1_Design/VCU/OutPort/BCM_2.AlarmMode,,,0,,{DisarmingMode},否
net,average,输出,env_1_Design/VCU/OutPort/BCM_2.Arming_Failed,,,0,,{Not Active},否
net,average,输入,env_1_Design/VCU/InPort/Msg_BCM_2_RxDisabled,0,0,0,,{0},否
net,average,输出,env_1_Design/VCU/OutPort/RxMsg_0x394_Count,2113,4297,546,"1.540, 1.740, 1.940, 2.140, 2.340, 2.540, 2.740, 2.940, 3.140, 3.340 …",min=2113; max=4297; distinct=547,否
net,average,输出,env_1_Design/VCU/OutPort/BCM_2.AlarmMode.raw,0,0,0,,{0},否
net,average,输入,env_1_Design/power/InPort/Msg_VCU_BMS_Ctrl_RxDisabled,0,0,0,,{0},否
net,average,输出,env_1_Design/power/OutPort/RxMsg_0x42_Count,10576,21477,545,"1.666, 1.866, 2.066, 2.266, 2.466, 2.666, 2.866, 3.066, 3.266, 3.466 …",min=10576; max=21477; distinct=546,否
net,average,输出,env_1_Design/power/OutPort/VCU_BMS_Ctrl.VCU_BMS_Ctrl_Checksum,0,0,0,,{0},否
net,average,输出,env_1_Design/power/OutPort/VCU_BMS_Ctrl.VCU_BMS_Ctrl_Counter,0,15,545,"1.666, 1.866, 2.066, 2.266, 2.466, 2.666, 2.866, 3.066, 3.266, 3.466 …",min=0; max=15; distinct=16,否
net,average,输出,env_1_Design/power/OutPort/VCU_BMS_Ctrl.VCU_BMS_target_state,,,5,"2.466, 2.666, 3.066, 42.666, 70.866","{HV_OK, LV_will_Poweroff, Precharge, Standby}",否
net,average,输出,env_1_Design/power/OutPort/VCU_BMS_Ctrl.VCU_charge_relay_control,,,2,"2.666, 71.066","{All_Open, Inactive}",否
net,average,输出,env_1_Design/power/OutPort/VCU_BMS_Ctrl.VCU_ChargeFiller_Temp,0,0,0,,{0},否
net,average,输出,env_1_Design/power/OutPort/VCU_BMS_Ctrl.VCU_CrashStatus,,,0,,{No_Crash},否
net,average,输出,env_1_Design/power/OutPort/VCU_BMS_Ctrl.VCU_Discharge_relay_control,,,5,"2.666, 2.866, 3.066, 42.666, 70.866","{All_Open, Main_Negtive_Relay_Close, Main_Negtive_Relay_Close__Prech, _Main_Negtive_Relay_Close_Main_}",否
net,average,输出,env_1_Design/power/OutPort/VCU_BMS_Ctrl.VCU_BMS_Ctrl_Checksum.raw,0,0,0,,{0},否
net,average,输出,env_1_Design/power/OutPort/VCU_BMS_Ctrl.VCU_BMS_Ctrl_Checksum.valid,1,1,0,,{1},否
net,average,输出,env_1_Design/power/OutPort/VCU_BMS_Ctrl.VCU_BMS_Ctrl_Counter.raw,0,15,545,"1.666, 1.866, 2.066, 2.266, 2.466, 2.666, 2.866, 3.066, 3.266, 3.466 …",min=0; max=15; distinct=16,否
net,average,输出,env_1_Design/power/OutPort/VCU_BMS_Ctrl.VCU_BMS_Ctrl_Counter.valid,1,1,0,,{1},否
net,average,输出,env_1_Design/power/OutPort/VCU_BMS_Ctrl.VCU_BMS_target_state.raw,2,7,5,"2.466, 2.666, 3.066, 42.666, 70.866","{2, 3, 4, 7}",否
net,average,输出,env_1_Design/power/OutPort/VCU_BMS_Ctrl.VCU_BMS_target_state.valid,1,1,0,,{1},否
net,average,输出,env_1_Design/power/OutPort/VCU_BMS_Ctrl.VCU_charge_relay_control.raw,0,7,2,"2.666, 71.066","{0, 7}",否
net,average,输出,env_1_Design/power/OutPort/VCU_BMS_Ctrl.VCU_charge_relay_control.valid,1,1,0,,{1},否
net,average,输出,env_1_Design/power/OutPort/VCU_BMS_Ctrl.VCU_ChargeFiller_Temp.raw,40,40,0,,{40},否
net,average,输出,env_1_Design/power/OutPort/VCU_BMS_Ctrl.VCU_ChargeFiller_Temp.valid,1,1,0,,{1},否
net,average,输出,env_1_Design/power/OutPort/VCU_BMS_Ctrl.VCU_CrashStatus.raw,0,0,0,,{0},否
net,average,输出,env_1_Design/power/OutPort/VCU_BMS_Ctrl.VCU_CrashStatus.valid,1,1,0,,{1},否
net,average,输出,env_1_Design/power/OutPort/VCU_BMS_Ctrl.VCU_Discharge_relay_control.raw,0,4,5,"2.666, 2.866, 3.066, 42.666, 70.866","{0, 1, 2, 4}",否
net,average,输出,env_1_Design/power/OutPort/VCU_BMS_Ctrl.VCU_Discharge_relay_control.valid,1,1,0,,{1},否
net,average,输入,env_1_Design/power/InPort/Msg_VCU_DCDC_Ctrl_RxDisabled,0,0,0,,{0},否
net,average,输出,env_1_Design/power/OutPort/RxMsg_0x59_Count,529,1074,545,"1.666, 1.866, 2.066, 2.266, 2.466, 2.666, 2.866, 3.066, 3.266, 3.466 …",min=529; max=1074; distinct=546,否
net,average,输出,env_1_Design/power/OutPort/VCU_DCDC_Ctrl.VCU_DCDC_12Vcharge_Enable,,,0,,{Disable},否
net,average,输出,env_1_Design/power/OutPort/VCU_DCDC_Ctrl.VCU_DCDC_Contron_mode,,,0,,{Inactive},否
net,average,输出,env_1_Design/power/OutPort/VCU_DCDC_Ctrl.VCU_DCDC_Ctrl_Counter,0,0,0,,{0},否
net,average,输出,env_1_Design/power/OutPort/VCU_DCDC_Ctrl.VCU_DCDC_max_out_curr_Limit,0,0,0,,{0},是
net,average,输出,env_1_Design/power/OutPort/VCU_DCDC_Ctrl.VCU_DCDC_max_output_volt_Limit,0,0,0,,{0},是
net,average,输出,env_1_Design/power/OutPort/VCU_DCDC_Ctrl.VCU_DCDC_min_out_volt_Limit,0,0,0,,{0},是
net,average,输出,env_1_Design/power/OutPort/VCU_DCDC_Ctrl.VCU_DCDC_output_current_request,0,0,0,,{0},是
net,average,输出,env_1_Design/power/OutPort/VCU_DCDC_Ctrl.VCU_DCDC_output_voltage_request,0,0,0,,{0},是
net,average,输出,env_1_Design/power/OutPort/VCU_DCDC_Ctrl.VCU_DCDC_target_state,,,0,,{Standby},否
net,average,输出,env_1_Design/power/OutPort/VCU_DCDC_Ctrl.VCU_DCDC_12Vcharge_Enable.raw,0,0,0,,{0},否
net,average,输出,env_1_Design/power/OutPort/VCU_DCDC_Ctrl.VCU_DCDC_12Vcharge_Enable.valid,1,1,0,,{1},否
net,average,输出,env_1_Design/power/OutPort/VCU_DCDC_Ctrl.VCU_DCDC_Contron_mode.raw,0,0,0,,{0},否
net,average,输出,env_1_Design/power/OutPort/VCU_DCDC_Ctrl.VCU_DCDC_Contron_mode.valid,1,1,0,,{1},否
net,average,输出,env_1_Design/power/OutPort/VCU_DCDC_Ctrl.VCU_DCDC_Ctrl_Counter.raw,0,0,0,,{0},否
net,average,输出,env_1_Design/power/OutPort/VCU_DCDC_Ctrl.VCU_DCDC_Ctrl_Counter.valid,1,1,0,,{1},否
net,average,输出,env_1_Design/power/OutPort/VCU_DCDC_Ctrl.VCU_DCDC_max_out_curr_Limit.raw,0,0,0,,{0},是
net,average,输出,env_1_Design/power/OutPort/VCU_DCDC_Ctrl.VCU_DCDC_max_out_curr_Limit.valid,1,1,0,,{1},是
net,average,输出,env_1_Design/power/OutPort/VCU_DCDC_Ctrl.VCU_DCDC_max_output_volt_Limit.raw,0,0,0,,{0},是
net,average,输出,env_1_Design/power/OutPort/VCU_DCDC_Ctrl.VCU_DCDC_max_output_volt_Limit.valid,1,1,0,,{1},是
net,average,输出,env_1_Design/power/OutPort/VCU_DCDC_Ctrl.VCU_DCDC_min_out_volt_Limit.raw,0,0,0,,{0},是
net,average,输出,env_1_Design/power/OutPort/VCU_DCDC_Ctrl.VCU_DCDC_min_out_volt_Limit.valid,1,1,0,,{1},是
net,average,输出,env_1_Design/power/OutPort/VCU_DCDC_Ctrl.VCU_DCDC_output_current_request.raw,0,0,0,,{0},是
net,average,输出,env_1_Design/power/OutPort/VCU_DCDC_Ctrl.VCU_DCDC_output_current_request.valid,1,1,0,,{1},是
net,average,输出,env_1_Design/power/OutPort/VCU_DCDC_Ctrl.VCU_DCDC_output_voltage_request.raw,0,0,0,,{0},是
net,average,输出,env_1_Design/power/OutPort/VCU_DCDC_Ctrl.VCU_DCDC_output_voltage_request.valid,1,1,0,,{1},是
net,average,输出,env_1_Design/power/OutPort/VCU_DCDC_Ctrl.VCU_DCDC_target_state.raw,2,2,0,,{2},否
net,average,输出,env_1_Design/power/OutPort/VCU_DCDC_Ctrl.VCU_DCDC_target_state.valid,1,1,0,,{1},否
net,average,输入,env_1_Design/power/InPort/Msg_VCU_Geaeral_CAN1_RxDisabled,0,0,0,,{0},否
net,average,输出,env_1_Design/power/OutPort/RxMsg_0x20_Count,1057,2147,545,"1.666, 1.866, 2.066, 2.266, 2.466, 2.666, 2.866, 3.066, 3.266, 3.466 …",min=1057; max=2147; distinct=546,否
net,average,输出,env_1_Design/power/OutPort/VCU_Geaeral_CAN1.VCU_AcceleratorPedal_position,0,0,0,,{0},否
net,average,输出,env_1_Design/power/OutPort/VCU_Geaeral_CAN1.VCU_BMSVCC_state,,,1,2.666,"{relay_closed, relay_open}",否
net,average,输出,env_1_Design/power/OutPort/VCU_Geaeral_CAN1.VCU_BrakePedal_position,0,100,2,"2.466, 6.666","{0, 100}",否
net,average,输出,env_1_Design/power/OutPort/VCU_Geaeral_CAN1.VCU_Brakepump_Rely_state,,,0,,{relay_open},否
net,average,输出,env_1_Design/power/OutPort/VCU_Geaeral_CAN1.VCU_CC_and_PP_state,,,0,,{No_plugin},否
net,average,输出,env_1_Design/power/OutPort/VCU_Geaeral_CAN1.VCU_CP_Stage,0,0,0,,{0},否
net,average,输出,env_1_Design/power/OutPort/VCU_Geaeral_CAN1.VCU_Drive_mode,,,0,,{Normal_Mode},否
net,average,输出,env_1_Design/power/OutPort/VCU_Geaeral_CAN1.VCU_Geaeral_CAN1_Counter,0,15,545,"1.666, 1.866, 2.066, 2.266, 2.466, 2.666, 2.866, 3.066, 3.266, 3.466 …",min=0; max=15; distinct=16,否
net,average,输出,env_1_Design/power/OutPort/VCU_Geaeral_CAN1.VCU_Geer_Positon,,,0,,{N},否
net,average,输出,env_1_Design/power/OutPort/VCU_Geaeral_CAN1.VCU_HVBox_state,,,0,,{上盖闭合},否
net,average,输出,env_1_Design/power/OutPort/VCU_Geaeral_CAN1.VCU_Key_Position,,,1,2.466,"{OFF, ON}",否
net,average,输出,env_1_Design/power/OutPort/VCU_Geaeral_CAN1.VCU_MCVCC_state,,,1,2.666,"{relay_closed, relay_open}",否
net,average,输出,env_1_Design/power/OutPort/VCU_Geaeral_CAN1.VCU_OBCVCC_state,,,1,2.666,"{relay_closed, relay_open}",否
net,average,输出,env_1_Design/power/OutPort/VCU_Geaeral_CAN1.VCU_powersystem_Error,,,3,"42.466, 42.666, 71.066","{Emergency_Shutdown, No_error, Power_Reduction}",否
net,average,输出,env_1_Design/power/OutPort/VCU_Geaeral_CAN1.VCU_vacuum_degree,0,0,0,,{0},否
net,average,输出,env_1_Design/power/OutPort/VCU_Geaeral_CAN1.VCU_Vehicle_status,,,4,"2.666, 3.266, 42.666, 71.066","{HV_OK, LV_will_Poweroff, Precharge, Standby}",否
net,average,输出,env_1_Design/power/OutPort/VCU_Geaeral_CAN1.VCU_AcceleratorPedal_position.raw,0,0,0,,{0},否
net,average,输出,env_1_Design/power/OutPort/VCU_Geaeral_CAN1.VCU_AcceleratorPedal_position.valid,1,1,0,,{1},否
net,average,输出,env_1_Design/power/OutPort/VCU_Geaeral_CAN1.VCU_BMSVCC_state.raw,0,1,1,2.666,"{0, 1}",否
net,average,输出,env_1_Design/power/OutPort/VCU_Geaeral_CAN1.VCU_BMSVCC_state.valid,1,1,0,,{1},否
net,average,输出,env_1_Design/power/OutPort/VCU_Geaeral_CAN1.VCU_BrakePedal_position.raw,0,100,2,"2.466, 6.666","{0, 100}",否
net,average,输出,env_1_Design/power/OutPort/VCU_Geaeral_CAN1.VCU_BrakePedal_position.valid,1,1,0,,{1},否
net,average,输出,env_1_Design/power/OutPort/VCU_Geaeral_CAN1.VCU_Brakepump_Rely_state.raw,0,0,0,,{0},否
net,average,输出,env_1_Design/power/OutPort/VCU_Geaeral_CAN1.VCU_Brakepump_Rely_state.valid,1,1,0,,{1},否
net,average,输出,env_1_Design/power/OutPort/VCU_Geaeral_CAN1.VCU_CC_and_PP_state.raw,0,0,0,,{0},否
net,average,输出,env_1_Design/power/OutPort/VCU_Geaeral_CAN1.VCU_CC_and_PP_state.valid,1,1,0,,{1},否
net,average,输出,env_1_Design/power/OutPort/VCU_Geaeral_CAN1.VCU_CP_Stage.raw,0,0,0,,{0},否
net,average,输出,env_1_Design/power/OutPort/VCU_Geaeral_CAN1.VCU_CP_Stage.valid,1,1,0,,{1},否
net,average,输出,env_1_Design/power/OutPort/VCU_Geaeral_CAN1.VCU_Drive_mode.raw,0,0,0,,{0},否
net,average,输出,env_1_Design/power/OutPort/VCU_Geaeral_CAN1.VCU_Drive_mode.valid,1,1,0,,{1},否
net,average,输出,env_1_Design/power/OutPort/VCU_Geaeral_CAN1.VCU_Geaeral_CAN1_Counter.raw,0,15,545,"1.666, 1.866, 2.066, 2.266, 2.466, 2.666, 2.866, 3.066, 3.266, 3.466 …",min=0; max=15; distinct=16,否
net,average,输出,env_1_Design/power/OutPort/VCU_Geaeral_CAN1.VCU_Geaeral_CAN1_Counter.valid,1,1,0,,{1},否
net,average,输出,env_1_Design/power/OutPort/VCU_Geaeral_CAN1.VCU_Geer_Positon.raw,0,0,0,,{0},否
net,average,输出,env_1_Design/power/OutPort/VCU_Geaeral_CAN1.VCU_Geer_Positon.valid,1,1,0,,{1},否
net,average,输出,env_1_Design/power/OutPort/VCU_Geaeral_CAN1.VCU_HVBox_state.raw,0,0,0,,{0},否
net,average,输出,env_1_Design/power/OutPort/VCU_Geaeral_CAN1.VCU_HVBox_state.valid,1,1,0,,{1},否
net,average,输出,env_1_Design/power/OutPort/VCU_Geaeral_CAN1.VCU_Key_Position.raw,0,2,1,2.466,"{0, 2}",否
net,average,输出,env_1_Design/power/OutPort/VCU_Geaeral_CAN1.VCU_Key_Position.valid,1,1,0,,{1},否
net,average,输出,env_1_Design/power/OutPort/VCU_Geaeral_CAN1.VCU_MCVCC_state.raw,0,1,1,2.666,"{0, 1}",否
net,average,输出,env_1_Design/power/OutPort/VCU_Geaeral_CAN1.VCU_MCVCC_state.valid,1,1,0,,{1},否
net,average,输出,env_1_Design/power/OutPort/VCU_Geaeral_CAN1.VCU_OBCVCC_state.raw,0,1,1,2.666,"{0, 1}",否
net,average,输出,env_1_Design/power/OutPort/VCU_Geaeral_CAN1.VCU_OBCVCC_state.valid,1,1,0,,{1},否
net,average,输出,env_1_Design/power/OutPort/VCU_Geaeral_CAN1.VCU_powersystem_Error.raw,0,4,3,"42.466, 42.666, 71.066","{0, 2, 4}",否
net,average,输出,env_1_Design/power/OutPort/VCU_Geaeral_CAN1.VCU_powersystem_Error.valid,1,1,0,,{1},否
net,average,输出,env_1_Design/power/OutPort/VCU_Geaeral_CAN1.VCU_vacuum_degree.raw,0,0,0,,{0},否
net,average,输出,env_1_Design/power/OutPort/VCU_Geaeral_CAN1.VCU_vacuum_degree.valid,1,1,0,,{1},否
net,average,输出,env_1_Design/power/OutPort/VCU_Geaeral_CAN1.VCU_Vehicle_status.raw,2,7,4,"2.666, 3.266, 42.666, 71.066","{2, 3, 4, 7}",否
net,average,输出,env_1_Design/power/OutPort/VCU_Geaeral_CAN1.VCU_Vehicle_status.valid,1,1,0,,{1},否
net,average,输入,env_1_Design/power/InPort/Msg_VCU_MC_SpdCtrl_RxDisabled,0,0,0,,{0},否
net,average,输出,env_1_Design/power/OutPort/RxMsg_0x33_Count,10576,21477,545,"1.666, 1.866, 2.066, 2.266, 2.466, 2.666, 2.866, 3.066, 3.266, 3.466 …",min=10576; max=21477; distinct=546,否
net,average,输出,env_1_Design/power/OutPort/VCU_MC_SpdCtrl.VCU_MC_SpdCtrl_Checksum,0,0,0,,{0},否
net,average,输出,env_1_Design/power/OutPort/VCU_MC_SpdCtrl.VCU_MC_SpdCtrl_Counter,0,15,545,"1.666, 1.866, 2.066, 2.266, 2.466, 2.666, 2.866, 3.066, 3.266, 3.466 …",min=0; max=15; distinct=16,否
net,average,输出,env_1_Design/power/OutPort/VCU_MC_SpdCtrl.VCU_MC_target_Maxspeed,7500,7500,0,,{7500},否
net,average,输出,env_1_Design/power/OutPort/VCU_MC_SpdCtrl.VCU_MC_target_speed,0,0,0,,{0},否
net,average,输出,env_1_Design/power/OutPort/VCU_MC_SpdCtrl.VCU_MC_SpdCtrl_Checksum.raw,0,0,0,,{0},否
net,average,输出,env_1_Design/power/OutPort/VCU_MC_SpdCtrl.VCU_MC_SpdCtrl_Checksum.valid,1,1,0,,{1},否
net,average,输出,env_1_Design/power/OutPort/VCU_MC_SpdCtrl.VCU_MC_SpdCtrl_Counter.raw,0,15,545,"1.666, 1.866, 2.066, 2.266, 2.466, 2.666, 2.866, 3.066, 3.266, 3.466 …",min=0; max=15; distinct=16,否
net,average,输出,env_1_Design/power/OutPort/VCU_MC_SpdCtrl.VCU_MC_SpdCtrl_Counter.valid,1,1,0,,{1},否
net,average,输出,env_1_Design/power/OutPort/VCU_MC_SpdCtrl.VCU_MC_target_Maxspeed.raw,7500,7500,0,,{7500},否
net,average,输出,env_1_Design/power/OutPort/VCU_MC_SpdCtrl.VCU_MC_target_Maxspeed.valid,1,1,0,,{1},否
net,average,输出,env_1_Design/power/OutPort/VCU_MC_SpdCtrl.VCU_MC_target_speed.raw,0,0,0,,{0},否
net,average,输出,env_1_Design/power/OutPort/VCU_MC_SpdCtrl.VCU_MC_target_speed.valid,1,1,0,,{1},否
net,average,输入,env_1_Design/power/InPort/Msg_VCU_MC_TrqCtrl_RxDisabled,0,0,0,,{0},否
net,average,输出,env_1_Design/power/OutPort/RxMsg_0x32_Count,10576,21476,545,"1.666, 1.866, 2.066, 2.266, 2.466, 2.666, 2.866, 3.066, 3.266, 3.466 …",min=10576; max=21476; distinct=546,否
net,average,输出,env_1_Design/power/OutPort/VCU_MC_TrqCtrl.VCU_MC_Contron_mode,,,0,,{转矩控制模式},否
net,average,输出,env_1_Design/power/OutPort/VCU_MC_TrqCtrl.VCU_MC_enable,,,0,,{Inactive},否
net,average,输出,env_1_Design/power/OutPort/VCU_MC_TrqCtrl.VCU_MC_ratateDirection,,,0,,{正转},否
net,average,输出,env_1_Design/power/OutPort/VCU_MC_TrqCtrl.VCU_MC_target_state,,,6,"2.466, 2.666, 3.066, 42.466, 42.666, 70.866","{HV_OK, LV_will_Poweroff, Precharge, Standby}",否
net,average,输出,env_1_Design/power/OutPort/VCU_MC_TrqCtrl.VCU_MC_TrqCtrl_Checksum,0,0,0,,{0},否
net,average,输出,env_1_Design/power/OutPort/VCU_MC_TrqCtrl.VCU_MC_TrqCtrl_Counter,0,15,545,"1.666, 1.866, 2.066, 2.266, 2.466, 2.666, 2.866, 3.066, 3.266, 3.466 …",min=0; max=15; distinct=16,否
net,average,输出,env_1_Design/power/OutPort/VCU_MC_TrqCtrl.VCU_Target_output_MaxTorque,10,10,0,,{10},否
net,average,输出,env_1_Design/power/OutPort/VCU_MC_TrqCtrl.VCU_Target_output_Torque,0,0,0,,{0},否
net,average,输出,env_1_Design/power/OutPort/VCU_MC_TrqCtrl.VCU_MC_Contron_mode.raw,1,1,0,,{1},否
net,average,输出,env_1_Design/power/OutPort/VCU_MC_TrqCtrl.VCU_MC_Contron_mode.valid,1,1,0,,{1},否
net,average,输出,env_1_Design/power/OutPort/VCU_MC_TrqCtrl.VCU_MC_enable.raw,0,0,0,,{0},否
net,average,输出,env_1_Design/power/OutPort/VCU_MC_TrqCtrl.VCU_MC_enable.valid,1,1,0,,{1},否
net,average,输出,env_1_Design/power/OutPort/VCU_MC_TrqCtrl.VCU_MC_ratateDirection.raw,0,0,0,,{0},否
net,average,输出,env_1_Design/power/OutPort/VCU_MC_TrqCtrl.VCU_MC_ratateDirection.valid,1,1,0,,{1},否
net,average,输出,env_1_Design/power/OutPort/VCU_MC_TrqCtrl.VCU_MC_target_state.raw,2,7,6,"2.466, 2.666, 3.066, 42.466, 42.666, 70.866","{2, 3, 4, 7}",否
net,average,输出,env_1_Design/power/OutPort/VCU_MC_TrqCtrl.VCU_MC_target_state.valid,1,1,0,,{1},否
net,average,输出,env_1_Design/power/OutPort/VCU_MC_TrqCtrl.VCU_MC_TrqCtrl_Checksum.raw,0,0,0,,{0},否
net,average,输出,env_1_Design/power/OutPort/VCU_MC_TrqCtrl.VCU_MC_TrqCtrl_Checksum.valid,1,1,0,,{1},否
net,average,输出,env_1_Design/power/OutPort/VCU_MC_TrqCtrl.VCU_MC_TrqCtrl_Counter.raw,0,15,545,"1.666, 1.866, 2.066, 2.266, 2.466, 2.666, 2.866, 3.066, 3.266, 3.466 …",min=0; max=15; distinct=16,否
net,average,输出,env_1_Design/power/OutPort/VCU_MC_TrqCtrl.VCU_MC_TrqCtrl_Counter.valid,1,1,0,,{1},否
net,average,输出,env_1_Design/power/OutPort/VCU_MC_TrqCtrl.VCU_Target_output_MaxTorque.raw,220,220,0,,{220},否
net,average,输出,env_1_Design/power/OutPort/VCU_MC_TrqCtrl.VCU_Target_output_MaxTorque.valid,1,1,0,,{1},否
net,average,输出,env_1_Design/power/OutPort/VCU_MC_TrqCtrl.VCU_Target_output_Torque.raw,200,200,0,,{200},否
net,average,输出,env_1_Design/power/OutPort/VCU_MC_TrqCtrl.VCU_Target_output_Torque.valid,1,1,0,,{1},否
net,average,输入,env_1_Design/power/InPort/Msg_VCU_OBC_Ctrl_RxDisabled,0,0,0,,{0},否
net,average,输出,env_1_Design/power/OutPort/RxMsg_0x45_Count,529,1074,545,"1.666, 1.866, 2.066, 2.266, 2.466, 2.666, 2.866, 3.066, 3.266, 3.466 …",min=529; max=1074; distinct=546,否
net,average,输出,env_1_Design/power/OutPort/VCU_OBC_Ctrl.VCU_Charge_Enable,,,0,,{disable},否
net,average,输出,env_1_Design/power/OutPort/VCU_OBC_Ctrl.VCU_Max_ChargeCable,0,0,0,,{0},否
net,average,输出,env_1_Design/power/OutPort/VCU_OBC_Ctrl.VCU_Max_ChgPile_out_current,0,0,0,,{0},是
net,average,输出,env_1_Design/power/OutPort/VCU_OBC_Ctrl.VCU_OBC_Ctrl_Counter,0,0,0,,{0},否
net,average,输出,env_1_Design/power/OutPort/VCU_OBC_Ctrl.VCU_OBC_target_state,,,0,,{Standby},否
net,average,输出,env_1_Design/power/OutPort/VCU_OBC_Ctrl.VCU_Charge_Enable.raw,0,0,0,,{0},否
net,average,输出,env_1_Design/power/OutPort/VCU_OBC_Ctrl.VCU_Charge_Enable.valid,1,1,0,,{1},否
net,average,输出,env_1_Design/power/OutPort/VCU_OBC_Ctrl.VCU_Max_ChargeCable.raw,0,0,0,,{0},否
net,average,输出,env_1_Design/power/OutPort/VCU_OBC_Ctrl.VCU_Max_ChargeCable.valid,1,1,0,,{1},否
net,average,输出,env_1_Design/power/OutPort/VCU_OBC_Ctrl.VCU_Max_ChgPile_out_current.raw,0,0,0,,{0},是
net,average,输出,env_1_Design/power/OutPort/VCU_OBC_Ctrl.VCU_Max_ChgPile_out_current.valid,1,1,0,,{1},是
net,average,输出,env_1_Design/power/OutPort/VCU_OBC_Ctrl.VCU_OBC_Ctrl_Counter.raw,0,0,0,,{0},否
net,average,输出,env_1_Design/power/OutPort/VCU_OBC_Ctrl.VCU_OBC_Ctrl_Counter.valid,1,1,0,,{1},否
net,average,输出,env_1_Design/power/OutPort/VCU_OBC_Ctrl.VCU_OBC_target_state.raw,2,2,0,,{2},否
net,average,输出,env_1_Design/power/OutPort/VCU_OBC_Ctrl.VCU_OBC_target_state.valid,1,1,0,,{1},否
net,average,输入,env_1_Design/power/InPort/Msg_VersionRep_RxDisabled,0,0,0,,{0},否
net,average,输出,env_1_Design/power/OutPort/RxMsg_0x6B0_Count,0,0,0,,{0},否
net,average,输出,env_1_Design/power/OutPort/VersionRep.Hardware_major_version_number,0,0,0,,{0},否
net,average,输出,env_1_Design/power/OutPort/VersionRep.Hardware_minor_version_number,0,0,0,,{0},否
net,average,输出,env_1_Design/power/OutPort/VersionRep.Software_major_version_number,0,0,0,,{0},否
net,average,输出,env_1_Design/power/OutPort/VersionRep.Software_minor_version_number,0,0,0,,{0},否
net,average,输出,env_1_Design/power/OutPort/VersionRep.Hardware_major_version_number.raw,0,0,0,,{0},否
net,average,输出,env_1_Design/power/OutPort/VersionRep.Hardware_major_version_number.valid,0,0,0,,{0},否
net,average,输出,env_1_Design/power/OutPort/VersionRep.Hardware_minor_version_number.raw,0,0,0,,{0},否
net,average,输出,env_1_Design/power/OutPort/VersionRep.Hardware_minor_version_number.valid,0,0,0,,{0},否
net,average,输出,env_1_Design/power/OutPort/VersionRep.Software_major_version_number.raw,0,0,0,,{0},否
net,average,输出,env_1_Design/power/OutPort/VersionRep.Software_major_version_number.valid,0,0,0,,{0},否
net,average,输出,env_1_Design/power/OutPort/VersionRep.Software_minor_version_number.raw,0,0,0,,{0},否
net,average,输出,env_1_Design/power/OutPort/VersionRep.Software_minor_version_number.valid,0,0,0,,{0},否
net,average,输入,env_1_Design/power/InPort/Model_Reset,0,0,0,,{0},否
net,average,输入,env_1_Design/power/InPort/BMS_battery_system_code_1.BMS_battery_type_code,,,0,,{},否
net,average,输入,env_1_Design/power/InPort/BMS_battery_system_code_1.BMS_rated_energy,0,0,0,,{0},否
net,average,输入,env_1_Design/power/InPort/BMS_battery_system_code_1.BMS_supplier_code,0,0,0,,{0},否
net,average,输入,env_1_Design/power/InPort/Msg_BMS_battery_system_code_1_TxDisabled,0,0,0,,{0},否
net,average,输入,env_1_Design/power/InPort/BMS_battery_system_code_1.BMS_battery_type_code.raw,0,0,0,,{0},否
net,average,输入,env_1_Design/power/InPort/BMS_battery_system_code_1.BMS_battery_type_code.rawEnable,0,0,0,,{0},否
net,average,输入,env_1_Design/power/InPort/BMS_battery_system_code_1.BMS_rated_energy.raw,0,0,0,,{0},否
net,average,输入,env_1_Design/power/InPort/BMS_battery_system_code_1.BMS_rated_energy.rawEnable,0,0,0,,{0},否
net,average,输入,env_1_Design/power/InPort/BMS_battery_system_code_1.BMS_supplier_code.raw,0,0,0,,{0},否
net,average,输入,env_1_Design/power/InPort/BMS_battery_system_code_1.BMS_supplier_code.rawEnable,0,0,0,,{0},否
net,average,输入,env_1_Design/power/InPort/BMS_battery_system_code_2.BMS_battery_code,0,0,0,,{0},否
net,average,输入,env_1_Design/power/InPort/BMS_battery_system_code_2.BMS_battery_system_code_length,0,0,0,,{0},否
net,average,输入,env_1_Design/power/InPort/BMS_battery_system_code_2.BMS_production_day,0,0,0,,{0},否
net,average,输入,env_1_Design/power/InPort/BMS_battery_system_code_2.BMS_production_month,0,0,0,,{0},否
net,average,输入,env_1_Design/power/InPort/BMS_battery_system_code_2.BMS_production_year,0,0,0,,{0},否
net,average,输入,env_1_Design/power/InPort/BMS_battery_system_code_2.BMS_rated_voltage,0,0,0,,{0},是
net,average,输入,env_1_Design/power/InPort/Msg_BMS_battery_system_code_2_TxDisabled,0,0,0,,{0},否
net,average,输入,env_1_Design/power/InPort/BMS_battery_system_code_2.BMS_battery_code.raw,0,0,0,,{0},否
net,average,输入,env_1_Design/power/InPort/BMS_battery_system_code_2.BMS_battery_code.rawEnable,0,0,0,,{0},否
net,average,输入,env_1_Design/power/InPort/BMS_battery_system_code_2.BMS_battery_system_code_length.raw,0,0,0,,{0},否
net,average,输入,env_1_Design/power/InPort/BMS_battery_system_code_2.BMS_battery_system_code_length.rawEnable,0,0,0,,{0},否
net,average,输入,env_1_Design/power/InPort/BMS_battery_system_code_2.BMS_production_day.raw,0,0,0,,{0},否
net,average,输入,env_1_Design/power/InPort/BMS_battery_system_code_2.BMS_production_day.rawEnable,0,0,0,,{0},否
net,average,输入,env_1_Design/power/InPort/BMS_battery_system_code_2.BMS_production_month.raw,0,0,0,,{0},否
net,average,输入,env_1_Design/power/InPort/BMS_battery_system_code_2.BMS_production_month.rawEnable,0,0,0,,{0},否
net,average,输入,env_1_Design/power/InPort/BMS_battery_system_code_2.BMS_production_year.raw,0,0,0,,{0},否
