层,录波,方向,接口,最小值,最大值,变化次数,变化时刻_s,取值摘要,电压电流相关
env,others,输出,env_1_Design/PWM Input/OutPort/Y_Ch41_PWM_In_Amplitude,0,0,0,,{0},否
env,others,输出,env_1_Design/PWM Input/OutPort/Y_Ch41_Support_Features,0,0,0,,{0},否
env,others,输出,env_1_Design/PWM Input/OutPort/Y_Ch41.Valid,0,0,0,,{0},否
env,others,输出,env_1_Design/PWM Input/OutPort/Y_Ch42_PWM_In_Frequency,0,0,0,,{0},否
env,others,输出,env_1_Design/PWM Input/OutPort/Y_Ch42_PWM_In_Period,0,0,0,,{0},否
env,others,输出,env_1_Design/PWM Input/OutPort/Y_Ch42_PWM_In_Duty_Ratio,0,0,0,,{0},否
env,others,输出,env_1_Design/PWM Input/OutPort/Y_Ch42_PWM_In_Amplitude,0,0,0,,{0},否
env,others,输出,env_1_Design/PWM Input/OutPort/Y_Ch42_Support_Features,0,0,0,,{0},否
env,others,输出,env_1_Design/PWM Input/OutPort/Y_Ch42.Valid,0,0,0,,{0},否
env,others,输出,env_1_Design/PWM Input/OutPort/Y_Ch43_PWM_In_Frequency,0,0,0,,{0},否
env,others,输出,env_1_Design/PWM Input/OutPort/Y_Ch43_PWM_In_Period,0,0,0,,{0},否
env,others,输出,env_1_Design/PWM Input/OutPort/Y_Ch43_PWM_In_Duty_Ratio,0,0,0,,{0},否
env,others,输出,env_1_Design/PWM Input/OutPort/Y_Ch43_PWM_In_Amplitude,0,0,0,,{0},否
env,others,输出,env_1_Design/PWM Input/OutPort/Y_Ch43_Support_Features,0,0,0,,{0},否
env,others,输出,env_1_Design/PWM Input/OutPort/Y_Ch43.Valid,0,0,0,,{0},否
env,others,输出,env_1_Design/PWM Input/OutPort/Y_Ch44_PWM_In_Frequency,0,0,0,,{0},否
env,others,输出,env_1_Design/PWM Input/OutPort/Y_Ch44_PWM_In_Period,0,0,0,,{0},否
env,others,输出,env_1_Design/PWM Input/OutPort/Y_Ch44_PWM_In_Duty_Ratio,0,0,0,,{0},否
env,others,输出,env_1_Design/PWM Input/OutPort/Y_Ch44_PWM_In_Amplitude,0,0,0,,{0},否
env,others,输出,env_1_Design/PWM Input/OutPort/Y_Ch44_Support_Features,0,0,0,,{0},否
env,others,输出,env_1_Design/PWM Input/OutPort/Y_Ch44.Valid,0,0,0,,{0},否
env,others,输出,env_1_Design/PWM Input/OutPort/Y_Ch45_PWM_In_Frequency,0,0,0,,{0},否
env,others,输出,env_1_Design/PWM Input/OutPort/Y_Ch45_PWM_In_Period,0,0,0,,{0},否
env,others,输出,env_1_Design/PWM Input/OutPort/Y_Ch45_PWM_In_Duty_Ratio,0,0,0,,{0},否
env,others,输出,env_1_Design/PWM Input/OutPort/Y_Ch45_PWM_In_Amplitude,0,0,0,,{0},否
env,others,输出,env_1_Design/PWM Input/OutPort/Y_Ch45_Support_Features,0,0,0,,{0},否
env,others,输出,env_1_Design/PWM Input/OutPort/Y_Ch45.Valid,0,0,0,,{0},否
env,others,输出,env_1_Design/PWM Input/OutPort/Y_Ch46_PWM_In_Frequency,0,0,0,,{0},否
env,others,输出,env_1_Design/PWM Input/OutPort/Y_Ch46_PWM_In_Period,0,0,0,,{0},否
env,others,输出,env_1_Design/PWM Input/OutPort/Y_Ch46_PWM_In_Duty_Ratio,0,0,0,,{0},否
env,others,输出,env_1_Design/PWM Input/OutPort/Y_Ch46_PWM_In_Amplitude,0,0,0,,{0},否
env,others,输出,env_1_Design/PWM Input/OutPort/Y_Ch46_Support_Features,0,0,0,,{0},否
env,others,输出,env_1_Design/PWM Input/OutPort/Y_Ch46.Valid,0,0,0,,{0},否
env,others,输出,env_1_Design/PWM Input/OutPort/Y_Ch47_PWM_In_Frequency,0,0,0,,{0},否
env,others,输出,env_1_Design/PWM Input/OutPort/Y_Ch47_PWM_In_Period,0,0,0,,{0},否
env,others,输出,env_1_Design/PWM Input/OutPort/Y_Ch47_PWM_In_Duty_Ratio,0,0,0,,{0},否
env,others,输出,env_1_Design/PWM Input/OutPort/Y_Ch47_PWM_In_Amplitude,0,0,0,,{0},否
env,others,输出,env_1_Design/PWM Input/OutPort/Y_Ch47_Support_Features,0,0,0,,{0},否
env,others,输出,env_1_Design/PWM Input/OutPort/Y_Ch47.Valid,0,0,0,,{0},否
env,others,输出,env_1_Design/PWM Input/OutPort/Y_Ch48_PWM_In_Frequency,0,0,0,,{0},否
env,others,输出,env_1_Design/PWM Input/OutPort/Y_Ch48_PWM_In_Period,0,0,0,,{0},否
env,others,输出,env_1_Design/PWM Input/OutPort/Y_Ch48_PWM_In_Duty_Ratio,0,0,0,,{0},否
env,others,输出,env_1_Design/PWM Input/OutPort/Y_Ch48_PWM_In_Amplitude,0,0,0,,{0},否
env,others,输出,env_1_Design/PWM Input/OutPort/Y_Ch48_Support_Features,0,0,0,,{0},否
env,others,输出,env_1_Design/PWM Input/OutPort/Y_Ch48.Valid,0,0,0,,{0},否
env,others,内部/未标记,env_1_Design/PWM Input/Measurement/Runtime(us),4,20,369,"0.200, 0.400, 0.600, 0.800, 1.000, 1.200, 1.400, 1.600, 1.800, 2.200 …",min=4; max=20; distinct=12,否
env,others,内部/未标记,env_1_Design/PWM Input/Measurement/Runtime_Min(us),3,3,0,,{3},否
env,others,内部/未标记,env_1_Design/PWM Input/Measurement/Runtime_Max(us),25,27,1,14.400,"{25, 27}",否
env,others,内部/未标记,env_1_Design/PWM Input/Measurement/Schedule_Interval(us),4963,5052,449,"0.200, 0.400, 0.600, 0.800, 1.000, 1.200, 1.400, 1.600, 1.800, 2.200 …",min=4963; max=5052; distinct=56,否
env,others,内部/未标记,env_1_Design/PWM Input/Measurement/Schedule_Interval_Min(us),4908,4931,2,"68.000, 94.600","{4908, 4928, 4931}",否
env,others,内部/未标记,env_1_Design/PWM Input/Measurement/Schedule_Interval_Max(us),5079,5079,0,,{5079},否
env,others,内部/未标记,env_1_Design/PWM Input/Measurement/Schedule_Count,12787,32027,481,"0.200, 0.400, 0.600, 0.800, 1.000, 1.200, 1.400, 1.600, 1.800, 2.000 …",min=12787; max=32027; distinct=482,否
env,others,内部/未标记,env_1_Design/PWM Input/Measurement/Activate_Fail_Count,0,0,0,,{0},否
env,others,内部/未标记,env_1_Design/PWM Input/Measurement/Processor,5,15,445,"0.200, 0.400, 0.600, 0.800, 1.000, 1.200, 1.400, 1.600, 1.800, 2.000 …",min=5; max=15; distinct=11,否
env,others,输入,env_1_Design/PWM Output/InPort/U_Ch1_PWM_Out_Frequency,0,0,0,,{0},否
env,others,输入,env_1_Design/PWM Output/InPort/U_Ch1_PWM_Out_Duty_Ratio,0,0,0,,{0},否
env,others,输入,env_1_Design/PWM Output/InPort/U_Ch1_PWM_Out_Amplitude,0,0,0,,{0},否
env,others,输入,env_1_Design/PWM Output/InPort/U_Ch1_PWM_Out_Enable,0,0,0,,{0},否
env,others,输入,env_1_Design/PWM Output/InPort/U_Ch1_PWM_Out_FIU,0,0,0,,{0},否
env,others,输入,env_1_Design/PWM Output/InPort/U_Ch2_PWM_Out_Frequency,0,0,0,,{0},否
env,others,输入,env_1_Design/PWM Output/InPort/U_Ch2_PWM_Out_Duty_Ratio,0,0,0,,{0},否
env,others,输入,env_1_Design/PWM Output/InPort/U_Ch2_PWM_Out_Amplitude,0,0,0,,{0},否
env,others,输入,env_1_Design/PWM Output/InPort/U_Ch2_PWM_Out_Enable,0,0,0,,{0},否
env,others,输入,env_1_Design/PWM Output/InPort/U_Ch2_PWM_Out_FIU,0,0,0,,{0},否
env,others,输入,env_1_Design/PWM Output/InPort/U_Ch3_PWM_Out_Frequency,0,0,0,,{0},否
env,others,输入,env_1_Design/PWM Output/InPort/U_Ch3_PWM_Out_Duty_Ratio,0,0,0,,{0},否
env,others,输入,env_1_Design/PWM Output/InPort/U_Ch3_PWM_Out_Amplitude,0,0,0,,{0},否
env,others,输入,env_1_Design/PWM Output/InPort/U_Ch3_PWM_Out_Enable,0,0,0,,{0},否
env,others,输入,env_1_Design/PWM Output/InPort/U_Ch3_PWM_Out_FIU,0,0,0,,{0},否
env,others,输入,env_1_Design/PWM Output/InPort/U_Ch4_PWM_Out_Frequency,0,0,0,,{0},否
env,others,输入,env_1_Design/PWM Output/InPort/U_Ch4_PWM_Out_Duty_Ratio,0,0,0,,{0},否
env,others,输入,env_1_Design/PWM Output/InPort/U_Ch4_PWM_Out_Amplitude,0,0,0,,{0},否
env,others,输入,env_1_Design/PWM Output/InPort/U_Ch4_PWM_Out_Enable,0,0,0,,{0},否
env,others,输入,env_1_Design/PWM Output/InPort/U_Ch4_PWM_Out_FIU,0,0,0,,{0},否
env,others,输入,env_1_Design/PWM Output/InPort/U_Ch5_PWM_Out_Frequency,0,0,0,,{0},否
env,others,输入,env_1_Design/PWM Output/InPort/U_Ch5_PWM_Out_Duty_Ratio,0,0,0,,{0},否
env,others,输入,env_1_Design/PWM Output/InPort/U_Ch5_PWM_Out_Amplitude,0,0,0,,{0},否
env,others,输入,env_1_Design/PWM Output/InPort/U_Ch5_PWM_Out_Enable,0,0,0,,{0},否
env,others,输入,env_1_Design/PWM Output/InPort/U_Ch5_PWM_Out_FIU,0,0,0,,{0},否
env,others,输入,env_1_Design/PWM Output/InPort/U_Ch6_PWM_Out_Frequency,0,0,0,,{0},否
env,others,输入,env_1_Design/PWM Output/InPort/U_Ch6_PWM_Out_Duty_Ratio,0,0,0,,{0},否
env,others,输入,env_1_Design/PWM Output/InPort/U_Ch6_PWM_Out_Amplitude,0,0,0,,{0},否
env,others,输入,env_1_Design/PWM Output/InPort/U_Ch6_PWM_Out_Enable,0,0,0,,{0},否
env,others,输入,env_1_Design/PWM Output/InPort/U_Ch6_PWM_Out_FIU,0,0,0,,{0},否
env,others,输入,env_1_Design/PWM Output/InPort/U_Ch7_PWM_Out_Frequency,0,0,0,,{0},否
env,others,输入,env_1_Design/PWM Output/InPort/U_Ch7_PWM_Out_Duty_Ratio,0,0,0,,{0},否
env,others,输入,env_1_Design/PWM Output/InPort/U_Ch7_PWM_Out_Amplitude,0,0,0,,{0},否
env,others,输入,env_1_Design/PWM Output/InPort/U_Ch7_PWM_Out_Enable,0,0,0,,{0},否
env,others,输入,env_1_Design/PWM Output/InPort/U_Ch7_PWM_Out_FIU,0,0,0,,{0},否
env,others,输入,env_1_Design/PWM Output/InPort/U_Ch8_PWM_Out_Frequency,0,0,0,,{0},否
env,others,输入,env_1_Design/PWM Output/InPort/U_Ch8_PWM_Out_Duty_Ratio,0,0,0,,{0},否
env,others,输入,env_1_Design/PWM Output/InPort/U_Ch8_PWM_Out_Amplitude,0,0,0,,{0},否
env,others,输入,env_1_Design/PWM Output/InPort/U_Ch8_PWM_Out_Enable,0,0,0,,{0},否
env,others,输入,env_1_Design/PWM Output/InPort/U_Ch8_PWM_Out_FIU,0,0,0,,{0},否
env,others,输入,env_1_Design/PWM Output/InPort/U_Ch9_PWM_Out_Frequency,0,0,0,,{0},否
env,others,输入,env_1_Design/PWM Output/InPort/U_Ch9_PWM_Out_Duty_Ratio,0,0,0,,{0},否
env,others,输入,env_1_Design/PWM Output/InPort/U_Ch9_PWM_Out_Amplitude,0,0,0,,{0},否
env,others,输入,env_1_Design/PWM Output/InPort/U_Ch9_PWM_Out_Enable,0,0,0,,{0},否
env,others,输入,env_1_Design/PWM Output/InPort/U_Ch9_PWM_Out_FIU,0,0,0,,{0},否
env,others,输入,env_1_Design/PWM Output/InPort/U_Ch10_PWM_Out_Frequency,0,0,0,,{0},否
env,others,输入,env_1_Design/PWM Output/InPort/U_Ch10_PWM_Out_Duty_Ratio,0,0,0,,{0},否
env,others,输入,env_1_Design/PWM Output/InPort/U_Ch10_PWM_Out_Amplitude,0,0,0,,{0},否
env,others,输入,env_1_Design/PWM Output/InPort/U_Ch10_PWM_Out_Enable,0,0,0,,{0},否
env,others,输入,env_1_Design/PWM Output/InPort/U_Ch10_PWM_Out_FIU,0,0,0,,{0},否
env,others,输入,env_1_Design/PWM Output/InPort/U_Ch11_PWM_Out_Frequency,0,0,0,,{0},否
env,others,输入,env_1_Design/PWM Output/InPort/U_Ch11_PWM_Out_Duty_Ratio,0,0,0,,{0},否
env,others,输入,env_1_Design/PWM Output/InPort/U_Ch11_PWM_Out_Amplitude,0,0,0,,{0},否
env,others,输入,env_1_Design/PWM Output/InPort/U_Ch11_PWM_Out_Enable,0,0,0,,{0},否
env,others,输入,env_1_Design/PWM Output/InPort/U_Ch11_PWM_Out_FIU,0,0,0,,{0},否
env,others,输入,env_1_Design/PWM Output/InPort/U_Ch12_PWM_Out_Frequency,0,0,0,,{0},否
env,others,输入,env_1_Design/PWM Output/InPort/U_Ch12_PWM_Out_Duty_Ratio,0,0,0,,{0},否
env,others,输入,env_1_Design/PWM Output/InPort/U_Ch12_PWM_Out_Amplitude,0,0,0,,{0},否
env,others,输入,env_1_Design/PWM Output/InPort/U_Ch12_PWM_Out_Enable,0,0,0,,{0},否
env,others,输入,env_1_Design/PWM Output/InPort/U_Ch12_PWM_Out_FIU,0,0,0,,{0},否
env,others,输入,env_1_Design/PWM Output/InPort/U_Ch13_PWM_Out_Frequency,0,0,0,,{0},否
env,others,输入,env_1_Design/PWM Output/InPort/U_Ch13_PWM_Out_Duty_Ratio,0,0,0,,{0},否
env,others,输入,env_1_Design/PWM Output/InPort/U_Ch13_PWM_Out_Amplitude,0,0,0,,{0},否
env,others,输入,env_1_Design/PWM Output/InPort/U_Ch13_PWM_Out_Enable,0,0,0,,{0},否
env,others,输入,env_1_Design/PWM Output/InPort/U_Ch13_PWM_Out_FIU,0,0,0,,{0},否
env,others,输入,env_1_Design/PWM Output/InPort/U_Ch14_PWM_Out_Frequency,0,0,0,,{0},否
env,others,输入,env_1_Design/PWM Output/InPort/U_Ch14_PWM_Out_Duty_Ratio,0,0,0,,{0},否
env,others,输入,env_1_Design/PWM Output/InPort/U_Ch14_PWM_Out_Amplitude,0,0,0,,{0},否
env,others,输入,env_1_Design/PWM Output/InPort/U_Ch14_PWM_Out_Enable,0,0,0,,{0},否
env,others,输入,env_1_Design/PWM Output/InPort/U_Ch14_PWM_Out_FIU,0,0,0,,{0},否
env,others,输入,env_1_Design/PWM Output/InPort/U_Ch15_PWM_Out_Frequency,0,0,0,,{0},否
env,others,输入,env_1_Design/PWM Output/InPort/U_Ch15_PWM_Out_Duty_Ratio,0,0,0,,{0},否
env,others,输入,env_1_Design/PWM Output/InPort/U_Ch15_PWM_Out_Amplitude,0,0,0,,{0},否
env,others,输入,env_1_Design/PWM Output/InPort/U_Ch15_PWM_Out_Enable,0,0,0,,{0},否
env,others,输入,env_1_Design/PWM Output/InPort/U_Ch15_PWM_Out_FIU,0,0,0,,{0},否
env,others,输入,env_1_Design/PWM Output/InPort/U_Ch16_PWM_Out_Frequency,0,0,0,,{0},否
env,others,输入,env_1_Design/PWM Output/InPort/U_Ch16_PWM_Out_Duty_Ratio,0,0,0,,{0},否
env,others,输入,env_1_Design/PWM Output/InPort/U_Ch16_PWM_Out_Amplitude,0,0,0,,{0},否
env,others,输入,env_1_Design/PWM Output/InPort/U_Ch16_PWM_Out_Enable,0,0,0,,{0},否
env,others,输入,env_1_Design/PWM Output/InPort/U_Ch16_PWM_Out_FIU,0,0,0,,{0},否
env,others,输入,env_1_Design/PWM Output/InPort/U_Ch17_PWM_Out_Frequency,0,0,0,,{0},否
env,others,输入,env_1_Design/PWM Output/InPort/U_Ch17_PWM_Out_Duty_Ratio,0,0,0,,{0},否
env,others,输入,env_1_Design/PWM Output/InPort/U_Ch17_PWM_Out_Amplitude,0,0,0,,{0},否
env,others,输入,env_1_Design/PWM Output/InPort/U_Ch17_PWM_Out_Enable,0,0,0,,{0},否
env,others,输入,env_1_Design/PWM Output/InPort/U_Ch17_PWM_Out_FIU,0,0,0,,{0},否
env,others,输入,env_1_Design/PWM Output/InPort/U_Ch18_PWM_Out_Frequency,0,0,0,,{0},否
env,others,输入,env_1_Design/PWM Output/InPort/U_Ch18_PWM_Out_Duty_Ratio,0,0,0,,{0},否
env,others,输入,env_1_Design/PWM Output/InPort/U_Ch18_PWM_Out_Amplitude,0,0,0,,{0},否
env,others,输入,env_1_Design/PWM Output/InPort/U_Ch18_PWM_Out_Enable,0,0,0,,{0},否
env,others,输入,env_1_Design/PWM Output/InPort/U_Ch18_PWM_Out_FIU,0,0,0,,{0},否
env,others,输入,env_1_Design/PWM Output/InPort/U_Ch19_PWM_Out_Frequency,0,0,0,,{0},否
env,others,输入,env_1_Design/PWM Output/InPort/U_Ch19_PWM_Out_Duty_Ratio,0,0,0,,{0},否
env,others,输入,env_1_Design/PWM Output/InPort/U_Ch19_PWM_Out_Amplitude,0,0,0,,{0},否
env,others,输入,env_1_Design/PWM Output/InPort/U_Ch19_PWM_Out_Enable,0,0,0,,{0},否
env,others,输入,env_1_Design/PWM Output/InPort/U_Ch19_PWM_Out_FIU,0,0,0,,{0},否
env,others,输入,env_1_Design/PWM Output/InPort/U_Ch20_PWM_Out_Frequency,0,0,0,,{0},否
env,others,输入,env_1_Design/PWM Output/InPort/U_Ch20_PWM_Out_Duty_Ratio,0,0,0,,{0},否
env,others,输入,env_1_Design/PWM Output/InPort/U_Ch20_PWM_Out_Amplitude,0,0,0,,{0},否
env,others,输入,env_1_Design/PWM Output/InPort/U_Ch20_PWM_Out_Enable,0,0,0,,{0},否
env,others,输入,env_1_Design/PWM Output/InPort/U_Ch20_PWM_Out_FIU,0,0,0,,{0},否
env,others,输入,env_1_Design/PWM Output/InPort/U_Ch21_PWM_Out_Frequency,0,0,0,,{0},否
env,others,输入,env_1_Design/PWM Output/InPort/U_Ch21_PWM_Out_Duty_Ratio,0,0,0,,{0},否
env,others,输入,env_1_Design/PWM Output/InPort/U_Ch21_PWM_Out_Amplitude,0,0,0,,{0},否
env,others,输入,env_1_Design/PWM Output/InPort/U_Ch21_PWM_Out_Enable,0,0,0,,{0},否
env,others,输入,env_1_Design/PWM Output/InPort/U_Ch21_PWM_Out_FIU,0,0,0,,{0},否
env,others,输入,env_1_Design/PWM Output/InPort/U_Ch22_PWM_Out_Frequency,0,0,0,,{0},否
env,others,输入,env_1_Design/PWM Output/InPort/U_Ch22_PWM_Out_Duty_Ratio,0,0,0,,{0},否
env,others,输入,env_1_Design/PWM Output/InPort/U_Ch22_PWM_Out_Amplitude,0,0,0,,{0},否
env,others,输入,env_1_Design/PWM Output/InPort/U_Ch22_PWM_Out_Enable,0,0,0,,{0},否
env,others,输入,env_1_Design/PWM Output/InPort/U_Ch22_PWM_Out_FIU,0,0,0,,{0},否
env,others,输入,env_1_Design/PWM Output/InPort/U_Ch23_PWM_Out_Frequency,0,0,0,,{0},否
env,others,输入,env_1_Design/PWM Output/InPort/U_Ch23_PWM_Out_Duty_Ratio,0,0,0,,{0},否
env,others,输入,env_1_Design/PWM Output/InPort/U_Ch23_PWM_Out_Amplitude,0,0,0,,{0},否
env,others,输入,env_1_Design/PWM Output/InPort/U_Ch23_PWM_Out_Enable,0,0,0,,{0},否
env,others,输入,env_1_Design/PWM Output/InPort/U_Ch23_PWM_Out_FIU,0,0,0,,{0},否
env,others,输入,env_1_Design/PWM Output/InPort/U_Ch24_PWM_Out_Frequency,0,0,0,,{0},否
env,others,输入,env_1_Design/PWM Output/InPort/U_Ch24_PWM_Out_Duty_Ratio,0,0,0,,{0},否
env,others,输入,env_1_Design/PWM Output/InPort/U_Ch24_PWM_Out_Amplitude,0,0,0,,{0},否
env,others,输入,env_1_Design/PWM Output/InPort/U_Ch24_PWM_Out_Enable,0,0,0,,{0},否
env,others,输入,env_1_Design/PWM Output/InPort/U_Ch24_PWM_Out_FIU,0,0,0,,{0},否
env,others,输入,env_1_Design/PWM Output/InPort/U_Ch25_PWM_Out_Frequency,0,0,0,,{0},否
env,others,输入,env_1_Design/PWM Output/InPort/U_Ch25_PWM_Out_Duty_Ratio,0,0,0,,{0},否
env,others,输入,env_1_Design/PWM Output/InPort/U_Ch25_PWM_Out_Amplitude,0,0,0,,{0},否
env,others,输入,env_1_Design/PWM Output/InPort/U_Ch25_PWM_Out_Enable,0,0,0,,{0},否
env,others,输入,env_1_Design/PWM Output/InPort/U_Ch25_PWM_Out_FIU,0,0,0,,{0},否
env,others,输入,env_1_Design/PWM Output/InPort/U_Ch26_PWM_Out_Frequency,0,0,0,,{0},否
env,others,输入,env_1_Design/PWM Output/InPort/U_Ch26_PWM_Out_Duty_Ratio,0,0,0,,{0},否
env,others,输入,env_1_Design/PWM Output/InPort/U_Ch26_PWM_Out_Amplitude,0,0,0,,{0},否
env,others,输入,env_1_Design/PWM Output/InPort/U_Ch26_PWM_Out_Enable,0,0,0,,{0},否
env,others,输入,env_1_Design/PWM Output/InPort/U_Ch26_PWM_Out_FIU,0,0,0,,{0},否
env,others,输入,env_1_Design/PWM Output/InPort/U_Ch27_PWM_Out_Frequency,0,0,0,,{0},否
env,others,输入,env_1_Design/PWM Output/InPort/U_Ch27_PWM_Out_Duty_Ratio,0,0,0,,{0},否
env,others,输入,env_1_Design/PWM Output/InPort/U_Ch27_PWM_Out_Amplitude,0,0,0,,{0},否
env,others,输入,env_1_Design/PWM Output/InPort/U_Ch27_PWM_Out_Enable,0,0,0,,{0},否
env,others,输入,env_1_Design/PWM Output/InPort/U_Ch27_PWM_Out_FIU,0,0,0,,{0},否
env,others,输入,env_1_Design/PWM Output/InPort/U_Ch28_PWM_Out_Frequency,0,0,0,,{0},否
env,others,输入,env_1_Design/PWM Output/InPort/U_Ch28_PWM_Out_Duty_Ratio,0,0,0,,{0},否
env,others,输入,env_1_Design/PWM Output/InPort/U_Ch28_PWM_Out_Amplitude,0,0,0,,{0},否
env,others,输入,env_1_Design/PWM Output/InPort/U_Ch28_PWM_Out_Enable,0,0,0,,{0},否
env,others,输入,env_1_Design/PWM Output/InPort/U_Ch28_PWM_Out_FIU,0,0,0,,{0},否
env,others,输入,env_1_Design/PWM Output/InPort/U_Ch29_PWM_Out_Frequency,0,0,0,,{0},否
env,others,输入,env_1_Design/PWM Output/InPort/U_Ch29_PWM_Out_Duty_Ratio,0,0,0,,{0},否
env,others,输入,env_1_Design/PWM Output/InPort/U_Ch29_PWM_Out_Amplitude,0,0,0,,{0},否
env,others,输入,env_1_Design/PWM Output/InPort/U_Ch29_PWM_Out_Enable,0,0,0,,{0},否
env,others,输入,env_1_Design/PWM Output/InPort/U_Ch29_PWM_Out_FIU,0,0,0,,{0},否
env,others,输入,env_1_Design/PWM Output/InPort/U_Ch30_PWM_Out_Frequency,0,0,0,,{0},否
env,others,内部/未标记,env_1_Design/PWM Output/Measurement/Processor,5,15,431,"0.322, 0.522, 0.722, 0.922, 1.122, 1.322, 1.522, 1.722, 1.922, 2.322 …",min=5; max=15; distinct=11,否
env,others,输入,env_1_Design/Relay/InPort/U_Ch1_Enable,0,0,0,,{0},否
env,others,输入,env_1_Design/Relay/InPort/U_Ch1_Relay_OutValue,0,0,0,,{0},否
env,others,输入,env_1_Design/Relay/InPort/U_Ch2_Enable,0,0,0,,{0},否
env,others,输入,env_1_Design/Relay/InPort/U_Ch2_Relay_OutValue,0,0,0,,{0},否
env,others,输入,env_1_Design/Relay/InPort/U_Ch3_Enable,0,0,0,,{0},否
env,others,输入,env_1_Design/Relay/InPort/U_Ch3_Relay_OutValue,0,0,0,,{0},否
env,others,输入,env_1_Design/Relay/InPort/U_Ch4_Enable,0,0,0,,{0},否
env,others,输入,env_1_Design/Relay/InPort/U_Ch4_Relay_OutValue,0,0,0,,{0},否
env,others,输入,env_1_Design/Relay/InPort/U_Ch5_Enable,0,0,0,,{0},否
env,others,输入,env_1_Design/Relay/InPort/U_Ch5_Relay_OutValue,2,2,0,,{2},否
env,others,输入,env_1_Design/Relay/InPort/U_Ch6_Enable,0,0,0,,{0},否
env,others,输入,env_1_Design/Relay/InPort/U_Ch6_Relay_OutValue,0,0,0,,{0},否
env,others,输入,env_1_Design/Relay/InPort/U_Ch7_Enable,0,0,0,,{0},否
env,others,输入,env_1_Design/Relay/InPort/U_Ch7_Relay_OutValue,0,0,0,,{0},否
env,others,输入,env_1_Design/Relay/InPort/U_Ch8_Enable,0,0,0,,{0},否
env,others,输入,env_1_Design/Relay/InPort/U_Ch8_Relay_OutValue,0,0,0,,{0},否
env,others,输入,env_1_Design/Relay/InPort/U_Ch9_Enable,0,0,0,,{0},否
env,others,输入,env_1_Design/Relay/InPort/U_Ch9_Relay_OutValue,0,2,2,"21.522, 25.122","{0, 2}",否
env,others,输入,env_1_Design/Relay/InPort/U_Ch10_Enable,0,0,0,,{0},否
env,others,输入,env_1_Design/Relay/InPort/U_Ch10_Relay_OutValue,0,2,2,"21.522, 25.122","{0, 2}",否
env,others,输入,env_1_Design/Relay/InPort/U_Ch11_Enable,0,0,0,,{0},否
env,others,输入,env_1_Design/Relay/InPort/U_Ch11_Relay_OutValue,0,2,2,"21.522, 25.122","{0, 2}",否
env,others,输入,env_1_Design/Relay/InPort/U_Ch12_Enable,0,0,0,,{0},否
env,others,输入,env_1_Design/Relay/InPort/U_Ch12_Relay_OutValue,0,2,2,"21.522, 25.122","{0, 2}",否
env,others,输入,env_1_Design/Relay/InPort/U_Ch13_Enable,0,0,0,,{0},否
env,others,输入,env_1_Design/Relay/InPort/U_Ch13_Relay_OutValue,0,0,0,,{0},否
env,others,输入,env_1_Design/Relay/InPort/U_Ch14_Enable,0,0,0,,{0},否
env,others,输入,env_1_Design/Relay/InPort/U_Ch14_Relay_OutValue,0,0,0,,{0},否
env,others,输入,env_1_Design/Relay/InPort/U_Ch15_Enable,0,0,0,,{0},否
env,others,输入,env_1_Design/Relay/InPort/U_Ch15_Relay_OutValue,0,0,0,,{0},否
env,others,输入,env_1_Design/Relay/InPort/U_Ch16_Enable,0,0,0,,{0},否
env,others,输入,env_1_Design/Relay/InPort/U_Ch16_Relay_OutValue,0,0,0,,{0},否
env,others,输入,env_1_Design/Relay/InPort/U_Ch17_Enable,0,0,0,,{0},否
env,others,输入,env_1_Design/Relay/InPort/U_Ch17_Relay_OutValue,0,0,0,,{0},否
env,others,输入,env_1_Design/Relay/InPort/U_Ch18_Enable,0,0,0,,{0},否
env,others,输入,env_1_Design/Relay/InPort/U_Ch18_Relay_OutValue,0,0,0,,{0},否
env,others,输入,env_1_Design/Relay/InPort/U_Ch19_Enable,0,0,0,,{0},否
env,others,输入,env_1_Design/Relay/InPort/U_Ch19_Relay_OutValue,0,0,0,,{0},否
env,others,输入,env_1_Design/Relay/InPort/U_Ch20_Enable,0,0,0,,{0},否
env,others,输入,env_1_Design/Relay/InPort/U_Ch20_Relay_OutValue,0,0,0,,{0},否
env,others,输入,env_1_Design/Relay/InPort/U_Ch21_Enable,0,0,0,,{0},否
env,others,输入,env_1_Design/Relay/InPort/U_Ch21_Relay_OutValue,0,0,0,,{0},否
env,others,输入,env_1_Design/Relay/InPort/U_Ch22_Enable,0,0,0,,{0},否
env,others,输入,env_1_Design/Relay/InPort/U_Ch22_Relay_OutValue,0,0,0,,{0},否
env,others,输入,env_1_Design/Relay/InPort/U_Ch23_Enable,0,0,0,,{0},否
env,others,输入,env_1_Design/Relay/InPort/U_Ch23_Relay_OutValue,0,0,0,,{0},否
env,others,输入,env_1_Design/Relay/InPort/U_Ch24_Enable,0,0,0,,{0},否
env,others,输入,env_1_Design/Relay/InPort/U_Ch24_Relay_OutValue,0,0,0,,{0},否
env,others,输入,env_1_Design/Relay/InPort/U_Ch25_Enable,0,0,0,,{0},否
env,others,输入,env_1_Design/Relay/InPort/U_Ch25_Relay_OutValue,1,2,1,21.722,"{1, 2}",否
env,others,输入,env_1_Design/Relay/InPort/U_Ch26_Enable,0,0,0,,{0},否
env,others,输入,env_1_Design/Relay/InPort/U_Ch26_Relay_OutValue,0,0,0,,{0},否
env,others,输入,env_1_Design/Relay/InPort/U_Ch27_Enable,0,0,0,,{0},否
env,others,输入,env_1_Design/Relay/InPort/U_Ch27_Relay_OutValue,0,0,0,,{0},否
env,others,输入,env_1_Design/Relay/InPort/U_Ch28_Enable,0,0,0,,{0},否
env,others,输入,env_1_Design/Relay/InPort/U_Ch28_Relay_OutValue,0,0,0,,{0},否
env,others,输入,env_1_Design/Relay/InPort/U_Ch29_Enable,0,0,0,,{0},否
env,others,输入,env_1_Design/Relay/InPort/U_Ch29_Relay_OutValue,0,0,0,,{0},否
env,others,输入,env_1_Design/Relay/InPort/U_Ch30_Enable,0,0,0,,{0},否
env,others,输入,env_1_Design/Relay/InPort/U_Ch30_Relay_OutValue,0,0,0,,{0},否
env,others,输入,env_1_Design/Relay/InPort/U_Ch31_Enable,0,0,0,,{0},否
env,others,输入,env_1_Design/Relay/InPort/U_Ch31_Relay_OutValue,0,0,0,,{0},否
env,others,输入,env_1_Design/Relay/InPort/U_Ch32_Enable,0,0,0,,{0},否
env,others,输入,env_1_Design/Relay/InPort/U_Ch32_Relay_OutValue,0,0,0,,{0},否
env,others,输入,env_1_Design/Relay/InPort/U_Ch33_Enable,0,0,0,,{0},否
env,others,输入,env_1_Design/Relay/InPort/U_Ch33_Relay_OutValue,0,0,0,,{0},否
env,others,输入,env_1_Design/Relay/InPort/U_Ch34_Enable,0,0,0,,{0},否
env,others,输入,env_1_Design/Relay/InPort/U_Ch34_Relay_OutValue,0,0,0,,{0},否
env,others,输入,env_1_Design/Relay/InPort/U_Ch35_Enable,0,0,0,,{0},否
env,others,输入,env_1_Design/Relay/InPort/U_Ch35_Relay_OutValue,0,0,0,,{0},否
env,others,输入,env_1_Design/Relay/InPort/U_Ch36_Enable,0,0,0,,{0},否
env,others,输入,env_1_Design/Relay/InPort/U_Ch36_Relay_OutValue,0,0,0,,{0},否
env,others,输入,env_1_Design/Relay/InPort/U_Ch37_Enable,0,0,0,,{0},否
env,others,输入,env_1_Design/Relay/InPort/U_Ch37_Relay_OutValue,0,0,0,,{0},否
env,others,输入,env_1_Design/Relay/InPort/U_Ch38_Enable,0,0,0,,{0},否
env,others,输入,env_1_Design/Relay/InPort/U_Ch38_Relay_OutValue,0,0,0,,{0},否
env,others,输入,env_1_Design/Relay/InPort/U_Ch39_Enable,0,0,0,,{0},否
env,others,输入,env_1_Design/Relay/InPort/U_Ch39_Relay_OutValue,0,0,0,,{0},否
env,others,输入,env_1_Design/Relay/InPort/U_Ch40_Enable,0,0,0,,{0},否
env,others,输入,env_1_Design/Relay/InPort/U_Ch40_Relay_OutValue,0,0,0,,{0},否
env,others,输入,env_1_Design/Relay/InPort/U_Ch41_Enable,0,0,0,,{0},否
env,others,输入,env_1_Design/Relay/InPort/U_Ch41_Relay_OutValue,0,0,0,,{0},否
env,others,输入,env_1_Design/Relay/InPort/U_Ch42_Enable,0,0,0,,{0},否
env,others,输入,env_1_Design/Relay/InPort/U_Ch42_Relay_OutValue,0,0,0,,{0},否
env,others,输入,env_1_Design/Relay/InPort/U_Ch43_Enable,0,0,0,,{0},否
env,others,输入,env_1_Design/Relay/InPort/U_Ch43_Relay_OutValue,0,0,0,,{0},否
env,others,输入,env_1_Design/Relay/InPort/U_Ch44_Enable,0,0,0,,{0},否
env,others,输入,env_1_Design/Relay/InPort/U_Ch44_Relay_OutValue,0,0,0,,{0},否
env,others,输入,env_1_Design/Relay/InPort/U_Ch45_Enable,0,0,0,,{0},否
env,others,输入,env_1_Design/Relay/InPort/U_Ch45_Relay_OutValue,0,0,0,,{0},否
env,others,输入,env_1_Design/Relay/InPort/U_Ch46_Enable,0,0,0,,{0},否
env,others,输入,env_1_Design/Relay/InPort/U_Ch46_Relay_OutValue,0,0,0,,{0},否
env,others,输入,env_1_Design/Relay/InPort/U_Ch47_Enable,0,0,0,,{0},否
env,others,输入,env_1_Design/Relay/InPort/U_Ch47_Relay_OutValue,0,0,0,,{0},否
env,others,输入,env_1_Design/Relay/InPort/U_Ch48_Enable,0,0,0,,{0},否
env,others,输入,env_1_Design/Relay/InPort/U_Ch48_Relay_OutValue,0,0,0,,{0},否
env,others,输入,env_1_Design/Relay/InPort/Model_Disabled,0,0,0,,{0},否
env,others,输入,env_1_Design/Relay/InPort/Model_Reset,0,0,0,,{0},否
env,others,输出,env_1_Design/Relay/OutPort/Y_Ch1.Valid,0,0,0,,{0},否
env,others,输出,env_1_Design/Relay/OutPort/Y_Ch2.Valid,1,1,0,,{1},否
env,others,输出,env_1_Design/Relay/OutPort/Y_Ch3.Valid,0,0,0,,{0},否
env,others,输出,env_1_Design/Relay/OutPort/Y_Ch4.Valid,1,1,0,,{1},否
env,others,输出,env_1_Design/Relay/OutPort/Y_Ch5.Valid,1,1,0,,{1},否
env,others,输出,env_1_Design/Relay/OutPort/Y_Ch6.Valid,1,1,0,,{1},否
env,others,输出,env_1_Design/Relay/OutPort/Y_Ch7.Valid,1,1,0,,{1},否
env,others,输出,env_1_Design/Relay/OutPort/Y_Ch8.Valid,1,1,0,,{1},否
env,others,输出,env_1_Design/Relay/OutPort/Y_Ch9.Valid,1,1,0,,{1},否
env,others,输出,env_1_Design/Relay/OutPort/Y_Ch10.Valid,1,1,0,,{1},否
env,others,输出,env_1_Design/Relay/OutPort/Y_Ch11.Valid,1,1,0,,{1},否
env,others,输出,env_1_Design/Relay/OutPort/Y_Ch12.Valid,1,1,0,,{1},否
env,others,输出,env_1_Design/Relay/OutPort/Y_Ch13.Valid,0,0,0,,{0},否
env,others,输出,env_1_Design/Relay/OutPort/Y_Ch14.Valid,0,0,0,,{0},否
env,others,输出,env_1_Design/Relay/OutPort/Y_Ch15.Valid,0,0,0,,{0},否
env,others,输出,env_1_Design/Relay/OutPort/Y_Ch16.Valid,0,0,0,,{0},否
env,others,输出,env_1_Design/Relay/OutPort/Y_Ch17.Valid,0,0,0,,{0},否
env,others,输出,env_1_Design/Relay/OutPort/Y_Ch18.Valid,0,0,0,,{0},否
env,others,输出,env_1_Design/Relay/OutPort/Y_Ch19.Valid,0,0,0,,{0},否
env,others,输出,env_1_Design/Relay/OutPort/Y_Ch20.Valid,0,0,0,,{0},否
env,others,输出,env_1_Design/Relay/OutPort/Y_Ch21.Valid,0,0,0,,{0},否
env,others,输出,env_1_Design/Relay/OutPort/Y_Ch22.Valid,0,0,0,,{0},否
env,others,输出,env_1_Design/Relay/OutPort/Y_Ch23.Valid,0,0,0,,{0},否
env,others,输出,env_1_Design/Relay/OutPort/Y_Ch24.Valid,0,0,0,,{0},否
env,others,输出,env_1_Design/Relay/OutPort/Y_Ch25.Valid,1,1,0,,{1},否
env,others,输出,env_1_Design/Relay/OutPort/Y_Ch26.Valid,0,0,0,,{0},否
env,others,输出,env_1_Design/Relay/OutPort/Y_Ch27.Valid,0,0,0,,{0},否
env,others,输出,env_1_Design/Relay/OutPort/Y_Ch28.Valid,0,0,0,,{0},否
env,others,输出,env_1_Design/Relay/OutPort/Y_Ch29.Valid,0,0,0,,{0},否
env,others,输出,env_1_Design/Relay/OutPort/Y_Ch30.Valid,0,0,0,,{0},否
env,others,输出,env_1_Design/Relay/OutPort/Y_Ch31.Valid,0,0,0,,{0},否
env,others,输出,env_1_Design/Relay/OutPort/Y_Ch32.Valid,0,0,0,,{0},否
env,others,输出,env_1_Design/Relay/OutPort/Y_Ch33.Valid,0,0,0,,{0},否
env,others,输出,env_1_Design/Relay/OutPort/Y_Ch34.Valid,0,0,0,,{0},否
env,others,输出,env_1_Design/Relay/OutPort/Y_Ch35.Valid,0,0,0,,{0},否
env,others,输出,env_1_Design/Relay/OutPort/Y_Ch36.Valid,0,0,0,,{0},否
env,others,输出,env_1_Design/Relay/OutPort/Y_Ch37.Valid,0,0,0,,{0},否
env,others,输出,env_1_Design/Relay/OutPort/Y_Ch38.Valid,0,0,0,,{0},否
env,others,输出,env_1_Design/Relay/OutPort/Y_Ch39.Valid,0,0,0,,{0},否
env,others,输出,env_1_Design/Relay/OutPort/Y_Ch40.Valid,0,0,0,,{0},否
env,others,输出,env_1_Design/Relay/OutPort/Y_Ch41.Valid,0,0,0,,{0},否
env,others,输出,env_1_Design/Relay/OutPort/Y_Ch42.Valid,0,0,0,,{0},否
env,others,输出,env_1_Design/Relay/OutPort/Y_Ch43.Valid,0,0,0,,{0},否
env,others,输出,env_1_Design/Relay/OutPort/Y_Ch44.Valid,0,0,0,,{0},否
env,others,输出,env_1_Design/Relay/OutPort/Y_Ch45.Valid,0,0,0,,{0},否
env,others,输出,env_1_Design/Relay/OutPort/Y_Ch46.Valid,0,0,0,,{0},否
env,others,输出,env_1_Design/Relay/OutPort/Y_Ch47.Valid,0,0,0,,{0},否
env,others,输出,env_1_Design/Relay/OutPort/Y_Ch48.Valid,0,0,0,,{0},否
env,others,内部/未标记,env_1_Design/Relay/Measurement/Runtime(us),1,21,410,"0.322, 0.722, 0.922, 1.122, 1.322, 1.522, 1.722, 1.922, 2.122, 2.522 …",min=1; max=21; distinct=16,否
env,others,内部/未标记,env_1_Design/Relay/Measurement/Runtime_Min(us),1,1,0,,{1},否
env,others,内部/未标记,env_1_Design/Relay/Measurement/Runtime_Max(us),88,88,0,,{88},否
env,others,内部/未标记,env_1_Design/Relay/Measurement/Schedule_Interval(us),1,112,455,"0.322, 0.522, 0.722, 0.922, 1.122, 1.322, 1.522, 1.722, 1.922, 2.122 …",min=1; max=112; distinct=60,否
env,others,内部/未标记,env_1_Design/Relay/Measurement/Schedule_Interval_Min(us),1,1,0,,{1},否
env,others,内部/未标记,env_1_Design/Relay/Measurement/Schedule_Interval_Max(us),1085,1085,0,,{1085},否
env,others,内部/未标记,env_1_Design/Relay/Measurement/Schedule_Count,387323,965888,480,"0.322, 0.522, 0.722, 0.922, 1.122, 1.322, 1.522, 1.722, 1.922, 2.122 …",min=387323; max=965888; distinct=481,否
env,others,内部/未标记,env_1_Design/Relay/Measurement/Activate_Fail_Count,0,0,0,,{0},否
env,others,内部/未标记,env_1_Design/Relay/Measurement/Processor,5,15,428,"0.522, 0.922, 1.122, 1.322, 1.522, 1.722, 1.922, 2.122, 2.322, 2.522 …",min=5; max=15; distinct=11,否
env,others,输入,env_1_Design/Voltage Encoder Output/InPort/U_Ch1_Voltage_Encoder_Out_Enable,0,0,0,,{0},是
env,others,输入,env_1_Design/Voltage Encoder Output/InPort/U_Ch1_Voltage_Encoder_Out_FIU,0,0,0,,{0},是
env,others,输入,env_1_Design/Voltage Encoder Output/InPort/U_Ch1_Voltage_Encoder_Out_RotateSpeed,0,0,0,,{0},是
env,others,输入,env_1_Design/Voltage Encoder Output/InPort/U_Ch1_Voltage_Encoder_Out_Frequency,0,0,0,,{0},是
env,others,输入,env_1_Design/Voltage Encoder Output/InPort/U_Ch1_Voltage_Encoder_Out_DutyRadio,0,0,0,,{0},是
env,others,输入,env_1_Design/Voltage Encoder Output/InPort/U_Ch1_Voltage_Encoder_Out_ValueLevel,0,0,0,,{0},是
env,others,输入,env_1_Design/Voltage Encoder Output/InPort/U_Ch1_Voltage_Encoder_Out_PulseOnTime,0,0,0,,{0},是
env,others,输入,env_1_Design/Voltage Encoder Output/InPort/U_Ch1_Voltage_Encoder_Out_PulseOffTime,0,0,0,,{0},是
env,others,输入,env_1_Design/Voltage Encoder Output/InPort/U_Ch2_Voltage_Encoder_Out_Enable,0,0,0,,{0},是
env,others,输入,env_1_Design/Voltage Encoder Output/InPort/U_Ch2_Voltage_Encoder_Out_FIU,0,0,0,,{0},是
env,others,输入,env_1_Design/Voltage Encoder Output/InPort/U_Ch2_Voltage_Encoder_Out_RotateSpeed,0,0,0,,{0},是
env,others,输入,env_1_Design/Voltage Encoder Output/InPort/U_Ch2_Voltage_Encoder_Out_Frequency,0,0,0,,{0},是
env,others,输入,env_1_Design/Voltage Encoder Output/InPort/U_Ch2_Voltage_Encoder_Out_DutyRadio,0,0,0,,{0},是
env,others,输入,env_1_Design/Voltage Encoder Output/InPort/U_Ch2_Voltage_Encoder_Out_ValueLevel,0,0,0,,{0},是
env,others,输入,env_1_Design/Voltage Encoder Output/InPort/U_Ch2_Voltage_Encoder_Out_PulseOnTime,0,0,0,,{0},是
env,others,输入,env_1_Design/Voltage Encoder Output/InPort/U_Ch2_Voltage_Encoder_Out_PulseOffTime,0,0,0,,{0},是
env,others,输入,env_1_Design/Voltage Encoder Output/InPort/U_Ch3_Voltage_Encoder_Out_Enable,0,0,0,,{0},是
env,others,输入,env_1_Design/Voltage Encoder Output/InPort/U_Ch3_Voltage_Encoder_Out_FIU,0,0,0,,{0},是
env,others,输入,env_1_Design/Voltage Encoder Output/InPort/U_Ch3_Voltage_Encoder_Out_RotateSpeed,0,0,0,,{0},是
env,others,输入,env_1_Design/Voltage Encoder Output/InPort/U_Ch3_Voltage_Encoder_Out_Frequency,0,0,0,,{0},是
env,others,输入,env_1_Design/Voltage Encoder Output/InPort/U_Ch3_Voltage_Encoder_Out_DutyRadio,0,0,0,,{0},是
env,others,输入,env_1_Design/Voltage Encoder Output/InPort/U_Ch3_Voltage_Encoder_Out_ValueLevel,0,0,0,,{0},是
env,others,输入,env_1_Design/Voltage Encoder Output/InPort/U_Ch3_Voltage_Encoder_Out_PulseOnTime,0,0,0,,{0},是
env,others,输入,env_1_Design/Voltage Encoder Output/InPort/U_Ch3_Voltage_Encoder_Out_PulseOffTime,0,0,0,,{0},是
env,others,输入,env_1_Design/Voltage Encoder Output/InPort/U_Ch4_Voltage_Encoder_Out_Enable,0,0,0,,{0},是
env,others,输入,env_1_Design/Voltage Encoder Output/InPort/U_Ch4_Voltage_Encoder_Out_FIU,0,0,0,,{0},是
env,others,输入,env_1_Design/Voltage Encoder Output/InPort/U_Ch4_Voltage_Encoder_Out_RotateSpeed,0,0,0,,{0},是
env,others,输入,env_1_Design/Voltage Encoder Output/InPort/U_Ch4_Voltage_Encoder_Out_Frequency,0,0,0,,{0},是
env,others,输入,env_1_Design/Voltage Encoder Output/InPort/U_Ch4_Voltage_Encoder_Out_DutyRadio,0,0,0,,{0},是
env,others,输入,env_1_Design/Voltage Encoder Output/InPort/U_Ch4_Voltage_Encoder_Out_ValueLevel,0,0,0,,{0},是
env,others,输入,env_1_Design/Voltage Encoder Output/InPort/U_Ch4_Voltage_Encoder_Out_PulseOnTime,0,0,0,,{0},是
env,others,输入,env_1_Design/Voltage Encoder Output/InPort/U_Ch4_Voltage_Encoder_Out_PulseOffTime,0,0,0,,{0},是
env,others,输入,env_1_Design/Voltage Encoder Output/InPort/U_Ch5_Voltage_Encoder_Out_Enable,0,0,0,,{0},是
env,others,输入,env_1_Design/Voltage Encoder Output/InPort/U_Ch5_Voltage_Encoder_Out_FIU,0,0,0,,{0},是
env,others,输入,env_1_Design/Voltage Encoder Output/InPort/U_Ch5_Voltage_Encoder_Out_RotateSpeed,0,0,0,,{0},是
env,others,输入,env_1_Design/Voltage Encoder Output/InPort/U_Ch5_Voltage_Encoder_Out_Frequency,0,0,0,,{0},是
env,others,输入,env_1_Design/Voltage Encoder Output/InPort/U_Ch5_Voltage_Encoder_Out_DutyRadio,0,0,0,,{0},是
env,others,输入,env_1_Design/Voltage Encoder Output/InPort/U_Ch5_Voltage_Encoder_Out_ValueLevel,0,0,0,,{0},是
env,others,输入,env_1_Design/Voltage Encoder Output/InPort/U_Ch5_Voltage_Encoder_Out_PulseOnTime,0,0,0,,{0},是
env,others,输入,env_1_Design/Voltage Encoder Output/InPort/U_Ch5_Voltage_Encoder_Out_PulseOffTime,0,0,0,,{0},是
env,others,输入,env_1_Design/Voltage Encoder Output/InPort/U_Ch6_Voltage_Encoder_Out_Enable,0,0,0,,{0},是
env,others,输入,env_1_Design/Voltage Encoder Output/InPort/U_Ch6_Voltage_Encoder_Out_FIU,0,0,0,,{0},是
env,others,输入,env_1_Design/Voltage Encoder Output/InPort/U_Ch6_Voltage_Encoder_Out_RotateSpeed,0,0,0,,{0},是
env,others,输入,env_1_Design/Voltage Encoder Output/InPort/U_Ch6_Voltage_Encoder_Out_Frequency,0,0,0,,{0},是
env,others,输入,env_1_Design/LIN/InPort/Model_Disabled,0,0,0,,{0},否
env,others,输入,env_1_Design/LIN/InPort/Model_Reset,0,0,0,,{0},否
env,others,输出,env_1_Design/LIN/OutPort/LIN_CH1.Y_CurrentSchedule,0,0,0,,{0},是
env,others,输出,env_1_Design/LIN/OutPort/LIN_CH1.Valid,0,0,0,,{0},否
env,others,输出,env_1_Design/LIN/OutPort/LIN_CH1.Config.Y_LIN_Ch1_WorkMode,0,0,0,,{0},否
env,others,输出,env_1_Design/LIN/OutPort/LIN_CH1.Config.Y_LIN_Ch1_Bitrate,4800,4800,0,,{4800},否
env,others,输出,env_1_Design/LIN/OutPort/LIN_CH1.Statistic.Y_LIN_Ch1_Busload,0,0,0,,{0},否
env,others,输出,env_1_Design/LIN/OutPort/LIN_CH1.Statistic.Error.Y_LIN_Ch1_TotalBreakErrors,0,0,0,,{0},否
env,others,输出,env_1_Design/LIN/OutPort/LIN_CH1.Statistic.Error.Y_LIN_Ch1_TotalSyncErrors,0,0,0,,{0},否
env,others,输出,env_1_Design/LIN/OutPort/LIN_CH1.Statistic.Error.Y_LIN_Ch1_TotalPidDetected,0,0,0,,{0},否
env,others,输出,env_1_Design/LIN/OutPort/LIN_CH1.Statistic.Error.Y_LIN_Ch1_TotalNoRespErrors,0,0,0,,{0},否
env,others,输出,env_1_Design/LIN/OutPort/LIN_CH1.Statistic.Error.Y_LIN_Ch1_TotalDataErrors,0,0,0,,{0},否
env,others,输出,env_1_Design/LIN/OutPort/LIN_CH1.Statistic.Error.Y_LIN_Ch1_TotalCrcErrors,0,0,0,,{0},否
env,others,输出,env_1_Design/LIN/OutPort/LIN_CH1.Statistic.Error.Y_LIN_Ch1_BreakErrors,0,0,0,,{0},否
env,others,输出,env_1_Design/LIN/OutPort/LIN_CH1.Statistic.Error.Y_LIN_Ch1_SyncErrors,0,0,0,,{0},否
env,others,输出,env_1_Design/LIN/OutPort/LIN_CH1.Statistic.Error.Y_LIN_Ch1_PidDetected,0,0,0,,{0},否
env,others,输出,env_1_Design/LIN/OutPort/LIN_CH1.Statistic.Error.Y_LIN_Ch1_NoRespErrors,0,0,0,,{0},否
env,others,输出,env_1_Design/LIN/OutPort/LIN_CH1.Statistic.Error.Y_LIN_Ch1_DataErrors,0,0,0,,{0},否
env,others,输出,env_1_Design/LIN/OutPort/LIN_CH1.Statistic.Error.Y_LIN_Ch1_CrcErrors,0,0,0,,{0},否
env,others,输出,env_1_Design/LIN/OutPort/LIN_CH1.Statistic.AllFrame.Y_LIN_Ch1_TotalFramesCnt,0,0,0,,{0},否
env,others,输出,env_1_Design/LIN/OutPort/LIN_CH1.Statistic.AllFrame.Y_LIN_Ch1_FramesCnt,0,0,0,,{0},否
env,others,输出,env_1_Design/LIN/OutPort/LIN_CH1.Statistic.AllFrame.Y_LIN_Ch1_FrameCycleTime,0,0,0,,{0},否
env,others,输出,env_1_Design/LIN/OutPort/LIN_CH1.Statistic.AllFrame.Y_LIN_Ch1_HeaderDurationTime,0,0,0,,{0},否
env,others,输出,env_1_Design/LIN/OutPort/LIN_CH1.Statistic.AllFrame.Y_LIN_Ch1_RespDurationTime,0,0,0,,{0},否
env,others,输出,env_1_Design/LIN/OutPort/LIN_CH1.Statistic.Wakeup.Y_LIN_Ch1_WakeupsDurationTime,0,0,0,,{0},否
env,others,输出,env_1_Design/LIN/OutPort/LIN_CH1.Statistic.Wakeup.Y_LIN_Ch1_WakeupsCommandsCnt,0,0,0,,{0},否
env,others,输出,env_1_Design/LIN/OutPort/LIN_CH1.Statistic.Sleep.Y_LIN_Ch1_SleepCommandsCnt,0,0,0,,{0},否
env,others,输出,env_1_Design/LIN/OutPort/LIN_CH2.Y_CurrentSchedule,0,0,0,,{0},是
env,others,输出,env_1_Design/LIN/OutPort/LIN_CH2.Valid,0,0,0,,{0},否
env,others,输出,env_1_Design/LIN/OutPort/LIN_CH2.Config.Y_LIN_Ch2_WorkMode,0,0,0,,{0},否
env,others,输出,env_1_Design/LIN/OutPort/LIN_CH2.Config.Y_LIN_Ch2_Bitrate,4800,4800,0,,{4800},否
env,others,输出,env_1_Design/LIN/OutPort/LIN_CH2.Statistic.Y_LIN_Ch2_Busload,0,0,0,,{0},否
env,others,输出,env_1_Design/LIN/OutPort/LIN_CH2.Statistic.Error.Y_LIN_Ch2_TotalBreakErrors,0,0,0,,{0},否
env,others,输出,env_1_Design/LIN/OutPort/LIN_CH2.Statistic.Error.Y_LIN_Ch2_TotalSyncErrors,0,0,0,,{0},否
env,others,输出,env_1_Design/LIN/OutPort/LIN_CH2.Statistic.Error.Y_LIN_Ch2_TotalPidDetected,0,0,0,,{0},否
env,others,输出,env_1_Design/LIN/OutPort/LIN_CH2.Statistic.Error.Y_LIN_Ch2_TotalNoRespErrors,0,0,0,,{0},否
env,others,输出,env_1_Design/LIN/OutPort/LIN_CH2.Statistic.Error.Y_LIN_Ch2_TotalDataErrors,0,0,0,,{0},否
env,others,输出,env_1_Design/LIN/OutPort/LIN_CH2.Statistic.Error.Y_LIN_Ch2_TotalCrcErrors,0,0,0,,{0},否
env,others,输出,env_1_Design/LIN/OutPort/LIN_CH2.Statistic.Error.Y_LIN_Ch2_BreakErrors,0,0,0,,{0},否
env,others,输出,env_1_Design/LIN/OutPort/LIN_CH2.Statistic.Error.Y_LIN_Ch2_SyncErrors,0,0,0,,{0},否
env,others,输出,env_1_Design/LIN/OutPort/LIN_CH2.Statistic.Error.Y_LIN_Ch2_PidDetected,0,0,0,,{0},否
env,others,输出,env_1_Design/LIN/OutPort/LIN_CH2.Statistic.Error.Y_LIN_Ch2_NoRespErrors,0,0,0,,{0},否
env,others,输出,env_1_Design/LIN/OutPort/LIN_CH2.Statistic.Error.Y_LIN_Ch2_DataErrors,0,0,0,,{0},否
env,others,输出,env_1_Design/LIN/OutPort/LIN_CH2.Statistic.Error.Y_LIN_Ch2_CrcErrors,0,0,0,,{0},否
env,others,输出,env_1_Design/LIN/OutPort/LIN_CH2.Statistic.AllFrame.Y_LIN_Ch2_TotalFramesCnt,0,0,0,,{0},否
env,others,输出,env_1_Design/LIN/OutPort/LIN_CH2.Statistic.AllFrame.Y_LIN_Ch2_FramesCnt,0,0,0,,{0},否
env,others,输出,env_1_Design/LIN/OutPort/LIN_CH2.Statistic.AllFrame.Y_LIN_Ch2_FrameCycleTime,0,0,0,,{0},否
env,others,输出,env_1_Design/LIN/OutPort/LIN_CH2.Statistic.AllFrame.Y_LIN_Ch2_HeaderDurationTime,0,0,0,,{0},否
env,others,输出,env_1_Design/LIN/OutPort/LIN_CH2.Statistic.AllFrame.Y_LIN_Ch2_RespDurationTime,0,0,0,,{0},否
env,others,输出,env_1_Design/LIN/OutPort/LIN_CH2.Statistic.Wakeup.Y_LIN_Ch2_WakeupsDurationTime,0,0,0,,{0},否
env,others,输出,env_1_Design/LIN/OutPort/LIN_CH2.Statistic.Wakeup.Y_LIN_Ch2_WakeupsCommandsCnt,0,0,0,,{0},否
env,others,输出,env_1_Design/LIN/OutPort/LIN_CH2.Statistic.Sleep.Y_LIN_Ch2_SleepCommandsCnt,0,0,0,,{0},否
env,others,输出,env_1_Design/LIN/OutPort/LIN_CH3.Y_CurrentSchedule,0,0,0,,{0},是
env,others,输出,env_1_Design/LIN/OutPort/LIN_CH3.Valid,0,0,0,,{0},否
env,others,输出,env_1_Design/LIN/OutPort/LIN_CH3.Config.Y_LIN_Ch3_WorkMode,0,0,0,,{0},否
env,others,输出,env_1_Design/LIN/OutPort/LIN_CH3.Config.Y_LIN_Ch3_Bitrate,4800,4800,0,,{4800},否
env,others,输出,env_1_Design/LIN/OutPort/LIN_CH3.Statistic.Y_LIN_Ch3_Busload,0,0,0,,{0},否
env,others,输出,env_1_Design/LIN/OutPort/LIN_CH3.Statistic.Error.Y_LIN_Ch3_TotalBreakErrors,0,0,0,,{0},否
env,others,输出,env_1_Design/LIN/OutPort/LIN_CH3.Statistic.Error.Y_LIN_Ch3_TotalSyncErrors,0,0,0,,{0},否
env,others,输出,env_1_Design/LIN/OutPort/LIN_CH3.Statistic.Error.Y_LIN_Ch3_TotalPidDetected,0,0,0,,{0},否
env,others,输出,env_1_Design/LIN/OutPort/LIN_CH3.Statistic.Error.Y_LIN_Ch3_TotalNoRespErrors,0,0,0,,{0},否
env,others,输出,env_1_Design/LIN/OutPort/LIN_CH3.Statistic.Error.Y_LIN_Ch3_TotalDataErrors,0,0,0,,{0},否
env,others,输出,env_1_Design/LIN/OutPort/LIN_CH3.Statistic.Error.Y_LIN_Ch3_TotalCrcErrors,0,0,0,,{0},否
env,others,输出,env_1_Design/LIN/OutPort/LIN_CH3.Statistic.Error.Y_LIN_Ch3_BreakErrors,0,0,0,,{0},否
env,others,输出,env_1_Design/LIN/OutPort/LIN_CH3.Statistic.Error.Y_LIN_Ch3_SyncErrors,0,0,0,,{0},否
env,others,输出,env_1_Design/LIN/OutPort/LIN_CH3.Statistic.Error.Y_LIN_Ch3_PidDetected,0,0,0,,{0},否
env,others,输出,env_1_Design/LIN/OutPort/LIN_CH3.Statistic.Error.Y_LIN_Ch3_NoRespErrors,0,0,0,,{0},否
env,others,输出,env_1_Design/LIN/OutPort/LIN_CH3.Statistic.Error.Y_LIN_Ch3_DataErrors,0,0,0,,{0},否
env,others,输出,env_1_Design/LIN/OutPort/LIN_CH3.Statistic.Error.Y_LIN_Ch3_CrcErrors,0,0,0,,{0},否
env,others,输出,env_1_Design/LIN/OutPort/LIN_CH3.Statistic.AllFrame.Y_LIN_Ch3_TotalFramesCnt,0,0,0,,{0},否
env,others,输出,env_1_Design/LIN/OutPort/LIN_CH3.Statistic.AllFrame.Y_LIN_Ch3_FramesCnt,0,0,0,,{0},否
env,others,输出,env_1_Design/LIN/OutPort/LIN_CH3.Statistic.AllFrame.Y_LIN_Ch3_FrameCycleTime,0,0,0,,{0},否
env,others,输出,env_1_Design/LIN/OutPort/LIN_CH3.Statistic.AllFrame.Y_LIN_Ch3_HeaderDurationTime,0,0,0,,{0},否
env,others,输出,env_1_Design/LIN/OutPort/LIN_CH3.Statistic.AllFrame.Y_LIN_Ch3_RespDurationTime,0,0,0,,{0},否
env,others,输出,env_1_Design/LIN/OutPort/LIN_CH3.Statistic.Wakeup.Y_LIN_Ch3_WakeupsDurationTime,0,0,0,,{0},否
env,others,输出,env_1_Design/LIN/OutPort/LIN_CH3.Statistic.Wakeup.Y_LIN_Ch3_WakeupsCommandsCnt,0,0,0,,{0},否
env,others,输出,env_1_Design/LIN/OutPort/LIN_CH3.Statistic.Sleep.Y_LIN_Ch3_SleepCommandsCnt,0,0,0,,{0},否
env,others,输出,env_1_Design/LIN/OutPort/LIN_CH4.Y_CurrentSchedule,0,0,0,,{0},是
env,others,输出,env_1_Design/LIN/OutPort/LIN_CH4.Valid,0,0,0,,{0},否
env,others,输出,env_1_Design/LIN/OutPort/LIN_CH4.Config.Y_LIN_Ch4_WorkMode,0,0,0,,{0},否
env,others,输出,env_1_Design/LIN/OutPort/LIN_CH4.Config.Y_LIN_Ch4_Bitrate,4800,4800,0,,{4800},否
env,others,输出,env_1_Design/LIN/OutPort/LIN_CH4.Statistic.Y_LIN_Ch4_Busload,0,0,0,,{0},否
env,others,输出,env_1_Design/LIN/OutPort/LIN_CH4.Statistic.Error.Y_LIN_Ch4_TotalBreakErrors,0,0,0,,{0},否
env,others,输出,env_1_Design/LIN/OutPort/LIN_CH4.Statistic.Error.Y_LIN_Ch4_TotalSyncErrors,0,0,0,,{0},否
env,others,输出,env_1_Design/LIN/OutPort/LIN_CH4.Statistic.Error.Y_LIN_Ch4_TotalPidDetected,0,0,0,,{0},否
env,others,输出,env_1_Design/LIN/OutPort/LIN_CH4.Statistic.Error.Y_LIN_Ch4_TotalNoRespErrors,0,0,0,,{0},否
env,others,输出,env_1_Design/LIN/OutPort/LIN_CH4.Statistic.Error.Y_LIN_Ch4_TotalDataErrors,0,0,0,,{0},否
env,others,输出,env_1_Design/LIN/OutPort/LIN_CH4.Statistic.Error.Y_LIN_Ch4_TotalCrcErrors,0,0,0,,{0},否
env,others,输出,env_1_Design/LIN/OutPort/LIN_CH4.Statistic.Error.Y_LIN_Ch4_BreakErrors,0,0,0,,{0},否
env,others,输出,env_1_Design/LIN/OutPort/LIN_CH4.Statistic.Error.Y_LIN_Ch4_SyncErrors,0,0,0,,{0},否
env,others,输出,env_1_Design/LIN/OutPort/LIN_CH4.Statistic.Error.Y_LIN_Ch4_PidDetected,0,0,0,,{0},否
env,others,输出,env_1_Design/LIN/OutPort/LIN_CH4.Statistic.Error.Y_LIN_Ch4_NoRespErrors,0,0,0,,{0},否
env,others,输出,env_1_Design/LIN/OutPort/LIN_CH4.Statistic.Error.Y_LIN_Ch4_DataErrors,0,0,0,,{0},否
env,others,输出,env_1_Design/LIN/OutPort/LIN_CH4.Statistic.Error.Y_LIN_Ch4_CrcErrors,0,0,0,,{0},否
env,others,输出,env_1_Design/LIN/OutPort/LIN_CH4.Statistic.AllFrame.Y_LIN_Ch4_TotalFramesCnt,0,0,0,,{0},否
env,others,输出,env_1_Design/LIN/OutPort/LIN_CH4.Statistic.AllFrame.Y_LIN_Ch4_FramesCnt,0,0,0,,{0},否
env,others,输出,env_1_Design/LIN/OutPort/LIN_CH4.Statistic.AllFrame.Y_LIN_Ch4_FrameCycleTime,0,0,0,,{0},否
env,others,输出,env_1_Design/LIN/OutPort/LIN_CH4.Statistic.AllFrame.Y_LIN_Ch4_HeaderDurationTime,0,0,0,,{0},否
env,others,输出,env_1_Design/LIN/OutPort/LIN_CH4.Statistic.AllFrame.Y_LIN_Ch4_RespDurationTime,0,0,0,,{0},否
env,others,输出,env_1_Design/LIN/OutPort/LIN_CH4.Statistic.Wakeup.Y_LIN_Ch4_WakeupsDurationTime,0,0,0,,{0},否
env,others,输出,env_1_Design/LIN/OutPort/LIN_CH4.Statistic.Wakeup.Y_LIN_Ch4_WakeupsCommandsCnt,0,0,0,,{0},否
env,others,输出,env_1_Design/LIN/OutPort/LIN_CH4.Statistic.Sleep.Y_LIN_Ch4_SleepCommandsCnt,0,0,0,,{0},否
env,others,输出,env_1_Design/LIN/OutPort/LIN_CH5.Y_CurrentSchedule,0,0,0,,{0},是
env,others,输出,env_1_Design/LIN/OutPort/LIN_CH5.Valid,0,0,0,,{0},否
env,others,输出,env_1_Design/LIN/OutPort/LIN_CH5.Config.Y_LIN_Ch5_WorkMode,0,0,0,,{0},否
env,others,输出,env_1_Design/LIN/OutPort/LIN_CH5.Config.Y_LIN_Ch5_Bitrate,4800,4800,0,,{4800},否
env,others,输出,env_1_Design/LIN/OutPort/LIN_CH5.Statistic.Y_LIN_Ch5_Busload,0,0,0,,{0},否
env,others,输出,env_1_Design/LIN/OutPort/LIN_CH5.Statistic.Error.Y_LIN_Ch5_TotalBreakErrors,0,0,0,,{0},否
env,others,输出,env_1_Design/LIN/OutPort/LIN_CH5.Statistic.Error.Y_LIN_Ch5_TotalSyncErrors,0,0,0,,{0},否
env,others,输出,env_1_Design/LIN/OutPort/LIN_CH5.Statistic.Error.Y_LIN_Ch5_TotalPidDetected,0,0,0,,{0},否
env,others,输出,env_1_Design/LIN/OutPort/LIN_CH5.Statistic.Error.Y_LIN_Ch5_TotalNoRespErrors,0,0,0,,{0},否
env,others,输出,env_1_Design/LIN/OutPort/LIN_CH5.Statistic.Error.Y_LIN_Ch5_TotalDataErrors,0,0,0,,{0},否
env,others,输出,env_1_Design/LIN/OutPort/LIN_CH5.Statistic.Error.Y_LIN_Ch5_TotalCrcErrors,0,0,0,,{0},否
env,others,输出,env_1_Design/LIN/OutPort/LIN_CH5.Statistic.Error.Y_LIN_Ch5_BreakErrors,0,0,0,,{0},否
env,others,输出,env_1_Design/LIN/OutPort/LIN_CH5.Statistic.Error.Y_LIN_Ch5_SyncErrors,0,0,0,,{0},否
env,others,输出,env_1_Design/LIN/OutPort/LIN_CH5.Statistic.Error.Y_LIN_Ch5_PidDetected,0,0,0,,{0},否
env,others,输出,env_1_Design/LIN/OutPort/LIN_CH5.Statistic.Error.Y_LIN_Ch5_NoRespErrors,0,0,0,,{0},否
env,others,输出,env_1_Design/LIN/OutPort/LIN_CH5.Statistic.Error.Y_LIN_Ch5_DataErrors,0,0,0,,{0},否
env,others,输出,env_1_Design/LIN/OutPort/LIN_CH5.Statistic.Error.Y_LIN_Ch5_CrcErrors,0,0,0,,{0},否
env,others,输出,env_1_Design/LIN/OutPort/LIN_CH5.Statistic.AllFrame.Y_LIN_Ch5_TotalFramesCnt,0,0,0,,{0},否
env,others,输出,env_1_Design/LIN/OutPort/LIN_CH5.Statistic.AllFrame.Y_LIN_Ch5_FramesCnt,0,0,0,,{0},否
env,others,输出,env_1_Design/LIN/OutPort/LIN_CH5.Statistic.AllFrame.Y_LIN_Ch5_FrameCycleTime,0,0,0,,{0},否
env,others,输出,env_1_Design/LIN/OutPort/LIN_CH5.Statistic.AllFrame.Y_LIN_Ch5_HeaderDurationTime,0,0,0,,{0},否
env,others,输出,env_1_Design/LIN/OutPort/LIN_CH5.Statistic.AllFrame.Y_LIN_Ch5_RespDurationTime,0,0,0,,{0},否
env,others,输出,env_1_Design/LIN/OutPort/LIN_CH5.Statistic.Wakeup.Y_LIN_Ch5_WakeupsDurationTime,0,0,0,,{0},否
env,others,输出,env_1_Design/LIN/OutPort/LIN_CH5.Statistic.Wakeup.Y_LIN_Ch5_WakeupsCommandsCnt,0,0,0,,{0},否
env,others,输出,env_1_Design/LIN/OutPort/LIN_CH5.Statistic.Sleep.Y_LIN_Ch5_SleepCommandsCnt,0,0,0,,{0},否
env,others,输出,env_1_Design/LIN/OutPort/LIN_CH6.Y_CurrentSchedule,0,0,0,,{0},是
env,others,输出,env_1_Design/LIN/OutPort/LIN_CH6.Valid,0,0,0,,{0},否
env,others,输出,env_1_Design/LIN/OutPort/LIN_CH6.Config.Y_LIN_Ch6_WorkMode,0,0,0,,{0},否
env,others,输出,env_1_Design/LIN/OutPort/LIN_CH6.Config.Y_LIN_Ch6_Bitrate,4800,4800,0,,{4800},否
env,others,输出,env_1_Design/LIN/OutPort/LIN_CH6.Statistic.Y_LIN_Ch6_Busload,0,0,0,,{0},否
env,others,输出,env_1_Design/LIN/OutPort/LIN_CH6.Statistic.Error.Y_LIN_Ch6_TotalBreakErrors,0,0,0,,{0},否
env,others,输出,env_1_Design/LIN/OutPort/LIN_CH6.Statistic.Error.Y_LIN_Ch6_TotalSyncErrors,0,0,0,,{0},否
env,others,输出,env_1_Design/LIN/OutPort/LIN_CH6.Statistic.Error.Y_LIN_Ch6_TotalPidDetected,0,0,0,,{0},否
env,others,输出,env_1_Design/LIN/OutPort/LIN_CH6.Statistic.Error.Y_LIN_Ch6_TotalNoRespErrors,0,0,0,,{0},否
env,others,输出,env_1_Design/LIN/OutPort/LIN_CH6.Statistic.Error.Y_LIN_Ch6_TotalDataErrors,0,0,0,,{0},否
env,others,输出,env_1_Design/LIN/OutPort/LIN_CH6.Statistic.Error.Y_LIN_Ch6_TotalCrcErrors,0,0,0,,{0},否
env,others,输出,env_1_Design/LIN/OutPort/LIN_CH6.Statistic.Error.Y_LIN_Ch6_BreakErrors,0,0,0,,{0},否
env,others,输出,env_1_Design/LIN/OutPort/LIN_CH6.Statistic.Error.Y_LIN_Ch6_SyncErrors,0,0,0,,{0},否
env,others,输出,env_1_Design/LIN/OutPort/LIN_CH6.Statistic.Error.Y_LIN_Ch6_PidDetected,0,0,0,,{0},否
env,others,输出,env_1_Design/LIN/OutPort/LIN_CH6.Statistic.Error.Y_LIN_Ch6_NoRespErrors,0,0,0,,{0},否
env,others,输出,env_1_Design/LIN/OutPort/LIN_CH6.Statistic.Error.Y_LIN_Ch6_DataErrors,0,0,0,,{0},否
env,others,输出,env_1_Design/LIN/OutPort/LIN_CH6.Statistic.Error.Y_LIN_Ch6_CrcErrors,0,0,0,,{0},否
env,others,输出,env_1_Design/LIN/OutPort/LIN_CH6.Statistic.AllFrame.Y_LIN_Ch6_TotalFramesCnt,0,0,0,,{0},否
env,others,输出,env_1_Design/LIN/OutPort/LIN_CH6.Statistic.AllFrame.Y_LIN_Ch6_FramesCnt,0,0,0,,{0},否
env,others,输出,env_1_Design/LIN/OutPort/LIN_CH6.Statistic.AllFrame.Y_LIN_Ch6_FrameCycleTime,0,0,0,,{0},否
env,others,输出,env_1_Design/LIN/OutPort/LIN_CH6.Statistic.AllFrame.Y_LIN_Ch6_HeaderDurationTime,0,0,0,,{0},否
env,others,输出,env_1_Design/LIN/OutPort/LIN_CH6.Statistic.AllFrame.Y_LIN_Ch6_RespDurationTime,0,0,0,,{0},否
env,others,输出,env_1_Design/LIN/OutPort/LIN_CH6.Statistic.Wakeup.Y_LIN_Ch6_WakeupsDurationTime,0,0,0,,{0},否
env,others,输出,env_1_Design/LIN/OutPort/LIN_CH6.Statistic.Wakeup.Y_LIN_Ch6_WakeupsCommandsCnt,0,0,0,,{0},否
env,others,输出,env_1_Design/LIN/OutPort/LIN_CH6.Statistic.Sleep.Y_LIN_Ch6_SleepCommandsCnt,0,0,0,,{0},否
env,others,输出,env_1_Design/LIN/OutPort/LIN_CH7.Y_CurrentSchedule,0,0,0,,{0},是
env,others,输出,env_1_Design/LIN/OutPort/LIN_CH7.Valid,0,0,0,,{0},否
env,others,输出,env_1_Design/LIN/OutPort/LIN_CH7.Config.Y_LIN_Ch7_WorkMode,0,0,0,,{0},否
env,others,输出,env_1_Design/LIN/OutPort/LIN_CH7.Config.Y_LIN_Ch7_Bitrate,4800,4800,0,,{4800},否
env,others,输出,env_1_Design/LIN/OutPort/LIN_CH7.Statistic.Y_LIN_Ch7_Busload,0,0,0,,{0},否
env,others,输出,env_1_Design/LIN/OutPort/LIN_CH7.Statistic.Error.Y_LIN_Ch7_TotalBreakErrors,0,0,0,,{0},否
env,others,输出,env_1_Design/LIN/OutPort/LIN_CH7.Statistic.Error.Y_LIN_Ch7_TotalSyncErrors,0,0,0,,{0},否
env,others,输出,env_1_Design/LIN/OutPort/LIN_CH7.Statistic.Error.Y_LIN_Ch7_TotalPidDetected,0,0,0,,{0},否
env,others,输出,env_1_Design/LIN/OutPort/LIN_CH7.Statistic.Error.Y_LIN_Ch7_TotalNoRespErrors,0,0,0,,{0},否
env,others,输出,env_1_Design/LIN/OutPort/LIN_CH7.Statistic.Error.Y_LIN_Ch7_TotalDataErrors,0,0,0,,{0},否
env,others,输出,env_1_Design/LIN/OutPort/LIN_CH7.Statistic.Error.Y_LIN_Ch7_TotalCrcErrors,0,0,0,,{0},否
env,others,输出,env_1_Design/LIN/OutPort/LIN_CH7.Statistic.Error.Y_LIN_Ch7_BreakErrors,0,0,0,,{0},否
env,others,输出,env_1_Design/LIN/OutPort/LIN_CH7.Statistic.Error.Y_LIN_Ch7_SyncErrors,0,0,0,,{0},否
env,others,输出,env_1_Design/LIN/OutPort/LIN_CH7.Statistic.Error.Y_LIN_Ch7_PidDetected,0,0,0,,{0},否
env,others,输出,env_1_Design/LIN/OutPort/LIN_CH7.Statistic.Error.Y_LIN_Ch7_NoRespErrors,0,0,0,,{0},否
env,others,输出,env_1_Design/LIN/OutPort/LIN_CH7.Statistic.Error.Y_LIN_Ch7_DataErrors,0,0,0,,{0},否
env,others,输出,env_1_Design/LIN/OutPort/LIN_CH7.Statistic.Error.Y_LIN_Ch7_CrcErrors,0,0,0,,{0},否
env,others,输出,env_1_Design/LIN/OutPort/LIN_CH7.Statistic.AllFrame.Y_LIN_Ch7_TotalFramesCnt,0,0,0,,{0},否
env,others,输出,env_1_Design/LIN/OutPort/LIN_CH7.Statistic.AllFrame.Y_LIN_Ch7_FramesCnt,0,0,0,,{0},否
env,others,输出,env_1_Design/LIN/OutPort/LIN_CH7.Statistic.AllFrame.Y_LIN_Ch7_FrameCycleTime,0,0,0,,{0},否
env,others,输出,env_1_Design/LIN/OutPort/LIN_CH7.Statistic.AllFrame.Y_LIN_Ch7_HeaderDurationTime,0,0,0,,{0},否
env,others,输出,env_1_Design/LIN/OutPort/LIN_CH7.Statistic.AllFrame.Y_LIN_Ch7_RespDurationTime,0,0,0,,{0},否
env,others,输出,env_1_Design/LIN/OutPort/LIN_CH7.Statistic.Wakeup.Y_LIN_Ch7_WakeupsDurationTime,0,0,0,,{0},否
env,others,输出,env_1_Design/LIN/OutPort/LIN_CH7.Statistic.Wakeup.Y_LIN_Ch7_WakeupsCommandsCnt,0,0,0,,{0},否
env,others,输出,env_1_Design/LIN/OutPort/LIN_CH7.Statistic.Sleep.Y_LIN_Ch7_SleepCommandsCnt,0,0,0,,{0},否
env,others,输出,env_1_Design/LIN/OutPort/LIN_CH8.Y_CurrentSchedule,0,0,0,,{0},是
env,others,输出,env_1_Design/LIN/OutPort/LIN_CH8.Valid,0,0,0,,{0},否
env,others,输出,env_1_Design/LIN/OutPort/LIN_CH8.Config.Y_LIN_Ch8_WorkMode,0,0,0,,{0},否
env,others,输出,env_1_Design/LIN/OutPort/LIN_CH8.Config.Y_LIN_Ch8_Bitrate,4800,4800,0,,{4800},否
env,others,输出,env_1_Design/LIN/OutPort/LIN_CH8.Statistic.Y_LIN_Ch8_Busload,0,0,0,,{0},否
env,others,输出,env_1_Design/LIN/OutPort/LIN_CH8.Statistic.Error.Y_LIN_Ch8_TotalBreakErrors,0,0,0,,{0},否
env,others,输出,env_1_Design/LIN/OutPort/LIN_CH8.Statistic.Error.Y_LIN_Ch8_TotalSyncErrors,0,0,0,,{0},否
env,others,输出,env_1_Design/LIN/OutPort/LIN_CH8.Statistic.Error.Y_LIN_Ch8_TotalPidDetected,0,0,0,,{0},否
env,others,输出,env_1_Design/LIN/OutPort/LIN_CH8.Statistic.Error.Y_LIN_Ch8_TotalNoRespErrors,0,0,0,,{0},否
env,others,输出,env_1_Design/LIN/OutPort/LIN_CH8.Statistic.Error.Y_LIN_Ch8_TotalDataErrors,0,0,0,,{0},否
env,others,输出,env_1_Design/LIN/OutPort/LIN_CH8.Statistic.Error.Y_LIN_Ch8_TotalCrcErrors,0,0,0,,{0},否
env,others,输出,env_1_Design/LIN/OutPort/LIN_CH8.Statistic.Error.Y_LIN_Ch8_BreakErrors,0,0,0,,{0},否
env,others,输出,env_1_Design/LIN/OutPort/LIN_CH8.Statistic.Error.Y_LIN_Ch8_SyncErrors,0,0,0,,{0},否
env,others,输出,env_1_Design/LIN/OutPort/LIN_CH8.Statistic.Error.Y_LIN_Ch8_PidDetected,0,0,0,,{0},否
env,others,输出,env_1_Design/LIN/OutPort/LIN_CH8.Statistic.Error.Y_LIN_Ch8_NoRespErrors,0,0,0,,{0},否
env,others,输出,env_1_Design/LIN/OutPort/LIN_CH8.Statistic.Error.Y_LIN_Ch8_DataErrors,0,0,0,,{0},否
env,others,输出,env_1_Design/LIN/OutPort/LIN_CH8.Statistic.Error.Y_LIN_Ch8_CrcErrors,0,0,0,,{0},否
env,others,输出,env_1_Design/LIN/OutPort/LIN_CH8.Statistic.AllFrame.Y_LIN_Ch8_TotalFramesCnt,0,0,0,,{0},否
env,others,输出,env_1_Design/LIN/OutPort/LIN_CH8.Statistic.AllFrame.Y_LIN_Ch8_FramesCnt,0,0,0,,{0},否
env,others,输出,env_1_Design/LIN/OutPort/LIN_CH8.Statistic.AllFrame.Y_LIN_Ch8_FrameCycleTime,0,0,0,,{0},否
env,others,输出,env_1_Design/LIN/OutPort/LIN_CH8.Statistic.AllFrame.Y_LIN_Ch8_HeaderDurationTime,0,0,0,,{0},否
env,others,输出,env_1_Design/LIN/OutPort/LIN_CH8.Statistic.AllFrame.Y_LIN_Ch8_RespDurationTime,0,0,0,,{0},否
env,others,输出,env_1_Design/LIN/OutPort/LIN_CH8.Statistic.Wakeup.Y_LIN_Ch8_WakeupsDurationTime,0,0,0,,{0},否
env,others,输入,env_1_Design/Digital Output/InPort/U_DO_Ch13_FIU_Value,0,0,0,,{0},否
env,others,输入,env_1_Design/Digital Output/InPort/U_DO_Ch14_ValueLevel,0,0,0,,{0},否
env,others,输入,env_1_Design/Digital Output/InPort/U_DO_Ch14_OutCmd,0,0,0,,{0},否
env,others,输入,env_1_Design/Digital Output/InPort/U_DO_Ch14_Enable,0,0,0,,{0},否
env,others,输入,env_1_Design/Digital Output/InPort/U_DO_Ch14_FIU_Value,0,0,0,,{0},否
env,others,输入,env_1_Design/Digital Output/InPort/U_DO_Ch15_ValueLevel,0,0,0,,{0},否
env,others,输入,env_1_Design/Digital Output/InPort/U_DO_Ch15_OutCmd,0,0,0,,{0},否
env,others,输入,env_1_Design/Digital Output/InPort/U_DO_Ch15_Enable,0,0,0,,{0},否
env,others,输入,env_1_Design/Digital Output/InPort/U_DO_Ch15_FIU_Value,0,0,0,,{0},否
env,others,输入,env_1_Design/Digital Output/InPort/U_DO_Ch16_ValueLevel,0,0,0,,{0},否
env,others,输入,env_1_Design/Digital Output/InPort/U_DO_Ch16_OutCmd,0,0,0,,{0},否
env,others,输入,env_1_Design/Digital Output/InPort/U_DO_Ch16_Enable,0,0,0,,{0},否
env,others,输入,env_1_Design/Digital Output/InPort/U_DO_Ch16_FIU_Value,0,0,0,,{0},否
env,others,输入,env_1_Design/Digital Output/InPort/U_DO_Ch17_ValueLevel,0,0,0,,{0},否
env,others,输入,env_1_Design/Digital Output/InPort/U_DO_Ch17_OutCmd,0,0,0,,{0},否
env,others,输入,env_1_Design/Digital Output/InPort/U_DO_Ch17_Enable,0,0,0,,{0},否
env,others,输入,env_1_Design/Digital Output/InPort/U_DO_Ch17_FIU_Value,0,0,0,,{0},否
env,others,输入,env_1_Design/Digital Output/InPort/U_DO_Ch18_ValueLevel,0,0,0,,{0},否
env,others,输入,env_1_Design/Digital Output/InPort/U_DO_Ch18_OutCmd,0,0,0,,{0},否
env,others,输入,env_1_Design/Digital Output/InPort/U_DO_Ch18_Enable,0,0,0,,{0},否
env,others,输入,env_1_Design/Digital Output/InPort/U_DO_Ch18_FIU_Value,0,0,0,,{0},否
env,others,输入,env_1_Design/Digital Output/InPort/U_DO_Ch19_ValueLevel,0,0,0,,{0},否
env,others,输入,env_1_Design/Digital Output/InPort/U_DO_Ch19_OutCmd,0,0,0,,{0},否
env,others,输入,env_1_Design/Digital Output/InPort/U_DO_Ch19_Enable,0,0,0,,{0},否
env,others,输入,env_1_Design/Digital Output/InPort/U_DO_Ch19_FIU_Value,0,0,0,,{0},否
env,others,输入,env_1_Design/Digital Output/InPort/U_DO_Ch20_ValueLevel,0,0,0,,{0},否
env,others,输入,env_1_Design/Digital Output/InPort/U_DO_Ch20_OutCmd,0,0,0,,{0},否
env,others,输入,env_1_Design/Digital Output/InPort/U_DO_Ch20_Enable,0,0,0,,{0},否
env,others,输入,env_1_Design/Digital Output/InPort/U_DO_Ch20_FIU_Value,0,0,0,,{0},否
env,others,输入,env_1_Design/Digital Output/InPort/U_DO_Ch21_ValueLevel,0,0,0,,{0},否
env,others,输入,env_1_Design/Digital Output/InPort/U_DO_Ch21_OutCmd,0,0,0,,{0},否
env,others,输入,env_1_Design/Digital Output/InPort/U_DO_Ch21_Enable,0,0,0,,{0},否
env,others,输入,env_1_Design/Digital Output/InPort/U_DO_Ch21_FIU_Value,0,0,0,,{0},否
env,others,输入,env_1_Design/Digital Output/InPort/U_DO_Ch22_ValueLevel,0,0,0,,{0},否
env,others,输入,env_1_Design/Digital Output/InPort/U_DO_Ch22_OutCmd,0,0,0,,{0},否
env,others,输入,env_1_Design/Digital Output/InPort/U_DO_Ch22_Enable,0,0,0,,{0},否
env,others,输入,env_1_Design/Digital Output/InPort/U_DO_Ch22_FIU_Value,0,0,0,,{0},否
env,others,输入,env_1_Design/Digital Output/InPort/U_DO_Ch23_ValueLevel,0,0,0,,{0},否
env,others,输入,env_1_Design/Digital Output/InPort/U_DO_Ch23_OutCmd,0,0,0,,{0},否
env,others,输入,env_1_Design/Digital Output/InPort/U_DO_Ch23_Enable,0,0,0,,{0},否
env,others,输入,env_1_Design/Digital Output/InPort/U_DO_Ch23_FIU_Value,0,0,0,,{0},否
env,others,输入,env_1_Design/Digital Output/InPort/U_DO_Ch24_ValueLevel,0,0,0,,{0},否
env,others,输入,env_1_Design/Digital Output/InPort/U_DO_Ch24_OutCmd,0,0,0,,{0},否
env,others,输入,env_1_Design/Digital Output/InPort/U_DO_Ch24_Enable,0,0,0,,{0},否
env,others,输入,env_1_Design/Digital Output/InPort/U_DO_Ch24_FIU_Value,0,0,0,,{0},否
env,others,输入,env_1_Design/Digital Output/InPort/Model_Disabled,0,0,0,,{0},否
env,others,输入,env_1_Design/Digital Output/InPort/Model_Reset,0,0,0,,{0},否
env,others,输出,env_1_Design/Digital Output/OutPort/Y_Ch1_Support_Features,0,0,0,,{0},否
env,others,输出,env_1_Design/Digital Output/OutPort/Y_Ch1.Valid,0,1,195,"1.318, 1.518, 1.918, 2.318, 2.518, 2.718, 3.118, 3.318, 3.518, 3.718 …","{0, 1}",否
env,others,输出,env_1_Design/Digital Output/OutPort/Y_Ch2_Support_Features,0,0,0,,{0},否
env,others,输出,env_1_Design/Digital Output/OutPort/Y_Ch2.Valid,1,1,0,,{1},否
env,others,输出,env_1_Design/Digital Output/OutPort/Y_Ch3_Support_Features,0,0,0,,{0},否
env,others,输出,env_1_Design/Digital Output/OutPort/Y_Ch3.Valid,0,1,195,"1.318, 1.518, 1.918, 2.318, 2.518, 2.718, 3.118, 3.318, 3.518, 3.718 …","{0, 1}",否
env,others,输出,env_1_Design/Digital Output/OutPort/Y_Ch4_Support_Features,0,0,0,,{0},否
env,others,输出,env_1_Design/Digital Output/OutPort/Y_Ch4.Valid,0,0,0,,{0},否
env,others,输出,env_1_Design/Digital Output/OutPort/Y_Ch5_Support_Features,0,0,0,,{0},否
env,others,输出,env_1_Design/Digital Output/OutPort/Y_Ch5.Valid,0,0,0,,{0},否
env,others,输出,env_1_Design/Digital Output/OutPort/Y_Ch6_Support_Features,0,0,0,,{0},否
env,others,输出,env_1_Design/Digital Output/OutPort/Y_Ch6.Valid,0,0,0,,{0},否
env,others,输出,env_1_Design/Digital Output/OutPort/Y_Ch7_Support_Features,0,0,0,,{0},否
env,others,输出,env_1_Design/Digital Output/OutPort/Y_Ch7.Valid,0,0,0,,{0},否
env,others,输出,env_1_Design/Digital Output/OutPort/Y_Ch8_Support_Features,0,0,0,,{0},否
env,others,输出,env_1_Design/Digital Output/OutPort/Y_Ch8.Valid,0,0,0,,{0},否
env,others,输出,env_1_Design/Digital Output/OutPort/Y_Ch9_Support_Features,0,0,0,,{0},否
env,others,输出,env_1_Design/Digital Output/OutPort/Y_Ch9.Valid,0,0,0,,{0},否
env,others,输出,env_1_Design/Digital Output/OutPort/Y_Ch10_Support_Features,0,0,0,,{0},否
env,others,输出,env_1_Design/Digital Output/OutPort/Y_Ch10.Valid,0,0,0,,{0},否
env,others,输出,env_1_Design/Digital Output/OutPort/Y_Ch11_Support_Features,0,0,0,,{0},否
env,others,输出,env_1_Design/Digital Output/OutPort/Y_Ch11.Valid,0,0,0,,{0},否
env,others,输出,env_1_Design/Digital Output/OutPort/Y_Ch12_Support_Features,0,0,0,,{0},否
env,others,输出,env_1_Design/Digital Output/OutPort/Y_Ch12.Valid,0,0,0,,{0},否
env,others,输出,env_1_Design/Digital Output/OutPort/Y_Ch13_Support_Features,0,0,0,,{0},否
env,others,输出,env_1_Design/Digital Output/OutPort/Y_Ch13.Valid,0,0,0,,{0},否
env,others,输出,env_1_Design/Digital Output/OutPort/Y_Ch14_Support_Features,0,0,0,,{0},否
env,others,输出,env_1_Design/Digital Output/OutPort/Y_Ch14.Valid,0,0,0,,{0},否
env,others,输出,env_1_Design/Digital Output/OutPort/Y_Ch15_Support_Features,0,0,0,,{0},否
env,others,输出,env_1_Design/Digital Output/OutPort/Y_Ch15.Valid,0,0,0,,{0},否
env,others,输出,env_1_Design/Digital Output/OutPort/Y_Ch16_Support_Features,0,0,0,,{0},否
env,others,输出,env_1_Design/Digital Output/OutPort/Y_Ch16.Valid,0,0,0,,{0},否
env,others,输出,env_1_Design/Digital Output/OutPort/Y_Ch17_Support_Features,0,0,0,,{0},否
env,others,输出,env_1_Design/Digital Output/OutPort/Y_Ch17.Valid,0,0,0,,{0},否
env,others,输出,env_1_Design/Digital Output/OutPort/Y_Ch18_Support_Features,0,0,0,,{0},否
env,others,输出,env_1_Design/Digital Output/OutPort/Y_Ch18.Valid,0,0,0,,{0},否
env,others,输出,env_1_Design/Digital Output/OutPort/Y_Ch19_Support_Features,0,0,0,,{0},否
env,others,输出,env_1_Design/Digital Output/OutPort/Y_Ch19.Valid,0,0,0,,{0},否
env,others,输出,env_1_Design/Digital Output/OutPort/Y_Ch20_Support_Features,0,0,0,,{0},否
env,others,输出,env_1_Design/Digital Output/OutPort/Y_Ch20.Valid,0,0,0,,{0},否
env,others,输出,env_1_Design/Digital Output/OutPort/Y_Ch21_Support_Features,0,0,0,,{0},否
env,others,输出,env_1_Design/Digital Output/OutPort/Y_Ch21.Valid,0,0,0,,{0},否
env,others,输出,env_1_Design/Digital Output/OutPort/Y_Ch22_Support_Features,0,0,0,,{0},否
env,others,输出,env_1_Design/Digital Output/OutPort/Y_Ch22.Valid,0,0,0,,{0},否
env,others,输出,env_1_Design/Digital Output/OutPort/Y_Ch23_Support_Features,0,0,0,,{0},否
env,others,输出,env_1_Design/Digital Output/OutPort/Y_Ch23.Valid,0,0,0,,{0},否
env,others,输出,env_1_Design/Digital Output/OutPort/Y_Ch24_Support_Features,0,0,0,,{0},否
env,others,输出,env_1_Design/Digital Output/OutPort/Y_Ch24.Valid,0,0,0,,{0},否
env,others,内部/未标记,env_1_Design/Digital Output/Measurement/Runtime(us),0,9,371,"0.718, 0.918, 1.118, 1.318, 1.518, 1.718, 1.918, 2.318, 2.918, 3.318 …",min=0; max=9; distinct=9,否
env,others,内部/未标记,env_1_Design/Digital Output/Measurement/Runtime_Min(us),0,5,109,"2.118, 2.318, 3.118, 3.318, 3.718, 3.918, 6.318, 6.518, 8.918, 9.118 …","{0, 1, 2, 3, 4, 5}",否
env,others,内部/未标记,env_1_Design/Digital Output/Measurement/Runtime_Max(us),31,31,0,,{31},否
env,others,内部/未标记,env_1_Design/Digital Output/Measurement/Schedule_Interval(us),1,1032,423,"0.718, 0.918, 1.118, 1.318, 1.518, 1.718, 1.918, 2.118, 2.318, 2.718 …",min=1; max=1032; distinct=60,否
env,others,内部/未标记,env_1_Design/Digital Output/Measurement/Schedule_Interval_Min(us),1,1,0,,{1},否
env,others,内部/未标记,env_1_Design/Digital Output/Measurement/Schedule_Interval_Max(us),1118,1118,0,,{1118},否
env,others,内部/未标记,env_1_Design/Digital Output/Measurement/Schedule_Count,132444,328899,478,"0.718, 0.918, 1.118, 1.318, 1.518, 1.718, 1.918, 2.118, 2.318, 2.518 …",min=132444; max=328899; distinct=479,否
env,others,内部/未标记,env_1_Design/Digital Output/Measurement/Activate_Fail_Count,0,0,0,,{0},否
env,others,内部/未标记,env_1_Design/Digital Output/Measurement/Processor,5,15,425,"0.718, 0.918, 1.118, 1.318, 1.518, 1.718, 1.918, 2.118, 2.318, 2.518 …",min=5; max=15; distinct=11,否
env,others,输入,env_1_Design/FlexRay/InPort/FlexRay_CH1.U_FlexRay_Ch1_TxDisable,0,0,0,,{0},否
env,others,输入,env_1_Design/FlexRay/InPort/FlexRay_CH1.U_FlexRay_Ch1_RxDisable,0,0,0,,{0},否
env,others,输入,env_1_Design/FlexRay/InPort/Model_Disabled,0,0,0,,{0},否
env,others,输入,env_1_Design/FlexRay/InPort/Model_Reset,0,0,0,,{0},否
env,others,输出,env_1_Design/FlexRay/OutPort/FlexRay_CH1.Valid,0,0,0,,{0},否
env,others,输出,env_1_Design/FlexRay/OutPort/FlexRay_CH1.Statistic.Y_FlexRay_Ch_POCState,0,0,0,,{0},否
env,others,输出,env_1_Design/FlexRay/OutPort/FlexRay_CH1.Statistic.Y_FlexRay_Ch1_StaticBusload,0,0,0,,{0},否
env,others,输出,env_1_Design/FlexRay/OutPort/FlexRay_CH1.Statistic.Y_FlexRay_Ch1_StaticBusload(DF+NF),0,0,0,,{0},否
env,others,输出,env_1_Design/FlexRay/OutPort/FlexRay_CH1.Statistic.Y_FlexRay_Ch1_DynamicBusload,0,0,0,,{0},否
env,others,输出,env_1_Design/FlexRay/OutPort/FlexRay_CH1.Statistic.Y_FlexRay_Ch1_TotalFramesCnt,0,0,0,,{0},否
env,others,输出,env_1_Design/FlexRay/OutPort/FlexRay_CH1.Statistic.Y_FlexRay_Ch1_TotalTxFramesCnt,0,0,0,,{0},否
env,others,输出,env_1_Design/FlexRay/OutPort/FlexRay_CH1.Statistic.Y_FlexRay_Ch1_TotalRxFramesCnt,0,0,0,,{0},否
env,others,输出,env_1_Design/FlexRay/OutPort/FlexRay_CH1.Statistic.Y_FlexRay_Ch1_TotalTxStaticFramesCnt,0,0,0,,{0},否
env,others,输出,env_1_Design/FlexRay/OutPort/FlexRay_CH1.Statistic.Y_FlexRay_Ch1_TotalRxStaticFramesCnt,0,0,0,,{0},否
env,others,输出,env_1_Design/FlexRay/OutPort/FlexRay_CH1.Statistic.Y_FlexRay_Ch1_TotalTxDynamicFramesCnt,0,0,0,,{0},否
env,others,输出,env_1_Design/FlexRay/OutPort/FlexRay_CH1.Statistic.Y_FlexRay_Ch1_TotalRxDynamicFramesCnt,0,0,0,,{0},否
env,others,输出,env_1_Design/FlexRay/OutPort/FlexRay_CH1.Statistic.Y_FlexRay_Ch1_TotalNullFramesCnt,0,0,0,,{0},否
env,others,输出,env_1_Design/FlexRay/OutPort/FlexRay_CH1.Statistic.Y_FlexRay_Ch1_TotalFrameErrorsCnt,0,0,0,,{0},否
env,others,输出,env_1_Design/FlexRay/OutPort/FlexRay_CH1.Statistic.Y_FlexRay_Ch1_TotalSyntaxErrorsCnt,0,0,0,,{0},否
env,others,输出,env_1_Design/FlexRay/OutPort/FlexRay_CH1.Statistic.Y_FlexRay_Ch1_TotalContentErrorsCnt,0,0,0,,{0},否
env,others,输出,env_1_Design/FlexRay/OutPort/FlexRay_CH1.Statistic.Y_FlexRay_Ch1_TotalBoundaryErrorsCnt,0,0,0,,{0},否
env,others,输出,env_1_Design/FlexRay/OutPort/FlexRay_CH1.Statistic.Y_FlexRay_Ch1_FrameCnt,0,0,0,,{0},否
env,others,输出,env_1_Design/FlexRay/OutPort/FlexRay_CH1.Statistic.Y_FlexRay_Ch1_TxFrameCnt,0,0,0,,{0},否
env,others,输出,env_1_Design/FlexRay/OutPort/FlexRay_CH1.Statistic.Y_FlexRay_Ch1_RxFrameCnt,0,0,0,,{0},否
env,others,输出,env_1_Design/FlexRay/OutPort/FlexRay_CH1.Statistic.Y_FlexRay_Ch1_TxStaticFrameCnt,0,0,0,,{0},否
env,others,输出,env_1_Design/FlexRay/OutPort/FlexRay_CH1.Statistic.Y_FlexRay_Ch1_RxStaticFrameCnt,0,0,0,,{0},否
env,others,输出,env_1_Design/FlexRay/OutPort/FlexRay_CH1.Statistic.Y_FlexRay_Ch1_TxDynamicFrameCnt,0,0,0,,{0},否
env,others,输出,env_1_Design/FlexRay/OutPort/FlexRay_CH1.Statistic.Y_FlexRay_Ch1_RxDynamicFrameCnt,0,0,0,,{0},否
env,others,输出,env_1_Design/FlexRay/OutPort/FlexRay_CH1.Statistic.Y_FlexRay_Ch1_NullFrameCnt,0,0,0,,{0},否
env,others,输出,env_1_Design/FlexRay/OutPort/FlexRay_CH1.Statistic.Y_FlexRay_Ch1_FrameErrorCnt,0,0,0,,{0},否
env,others,输出,env_1_Design/FlexRay/OutPort/FlexRay_CH1.Statistic.Y_FlexRay_Ch1_SyntaxErrorCnt,0,0,0,,{0},否
env,others,输出,env_1_Design/FlexRay/OutPort/FlexRay_CH1.Statistic.Y_FlexRay_Ch1_ContentErrorCnt,0,0,0,,{0},否
env,others,输出,env_1_Design/FlexRay/OutPort/FlexRay_CH1.Statistic.Y_FlexRay_Ch1_BoundaryErrorCnt,0,0,0,,{0},否
env,others,输出,env_1_Design/FlexRay/OutPort/FlexRay_CH1.Statistic.Y_FlexRay_Ch1_B_POCState,0,0,0,,{0},否
env,others,输出,env_1_Design/FlexRay/OutPort/FlexRay_CH1.Statistic.Y_FlexRay_Ch1_B_StaticBusload,0,0,0,,{0},否
env,others,输出,env_1_Design/FlexRay/OutPort/FlexRay_CH1.Statistic.Y_FlexRay_Ch1_B_StaticBusload(DF+NF),0,0,0,,{0},否
env,others,输出,env_1_Design/FlexRay/OutPort/FlexRay_CH1.Statistic.Y_FlexRay_Ch1_B_DynamicBusload,0,0,0,,{0},否
env,others,输出,env_1_Design/FlexRay/OutPort/FlexRay_CH1.Statistic.Y_FlexRay_Ch1_B_TotalFramesCnt,0,0,0,,{0},否
env,others,输出,env_1_Design/FlexRay/OutPort/FlexRay_CH1.Statistic.Y_FlexRay_Ch1_B_TotalTxFramesCnt,0,0,0,,{0},否
env,others,输出,env_1_Design/FlexRay/OutPort/FlexRay_CH1.Statistic.Y_FlexRay_Ch1_B_TotalRxFramesCnt,0,0,0,,{0},否
env,others,输出,env_1_Design/FlexRay/OutPort/FlexRay_CH1.Statistic.Y_FlexRay_Ch1_B_TotalTxStaticFramesCnt,0,0,0,,{0},否
env,others,输出,env_1_Design/FlexRay/OutPort/FlexRay_CH1.Statistic.Y_FlexRay_Ch1_B_TotalRxStaticFramesCnt,0,0,0,,{0},否
env,others,输出,env_1_Design/FlexRay/OutPort/FlexRay_CH1.Statistic.Y_FlexRay_Ch1_B_TotalTxDynamicFramesCnt,0,0,0,,{0},否
env,others,输出,env_1_Design/FlexRay/OutPort/FlexRay_CH1.Statistic.Y_FlexRay_Ch1_B_TotalRxDynamicFramesCnt,0,0,0,,{0},否
env,others,输出,env_1_Design/FlexRay/OutPort/FlexRay_CH1.Statistic.Y_FlexRay_Ch1_B_TotalNullFramesCnt,0,0,0,,{0},否
env,others,输出,env_1_Design/FlexRay/OutPort/FlexRay_CH1.Statistic.Y_FlexRay_Ch1_B_TotalFrameErrorsCnt,0,0,0,,{0},否
env,others,输出,env_1_Design/FlexRay/OutPort/FlexRay_CH1.Statistic.Y_FlexRay_Ch1_B_TotalSyntaxErrorsCnt,0,0,0,,{0},否
env,others,输出,env_1_Design/FlexRay/OutPort/FlexRay_CH1.Statistic.Y_FlexRay_Ch1_B_TotalContentErrorsCnt,0,0,0,,{0},否
env,others,输出,env_1_Design/FlexRay/OutPort/FlexRay_CH1.Statistic.Y_FlexRay_Ch1_B_TotalBoundaryErrorsCnt,0,0,0,,{0},否
env,others,输出,env_1_Design/FlexRay/OutPort/FlexRay_CH1.Statistic.Y_FlexRay_Ch1_B_FrameCnt,0,0,0,,{0},否
env,others,输出,env_1_Design/FlexRay/OutPort/FlexRay_CH1.Statistic.Y_FlexRay_Ch1_B_TxFrameCnt,0,0,0,,{0},否
env,others,输出,env_1_Design/FlexRay/OutPort/FlexRay_CH1.Statistic.Y_FlexRay_Ch1_B_RxFrameCnt,0,0,0,,{0},否
env,others,输出,env_1_Design/FlexRay/OutPort/FlexRay_CH1.Statistic.Y_FlexRay_Ch1_B_TxStaticFrameCnt,0,0,0,,{0},否
env,others,输出,env_1_Design/FlexRay/OutPort/FlexRay_CH1.Statistic.Y_FlexRay_Ch1_B_RxStaticFrameCnt,0,0,0,,{0},否
env,others,输出,env_1_Design/FlexRay/OutPort/FlexRay_CH1.Statistic.Y_FlexRay_Ch1_B_TxDynamicFrameCnt,0,0,0,,{0},否
env,others,输出,env_1_Design/FlexRay/OutPort/FlexRay_CH1.Statistic.Y_FlexRay_Ch1_B_RxDynamicFrameCnt,0,0,0,,{0},否
env,others,输出,env_1_Design/FlexRay/OutPort/FlexRay_CH1.Statistic.Y_FlexRay_Ch1_B_NullFrameCnt,0,0,0,,{0},否
env,others,输出,env_1_Design/FlexRay/OutPort/FlexRay_CH1.Statistic.Y_FlexRay_Ch1_B_FrameErrorCnt,0,0,0,,{0},否
env,others,输出,env_1_Design/FlexRay/OutPort/FlexRay_CH1.Statistic.Y_FlexRay_Ch1_B_SyntaxErrorCnt,0,0,0,,{0},否
env,others,输出,env_1_Design/FlexRay/OutPort/FlexRay_CH1.Statistic.Y_FlexRay_Ch1_B_ContentErrorCnt,0,0,0,,{0},否
env,others,输出,env_1_Design/FlexRay/OutPort/FlexRay_CH1.Statistic.Y_FlexRay_Ch1_B_BoundaryErrorCnt,0,0,0,,{0},否
env,others,输出,env_1_Design/FlexRay/OutPort/FlexRay_CH1.Statistic.Y_FlexRay_Ch1_AstartTime,0,0,0,,{0},否
env,others,输出,env_1_Design/FlexRay/OutPort/FlexRay_CH1.Statistic.Y_FlexRay_Ch1_BstartTime,0,0,0,,{0},否
env,others,内部/未标记,env_1_Design/FlexRay/Measurement/Runtime(us),0,0,0,,{0},否
env,others,内部/未标记,env_1_Design/FlexRay/Measurement/Runtime_Min(us),0,0,0,,{0},否
env,others,内部/未标记,env_1_Design/FlexRay/Measurement/Runtime_Max(us),0,0,0,,{0},否
env,others,内部/未标记,env_1_Design/FlexRay/Measurement/Schedule_Interval(us),0,0,0,,{0},否
env,others,内部/未标记,env_1_Design/FlexRay/Measurement/Schedule_Interval_Min(us),0,0,0,,{0},否
env,others,内部/未标记,env_1_Design/FlexRay/Measurement/Schedule_Interval_Max(us),0,0,0,,{0},否
env,others,内部/未标记,env_1_Design/FlexRay/Measurement/Schedule_Count,0,0,0,,{0},否
env,others,内部/未标记,env_1_Design/FlexRay/Measurement/Activate_Fail_Count,0,0,0,,{0},否
env,others,内部/未标记,env_1_Design/FlexRay/Measurement/Processor,0,0,0,,{0},否
env,others,输入,env_1_Design/LIN/InPort/LIN_CH1.U_LIN_Ch1_TxDisable,0,0,0,,{0},否
env,others,输入,env_1_Design/LIN/InPort/LIN_CH1.U_LIN_Ch1_RxDisable,0,0,0,,{0},否
env,others,输入,env_1_Design/LIN/InPort/LIN_CH1.U_ScheduleSwitch,0,0,0,,{0},否
env,others,输入,env_1_Design/LIN/InPort/LIN_CH2.U_LIN_Ch2_TxDisable,0,0,0,,{0},否
env,others,输入,env_1_Design/LIN/InPort/LIN_CH2.U_LIN_Ch2_RxDisable,0,0,0,,{0},否
env,others,输入,env_1_Design/LIN/InPort/LIN_CH2.U_ScheduleSwitch,0,0,0,,{0},否
env,others,输入,env_1_Design/LIN/InPort/LIN_CH3.U_LIN_Ch3_TxDisable,0,0,0,,{0},否
env,others,输入,env_1_Design/LIN/InPort/LIN_CH3.U_LIN_Ch3_RxDisable,0,0,0,,{0},否
env,others,输入,env_1_Design/LIN/InPort/LIN_CH3.U_ScheduleSwitch,0,0,0,,{0},否
env,others,输入,env_1_Design/LIN/InPort/LIN_CH4.U_LIN_Ch4_TxDisable,0,0,0,,{0},否
env,others,输入,env_1_Design/LIN/InPort/LIN_CH4.U_LIN_Ch4_RxDisable,0,0,0,,{0},否
env,others,输入,env_1_Design/LIN/InPort/LIN_CH4.U_ScheduleSwitch,0,0,0,,{0},否
env,others,输入,env_1_Design/LIN/InPort/LIN_CH5.U_LIN_Ch5_TxDisable,0,0,0,,{0},否
env,others,输入,env_1_Design/LIN/InPort/LIN_CH5.U_LIN_Ch5_RxDisable,0,0,0,,{0},否
env,others,输入,env_1_Design/LIN/InPort/LIN_CH5.U_ScheduleSwitch,0,0,0,,{0},否
env,others,输入,env_1_Design/LIN/InPort/LIN_CH6.U_LIN_Ch6_TxDisable,0,0,0,,{0},否
env,others,输入,env_1_Design/LIN/InPort/LIN_CH6.U_LIN_Ch6_RxDisable,0,0,0,,{0},否
env,others,输入,env_1_Design/LIN/InPort/LIN_CH6.U_ScheduleSwitch,0,0,0,,{0},否
env,others,输入,env_1_Design/LIN/InPort/LIN_CH7.U_LIN_Ch7_TxDisable,0,0,0,,{0},否
env,others,输入,env_1_Design/LIN/InPort/LIN_CH7.U_LIN_Ch7_RxDisable,0,0,0,,{0},否
env,others,输入,env_1_Design/LIN/InPort/LIN_CH7.U_ScheduleSwitch,0,0,0,,{0},否
env,others,输入,env_1_Design/LIN/InPort/LIN_CH8.U_LIN_Ch8_TxDisable,0,0,0,,{0},否
env,others,输入,env_1_Design/LIN/InPort/LIN_CH8.U_LIN_Ch8_RxDisable,0,0,0,,{0},否
env,others,输入,env_1_Design/LIN/InPort/LIN_CH8.U_ScheduleSwitch,0,0,0,,{0},否
env,others,输入,env_1_Design/PWM Output/InPort/U_Ch30_PWM_Out_Duty_Ratio,0,0,0,,{0},否
env,others,输入,env_1_Design/PWM Output/InPort/U_Ch30_PWM_Out_Amplitude,0,0,0,,{0},否
env,others,输入,env_1_Design/PWM Output/InPort/U_Ch30_PWM_Out_Enable,0,0,0,,{0},否
env,others,输入,env_1_Design/PWM Output/InPort/U_Ch30_PWM_Out_FIU,0,0,0,,{0},否
env,others,输入,env_1_Design/PWM Output/InPort/U_Ch31_PWM_Out_Frequency,0,0,0,,{0},否
env,others,输入,env_1_Design/PWM Output/InPort/U_Ch31_PWM_Out_Duty_Ratio,0,0,0,,{0},否
env,others,输入,env_1_Design/PWM Output/InPort/U_Ch31_PWM_Out_Amplitude,0,0,0,,{0},否
env,others,输入,env_1_Design/PWM Output/InPort/U_Ch31_PWM_Out_Enable,0,0,0,,{0},否
env,others,输入,env_1_Design/PWM Output/InPort/U_Ch31_PWM_Out_FIU,0,0,0,,{0},否
env,others,输入,env_1_Design/PWM Output/InPort/U_Ch32_PWM_Out_Frequency,0,0,0,,{0},否
env,others,输入,env_1_Design/PWM Output/InPort/U_Ch32_PWM_Out_Duty_Ratio,0,0,0,,{0},否
env,others,输入,env_1_Design/PWM Output/InPort/U_Ch32_PWM_Out_Amplitude,0,0,0,,{0},否
env,others,输入,env_1_Design/PWM Output/InPort/U_Ch32_PWM_Out_Enable,0,0,0,,{0},否
env,others,输入,env_1_Design/PWM Output/InPort/U_Ch32_PWM_Out_FIU,0,0,0,,{0},否
env,others,输入,env_1_Design/PWM Output/InPort/U_Ch33_PWM_Out_Frequency,0,0,0,,{0},否
env,others,输入,env_1_Design/PWM Output/InPort/U_Ch33_PWM_Out_Duty_Ratio,0,0,0,,{0},否
env,others,输入,env_1_Design/PWM Output/InPort/U_Ch33_PWM_Out_Amplitude,0,0,0,,{0},否
env,others,输入,env_1_Design/PWM Output/InPort/U_Ch33_PWM_Out_Enable,0,0,0,,{0},否
env,others,输入,env_1_Design/PWM Output/InPort/U_Ch33_PWM_Out_FIU,0,0,0,,{0},否
env,others,输入,env_1_Design/PWM Output/InPort/U_Ch34_PWM_Out_Frequency,0,0,0,,{0},否
env,others,输入,env_1_Design/PWM Output/InPort/U_Ch34_PWM_Out_Duty_Ratio,0,0,0,,{0},否
env,others,输入,env_1_Design/PWM Output/InPort/U_Ch34_PWM_Out_Amplitude,0,0,0,,{0},否
env,others,输入,env_1_Design/PWM Output/InPort/U_Ch34_PWM_Out_Enable,0,0,0,,{0},否
env,others,输入,env_1_Design/PWM Output/InPort/U_Ch34_PWM_Out_FIU,0,0,0,,{0},否
env,others,输入,env_1_Design/PWM Output/InPort/U_Ch35_PWM_Out_Frequency,0,0,0,,{0},否
env,others,输入,env_1_Design/PWM Output/InPort/U_Ch35_PWM_Out_Duty_Ratio,0,0,0,,{0},否
env,others,输入,env_1_Design/PWM Output/InPort/U_Ch35_PWM_Out_Amplitude,0,0,0,,{0},否
env,others,输入,env_1_Design/PWM Output/InPort/U_Ch35_PWM_Out_Enable,0,0,0,,{0},否
env,others,输入,env_1_Design/PWM Output/InPort/U_Ch35_PWM_Out_FIU,0,0,0,,{0},否
env,others,输入,env_1_Design/PWM Output/InPort/U_Ch36_PWM_Out_Frequency,0,0,0,,{0},否
env,others,输入,env_1_Design/PWM Output/InPort/U_Ch36_PWM_Out_Duty_Ratio,0,0,0,,{0},否
env,others,输入,env_1_Design/PWM Output/InPort/U_Ch36_PWM_Out_Amplitude,0,0,0,,{0},否
env,others,输入,env_1_Design/PWM Output/InPort/U_Ch36_PWM_Out_Enable,0,0,0,,{0},否
env,others,输入,env_1_Design/PWM Output/InPort/U_Ch36_PWM_Out_FIU,0,0,0,,{0},否
env,others,输入,env_1_Design/PWM Output/InPort/U_Ch37_PWM_Out_Frequency,0,0,0,,{0},否
env,others,输入,env_1_Design/PWM Output/InPort/U_Ch37_PWM_Out_Duty_Ratio,0,0,0,,{0},否
env,others,输入,env_1_Design/PWM Output/InPort/U_Ch37_PWM_Out_Amplitude,0,0,0,,{0},否
env,others,输入,env_1_Design/PWM Output/InPort/U_Ch37_PWM_Out_Enable,0,0,0,,{0},否
env,others,输入,env_1_Design/PWM Output/InPort/U_Ch37_PWM_Out_FIU,0,0,0,,{0},否
env,others,输入,env_1_Design/PWM Output/InPort/U_Ch38_PWM_Out_Frequency,0,0,0,,{0},否
env,others,输入,env_1_Design/PWM Output/InPort/U_Ch38_PWM_Out_Duty_Ratio,0,0,0,,{0},否
env,others,输入,env_1_Design/PWM Output/InPort/U_Ch38_PWM_Out_Amplitude,0,0,0,,{0},否
env,others,输入,env_1_Design/PWM Output/InPort/U_Ch38_PWM_Out_Enable,0,0,0,,{0},否
env,others,输入,env_1_Design/PWM Output/InPort/U_Ch38_PWM_Out_FIU,0,0,0,,{0},否
env,others,输入,env_1_Design/PWM Output/InPort/U_Ch39_PWM_Out_Frequency,0,0,0,,{0},否
env,others,输入,env_1_Design/PWM Output/InPort/U_Ch39_PWM_Out_Duty_Ratio,0,0,0,,{0},否
env,others,输入,env_1_Design/PWM Output/InPort/U_Ch39_PWM_Out_Amplitude,0,0,0,,{0},否
env,others,输入,env_1_Design/PWM Output/InPort/U_Ch39_PWM_Out_Enable,0,0,0,,{0},否
env,others,输入,env_1_Design/PWM Output/InPort/U_Ch39_PWM_Out_FIU,0,0,0,,{0},否
env,others,输入,env_1_Design/PWM Output/InPort/U_Ch40_PWM_Out_Frequency,0,0,0,,{0},否
env,others,输入,env_1_Design/PWM Output/InPort/U_Ch40_PWM_Out_Duty_Ratio,0,0,0,,{0},否
env,others,输入,env_1_Design/PWM Output/InPort/U_Ch40_PWM_Out_Amplitude,0,0,0,,{0},否
env,others,输入,env_1_Design/PWM Output/InPort/U_Ch40_PWM_Out_Enable,0,0,0,,{0},否
env,others,输入,env_1_Design/PWM Output/InPort/U_Ch40_PWM_Out_FIU,0,0,0,,{0},否
env,others,输入,env_1_Design/PWM Output/InPort/U_Ch41_PWM_Out_Frequency,0,0,0,,{0},否
env,others,输入,env_1_Design/PWM Output/InPort/U_Ch41_PWM_Out_Duty_Ratio,0,0,0,,{0},否
env,others,输入,env_1_Design/PWM Output/InPort/U_Ch41_PWM_Out_Amplitude,0,0,0,,{0},否
env,others,输入,env_1_Design/PWM Output/InPort/U_Ch41_PWM_Out_Enable,0,0,0,,{0},否
env,others,输入,env_1_Design/PWM Output/InPort/U_Ch41_PWM_Out_FIU,0,0,0,,{0},否
env,others,输入,env_1_Design/PWM Output/InPort/U_Ch42_PWM_Out_Frequency,0,0,0,,{0},否
env,others,输入,env_1_Design/PWM Output/InPort/U_Ch42_PWM_Out_Duty_Ratio,0,0,0,,{0},否
env,others,输入,env_1_Design/PWM Output/InPort/U_Ch42_PWM_Out_Amplitude,0,0,0,,{0},否
env,others,输入,env_1_Design/PWM Output/InPort/U_Ch42_PWM_Out_Enable,0,0,0,,{0},否
env,others,输入,env_1_Design/PWM Output/InPort/U_Ch42_PWM_Out_FIU,0,0,0,,{0},否
env,others,输入,env_1_Design/PWM Output/InPort/U_Ch43_PWM_Out_Frequency,0,0,0,,{0},否
env,others,输入,env_1_Design/PWM Output/InPort/U_Ch43_PWM_Out_Duty_Ratio,0,0,0,,{0},否
env,others,输入,env_1_Design/PWM Output/InPort/U_Ch43_PWM_Out_Amplitude,0,0,0,,{0},否
env,others,输入,env_1_Design/PWM Output/InPort/U_Ch43_PWM_Out_Enable,0,0,0,,{0},否
env,others,输入,env_1_Design/PWM Output/InPort/U_Ch43_PWM_Out_FIU,0,0,0,,{0},否
env,others,输入,env_1_Design/PWM Output/InPort/U_Ch44_PWM_Out_Frequency,0,0,0,,{0},否
env,others,输入,env_1_Design/PWM Output/InPort/U_Ch44_PWM_Out_Duty_Ratio,0,0,0,,{0},否
env,others,输入,env_1_Design/PWM Output/InPort/U_Ch44_PWM_Out_Amplitude,0,0,0,,{0},否
env,others,输入,env_1_Design/PWM Output/InPort/U_Ch44_PWM_Out_Enable,0,0,0,,{0},否
env,others,输入,env_1_Design/PWM Output/InPort/U_Ch44_PWM_Out_FIU,0,0,0,,{0},否
env,others,输入,env_1_Design/PWM Output/InPort/U_Ch45_PWM_Out_Frequency,0,0,0,,{0},否
env,others,输入,env_1_Design/PWM Output/InPort/U_Ch45_PWM_Out_Duty_Ratio,0,0,0,,{0},否
env,others,输入,env_1_Design/PWM Output/InPort/U_Ch45_PWM_Out_Amplitude,0,0,0,,{0},否
env,others,输入,env_1_Design/PWM Output/InPort/U_Ch45_PWM_Out_Enable,0,0,0,,{0},否
env,others,输入,env_1_Design/PWM Output/InPort/U_Ch45_PWM_Out_FIU,0,0,0,,{0},否
env,others,输入,env_1_Design/PWM Output/InPort/U_Ch46_PWM_Out_Frequency,0,0,0,,{0},否
env,others,输入,env_1_Design/PWM Output/InPort/U_Ch46_PWM_Out_Duty_Ratio,0,0,0,,{0},否
env,others,输入,env_1_Design/PWM Output/InPort/U_Ch46_PWM_Out_Amplitude,0,0,0,,{0},否
env,others,输入,env_1_Design/PWM Output/InPort/U_Ch46_PWM_Out_Enable,0,0,0,,{0},否
env,others,输入,env_1_Design/PWM Output/InPort/U_Ch46_PWM_Out_FIU,0,0,0,,{0},否
env,others,输入,env_1_Design/PWM Output/InPort/U_Ch47_PWM_Out_Frequency,0,0,0,,{0},否
env,others,输入,env_1_Design/PWM Output/InPort/U_Ch47_PWM_Out_Duty_Ratio,0,0,0,,{0},否
env,others,输入,env_1_Design/PWM Output/InPort/U_Ch47_PWM_Out_Amplitude,0,0,0,,{0},否
env,others,输入,env_1_Design/PWM Output/InPort/U_Ch47_PWM_Out_Enable,0,0,0,,{0},否
env,others,输入,env_1_Design/PWM Output/InPort/U_Ch47_PWM_Out_FIU,0,0,0,,{0},否
env,others,输入,env_1_Design/PWM Output/InPort/U_Ch48_PWM_Out_Frequency,0,0,0,,{0},否
env,others,输入,env_1_Design/PWM Output/InPort/U_Ch48_PWM_Out_Duty_Ratio,0,0,0,,{0},否
env,others,输入,env_1_Design/PWM Output/InPort/U_Ch48_PWM_Out_Amplitude,0,0,0,,{0},否
env,others,输入,env_1_Design/PWM Output/InPort/U_Ch48_PWM_Out_Enable,0,0,0,,{0},否
env,others,输入,env_1_Design/PWM Output/InPort/U_Ch48_PWM_Out_FIU,0,0,0,,{0},否
env,others,输入,env_1_Design/PWM Output/InPort/Model_Disabled,0,0,0,,{0},否
env,others,输入,env_1_Design/PWM Output/InPort/Model_Reset,0,0,0,,{0},否
env,others,输出,env_1_Design/PWM Output/OutPort/Y_Ch1_Support_Features,0,0,0,,{0},否
env,others,输出,env_1_Design/PWM Output/OutPort/Y_Ch1.Valid,0,1,16,"2.994, 3.194, 14.194, 14.394, 22.194, 22.394, 43.994, 44.194, 60.594, 60.794 …","{0, 1}",否
env,others,输出,env_1_Design/PWM Output/OutPort/Y_Ch2_Support_Features,0,0,0,,{0},否
env,others,输出,env_1_Design/PWM Output/OutPort/Y_Ch2.Valid,0,1,16,"2.994, 3.194, 14.194, 14.394, 22.194, 22.394, 43.994, 44.194, 60.594, 60.794 …","{0, 1}",否
env,others,输出,env_1_Design/PWM Output/OutPort/Y_Ch3_Support_Features,0,0,0,,{0},否
env,others,输出,env_1_Design/PWM Output/OutPort/Y_Ch3.Valid,0,1,16,"2.994, 3.194, 14.194, 14.394, 22.194, 22.394, 43.994, 44.194, 60.594, 60.794 …","{0, 1}",否
env,others,输出,env_1_Design/PWM Output/OutPort/Y_Ch4_Support_Features,0,0,0,,{0},否
env,others,输出,env_1_Design/PWM Output/OutPort/Y_Ch4.Valid,0,1,16,"2.994, 3.194, 14.194, 14.394, 22.194, 22.394, 43.994, 44.194, 60.594, 60.794 …","{0, 1}",否
env,others,输出,env_1_Design/PWM Output/OutPort/Y_Ch5_Support_Features,0,0,0,,{0},否
env,others,输出,env_1_Design/PWM Output/OutPort/Y_Ch5.Valid,0,1,16,"2.994, 3.194, 14.194, 14.394, 22.194, 22.394, 43.994, 44.194, 60.594, 60.794 …","{0, 1}",否
env,others,输出,env_1_Design/PWM Output/OutPort/Y_Ch6_Support_Features,0,0,0,,{0},否
env,others,输出,env_1_Design/PWM Output/OutPort/Y_Ch6.Valid,0,1,16,"2.994, 3.194, 14.194, 14.394, 22.194, 22.394, 43.994, 44.194, 60.594, 60.794 …","{0, 1}",否
env,others,输出,env_1_Design/PWM Output/OutPort/Y_Ch7_Support_Features,0,0,0,,{0},否
env,others,输出,env_1_Design/PWM Output/OutPort/Y_Ch7.Valid,0,1,16,"2.994, 3.194, 14.194, 14.394, 22.194, 22.394, 43.994, 44.194, 60.594, 60.794 …","{0, 1}",否
env,others,输出,env_1_Design/PWM Output/OutPort/Y_Ch8_Support_Features,0,0,0,,{0},否
env,others,输出,env_1_Design/PWM Output/OutPort/Y_Ch8.Valid,0,1,16,"2.994, 3.194, 14.194, 14.394, 22.194, 22.394, 43.994, 44.194, 60.594, 60.794 …","{0, 1}",否
env,others,输出,env_1_Design/PWM Output/OutPort/Y_Ch9_Support_Features,0,0,0,,{0},否
env,others,输出,env_1_Design/PWM Output/OutPort/Y_Ch9.Valid,0,1,16,"2.994, 3.194, 14.194, 14.394, 22.194, 22.394, 43.994, 44.194, 60.594, 60.794 …","{0, 1}",否
env,others,输出,env_1_Design/PWM Output/OutPort/Y_Ch10_Support_Features,0,0,0,,{0},否
env,others,输出,env_1_Design/PWM Output/OutPort/Y_Ch10.Valid,0,1,16,"2.994, 3.194, 14.194, 14.394, 22.194, 22.394, 43.994, 44.194, 60.594, 60.794 …","{0, 1}",否
env,others,输出,env_1_Design/PWM Output/OutPort/Y_Ch11_Support_Features,0,0,0,,{0},否
env,others,输出,env_1_Design/PWM Output/OutPort/Y_Ch11.Valid,0,1,16,"2.994, 3.194, 14.194, 14.394, 22.194, 22.394, 43.994, 44.194, 60.594, 60.794 …","{0, 1}",否
env,others,输出,env_1_Design/PWM Output/OutPort/Y_Ch12_Support_Features,0,0,0,,{0},否
env,others,输出,env_1_Design/PWM Output/OutPort/Y_Ch12.Valid,0,1,16,"2.994, 3.194, 14.194, 14.394, 22.194, 22.394, 43.994, 44.194, 60.594, 60.794 …","{0, 1}",否
env,others,输出,env_1_Design/PWM Output/OutPort/Y_Ch13_Support_Features,0,0,0,,{0},否
env,others,输出,env_1_Design/PWM Output/OutPort/Y_Ch13.Valid,0,1,16,"2.994, 3.194, 14.194, 14.394, 22.194, 22.394, 43.994, 44.194, 60.594, 60.794 …","{0, 1}",否
env,others,输出,env_1_Design/PWM Output/OutPort/Y_Ch14_Support_Features,0,0,0,,{0},否
env,others,输出,env_1_Design/PWM Output/OutPort/Y_Ch14.Valid,0,1,16,"2.994, 3.194, 14.194, 14.394, 22.194, 22.394, 43.994, 44.194, 60.594, 60.794 …","{0, 1}",否
env,others,输出,env_1_Design/PWM Output/OutPort/Y_Ch15_Support_Features,0,0,0,,{0},否
env,others,输出,env_1_Design/PWM Output/OutPort/Y_Ch15.Valid,0,1,16,"2.994, 3.194, 14.194, 14.394, 22.194, 22.394, 43.994, 44.194, 60.594, 60.794 …","{0, 1}",否
env,others,输出,env_1_Design/PWM Output/OutPort/Y_Ch16_Support_Features,0,0,0,,{0},否
env,others,输出,env_1_Design/PWM Output/OutPort/Y_Ch16.Valid,0,1,16,"2.994, 3.194, 14.194, 14.394, 22.194, 22.394, 43.994, 44.194, 60.594, 60.794 …","{0, 1}",否
env,others,输出,env_1_Design/PWM Output/OutPort/Y_Ch17_Support_Features,0,0,0,,{0},否
env,others,输出,env_1_Design/PWM Output/OutPort/Y_Ch17.Valid,0,1,16,"2.994, 3.194, 14.194, 14.394, 22.194, 22.394, 43.994, 44.194, 60.594, 60.794 …","{0, 1}",否
env,others,输出,env_1_Design/PWM Output/OutPort/Y_Ch18_Support_Features,0,0,0,,{0},否
env,others,输出,env_1_Design/PWM Output/OutPort/Y_Ch18.Valid,0,1,16,"2.994, 3.194, 14.194, 14.394, 22.194, 22.394, 43.994, 44.194, 60.594, 60.794 …","{0, 1}",否
env,others,输出,env_1_Design/PWM Output/OutPort/Y_Ch19_Support_Features,0,0,0,,{0},否
env,others,输出,env_1_Design/PWM Output/OutPort/Y_Ch19.Valid,0,1,16,"2.994, 3.194, 14.194, 14.394, 22.194, 22.394, 43.994, 44.194, 60.594, 60.794 …","{0, 1}",否
env,others,输出,env_1_Design/PWM Output/OutPort/Y_Ch20_Support_Features,0,0,0,,{0},否
env,others,输出,env_1_Design/PWM Output/OutPort/Y_Ch20.Valid,0,1,16,"2.994, 3.194, 14.194, 14.394, 22.194, 22.394, 43.994, 44.194, 60.594, 60.794 …","{0, 1}",否
env,others,输出,env_1_Design/PWM Output/OutPort/Y_Ch21_Support_Features,0,0,0,,{0},否
env,others,输出,env_1_Design/PWM Output/OutPort/Y_Ch21.Valid,0,1,16,"2.994, 3.194, 14.194, 14.394, 22.194, 22.394, 43.994, 44.194, 60.594, 60.794 …","{0, 1}",否
env,others,输出,env_1_Design/PWM Output/OutPort/Y_Ch22_Support_Features,0,0,0,,{0},否
env,others,输出,env_1_Design/PWM Output/OutPort/Y_Ch22.Valid,0,1,16,"2.994, 3.194, 14.194, 14.394, 22.194, 22.394, 43.994, 44.194, 60.594, 60.794 …","{0, 1}",否
env,others,输出,env_1_Design/PWM Output/OutPort/Y_Ch23_Support_Features,0,0,0,,{0},否
env,others,输出,env_1_Design/PWM Output/OutPort/Y_Ch23.Valid,0,1,16,"2.994, 3.194, 14.194, 14.394, 22.194, 22.394, 43.994, 44.194, 60.594, 60.794 …","{0, 1}",否
env,others,输出,env_1_Design/PWM Output/OutPort/Y_Ch24_Support_Features,0,0,0,,{0},否
env,others,输出,env_1_Design/PWM Output/OutPort/Y_Ch24.Valid,0,1,16,"2.994, 3.194, 14.194, 14.394, 22.194, 22.394, 43.994, 44.194, 60.594, 60.794 …","{0, 1}",否
env,others,输出,env_1_Design/PWM Output/OutPort/Y_Ch25_Support_Features,0,0,0,,{0},否
env,others,输出,env_1_Design/PWM Output/OutPort/Y_Ch25.Valid,0,0,0,,{0},否
env,others,输出,env_1_Design/PWM Output/OutPort/Y_Ch26_Support_Features,0,0,0,,{0},否
env,others,输出,env_1_Design/PWM Output/OutPort/Y_Ch26.Valid,0,0,0,,{0},否
env,others,输出,env_1_Design/PWM Output/OutPort/Y_Ch27_Support_Features,0,0,0,,{0},否
env,others,输出,env_1_Design/PWM Output/OutPort/Y_Ch27.Valid,0,0,0,,{0},否
env,others,输出,env_1_Design/PWM Output/OutPort/Y_Ch28_Support_Features,0,0,0,,{0},否
env,others,输出,env_1_Design/PWM Output/OutPort/Y_Ch28.Valid,0,0,0,,{0},否
env,others,输出,env_1_Design/PWM Output/OutPort/Y_Ch29_Support_Features,0,0,0,,{0},否
env,others,输出,env_1_Design/PWM Output/OutPort/Y_Ch29.Valid,0,0,0,,{0},否
env,others,输出,env_1_Design/PWM Output/OutPort/Y_Ch30_Support_Features,0,0,0,,{0},否
env,others,输出,env_1_Design/PWM Output/OutPort/Y_Ch30.Valid,0,0,0,,{0},否
env,others,输出,env_1_Design/PWM Output/OutPort/Y_Ch31_Support_Features,0,0,0,,{0},否
env,others,输出,env_1_Design/PWM Output/OutPort/Y_Ch31.Valid,0,0,0,,{0},否
env,others,输出,env_1_Design/PWM Output/OutPort/Y_Ch32_Support_Features,0,0,0,,{0},否
env,others,输出,env_1_Design/PWM Output/OutPort/Y_Ch32.Valid,0,0,0,,{0},否
env,others,输出,env_1_Design/PWM Output/OutPort/Y_Ch33_Support_Features,0,0,0,,{0},否
env,others,输出,env_1_Design/PWM Output/OutPort/Y_Ch33.Valid,0,0,0,,{0},否
env,others,输出,env_1_Design/PWM Output/OutPort/Y_Ch34_Support_Features,0,0,0,,{0},否
env,others,输出,env_1_Design/PWM Output/OutPort/Y_Ch34.Valid,0,0,0,,{0},否
env,others,输出,env_1_Design/PWM Output/OutPort/Y_Ch35_Support_Features,0,0,0,,{0},否
env,others,输出,env_1_Design/PWM Output/OutPort/Y_Ch35.Valid,0,0,0,,{0},否
env,others,输出,env_1_Design/PWM Output/OutPort/Y_Ch36_Support_Features,0,0,0,,{0},否
env,others,输出,env_1_Design/PWM Output/OutPort/Y_Ch36.Valid,0,0,0,,{0},否
env,others,输出,env_1_Design/PWM Output/OutPort/Y_Ch37_Support_Features,0,0,0,,{0},否
env,others,输出,env_1_Design/PWM Output/OutPort/Y_Ch37.Valid,0,0,0,,{0},否
env,others,输出,env_1_Design/PWM Output/OutPort/Y_Ch38_Support_Features,0,0,0,,{0},否
env,others,输出,env_1_Design/PWM Output/OutPort/Y_Ch38.Valid,0,0,0,,{0},否
env,others,输出,env_1_Design/PWM Output/OutPort/Y_Ch39_Support_Features,0,0,0,,{0},否
env,others,输出,env_1_Design/PWM Output/OutPort/Y_Ch39.Valid,0,0,0,,{0},否
env,others,输出,env_1_Design/PWM Output/OutPort/Y_Ch40_Support_Features,0,0,0,,{0},否
env,others,输出,env_1_Design/PWM Output/OutPort/Y_Ch40.Valid,0,0,0,,{0},否
env,others,输出,env_1_Design/PWM Output/OutPort/Y_Ch41_Support_Features,0,0,0,,{0},否
env,others,输出,env_1_Design/PWM Output/OutPort/Y_Ch41.Valid,0,0,0,,{0},否
env,others,输出,env_1_Design/PWM Output/OutPort/Y_Ch42_Support_Features,0,0,0,,{0},否
env,others,输出,env_1_Design/PWM Output/OutPort/Y_Ch42.Valid,0,0,0,,{0},否
env,others,输出,env_1_Design/PWM Output/OutPort/Y_Ch43_Support_Features,0,0,0,,{0},否
env,others,输出,env_1_Design/PWM Output/OutPort/Y_Ch43.Valid,0,0,0,,{0},否
env,others,输出,env_1_Design/PWM Output/OutPort/Y_Ch44_Support_Features,0,0,0,,{0},否
env,others,输出,env_1_Design/PWM Output/OutPort/Y_Ch44.Valid,0,0,0,,{0},否
env,others,输出,env_1_Design/PWM Output/OutPort/Y_Ch45_Support_Features,0,0,0,,{0},否
env,others,输出,env_1_Design/PWM Output/OutPort/Y_Ch45.Valid,0,0,0,,{0},否
env,others,输出,env_1_Design/PWM Output/OutPort/Y_Ch46_Support_Features,0,0,0,,{0},否
env,others,输出,env_1_Design/PWM Output/OutPort/Y_Ch46.Valid,0,0,0,,{0},否
env,others,输出,env_1_Design/PWM Output/OutPort/Y_Ch47_Support_Features,0,0,0,,{0},否
env,others,输出,env_1_Design/PWM Output/OutPort/Y_Ch47.Valid,0,0,0,,{0},否
env,others,输出,env_1_Design/PWM Output/OutPort/Y_Ch48_Support_Features,0,0,0,,{0},否
env,others,输出,env_1_Design/PWM Output/OutPort/Y_Ch48.Valid,0,0,0,,{0},否
env,others,内部/未标记,env_1_Design/PWM Output/Measurement/Runtime(us),6,26,401,"0.594, 0.794, 1.194, 1.394, 1.594, 1.794, 1.994, 2.194, 2.594, 2.794 …",min=6; max=26; distinct=16,否
env,others,内部/未标记,env_1_Design/PWM Output/Measurement/Runtime_Min(us),6,6,0,,{6},否
env,others,内部/未标记,env_1_Design/PWM Output/Measurement/Runtime_Max(us),36,36,0,,{36},否
env,others,内部/未标记,env_1_Design/PWM Output/Measurement/Schedule_Interval(us),4960,5040,455,"0.794, 0.994, 1.194, 1.594, 1.994, 2.194, 2.394, 2.594, 2.794, 2.994 …",min=4960; max=5040; distinct=46,否
env,others,内部/未标记,env_1_Design/PWM Output/Measurement/Schedule_Interval_Min(us),4932,4943,2,"67.994, 88.194","{4932, 4934, 4943}",否
env,others,内部/未标记,env_1_Design/PWM Output/Measurement/Schedule_Interval_Max(us),5068,5068,0,,{5068},否
env,others,内部/未标记,env_1_Design/PWM Output/Measurement/Schedule_Count,12867,32027,479,"0.594, 0.794, 0.994, 1.194, 1.394, 1.594, 1.794, 1.994, 2.194, 2.394 …",min=12867; max=32027; distinct=480,否
env,others,内部/未标记,env_1_Design/PWM Output/Measurement/Activate_Fail_Count,0,0,0,,{0},否
env,others,输出,env_1_Design/CAN/OutPort/CAN_CH5.Statistic.Receive.Y_CAN_Ch5_TotalRxExtFramesCnt,0,0,0,,{0},否
env,others,输出,env_1_Design/CAN/OutPort/CAN_CH5.Statistic.Receive.Y_CAN_Ch5_RxExtFramesCnt,0,0,0,,{0},否
env,others,输出,env_1_Design/CAN/OutPort/CAN_CH5.Statistic.Receive.Y_CAN_Ch5_TotalRxStdRemoteFramesCnt,0,0,0,,{0},否
env,others,输出,env_1_Design/CAN/OutPort/CAN_CH5.Statistic.Receive.Y_CAN_Ch5_RxStdRemoteFramesCnt,0,0,0,,{0},否
env,others,输出,env_1_Design/CAN/OutPort/CAN_CH5.Statistic.Receive.Y_CAN_Ch5_TotalRxExtRemoteFramesCnt,0,0,0,,{0},否
env,others,输出,env_1_Design/CAN/OutPort/CAN_CH5.Statistic.Receive.Y_CAN_Ch5_RxExtRemoteFramesCnt,0,0,0,,{0},否
env,others,输出,env_1_Design/CAN/OutPort/CAN_CH5.Statistic.ErrorFrame.Y_CAN_Ch5_TotalTxErrorsCnt,0,0,0,,{0},否
env,others,输出,env_1_Design/CAN/OutPort/CAN_CH5.Statistic.ErrorFrame.Y_CAN_Ch5_TotalRxErrorsCnt,0,0,0,,{0},否
env,others,输出,env_1_Design/CAN/OutPort/CAN_CH5.Statistic.ErrorFrame.Y_CAN_Ch5_TotalErrorsCnt,0,0,0,,{0},否
env,others,输出,env_1_Design/CAN/OutPort/CAN_CH5.Statistic.ErrorFrame.Y_CAN_Ch5_TxErrorsCnt,0,0,0,,{0},否
env,others,输出,env_1_Design/CAN/OutPort/CAN_CH5.Statistic.ErrorFrame.Y_CAN_Ch5_RxErrorsCnt,0,0,0,,{0},否
env,others,输出,env_1_Design/CAN/OutPort/CAN_CH5.Statistic.ErrorFrame.Y_CAN_Ch5_ErrorsCnt,0,0,0,,{0},否
env,others,输出,env_1_Design/CAN/OutPort/CAN_CH5.Statistic.ErrorFrame.Y_CAN_Ch5_TotalNackErrorsCnt,0,0,0,,{0},否
env,others,输出,env_1_Design/CAN/OutPort/CAN_CH5.Statistic.ErrorFrame.Y_CAN_Ch5_TotalSufferErrorsCnt,0,0,0,,{0},否
env,others,输出,env_1_Design/CAN/OutPort/CAN_CH5.Statistic.ErrorFrame.Y_CAN_Ch5_TotalBit0ErrorsCnt,0,0,0,,{0},否
env,others,输出,env_1_Design/CAN/OutPort/CAN_CH5.Statistic.ErrorFrame.Y_CAN_Ch5_TotalBit1ErrorsCnt,0,0,0,,{0},否
env,others,输出,env_1_Design/CAN/OutPort/CAN_CH5.Statistic.ErrorFrame.Y_CAN_Ch5_TotalCrcErrorsCnt,0,0,0,,{0},否
env,others,输出,env_1_Design/CAN/OutPort/CAN_CH5.Statistic.ErrorFrame.Y_CAN_Ch5_TotalFormErrorsCnt,0,0,0,,{0},否
env,others,输出,env_1_Design/CAN/OutPort/CAN_CH5.Statistic.ErrorFrame.Y_CAN_Ch5_NackErrorsCnt,0,0,0,,{0},否
env,others,输出,env_1_Design/CAN/OutPort/CAN_CH5.Statistic.ErrorFrame.Y_CAN_Ch5_SufferErrorsCnt,0,0,0,,{0},否
env,others,输出,env_1_Design/CAN/OutPort/CAN_CH5.Statistic.ErrorFrame.Y_CAN_Ch5_Bit0ErrorsCnt,0,0,0,,{0},否
env,others,输出,env_1_Design/CAN/OutPort/CAN_CH5.Statistic.ErrorFrame.Y_CAN_Ch5_Bit1ErrorsCnt,0,0,0,,{0},否
env,others,输出,env_1_Design/CAN/OutPort/CAN_CH5.Statistic.ErrorFrame.Y_CAN_Ch5_CrcErrorsCnt,0,0,0,,{0},否
env,others,输出,env_1_Design/CAN/OutPort/CAN_CH5.Statistic.ErrorFrame.Y_CAN_Ch5_FormErrorsCnt,0,0,0,,{0},否
env,others,输出,env_1_Design/CAN/OutPort/CAN_CH5.Statistic.AllFrame.Y_CAN_Ch5_TotalFramesCnt,0,0,0,,{0},否
env,others,输出,env_1_Design/CAN/OutPort/CAN_CH5.Statistic.AllFrame.Y_CAN_Ch5_FramesCnt,0,0,0,,{0},否
env,others,输出,env_1_Design/CAN/OutPort/CAN_CH5.Statistic.AllFrame.Y_CAN_Ch5_TotalStdFramesCnt,0,0,0,,{0},否
env,others,输出,env_1_Design/CAN/OutPort/CAN_CH5.Statistic.AllFrame.Y_CAN_Ch5_StdFramesCnt,0,0,0,,{0},否
env,others,输出,env_1_Design/CAN/OutPort/CAN_CH5.Statistic.AllFrame.Y_CAN_Ch5_TotalExtFramesCnt,0,0,0,,{0},否
env,others,输出,env_1_Design/CAN/OutPort/CAN_CH5.Statistic.AllFrame.Y_CAN_Ch5_ExtFramesCnt,0,0,0,,{0},否
env,others,输出,env_1_Design/CAN/OutPort/CAN_CH5.Statistic.AllFrame.Y_CAN_Ch5_TotalStdRemoteFramesCnt,0,0,0,,{0},否
env,others,输出,env_1_Design/CAN/OutPort/CAN_CH5.Statistic.AllFrame.Y_CAN_Ch5_StdRemoteFramesCnt,0,0,0,,{0},否
env,others,输出,env_1_Design/CAN/OutPort/CAN_CH5.Statistic.AllFrame.Y_CAN_Ch5_TotalExtRemoteFramesCnt,0,0,0,,{0},否
env,others,输出,env_1_Design/CAN/OutPort/CAN_CH5.Statistic.AllFrame.Y_CAN_Ch5_ExtRemoteFramesCnt,0,0,0,,{0},否
env,others,输出,env_1_Design/CAN/OutPort/CAN_CH5.Statistic.Y_CAN_Ch5_BurstTime,0,0,0,,{0},否
env,others,输出,env_1_Design/CAN/OutPort/CAN_CH5.Valid,0,0,0,,{0},否
env,others,输出,env_1_Design/CAN/OutPort/CAN_CH5.Background_Traffic.Valid,0,0,0,,{0},否
env,others,输出,env_1_Design/CAN/OutPort/CAN_CH5.Sample_Point_Test.Result,0,0,0,,{0},否
env,others,输出,env_1_Design/CAN/OutPort/CAN_CH5.Sample_Point_Test.Arbitration_Phase.Measeure_Sample_Ponit,0,0,0,,{0},否
env,others,输出,env_1_Design/CAN/OutPort/CAN_CH5.Sample_Point_Test.Data_Phase.Measeure_Sample_Ponit,0,0,0,,{0},否
env,others,输出,env_1_Design/CAN/OutPort/CAN_CH5.Sample_Point_Test.Valid,0,0,0,,{0},否
env,others,输出,env_1_Design/CAN/OutPort/CAN_CH5.Error_Inject.Valid,0,0,0,,{0},否
env,others,输出,env_1_Design/CAN/OutPort/CAN_CH5.Custom_Sequence.Valid,0,0,0,,{0},否
env,others,输出,env_1_Design/CAN/OutPort/CAN_CH6.Config.Y_CAN_Ch6_Mode,2,2,0,,{2},否
env,others,输出,env_1_Design/CAN/OutPort/CAN_CH6.Config.Y_CAN_Ch6_Bitrate,500000,500000,0,,{500000},否
env,others,输出,env_1_Design/CAN/OutPort/CAN_CH6.Config.Y_CAN_Ch6_SamplePoint,0.75,0.75,0,,{0.75},否
env,others,输出,env_1_Design/CAN/OutPort/CAN_CH6.Config.Y_CAN_Ch6_DataBitrate,2e+06,2e+06,0,,{2e+06},否
env,others,输出,env_1_Design/CAN/OutPort/CAN_CH6.Config.Y_CAN_Ch6_DataSamplePoint,0.75,0.75,0,,{0.75},否
env,others,输出,env_1_Design/CAN/OutPort/CAN_CH6.Statistic.Y_CAN_Ch6_Busload,0,0,0,,{0},否
env,others,输出,env_1_Design/CAN/OutPort/CAN_CH6.Statistic.Chip State.Y_CAN_Ch6_ChipState,1,1,0,,{1},否
env,others,输出,env_1_Design/CAN/OutPort/CAN_CH6.Statistic.Chip State.Y_CAN_Ch6_TransmitErrorCount,0,0,0,,{0},否
env,others,输出,env_1_Design/CAN/OutPort/CAN_CH6.Statistic.Chip State.Y_CAN_Ch6_ReceiveErrorCount,0,0,0,,{0},否
env,others,输出,env_1_Design/CAN/OutPort/CAN_CH6.Statistic.Transmit.Y_CAN_Ch6_TotalTxFramesCnt,0,0,0,,{0},否
env,others,输出,env_1_Design/CAN/OutPort/CAN_CH6.Statistic.Transmit.Y_CAN_Ch6_TxFramesCnt,0,0,0,,{0},否
env,others,输出,env_1_Design/CAN/OutPort/CAN_CH6.Statistic.Transmit.Y_CAN_Ch6_TotalTxStdFramesCnt,0,0,0,,{0},否
env,others,输出,env_1_Design/CAN/OutPort/CAN_CH6.Statistic.Transmit.Y_CAN_Ch6_TxStdFramesCnt,0,0,0,,{0},否
env,others,输出,env_1_Design/CAN/OutPort/CAN_CH6.Statistic.Transmit.Y_CAN_Ch6_TotalTxExtFramesCnt,0,0,0,,{0},否
env,others,输出,env_1_Design/CAN/OutPort/CAN_CH6.Statistic.Transmit.Y_CAN_Ch6_TxExtFramesCnt,0,0,0,,{0},否
env,others,输出,env_1_Design/CAN/OutPort/CAN_CH6.Statistic.Transmit.Y_CAN_Ch6_TotalTxStdRemoteFramesCnt,0,0,0,,{0},否
env,others,输出,env_1_Design/CAN/OutPort/CAN_CH6.Statistic.Transmit.Y_CAN_Ch6_TxStdRemoteFramesCnt,0,0,0,,{0},否
env,others,输出,env_1_Design/CAN/OutPort/CAN_CH6.Statistic.Transmit.Y_CAN_Ch6_TotalTxExtRemoteFramesCnt,0,0,0,,{0},否
env,others,输出,env_1_Design/CAN/OutPort/CAN_CH6.Statistic.Transmit.Y_CAN_Ch6_TxExtRemoteFramesCnt,0,0,0,,{0},否
env,others,输出,env_1_Design/CAN/OutPort/CAN_CH6.Statistic.Receive.Y_CAN_Ch6_TotalRxFramesCnt,0,0,0,,{0},否
env,others,输出,env_1_Design/CAN/OutPort/CAN_CH6.Statistic.Receive.Y_CAN_Ch6_RxFramesCnt,0,0,0,,{0},否
env,others,输出,env_1_Design/CAN/OutPort/CAN_CH6.Statistic.Receive.Y_CAN_Ch6_TotalRxStdFramesCnt,0,0,0,,{0},否
env,others,输出,env_1_Design/CAN/OutPort/CAN_CH6.Statistic.Receive.Y_CAN_Ch6_RxStdFramesCnt,0,0,0,,{0},否
env,others,输出,env_1_Design/CAN/OutPort/CAN_CH6.Statistic.Receive.Y_CAN_Ch6_TotalRxExtFramesCnt,0,0,0,,{0},否
env,others,输出,env_1_Design/CAN/OutPort/CAN_CH6.Statistic.Receive.Y_CAN_Ch6_RxExtFramesCnt,0,0,0,,{0},否
env,others,输出,env_1_Design/CAN/OutPort/CAN_CH6.Statistic.Receive.Y_CAN_Ch6_TotalRxStdRemoteFramesCnt,0,0,0,,{0},否
env,others,输出,env_1_Design/CAN/OutPort/CAN_CH6.Statistic.Receive.Y_CAN_Ch6_RxStdRemoteFramesCnt,0,0,0,,{0},否
env,others,输出,env_1_Design/CAN/OutPort/CAN_CH6.Statistic.Receive.Y_CAN_Ch6_TotalRxExtRemoteFramesCnt,0,0,0,,{0},否
env,others,输出,env_1_Design/CAN/OutPort/CAN_CH6.Statistic.Receive.Y_CAN_Ch6_RxExtRemoteFramesCnt,0,0,0,,{0},否
env,others,输出,env_1_Design/CAN/OutPort/CAN_CH6.Statistic.ErrorFrame.Y_CAN_Ch6_TotalTxErrorsCnt,0,0,0,,{0},否
env,others,输出,env_1_Design/CAN/OutPort/CAN_CH6.Statistic.ErrorFrame.Y_CAN_Ch6_TotalRxErrorsCnt,0,0,0,,{0},否
env,others,输出,env_1_Design/CAN/OutPort/CAN_CH6.Statistic.ErrorFrame.Y_CAN_Ch6_TotalErrorsCnt,0,0,0,,{0},否
env,others,输出,env_1_Design/CAN/OutPort/CAN_CH6.Statistic.ErrorFrame.Y_CAN_Ch6_TxErrorsCnt,0,0,0,,{0},否
env,others,输出,env_1_Design/CAN/OutPort/CAN_CH6.Statistic.ErrorFrame.Y_CAN_Ch6_RxErrorsCnt,0,0,0,,{0},否
env,others,输出,env_1_Design/CAN/OutPort/CAN_CH6.Statistic.ErrorFrame.Y_CAN_Ch6_ErrorsCnt,0,0,0,,{0},否
env,others,输出,env_1_Design/CAN/OutPort/CAN_CH6.Statistic.ErrorFrame.Y_CAN_Ch6_TotalNackErrorsCnt,0,0,0,,{0},否
env,others,输出,env_1_Design/CAN/OutPort/CAN_CH6.Statistic.ErrorFrame.Y_CAN_Ch6_TotalSufferErrorsCnt,0,0,0,,{0},否
env,others,输出,env_1_Design/CAN/OutPort/CAN_CH6.Statistic.ErrorFrame.Y_CAN_Ch6_TotalBit0ErrorsCnt,0,0,0,,{0},否
env,others,输出,env_1_Design/CAN/OutPort/CAN_CH6.Statistic.ErrorFrame.Y_CAN_Ch6_TotalBit1ErrorsCnt,0,0,0,,{0},否
env,others,输出,env_1_Design/CAN/OutPort/CAN_CH6.Statistic.ErrorFrame.Y_CAN_Ch6_TotalCrcErrorsCnt,0,0,0,,{0},否
env,others,输出,env_1_Design/CAN/OutPort/CAN_CH6.Statistic.ErrorFrame.Y_CAN_Ch6_TotalFormErrorsCnt,0,0,0,,{0},否
env,others,输出,env_1_Design/CAN/OutPort/CAN_CH6.Statistic.ErrorFrame.Y_CAN_Ch6_NackErrorsCnt,0,0,0,,{0},否
env,others,输出,env_1_Design/CAN/OutPort/CAN_CH6.Statistic.ErrorFrame.Y_CAN_Ch6_SufferErrorsCnt,0,0,0,,{0},否
env,others,输出,env_1_Design/CAN/OutPort/CAN_CH6.Statistic.ErrorFrame.Y_CAN_Ch6_Bit0ErrorsCnt,0,0,0,,{0},否
env,others,输出,env_1_Design/CAN/OutPort/CAN_CH6.Statistic.ErrorFrame.Y_CAN_Ch6_Bit1ErrorsCnt,0,0,0,,{0},否
env,others,输出,env_1_Design/CAN/OutPort/CAN_CH6.Statistic.ErrorFrame.Y_CAN_Ch6_CrcErrorsCnt,0,0,0,,{0},否
env,others,输出,env_1_Design/CAN/OutPort/CAN_CH6.Statistic.ErrorFrame.Y_CAN_Ch6_FormErrorsCnt,0,0,0,,{0},否
env,others,输出,env_1_Design/CAN/OutPort/CAN_CH6.Statistic.AllFrame.Y_CAN_Ch6_TotalFramesCnt,0,0,0,,{0},否
env,others,输出,env_1_Design/CAN/OutPort/CAN_CH6.Statistic.AllFrame.Y_CAN_Ch6_FramesCnt,0,0,0,,{0},否
env,others,输出,env_1_Design/CAN/OutPort/CAN_CH6.Statistic.AllFrame.Y_CAN_Ch6_TotalStdFramesCnt,0,0,0,,{0},否
env,others,输出,env_1_Design/CAN/OutPort/CAN_CH6.Statistic.AllFrame.Y_CAN_Ch6_StdFramesCnt,0,0,0,,{0},否
env,others,输出,env_1_Design/CAN/OutPort/CAN_CH6.Statistic.AllFrame.Y_CAN_Ch6_TotalExtFramesCnt,0,0,0,,{0},否
env,others,输出,env_1_Design/CAN/OutPort/CAN_CH6.Statistic.AllFrame.Y_CAN_Ch6_ExtFramesCnt,0,0,0,,{0},否
env,others,输出,env_1_Design/CAN/OutPort/CAN_CH6.Statistic.AllFrame.Y_CAN_Ch6_TotalStdRemoteFramesCnt,0,0,0,,{0},否
env,others,输出,env_1_Design/CAN/OutPort/CAN_CH6.Statistic.AllFrame.Y_CAN_Ch6_StdRemoteFramesCnt,0,0,0,,{0},否
env,others,输出,env_1_Design/CAN/OutPort/CAN_CH6.Statistic.AllFrame.Y_CAN_Ch6_TotalExtRemoteFramesCnt,0,0,0,,{0},否
env,others,输出,env_1_Design/CAN/OutPort/CAN_CH6.Statistic.AllFrame.Y_CAN_Ch6_ExtRemoteFramesCnt,0,0,0,,{0},否
env,others,输出,env_1_Design/CAN/OutPort/CAN_CH6.Statistic.Y_CAN_Ch6_BurstTime,0,0,0,,{0},否
env,others,输出,env_1_Design/CAN/OutPort/CAN_CH6.Valid,0,0,0,,{0},否
env,others,输出,env_1_Design/CAN/OutPort/CAN_CH6.Background_Traffic.Valid,0,0,0,,{0},否
env,others,输出,env_1_Design/CAN/OutPort/CAN_CH6.Sample_Point_Test.Result,0,0,0,,{0},否
env,others,输出,env_1_Design/CAN/OutPort/CAN_CH6.Sample_Point_Test.Arbitration_Phase.Measeure_Sample_Ponit,0,0,0,,{0},否
env,others,输出,env_1_Design/CAN/OutPort/CAN_CH6.Sample_Point_Test.Data_Phase.Measeure_Sample_Ponit,0,0,0,,{0},否
env,others,输出,env_1_Design/CAN/OutPort/CAN_CH6.Sample_Point_Test.Valid,0,0,0,,{0},否
env,others,输出,env_1_Design/CAN/OutPort/CAN_CH6.Error_Inject.Valid,0,0,0,,{0},否
env,others,输出,env_1_Design/CAN/OutPort/CAN_CH6.Custom_Sequence.Valid,0,0,0,,{0},否
env,others,输出,env_1_Design/CAN/OutPort/CAN_CH7.Config.Y_CAN_Ch7_Mode,2,2,0,,{2},否
env,others,输出,env_1_Design/CAN/OutPort/CAN_CH7.Config.Y_CAN_Ch7_Bitrate,500000,500000,0,,{500000},否
env,others,输出,env_1_Design/CAN/OutPort/CAN_CH7.Config.Y_CAN_Ch7_SamplePoint,0.75,0.75,0,,{0.75},否
env,others,输出,env_1_Design/CAN/OutPort/CAN_CH7.Config.Y_CAN_Ch7_DataBitrate,2e+06,2e+06,0,,{2e+06},否
env,others,输出,env_1_Design/CAN/OutPort/CAN_CH7.Config.Y_CAN_Ch7_DataSamplePoint,0.75,0.75,0,,{0.75},否
env,others,输出,env_1_Design/CAN/OutPort/CAN_CH7.Statistic.Y_CAN_Ch7_Busload,0,0,0,,{0},否
env,others,输出,env_1_Design/CAN/OutPort/CAN_CH7.Statistic.Chip State.Y_CAN_Ch7_ChipState,1,1,0,,{1},否
env,others,输出,env_1_Design/CAN/OutPort/CAN_CH7.Statistic.Chip State.Y_CAN_Ch7_TransmitErrorCount,0,0,0,,{0},否
env,others,输出,env_1_Design/CAN/OutPort/CAN_CH7.Statistic.Chip State.Y_CAN_Ch7_ReceiveErrorCount,0,0,0,,{0},否
env,others,输出,env_1_Design/CAN/OutPort/CAN_CH7.Statistic.Transmit.Y_CAN_Ch7_TotalTxFramesCnt,0,0,0,,{0},否
env,others,输出,env_1_Design/CAN/OutPort/CAN_CH7.Statistic.Transmit.Y_CAN_Ch7_TxFramesCnt,0,0,0,,{0},否
env,others,输出,env_1_Design/CAN/OutPort/CAN_CH7.Statistic.Transmit.Y_CAN_Ch7_TotalTxStdFramesCnt,0,0,0,,{0},否
env,others,输出,env_1_Design/CAN/OutPort/CAN_CH7.Statistic.Transmit.Y_CAN_Ch7_TxStdFramesCnt,0,0,0,,{0},否
env,others,输出,env_1_Design/CAN/OutPort/CAN_CH7.Statistic.Transmit.Y_CAN_Ch7_TotalTxExtFramesCnt,0,0,0,,{0},否
env,others,输出,env_1_Design/CAN/OutPort/CAN_CH7.Statistic.Transmit.Y_CAN_Ch7_TxExtFramesCnt,0,0,0,,{0},否
env,others,输出,env_1_Design/CAN/OutPort/CAN_CH7.Statistic.Transmit.Y_CAN_Ch7_TotalTxStdRemoteFramesCnt,0,0,0,,{0},否
env,others,输出,env_1_Design/CAN/OutPort/CAN_CH7.Statistic.Transmit.Y_CAN_Ch7_TxStdRemoteFramesCnt,0,0,0,,{0},否
env,others,输出,env_1_Design/CAN/OutPort/CAN_CH7.Statistic.Transmit.Y_CAN_Ch7_TotalTxExtRemoteFramesCnt,0,0,0,,{0},否
env,others,输出,env_1_Design/CAN/OutPort/CAN_CH7.Statistic.Transmit.Y_CAN_Ch7_TxExtRemoteFramesCnt,0,0,0,,{0},否
env,others,输出,env_1_Design/CAN/OutPort/CAN_CH7.Statistic.Receive.Y_CAN_Ch7_TotalRxFramesCnt,0,0,0,,{0},否
env,others,输出,env_1_Design/CAN/OutPort/CAN_CH7.Statistic.Receive.Y_CAN_Ch7_RxFramesCnt,0,0,0,,{0},否
env,others,输出,env_1_Design/CAN/OutPort/CAN_CH7.Statistic.Receive.Y_CAN_Ch7_TotalRxStdFramesCnt,0,0,0,,{0},否
env,others,输出,env_1_Design/CAN/OutPort/CAN_CH7.Statistic.Receive.Y_CAN_Ch7_RxStdFramesCnt,0,0,0,,{0},否
env,others,输出,env_1_Design/CAN/OutPort/CAN_CH7.Statistic.Receive.Y_CAN_Ch7_TotalRxExtFramesCnt,0,0,0,,{0},否
env,others,输出,env_1_Design/CAN/OutPort/CAN_CH7.Statistic.Receive.Y_CAN_Ch7_RxExtFramesCnt,0,0,0,,{0},否
env,others,输出,env_1_Design/CAN/OutPort/CAN_CH7.Statistic.Receive.Y_CAN_Ch7_TotalRxStdRemoteFramesCnt,0,0,0,,{0},否
env,others,输出,env_1_Design/CAN/OutPort/CAN_CH7.Statistic.Receive.Y_CAN_Ch7_RxStdRemoteFramesCnt,0,0,0,,{0},否
env,others,输出,env_1_Design/CAN/OutPort/CAN_CH7.Statistic.Receive.Y_CAN_Ch7_TotalRxExtRemoteFramesCnt,0,0,0,,{0},否
env,others,输出,env_1_Design/CAN/OutPort/CAN_CH7.Statistic.Receive.Y_CAN_Ch7_RxExtRemoteFramesCnt,0,0,0,,{0},否
env,others,输出,env_1_Design/CAN/OutPort/CAN_CH7.Statistic.ErrorFrame.Y_CAN_Ch7_TotalTxErrorsCnt,0,0,0,,{0},否
env,others,输出,env_1_Design/CAN/OutPort/CAN_CH7.Statistic.ErrorFrame.Y_CAN_Ch7_TotalRxErrorsCnt,0,0,0,,{0},否
env,others,输出,env_1_Design/CAN/OutPort/CAN_CH7.Statistic.ErrorFrame.Y_CAN_Ch7_TotalErrorsCnt,0,0,0,,{0},否
env,others,输出,env_1_Design/CAN/OutPort/CAN_CH7.Statistic.ErrorFrame.Y_CAN_Ch7_TxErrorsCnt,0,0,0,,{0},否
env,others,输出,env_1_Design/CAN/OutPort/CAN_CH7.Statistic.ErrorFrame.Y_CAN_Ch7_RxErrorsCnt,0,0,0,,{0},否
env,others,输出,env_1_Design/CAN/OutPort/CAN_CH7.Statistic.ErrorFrame.Y_CAN_Ch7_ErrorsCnt,0,0,0,,{0},否
env,others,输出,env_1_Design/CAN/OutPort/CAN_CH7.Statistic.ErrorFrame.Y_CAN_Ch7_TotalNackErrorsCnt,0,0,0,,{0},否
env,others,输出,env_1_Design/CAN/OutPort/CAN_CH7.Statistic.ErrorFrame.Y_CAN_Ch7_TotalSufferErrorsCnt,0,0,0,,{0},否
env,others,输出,env_1_Design/CAN/OutPort/CAN_CH7.Statistic.ErrorFrame.Y_CAN_Ch7_TotalBit0ErrorsCnt,0,0,0,,{0},否
env,others,输出,env_1_Design/CAN/OutPort/CAN_CH7.Statistic.ErrorFrame.Y_CAN_Ch7_TotalBit1ErrorsCnt,0,0,0,,{0},否
env,others,输出,env_1_Design/CAN/OutPort/CAN_CH7.Statistic.ErrorFrame.Y_CAN_Ch7_TotalCrcErrorsCnt,0,0,0,,{0},否
env,others,输出,env_1_Design/CAN/OutPort/CAN_CH7.Statistic.ErrorFrame.Y_CAN_Ch7_TotalFormErrorsCnt,0,0,0,,{0},否
env,others,输出,env_1_Design/CAN/OutPort/CAN_CH7.Statistic.ErrorFrame.Y_CAN_Ch7_NackErrorsCnt,0,0,0,,{0},否
env,others,输出,env_1_Design/CAN/OutPort/CAN_CH7.Statistic.ErrorFrame.Y_CAN_Ch7_SufferErrorsCnt,0,0,0,,{0},否
env,others,输出,env_1_Design/CAN/OutPort/CAN_CH7.Statistic.ErrorFrame.Y_CAN_Ch7_Bit0ErrorsCnt,0,0,0,,{0},否
env,others,输出,env_1_Design/CAN/OutPort/CAN_CH7.Statistic.ErrorFrame.Y_CAN_Ch7_Bit1ErrorsCnt,0,0,0,,{0},否
env,others,输出,env_1_Design/CAN/OutPort/CAN_CH7.Statistic.ErrorFrame.Y_CAN_Ch7_CrcErrorsCnt,0,0,0,,{0},否
env,others,输出,env_1_Design/CAN/OutPort/CAN_CH7.Statistic.ErrorFrame.Y_CAN_Ch7_FormErrorsCnt,0,0,0,,{0},否
env,others,输出,env_1_Design/CAN/OutPort/CAN_CH7.Statistic.AllFrame.Y_CAN_Ch7_TotalFramesCnt,0,0,0,,{0},否
env,others,输出,env_1_Design/CAN/OutPort/CAN_CH7.Statistic.AllFrame.Y_CAN_Ch7_FramesCnt,0,0,0,,{0},否
env,others,输出,env_1_Design/CAN/OutPort/CAN_CH7.Statistic.AllFrame.Y_CAN_Ch7_TotalStdFramesCnt,0,0,0,,{0},否
env,others,输出,env_1_Design/CAN/OutPort/CAN_CH7.Statistic.AllFrame.Y_CAN_Ch7_StdFramesCnt,0,0,0,,{0},否
env,others,输出,env_1_Design/CAN/OutPort/CAN_CH7.Statistic.AllFrame.Y_CAN_Ch7_TotalExtFramesCnt,0,0,0,,{0},否
env,others,输出,env_1_Design/CAN/OutPort/CAN_CH7.Statistic.AllFrame.Y_CAN_Ch7_ExtFramesCnt,0,0,0,,{0},否
env,others,输出,env_1_Design/CAN/OutPort/CAN_CH7.Statistic.AllFrame.Y_CAN_Ch7_TotalStdRemoteFramesCnt,0,0,0,,{0},否
env,others,输出,env_1_Design/CAN/OutPort/CAN_CH7.Statistic.AllFrame.Y_CAN_Ch7_StdRemoteFramesCnt,0,0,0,,{0},否
env,others,输出,env_1_Design/CAN/OutPort/CAN_CH7.Statistic.AllFrame.Y_CAN_Ch7_TotalExtRemoteFramesCnt,0,0,0,,{0},否
env,others,输出,env_1_Design/CAN/OutPort/CAN_CH7.Statistic.AllFrame.Y_CAN_Ch7_ExtRemoteFramesCnt,0,0,0,,{0},否
env,others,输出,env_1_Design/CAN/OutPort/CAN_CH7.Statistic.Y_CAN_Ch7_BurstTime,0,0,0,,{0},否
env,others,输出,env_1_Design/CAN/OutPort/CAN_CH7.Valid,0,0,0,,{0},否
env,others,输出,env_1_Design/CAN/OutPort/CAN_CH7.Background_Traffic.Valid,0,0,0,,{0},否
env,others,输出,env_1_Design/CAN/OutPort/CAN_CH7.Sample_Point_Test.Result,0,0,0,,{0},否
env,others,输出,env_1_Design/CAN/OutPort/CAN_CH7.Sample_Point_Test.Arbitration_Phase.Measeure_Sample_Ponit,0,0,0,,{0},否
env,others,输出,env_1_Design/CAN/OutPort/CAN_CH7.Sample_Point_Test.Data_Phase.Measeure_Sample_Ponit,0,0,0,,{0},否
env,others,输出,env_1_Design/CAN/OutPort/CAN_CH7.Sample_Point_Test.Valid,0,0,0,,{0},否
env,others,输出,env_1_Design/CAN/OutPort/CAN_CH7.Error_Inject.Valid,0,0,0,,{0},否
env,others,输出,env_1_Design/CAN/OutPort/CAN_CH7.Custom_Sequence.Valid,0,0,0,,{0},否
env,others,输出,env_1_Design/CAN/OutPort/CAN_CH8.Config.Y_CAN_Ch8_Mode,2,2,0,,{2},否
env,others,输出,env_1_Design/CAN/OutPort/CAN_CH8.Config.Y_CAN_Ch8_Bitrate,500000,500000,0,,{500000},否
env,others,输出,env_1_Design/CAN/OutPort/CAN_CH8.Config.Y_CAN_Ch8_SamplePoint,0.75,0.75,0,,{0.75},否
env,others,输出,env_1_Design/CAN/OutPort/CAN_CH8.Config.Y_CAN_Ch8_DataBitrate,2e+06,2e+06,0,,{2e+06},否
env,others,输出,env_1_Design/CAN/OutPort/CAN_CH8.Config.Y_CAN_Ch8_DataSamplePoint,0.75,0.75,0,,{0.75},否
env,others,输出,env_1_Design/CAN/OutPort/CAN_CH8.Statistic.Y_CAN_Ch8_Busload,0,0,0,,{0},否
env,others,输出,env_1_Design/CAN/OutPort/CAN_CH8.Statistic.Chip State.Y_CAN_Ch8_ChipState,1,1,0,,{1},否
env,others,输出,env_1_Design/CAN/OutPort/CAN_CH8.Statistic.Chip State.Y_CAN_Ch8_TransmitErrorCount,0,0,0,,{0},否
env,others,输出,env_1_Design/CAN/OutPort/CAN_CH8.Statistic.Chip State.Y_CAN_Ch8_ReceiveErrorCount,0,0,0,,{0},否
env,others,输出,env_1_Design/CAN/OutPort/CAN_CH8.Statistic.Transmit.Y_CAN_Ch8_TotalTxFramesCnt,0,0,0,,{0},否
env,others,输出,env_1_Design/CAN/OutPort/CAN_CH8.Statistic.Transmit.Y_CAN_Ch8_TxFramesCnt,0,0,0,,{0},否
env,others,输出,env_1_Design/CAN/OutPort/CAN_CH8.Statistic.Transmit.Y_CAN_Ch8_TotalTxStdFramesCnt,0,0,0,,{0},否
env,others,输出,env_1_Design/CAN/OutPort/CAN_CH8.Statistic.Transmit.Y_CAN_Ch8_TxStdFramesCnt,0,0,0,,{0},否
env,others,输出,env_1_Design/CAN/OutPort/CAN_CH8.Statistic.Transmit.Y_CAN_Ch8_TotalTxExtFramesCnt,0,0,0,,{0},否
env,others,输出,env_1_Design/CAN/OutPort/CAN_CH8.Statistic.Transmit.Y_CAN_Ch8_TxExtFramesCnt,0,0,0,,{0},否
env,others,输出,env_1_Design/CAN/OutPort/CAN_CH8.Statistic.Transmit.Y_CAN_Ch8_TotalTxStdRemoteFramesCnt,0,0,0,,{0},否
env,others,输出,env_1_Design/CAN/OutPort/CAN_CH8.Statistic.Transmit.Y_CAN_Ch8_TxStdRemoteFramesCnt,0,0,0,,{0},否
env,others,输出,env_1_Design/CAN/OutPort/CAN_CH8.Statistic.Transmit.Y_CAN_Ch8_TotalTxExtRemoteFramesCnt,0,0,0,,{0},否
env,others,输出,env_1_Design/CAN/OutPort/CAN_CH8.Statistic.Transmit.Y_CAN_Ch8_TxExtRemoteFramesCnt,0,0,0,,{0},否
env,others,输出,env_1_Design/CAN/OutPort/CAN_CH8.Statistic.Receive.Y_CAN_Ch8_TotalRxFramesCnt,0,0,0,,{0},否
env,others,输出,env_1_Design/CAN/OutPort/CAN_CH8.Statistic.Receive.Y_CAN_Ch8_RxFramesCnt,0,0,0,,{0},否
env,others,输出,env_1_Design/CAN/OutPort/CAN_CH8.Statistic.Receive.Y_CAN_Ch8_TotalRxStdFramesCnt,0,0,0,,{0},否
env,others,输出,env_1_Design/CAN/OutPort/CAN_CH8.Statistic.Receive.Y_CAN_Ch8_RxStdFramesCnt,0,0,0,,{0},否
env,others,输出,env_1_Design/CAN/OutPort/CAN_CH8.Statistic.Receive.Y_CAN_Ch8_TotalRxExtFramesCnt,0,0,0,,{0},否
env,others,输出,env_1_Design/CAN/OutPort/CAN_CH8.Statistic.Receive.Y_CAN_Ch8_RxExtFramesCnt,0,0,0,,{0},否
env,others,输入,env_1_Design/Voltage Encoder Output/InPort/U_Ch6_Voltage_Encoder_Out_DutyRadio,0,0,0,,{0},是
env,others,输入,env_1_Design/Voltage Encoder Output/InPort/U_Ch6_Voltage_Encoder_Out_ValueLevel,0,0,0,,{0},是
env,others,输入,env_1_Design/Voltage Encoder Output/InPort/U_Ch6_Voltage_Encoder_Out_PulseOnTime,0,0,0,,{0},是
env,others,输入,env_1_Design/Voltage Encoder Output/InPort/U_Ch6_Voltage_Encoder_Out_PulseOffTime,0,0,0,,{0},是
env,others,输入,env_1_Design/Voltage Encoder Output/InPort/U_Ch7_Voltage_Encoder_Out_Enable,0,0,0,,{0},是
env,others,输入,env_1_Design/Voltage Encoder Output/InPort/U_Ch7_Voltage_Encoder_Out_FIU,0,0,0,,{0},是
env,others,输入,env_1_Design/Voltage Encoder Output/InPort/U_Ch7_Voltage_Encoder_Out_RotateSpeed,0,0,0,,{0},是
env,others,输入,env_1_Design/Voltage Encoder Output/InPort/U_Ch7_Voltage_Encoder_Out_Frequency,0,0,0,,{0},是
env,others,输入,env_1_Design/Voltage Encoder Output/InPort/U_Ch7_Voltage_Encoder_Out_DutyRadio,0,0,0,,{0},是
env,others,输入,env_1_Design/Voltage Encoder Output/InPort/U_Ch7_Voltage_Encoder_Out_ValueLevel,0,0,0,,{0},是
env,others,输入,env_1_Design/Voltage Encoder Output/InPort/U_Ch7_Voltage_Encoder_Out_PulseOnTime,0,0,0,,{0},是
env,others,输入,env_1_Design/Voltage Encoder Output/InPort/U_Ch7_Voltage_Encoder_Out_PulseOffTime,0,0,0,,{0},是
env,others,输入,env_1_Design/Voltage Encoder Output/InPort/U_Ch8_Voltage_Encoder_Out_Enable,0,0,0,,{0},是
env,others,输入,env_1_Design/Voltage Encoder Output/InPort/U_Ch8_Voltage_Encoder_Out_FIU,0,0,0,,{0},是
env,others,输入,env_1_Design/Voltage Encoder Output/InPort/U_Ch8_Voltage_Encoder_Out_RotateSpeed,0,0,0,,{0},是
env,others,输入,env_1_Design/Voltage Encoder Output/InPort/U_Ch8_Voltage_Encoder_Out_Frequency,0,0,0,,{0},是
env,others,输入,env_1_Design/Voltage Encoder Output/InPort/U_Ch8_Voltage_Encoder_Out_DutyRadio,0,0,0,,{0},是
env,others,输入,env_1_Design/Voltage Encoder Output/InPort/U_Ch8_Voltage_Encoder_Out_ValueLevel,0,0,0,,{0},是
env,others,输入,env_1_Design/Voltage Encoder Output/InPort/U_Ch8_Voltage_Encoder_Out_PulseOnTime,0,0,0,,{0},是
env,others,输入,env_1_Design/Voltage Encoder Output/InPort/U_Ch8_Voltage_Encoder_Out_PulseOffTime,0,0,0,,{0},是
env,others,输入,env_1_Design/Voltage Encoder Output/InPort/U_Ch9_Voltage_Encoder_Out_Enable,0,0,0,,{0},是
env,others,输入,env_1_Design/Voltage Encoder Output/InPort/U_Ch9_Voltage_Encoder_Out_FIU,0,0,0,,{0},是
env,others,输入,env_1_Design/Voltage Encoder Output/InPort/U_Ch9_Voltage_Encoder_Out_RotateSpeed,0,0,0,,{0},是
env,others,输入,env_1_Design/Voltage Encoder Output/InPort/U_Ch9_Voltage_Encoder_Out_Frequency,0,0,0,,{0},是
env,others,输入,env_1_Design/Voltage Encoder Output/InPort/U_Ch9_Voltage_Encoder_Out_DutyRadio,0,0,0,,{0},是
env,others,输入,env_1_Design/Voltage Encoder Output/InPort/U_Ch9_Voltage_Encoder_Out_ValueLevel,0,0,0,,{0},是
env,others,输入,env_1_Design/Voltage Encoder Output/InPort/U_Ch9_Voltage_Encoder_Out_PulseOnTime,0,0,0,,{0},是
env,others,输入,env_1_Design/Voltage Encoder Output/InPort/U_Ch9_Voltage_Encoder_Out_PulseOffTime,0,0,0,,{0},是
env,others,输入,env_1_Design/Voltage Encoder Output/InPort/U_Ch10_Voltage_Encoder_Out_Enable,0,0,0,,{0},是
env,others,输入,env_1_Design/Voltage Encoder Output/InPort/U_Ch10_Voltage_Encoder_Out_FIU,0,0,0,,{0},是
env,others,输入,env_1_Design/Voltage Encoder Output/InPort/U_Ch10_Voltage_Encoder_Out_RotateSpeed,0,0,0,,{0},是
env,others,输入,env_1_Design/Voltage Encoder Output/InPort/U_Ch10_Voltage_Encoder_Out_Frequency,0,0,0,,{0},是
env,others,输入,env_1_Design/Voltage Encoder Output/InPort/U_Ch10_Voltage_Encoder_Out_DutyRadio,0,0,0,,{0},是
env,others,输入,env_1_Design/Voltage Encoder Output/InPort/U_Ch10_Voltage_Encoder_Out_ValueLevel,0,0,0,,{0},是
env,others,输入,env_1_Design/Voltage Encoder Output/InPort/U_Ch10_Voltage_Encoder_Out_PulseOnTime,0,0,0,,{0},是
env,others,输入,env_1_Design/Voltage Encoder Output/InPort/U_Ch10_Voltage_Encoder_Out_PulseOffTime,0,0,0,,{0},是
env,others,输入,env_1_Design/Voltage Encoder Output/InPort/U_Ch11_Voltage_Encoder_Out_Enable,0,0,0,,{0},是
env,others,输入,env_1_Design/Voltage Encoder Output/InPort/U_Ch11_Voltage_Encoder_Out_FIU,0,0,0,,{0},是
env,others,输入,env_1_Design/Voltage Encoder Output/InPort/U_Ch11_Voltage_Encoder_Out_RotateSpeed,0,0,0,,{0},是
env,others,输入,env_1_Design/Voltage Encoder Output/InPort/U_Ch11_Voltage_Encoder_Out_Frequency,0,0,0,,{0},是
env,others,输入,env_1_Design/Voltage Encoder Output/InPort/U_Ch11_Voltage_Encoder_Out_DutyRadio,0,0,0,,{0},是
env,others,输入,env_1_Design/Voltage Encoder Output/InPort/U_Ch11_Voltage_Encoder_Out_ValueLevel,0,0,0,,{0},是
env,others,输入,env_1_Design/Voltage Encoder Output/InPort/U_Ch11_Voltage_Encoder_Out_PulseOnTime,0,0,0,,{0},是
env,others,输入,env_1_Design/Voltage Encoder Output/InPort/U_Ch11_Voltage_Encoder_Out_PulseOffTime,0,0,0,,{0},是
env,others,输入,env_1_Design/Voltage Encoder Output/InPort/U_Ch12_Voltage_Encoder_Out_Enable,0,0,0,,{0},是
env,others,输入,env_1_Design/Voltage Encoder Output/InPort/U_Ch12_Voltage_Encoder_Out_FIU,0,0,0,,{0},是
env,others,输入,env_1_Design/Voltage Encoder Output/InPort/U_Ch12_Voltage_Encoder_Out_RotateSpeed,0,0,0,,{0},是
env,others,输入,env_1_Design/Voltage Encoder Output/InPort/U_Ch12_Voltage_Encoder_Out_Frequency,0,0,0,,{0},是
env,others,输入,env_1_Design/Voltage Encoder Output/InPort/U_Ch12_Voltage_Encoder_Out_DutyRadio,0,0,0,,{0},是
env,others,输入,env_1_Design/Voltage Encoder Output/InPort/U_Ch12_Voltage_Encoder_Out_ValueLevel,0,0,0,,{0},是
env,others,输入,env_1_Design/Voltage Encoder Output/InPort/U_Ch12_Voltage_Encoder_Out_PulseOnTime,0,0,0,,{0},是
env,others,输入,env_1_Design/Voltage Encoder Output/InPort/U_Ch12_Voltage_Encoder_Out_PulseOffTime,0,0,0,,{0},是
env,others,输入,env_1_Design/Voltage Encoder Output/InPort/U_Ch13_Voltage_Encoder_Out_Enable,0,0,0,,{0},是
env,others,输入,env_1_Design/Voltage Encoder Output/InPort/U_Ch13_Voltage_Encoder_Out_FIU,0,0,0,,{0},是
env,others,输入,env_1_Design/Voltage Encoder Output/InPort/U_Ch13_Voltage_Encoder_Out_RotateSpeed,0,0,0,,{0},是
env,others,输入,env_1_Design/Voltage Encoder Output/InPort/U_Ch13_Voltage_Encoder_Out_Frequency,0,0,0,,{0},是
env,others,输入,env_1_Design/Voltage Encoder Output/InPort/U_Ch13_Voltage_Encoder_Out_DutyRadio,0,0,0,,{0},是
env,others,输入,env_1_Design/Voltage Encoder Output/InPort/U_Ch13_Voltage_Encoder_Out_ValueLevel,0,0,0,,{0},是
env,others,输入,env_1_Design/Voltage Encoder Output/InPort/U_Ch13_Voltage_Encoder_Out_PulseOnTime,0,0,0,,{0},是
env,others,输入,env_1_Design/Voltage Encoder Output/InPort/U_Ch13_Voltage_Encoder_Out_PulseOffTime,0,0,0,,{0},是
env,others,输入,env_1_Design/Voltage Encoder Output/InPort/U_Ch14_Voltage_Encoder_Out_Enable,0,0,0,,{0},是
env,others,输入,env_1_Design/Voltage Encoder Output/InPort/U_Ch14_Voltage_Encoder_Out_FIU,0,0,0,,{0},是
env,others,输入,env_1_Design/Voltage Encoder Output/InPort/U_Ch14_Voltage_Encoder_Out_RotateSpeed,0,0,0,,{0},是
env,others,输入,env_1_Design/Voltage Encoder Output/InPort/U_Ch14_Voltage_Encoder_Out_Frequency,0,0,0,,{0},是
env,others,输入,env_1_Design/Voltage Encoder Output/InPort/U_Ch14_Voltage_Encoder_Out_DutyRadio,0,0,0,,{0},是
env,others,输入,env_1_Design/Voltage Encoder Output/InPort/U_Ch14_Voltage_Encoder_Out_ValueLevel,0,0,0,,{0},是
env,others,输入,env_1_Design/Voltage Encoder Output/InPort/U_Ch14_Voltage_Encoder_Out_PulseOnTime,0,0,0,,{0},是
env,others,输入,env_1_Design/Voltage Encoder Output/InPort/U_Ch14_Voltage_Encoder_Out_PulseOffTime,0,0,0,,{0},是
env,others,输入,env_1_Design/Voltage Encoder Output/InPort/U_Ch15_Voltage_Encoder_Out_Enable,0,0,0,,{0},是
env,others,输入,env_1_Design/Voltage Encoder Output/InPort/U_Ch15_Voltage_Encoder_Out_FIU,0,0,0,,{0},是
env,others,输入,env_1_Design/Voltage Encoder Output/InPort/U_Ch15_Voltage_Encoder_Out_RotateSpeed,0,0,0,,{0},是
env,others,输入,env_1_Design/Voltage Encoder Output/InPort/U_Ch15_Voltage_Encoder_Out_Frequency,0,0,0,,{0},是
env,others,输入,env_1_Design/Voltage Encoder Output/InPort/U_Ch15_Voltage_Encoder_Out_DutyRadio,0,0,0,,{0},是
env,others,输入,env_1_Design/Voltage Encoder Output/InPort/U_Ch15_Voltage_Encoder_Out_ValueLevel,0,0,0,,{0},是
env,others,输入,env_1_Design/Voltage Encoder Output/InPort/U_Ch15_Voltage_Encoder_Out_PulseOnTime,0,0,0,,{0},是
env,others,输入,env_1_Design/Voltage Encoder Output/InPort/U_Ch15_Voltage_Encoder_Out_PulseOffTime,0,0,0,,{0},是
env,others,输入,env_1_Design/Voltage Encoder Output/InPort/U_Ch16_Voltage_Encoder_Out_Enable,0,0,0,,{0},是
env,others,输入,env_1_Design/Voltage Encoder Output/InPort/U_Ch16_Voltage_Encoder_Out_FIU,0,0,0,,{0},是
env,others,输入,env_1_Design/Voltage Encoder Output/InPort/U_Ch16_Voltage_Encoder_Out_RotateSpeed,0,0,0,,{0},是
env,others,输入,env_1_Design/Voltage Encoder Output/InPort/U_Ch16_Voltage_Encoder_Out_Frequency,0,0,0,,{0},是
env,others,输入,env_1_Design/Voltage Encoder Output/InPort/U_Ch16_Voltage_Encoder_Out_DutyRadio,0,0,0,,{0},是
env,others,输入,env_1_Design/Voltage Encoder Output/InPort/U_Ch16_Voltage_Encoder_Out_ValueLevel,0,0,0,,{0},是
env,others,输入,env_1_Design/Voltage Encoder Output/InPort/U_Ch16_Voltage_Encoder_Out_PulseOnTime,0,0,0,,{0},是
env,others,输入,env_1_Design/Voltage Encoder Output/InPort/U_Ch16_Voltage_Encoder_Out_PulseOffTime,0,0,0,,{0},是
env,others,输入,env_1_Design/Voltage Encoder Output/InPort/U_Ch17_Voltage_Encoder_Out_Enable,0,0,0,,{0},是
env,others,输入,env_1_Design/Voltage Encoder Output/InPort/U_Ch17_Voltage_Encoder_Out_FIU,0,0,0,,{0},是
env,others,输入,env_1_Design/Voltage Encoder Output/InPort/U_Ch17_Voltage_Encoder_Out_RotateSpeed,0,0,0,,{0},是
env,others,输入,env_1_Design/Voltage Encoder Output/InPort/U_Ch17_Voltage_Encoder_Out_Frequency,0,0,0,,{0},是
env,others,输入,env_1_Design/Voltage Encoder Output/InPort/U_Ch17_Voltage_Encoder_Out_DutyRadio,0,0,0,,{0},是
env,others,输入,env_1_Design/Voltage Encoder Output/InPort/U_Ch17_Voltage_Encoder_Out_ValueLevel,0,0,0,,{0},是
env,others,输入,env_1_Design/Voltage Encoder Output/InPort/U_Ch17_Voltage_Encoder_Out_PulseOnTime,0,0,0,,{0},是
env,others,输入,env_1_Design/Voltage Encoder Output/InPort/U_Ch17_Voltage_Encoder_Out_PulseOffTime,0,0,0,,{0},是
env,others,输入,env_1_Design/Voltage Encoder Output/InPort/U_Ch18_Voltage_Encoder_Out_Enable,0,0,0,,{0},是
env,others,输入,env_1_Design/Voltage Encoder Output/InPort/U_Ch18_Voltage_Encoder_Out_FIU,0,0,0,,{0},是
env,others,输入,env_1_Design/Voltage Encoder Output/InPort/U_Ch18_Voltage_Encoder_Out_RotateSpeed,0,0,0,,{0},是
env,others,输入,env_1_Design/Voltage Encoder Output/InPort/U_Ch18_Voltage_Encoder_Out_Frequency,0,0,0,,{0},是
env,others,输入,env_1_Design/Voltage Encoder Output/InPort/U_Ch18_Voltage_Encoder_Out_DutyRadio,0,0,0,,{0},是
env,others,输入,env_1_Design/Voltage Encoder Output/InPort/U_Ch18_Voltage_Encoder_Out_ValueLevel,0,0,0,,{0},是
env,others,输入,env_1_Design/Voltage Encoder Output/InPort/U_Ch18_Voltage_Encoder_Out_PulseOnTime,0,0,0,,{0},是
env,others,输入,env_1_Design/Voltage Encoder Output/InPort/U_Ch18_Voltage_Encoder_Out_PulseOffTime,0,0,0,,{0},是
env,others,输入,env_1_Design/Voltage Encoder Output/InPort/U_Ch19_Voltage_Encoder_Out_Enable,0,0,0,,{0},是
env,others,输入,env_1_Design/Voltage Encoder Output/InPort/U_Ch19_Voltage_Encoder_Out_FIU,0,0,0,,{0},是
env,others,输入,env_1_Design/Voltage Encoder Output/InPort/U_Ch19_Voltage_Encoder_Out_RotateSpeed,0,0,0,,{0},是
env,others,输入,env_1_Design/Voltage Encoder Output/InPort/U_Ch19_Voltage_Encoder_Out_Frequency,0,0,0,,{0},是
env,others,输入,env_1_Design/Voltage Encoder Output/InPort/U_Ch19_Voltage_Encoder_Out_DutyRadio,0,0,0,,{0},是
env,others,输入,env_1_Design/Voltage Encoder Output/InPort/U_Ch19_Voltage_Encoder_Out_ValueLevel,0,0,0,,{0},是
env,others,输入,env_1_Design/Voltage Encoder Output/InPort/U_Ch19_Voltage_Encoder_Out_PulseOnTime,0,0,0,,{0},是
env,others,输入,env_1_Design/Voltage Encoder Output/InPort/U_Ch19_Voltage_Encoder_Out_PulseOffTime,0,0,0,,{0},是
env,others,输入,env_1_Design/Voltage Encoder Output/InPort/U_Ch20_Voltage_Encoder_Out_Enable,0,0,0,,{0},是
env,others,输入,env_1_Design/Voltage Encoder Output/InPort/U_Ch20_Voltage_Encoder_Out_FIU,0,0,0,,{0},是
env,others,输入,env_1_Design/Voltage Encoder Output/InPort/U_Ch20_Voltage_Encoder_Out_RotateSpeed,0,0,0,,{0},是
env,others,输入,env_1_Design/Voltage Encoder Output/InPort/U_Ch20_Voltage_Encoder_Out_Frequency,0,0,0,,{0},是
env,others,输入,env_1_Design/Voltage Encoder Output/InPort/U_Ch20_Voltage_Encoder_Out_DutyRadio,0,0,0,,{0},是
env,others,输入,env_1_Design/Voltage Encoder Output/InPort/U_Ch20_Voltage_Encoder_Out_ValueLevel,0,0,0,,{0},是
env,others,输入,env_1_Design/Voltage Encoder Output/InPort/U_Ch20_Voltage_Encoder_Out_PulseOnTime,0,0,0,,{0},是
env,others,输入,env_1_Design/Voltage Encoder Output/InPort/U_Ch20_Voltage_Encoder_Out_PulseOffTime,0,0,0,,{0},是
env,others,输入,env_1_Design/Voltage Encoder Output/InPort/U_Ch21_Voltage_Encoder_Out_Enable,0,0,0,,{0},是
env,others,输入,env_1_Design/Voltage Encoder Output/InPort/U_Ch21_Voltage_Encoder_Out_FIU,0,0,0,,{0},是
env,others,输入,env_1_Design/Voltage Encoder Output/InPort/U_Ch21_Voltage_Encoder_Out_RotateSpeed,0,0,0,,{0},是
env,others,输入,env_1_Design/Voltage Encoder Output/InPort/U_Ch21_Voltage_Encoder_Out_Frequency,0,0,0,,{0},是
env,others,输入,env_1_Design/Voltage Encoder Output/InPort/U_Ch21_Voltage_Encoder_Out_DutyRadio,0,0,0,,{0},是
env,others,输入,env_1_Design/Voltage Encoder Output/InPort/U_Ch21_Voltage_Encoder_Out_ValueLevel,0,0,0,,{0},是
env,others,输入,env_1_Design/Voltage Encoder Output/InPort/U_Ch21_Voltage_Encoder_Out_PulseOnTime,0,0,0,,{0},是
env,others,输入,env_1_Design/Voltage Encoder Output/InPort/U_Ch21_Voltage_Encoder_Out_PulseOffTime,0,0,0,,{0},是
env,others,输入,env_1_Design/Voltage Encoder Output/InPort/U_Ch22_Voltage_Encoder_Out_Enable,0,0,0,,{0},是
env,others,输入,env_1_Design/Voltage Encoder Output/InPort/U_Ch22_Voltage_Encoder_Out_FIU,0,0,0,,{0},是
env,others,输入,env_1_Design/Voltage Encoder Output/InPort/U_Ch22_Voltage_Encoder_Out_RotateSpeed,0,0,0,,{0},是
env,others,输入,env_1_Design/Voltage Encoder Output/InPort/U_Ch22_Voltage_Encoder_Out_Frequency,0,0,0,,{0},是
env,others,输入,env_1_Design/Voltage Encoder Output/InPort/U_Ch22_Voltage_Encoder_Out_DutyRadio,0,0,0,,{0},是
env,others,输入,env_1_Design/Voltage Encoder Output/InPort/U_Ch22_Voltage_Encoder_Out_ValueLevel,0,0,0,,{0},是
env,others,输入,env_1_Design/Voltage Encoder Output/InPort/U_Ch22_Voltage_Encoder_Out_PulseOnTime,0,0,0,,{0},是
env,others,输入,env_1_Design/Voltage Encoder Output/InPort/U_Ch22_Voltage_Encoder_Out_PulseOffTime,0,0,0,,{0},是
env,others,输入,env_1_Design/Voltage Encoder Output/InPort/U_Ch23_Voltage_Encoder_Out_Enable,0,0,0,,{0},是
env,others,输入,env_1_Design/Voltage Encoder Output/InPort/U_Ch23_Voltage_Encoder_Out_FIU,0,0,0,,{0},是
env,others,输入,env_1_Design/Voltage Encoder Output/InPort/U_Ch23_Voltage_Encoder_Out_RotateSpeed,0,0,0,,{0},是
env,others,输入,env_1_Design/Voltage Encoder Output/InPort/U_Ch23_Voltage_Encoder_Out_Frequency,0,0,0,,{0},是
env,others,输入,env_1_Design/Voltage Encoder Output/InPort/U_Ch23_Voltage_Encoder_Out_DutyRadio,0,0,0,,{0},是
env,others,输入,env_1_Design/Voltage Encoder Output/InPort/U_Ch23_Voltage_Encoder_Out_ValueLevel,0,0,0,,{0},是
env,others,输入,env_1_Design/Voltage Encoder Output/InPort/U_Ch23_Voltage_Encoder_Out_PulseOnTime,0,0,0,,{0},是
env,others,输入,env_1_Design/Voltage Encoder Output/InPort/U_Ch23_Voltage_Encoder_Out_PulseOffTime,0,0,0,,{0},是
env,others,输入,env_1_Design/Voltage Encoder Output/InPort/U_Ch24_Voltage_Encoder_Out_Enable,0,0,0,,{0},是
env,others,输入,env_1_Design/Voltage Encoder Output/InPort/U_Ch24_Voltage_Encoder_Out_FIU,0,0,0,,{0},是
env,others,输入,env_1_Design/Voltage Encoder Output/InPort/U_Ch24_Voltage_Encoder_Out_RotateSpeed,0,0,0,,{0},是
env,others,输入,env_1_Design/Voltage Encoder Output/InPort/U_Ch24_Voltage_Encoder_Out_Frequency,0,0,0,,{0},是
env,others,输入,env_1_Design/Voltage Encoder Output/InPort/U_Ch24_Voltage_Encoder_Out_DutyRadio,0,0,0,,{0},是
env,others,输入,env_1_Design/Voltage Encoder Output/InPort/U_Ch24_Voltage_Encoder_Out_ValueLevel,0,0,0,,{0},是
env,others,输入,env_1_Design/Voltage Encoder Output/InPort/U_Ch24_Voltage_Encoder_Out_PulseOnTime,0,0,0,,{0},是
env,others,输入,env_1_Design/Voltage Encoder Output/InPort/U_Ch24_Voltage_Encoder_Out_PulseOffTime,0,0,0,,{0},是
env,others,输入,env_1_Design/Voltage Encoder Output/InPort/Model_Disabled,0,0,0,,{0},是
env,others,输入,env_1_Design/Voltage Encoder Output/InPort/Model_Reset,0,0,0,,{0},是
env,others,输出,env_1_Design/Voltage Encoder Output/OutPort/Y_Ch1_Voltage_Encoder_Out_Angle,0,0,0,,{0},是
env,others,输出,env_1_Design/Voltage Encoder Output/OutPort/Y_Ch1_Support_Features,0,0,0,,{0},是
env,others,输出,env_1_Design/Voltage Encoder Output/OutPort/Y_Ch1.Valid,0,0,0,,{0},是
env,others,输出,env_1_Design/Voltage Encoder Output/OutPort/Y_Ch2_Voltage_Encoder_Out_Angle,0,0,0,,{0},是
env,others,输出,env_1_Design/Voltage Encoder Output/OutPort/Y_Ch2_Support_Features,0,0,0,,{0},是
env,others,输出,env_1_Design/Voltage Encoder Output/OutPort/Y_Ch2.Valid,0,0,0,,{0},是
env,others,输出,env_1_Design/Voltage Encoder Output/OutPort/Y_Ch3_Voltage_Encoder_Out_Angle,0,0,0,,{0},是
env,others,输出,env_1_Design/Voltage Encoder Output/OutPort/Y_Ch3_Support_Features,0,0,0,,{0},是
env,others,输出,env_1_Design/Voltage Encoder Output/OutPort/Y_Ch3.Valid,0,0,0,,{0},是
env,others,输出,env_1_Design/Voltage Encoder Output/OutPort/Y_Ch4_Voltage_Encoder_Out_Angle,0,0,0,,{0},是
env,others,输出,env_1_Design/Voltage Encoder Output/OutPort/Y_Ch4_Support_Features,0,0,0,,{0},是
env,others,输出,env_1_Design/Voltage Encoder Output/OutPort/Y_Ch4.Valid,0,0,0,,{0},是
env,others,输出,env_1_Design/Voltage Encoder Output/OutPort/Y_Ch5_Voltage_Encoder_Out_Angle,0,0,0,,{0},是
env,others,输出,env_1_Design/Voltage Encoder Output/OutPort/Y_Ch5_Support_Features,0,0,0,,{0},是
env,others,输出,env_1_Design/Voltage Encoder Output/OutPort/Y_Ch5.Valid,0,0,0,,{0},是
env,others,输出,env_1_Design/Voltage Encoder Output/OutPort/Y_Ch6_Voltage_Encoder_Out_Angle,0,0,0,,{0},是
env,others,输出,env_1_Design/Voltage Encoder Output/OutPort/Y_Ch6_Support_Features,0,0,0,,{0},是
env,others,输出,env_1_Design/Voltage Encoder Output/OutPort/Y_Ch6.Valid,0,0,0,,{0},是
env,others,输出,env_1_Design/Voltage Encoder Output/OutPort/Y_Ch7_Voltage_Encoder_Out_Angle,0,0,0,,{0},是
env,others,输出,env_1_Design/Voltage Encoder Output/OutPort/Y_Ch7_Support_Features,0,0,0,,{0},是
env,others,输出,env_1_Design/Voltage Encoder Output/OutPort/Y_Ch7.Valid,0,0,0,,{0},是
env,others,输出,env_1_Design/Voltage Encoder Output/OutPort/Y_Ch8_Voltage_Encoder_Out_Angle,0,0,0,,{0},是
env,others,输出,env_1_Design/Voltage Encoder Output/OutPort/Y_Ch8_Support_Features,0,0,0,,{0},是
env,others,输出,env_1_Design/Voltage Encoder Output/OutPort/Y_Ch8.Valid,0,0,0,,{0},是
env,others,输出,env_1_Design/Voltage Encoder Output/OutPort/Y_Ch9_Voltage_Encoder_Out_Angle,0,0,0,,{0},是
env,others,输出,env_1_Design/Voltage Encoder Output/OutPort/Y_Ch9_Support_Features,0,0,0,,{0},是
env,others,输出,env_1_Design/Voltage Encoder Output/OutPort/Y_Ch9.Valid,0,0,0,,{0},是
env,others,输出,env_1_Design/Voltage Encoder Output/OutPort/Y_Ch10_Voltage_Encoder_Out_Angle,0,0,0,,{0},是
env,others,输出,env_1_Design/Voltage Encoder Output/OutPort/Y_Ch10_Support_Features,0,0,0,,{0},是
env,others,输出,env_1_Design/Voltage Encoder Output/OutPort/Y_Ch10.Valid,0,0,0,,{0},是
env,others,输出,env_1_Design/Voltage Encoder Output/OutPort/Y_Ch11_Voltage_Encoder_Out_Angle,0,0,0,,{0},是
env,others,输出,env_1_Design/Voltage Encoder Output/OutPort/Y_Ch11_Support_Features,0,0,0,,{0},是
env,others,输出,env_1_Design/Voltage Encoder Output/OutPort/Y_Ch11.Valid,0,0,0,,{0},是
env,others,输出,env_1_Design/Voltage Encoder Output/OutPort/Y_Ch12_Voltage_Encoder_Out_Angle,0,0,0,,{0},是
env,others,输出,env_1_Design/Voltage Encoder Output/OutPort/Y_Ch12_Support_Features,0,0,0,,{0},是
env,others,输出,env_1_Design/Voltage Encoder Output/OutPort/Y_Ch12.Valid,0,0,0,,{0},是
env,others,输出,env_1_Design/Voltage Encoder Output/OutPort/Y_Ch13_Voltage_Encoder_Out_Angle,0,0,0,,{0},是
env,others,输出,env_1_Design/Voltage Encoder Output/OutPort/Y_Ch13_Support_Features,0,0,0,,{0},是
env,others,输出,env_1_Design/Voltage Encoder Output/OutPort/Y_Ch13.Valid,0,0,0,,{0},是
env,others,输出,env_1_Design/Voltage Encoder Output/OutPort/Y_Ch14_Voltage_Encoder_Out_Angle,0,0,0,,{0},是
env,others,输出,env_1_Design/Voltage Encoder Output/OutPort/Y_Ch14_Support_Features,0,0,0,,{0},是
env,others,输出,env_1_Design/Voltage Encoder Output/OutPort/Y_Ch14.Valid,0,0,0,,{0},是
env,others,输出,env_1_Design/Voltage Encoder Output/OutPort/Y_Ch15_Voltage_Encoder_Out_Angle,0,0,0,,{0},是
env,others,输出,env_1_Design/Voltage Encoder Output/OutPort/Y_Ch15_Support_Features,0,0,0,,{0},是
env,others,输出,env_1_Design/Voltage Encoder Output/OutPort/Y_Ch15.Valid,0,0,0,,{0},是
env,others,输出,env_1_Design/Voltage Encoder Output/OutPort/Y_Ch16_Voltage_Encoder_Out_Angle,0,0,0,,{0},是
env,others,输出,env_1_Design/Voltage Encoder Output/OutPort/Y_Ch16_Support_Features,0,0,0,,{0},是
env,others,输出,env_1_Design/Voltage Encoder Output/OutPort/Y_Ch16.Valid,0,0,0,,{0},是
env,others,输出,env_1_Design/Voltage Encoder Output/OutPort/Y_Ch17_Voltage_Encoder_Out_Angle,0,0,0,,{0},是
env,others,输出,env_1_Design/Voltage Encoder Output/OutPort/Y_Ch17_Support_Features,0,0,0,,{0},是
env,others,输出,env_1_Design/Voltage Encoder Output/OutPort/Y_Ch17.Valid,0,0,0,,{0},是
env,others,输出,env_1_Design/Voltage Encoder Output/OutPort/Y_Ch18_Voltage_Encoder_Out_Angle,0,0,0,,{0},是
env,others,输出,env_1_Design/Voltage Encoder Output/OutPort/Y_Ch18_Support_Features,0,0,0,,{0},是
env,others,输出,env_1_Design/Voltage Encoder Output/OutPort/Y_Ch18.Valid,0,0,0,,{0},是
env,others,输出,env_1_Design/Voltage Encoder Output/OutPort/Y_Ch19_Voltage_Encoder_Out_Angle,0,0,0,,{0},是
env,others,输出,env_1_Design/Voltage Encoder Output/OutPort/Y_Ch19_Support_Features,0,0,0,,{0},是
env,others,输出,env_1_Design/Voltage Encoder Output/OutPort/Y_Ch19.Valid,0,0,0,,{0},是
env,others,输出,env_1_Design/Voltage Encoder Output/OutPort/Y_Ch20_Voltage_Encoder_Out_Angle,0,0,0,,{0},是
env,others,输出,env_1_Design/Voltage Encoder Output/OutPort/Y_Ch20_Support_Features,0,0,0,,{0},是
env,others,输出,env_1_Design/Voltage Encoder Output/OutPort/Y_Ch20.Valid,0,0,0,,{0},是
env,others,输出,env_1_Design/Voltage Encoder Output/OutPort/Y_Ch21_Voltage_Encoder_Out_Angle,0,0,0,,{0},是
env,others,输出,env_1_Design/Voltage Encoder Output/OutPort/Y_Ch21_Support_Features,0,0,0,,{0},是
env,others,输出,env_1_Design/Voltage Encoder Output/OutPort/Y_Ch21.Valid,0,0,0,,{0},是
env,others,输出,env_1_Design/Voltage Encoder Output/OutPort/Y_Ch22_Voltage_Encoder_Out_Angle,0,0,0,,{0},是
env,others,输出,env_1_Design/Voltage Encoder Output/OutPort/Y_Ch22_Support_Features,0,0,0,,{0},是
env,others,输出,env_1_Design/Voltage Encoder Output/OutPort/Y_Ch22.Valid,0,0,0,,{0},是
env,others,输出,env_1_Design/Voltage Encoder Output/OutPort/Y_Ch23_Voltage_Encoder_Out_Angle,0,0,0,,{0},是
env,others,输出,env_1_Design/Voltage Encoder Output/OutPort/Y_Ch23_Support_Features,0,0,0,,{0},是
env,others,输出,env_1_Design/Voltage Encoder Output/OutPort/Y_Ch23.Valid,0,0,0,,{0},是
env,others,输出,env_1_Design/Voltage Encoder Output/OutPort/Y_Ch24_Voltage_Encoder_Out_Angle,0,0,0,,{0},是
env,others,输出,env_1_Design/Voltage Encoder Output/OutPort/Y_Ch24_Support_Features,0,0,0,,{0},是
env,others,输出,env_1_Design/Voltage Encoder Output/OutPort/Y_Ch24.Valid,0,0,0,,{0},是
env,others,内部/未标记,env_1_Design/Voltage Encoder Output/Measurement/Runtime(us),2,10,322,"1.126, 1.326, 2.126, 2.526, 2.926, 3.326, 4.126, 4.326, 4.726, 4.926 …",min=2; max=10; distinct=9,是
env,others,内部/未标记,env_1_Design/Voltage Encoder Output/Measurement/Runtime_Min(us),2,2,0,,{2},是
env,others,内部/未标记,env_1_Design/Voltage Encoder Output/Measurement/Runtime_Max(us),15,15,0,,{15},是
env,others,内部/未标记,env_1_Design/Voltage Encoder Output/Measurement/Schedule_Interval(us),4975,5024,442,"1.126, 1.326, 1.526, 1.726, 1.926, 2.126, 2.326, 2.526, 2.726, 2.926 …",min=4975; max=5024; distinct=35,是
env,others,内部/未标记,env_1_Design/Voltage Encoder Output/Measurement/Schedule_Interval_Min(us),4918,4963,3,"23.726, 68.126, 94.526","{4918, 4954, 4957, 4963}",是
env,others,内部/未标记,env_1_Design/Voltage Encoder Output/Measurement/Schedule_Interval_Max(us),5042,5081,1,94.526,"{5042, 5081}",是
env,others,内部/未标记,env_1_Design/Voltage Encoder Output/Measurement/Schedule_Count,12972,32012,476,"1.126, 1.326, 1.526, 1.726, 1.926, 2.126, 2.326, 2.526, 2.726, 2.926 …",min=12972; max=32012; distinct=477,是
env,others,内部/未标记,env_1_Design/Voltage Encoder Output/Measurement/Activate_Fail_Count,0,0,0,,{0},是
env,others,内部/未标记,env_1_Design/Voltage Encoder Output/Measurement/Processor,5,15,423,"1.126, 1.326, 1.526, 1.926, 2.126, 2.326, 2.526, 2.726, 2.926, 3.326 …",min=5; max=15; distinct=11,是
env,others,输入,env_1_Design/Voltage Input/InPort/U_Ch1_Enable,0,0,0,,{0},是
env,others,输入,env_1_Design/Voltage Input/InPort/U_Ch1_FIU_Value,0,0,0,,{0},是
env,others,输入,env_1_Design/Voltage Input/InPort/U_Ch1_SafetySwitch,0,0,0,,{0},是
env,others,输入,env_1_Design/Voltage Input/InPort/U_Ch2_Enable,0,0,0,,{0},是
env,others,输入,env_1_Design/Voltage Input/InPort/U_Ch2_FIU_Value,0,0,0,,{0},是
env,others,输入,env_1_Design/Voltage Input/InPort/U_Ch2_SafetySwitch,0,0,0,,{0},是
env,others,输入,env_1_Design/Voltage Input/InPort/U_Ch3_Enable,0,0,0,,{0},是
env,others,输入,env_1_Design/Voltage Input/InPort/U_Ch3_FIU_Value,0,0,0,,{0},是
env,others,输入,env_1_Design/Voltage Input/InPort/U_Ch3_SafetySwitch,0,0,0,,{0},是
env,others,输入,env_1_Design/Voltage Input/InPort/U_Ch4_Enable,0,0,0,,{0},是
env,others,输入,env_1_Design/Voltage Input/InPort/U_Ch4_FIU_Value,0,0,0,,{0},是
env,others,输入,env_1_Design/Voltage Input/InPort/U_Ch4_SafetySwitch,0,0,0,,{0},是
env,others,输入,env_1_Design/Voltage Input/InPort/U_Ch5_Enable,0,0,0,,{0},是
env,others,输入,env_1_Design/Voltage Input/InPort/U_Ch5_FIU_Value,0,0,0,,{0},是
env,others,输入,env_1_Design/Voltage Input/InPort/U_Ch5_SafetySwitch,0,0,0,,{0},是
env,others,输入,env_1_Design/Voltage Input/InPort/U_Ch6_Enable,0,0,0,,{0},是
env,others,输入,env_1_Design/Voltage Input/InPort/U_Ch6_FIU_Value,0,0,0,,{0},是
env,others,输入,env_1_Design/Voltage Input/InPort/U_Ch6_SafetySwitch,0,0,0,,{0},是
env,others,输入,env_1_Design/Voltage Input/InPort/U_Ch7_Enable,0,0,0,,{0},是
env,others,输入,env_1_Design/Voltage Input/InPort/U_Ch7_FIU_Value,0,0,0,,{0},是
env,others,输入,env_1_Design/Voltage Input/InPort/U_Ch7_SafetySwitch,0,0,0,,{0},是
env,others,输入,env_1_Design/Voltage Input/InPort/U_Ch8_Enable,0,0,0,,{0},是
env,others,输入,env_1_Design/Voltage Input/InPort/U_Ch8_FIU_Value,0,0,0,,{0},是
env,others,输入,env_1_Design/Voltage Input/InPort/U_Ch8_SafetySwitch,0,0,0,,{0},是
env,others,输入,env_1_Design/Voltage Input/InPort/U_Ch9_Enable,0,0,0,,{0},是
env,others,输入,env_1_Design/Voltage Input/InPort/U_Ch9_FIU_Value,0,0,0,,{0},是
env,others,输入,env_1_Design/Voltage Input/InPort/U_Ch9_SafetySwitch,0,0,0,,{0},是
env,others,输入,env_1_Design/Voltage Input/InPort/U_Ch10_Enable,0,0,0,,{0},是
env,others,输入,env_1_Design/Voltage Input/InPort/U_Ch10_FIU_Value,0,0,0,,{0},是
env,others,输入,env_1_Design/Voltage Input/InPort/U_Ch10_SafetySwitch,0,0,0,,{0},是
env,others,输入,env_1_Design/Voltage Input/InPort/U_Ch11_Enable,0,0,0,,{0},是
env,others,输入,env_1_Design/Voltage Input/InPort/U_Ch11_FIU_Value,0,0,0,,{0},是
env,others,输入,env_1_Design/Voltage Input/InPort/U_Ch11_SafetySwitch,0,0,0,,{0},是
env,others,输入,env_1_Design/Voltage Input/InPort/U_Ch12_Enable,0,0,0,,{0},是
env,others,输入,env_1_Design/Voltage Input/InPort/U_Ch12_FIU_Value,0,0,0,,{0},是
env,others,输入,env_1_Design/Voltage Input/InPort/U_Ch12_SafetySwitch,0,0,0,,{0},是
env,others,输入,env_1_Design/Voltage Input/InPort/U_Ch13_Enable,0,0,0,,{0},是
env,others,输入,env_1_Design/Voltage Input/InPort/U_Ch13_FIU_Value,0,0,0,,{0},是
env,others,输入,env_1_Design/Voltage Input/InPort/U_Ch13_SafetySwitch,0,0,0,,{0},是
env,others,输入,env_1_Design/Voltage Input/InPort/U_Ch14_Enable,0,0,0,,{0},是
env,others,输入,env_1_Design/Voltage Input/InPort/U_Ch14_FIU_Value,0,0,0,,{0},是
env,others,输入,env_1_Design/Voltage Input/InPort/U_Ch14_SafetySwitch,0,0,0,,{0},是
env,others,输入,env_1_Design/Voltage Input/InPort/U_Ch15_Enable,0,0,0,,{0},是
env,others,输入,env_1_Design/Voltage Input/InPort/U_Ch15_FIU_Value,0,0,0,,{0},是
env,others,输入,env_1_Design/Voltage Input/InPort/U_Ch15_SafetySwitch,0,0,0,,{0},是
env,others,输入,env_1_Design/Voltage Input/InPort/U_Ch16_Enable,0,0,0,,{0},是
env,others,输入,env_1_Design/Voltage Input/InPort/U_Ch16_FIU_Value,0,0,0,,{0},是
env,others,输入,env_1_Design/Voltage Input/InPort/U_Ch16_SafetySwitch,0,0,0,,{0},是
env,others,输入,env_1_Design/Voltage Input/InPort/U_Ch17_Enable,0,0,0,,{0},是
env,others,输入,env_1_Design/Voltage Input/InPort/U_Ch17_FIU_Value,0,0,0,,{0},是
env,others,输入,env_1_Design/Voltage Input/InPort/U_Ch17_SafetySwitch,0,0,0,,{0},是
env,others,输入,env_1_Design/Voltage Input/InPort/U_Ch18_Enable,0,0,0,,{0},是
env,others,输入,env_1_Design/Voltage Input/InPort/U_Ch18_FIU_Value,0,0,0,,{0},是
env,others,输入,env_1_Design/Voltage Input/InPort/U_Ch18_SafetySwitch,0,0,0,,{0},是
env,others,输入,env_1_Design/Voltage Input/InPort/U_Ch19_Enable,0,0,0,,{0},是
env,others,输入,env_1_Design/Voltage Input/InPort/U_Ch19_FIU_Value,0,0,0,,{0},是
env,others,输入,env_1_Design/Voltage Input/InPort/U_Ch19_SafetySwitch,0,0,0,,{0},是
env,others,输入,env_1_Design/Voltage Input/InPort/U_Ch20_Enable,0,0,0,,{0},是
env,others,输入,env_1_Design/Voltage Input/InPort/U_Ch20_FIU_Value,0,0,0,,{0},是
env,others,输入,env_1_Design/Voltage Input/InPort/U_Ch20_SafetySwitch,0,0,0,,{0},是
env,others,输入,env_1_Design/Voltage Input/InPort/U_Ch21_Enable,0,0,0,,{0},是
env,others,输入,env_1_Design/Voltage Input/InPort/U_Ch21_FIU_Value,0,0,0,,{0},是
env,others,输入,env_1_Design/Voltage Input/InPort/U_Ch21_SafetySwitch,0,0,0,,{0},是
env,others,输入,env_1_Design/Voltage Input/InPort/U_Ch22_Enable,0,0,0,,{0},是
env,others,输入,env_1_Design/Voltage Input/InPort/U_Ch22_FIU_Value,0,0,0,,{0},是
env,others,输入,env_1_Design/Voltage Input/InPort/U_Ch22_SafetySwitch,0,0,0,,{0},是
env,others,输入,env_1_Design/Voltage Input/InPort/U_Ch23_Enable,0,0,0,,{0},是
env,others,输入,env_1_Design/Voltage Input/InPort/U_Ch23_FIU_Value,0,0,0,,{0},是
env,others,输入,env_1_Design/Voltage Input/InPort/U_Ch23_SafetySwitch,0,0,0,,{0},是
env,others,输入,env_1_Design/Voltage Input/InPort/U_Ch24_Enable,0,0,0,,{0},是
env,others,输入,env_1_Design/Voltage Input/InPort/U_Ch24_FIU_Value,0,0,0,,{0},是
env,others,输入,env_1_Design/Voltage Input/InPort/U_Ch24_SafetySwitch,0,0,0,,{0},是
env,others,输入,env_1_Design/Voltage Input/InPort/U_Ch25_Enable,0,0,0,,{0},是
env,others,输入,env_1_Design/Voltage Input/InPort/U_Ch25_FIU_Value,0,0,0,,{0},是
env,others,输入,env_1_Design/Voltage Input/InPort/U_Ch25_SafetySwitch,0,0,0,,{0},是
env,others,输入,env_1_Design/Voltage Input/InPort/U_Ch26_Enable,0,0,0,,{0},是
env,others,输入,env_1_Design/Voltage Input/InPort/U_Ch26_FIU_Value,0,0,0,,{0},是
env,others,输入,env_1_Design/Voltage Input/InPort/U_Ch26_SafetySwitch,0,0,0,,{0},是
env,others,输入,env_1_Design/Voltage Input/InPort/U_Ch27_Enable,0,0,0,,{0},是
env,others,输入,env_1_Design/Voltage Input/InPort/U_Ch27_FIU_Value,0,0,0,,{0},是
env,others,输入,env_1_Design/Voltage Input/InPort/U_Ch27_SafetySwitch,0,0,0,,{0},是
env,others,输入,env_1_Design/Voltage Input/InPort/U_Ch28_Enable,0,0,0,,{0},是
env,others,输入,env_1_Design/Voltage Input/InPort/U_Ch28_FIU_Value,0,0,0,,{0},是
env,others,输入,env_1_Design/Voltage Input/InPort/U_Ch28_SafetySwitch,0,0,0,,{0},是
env,others,输入,env_1_Design/Voltage Input/InPort/U_Ch29_Enable,0,0,0,,{0},是
env,others,输入,env_1_Design/Voltage Input/InPort/U_Ch29_FIU_Value,0,0,0,,{0},是
env,others,输入,env_1_Design/Voltage Input/InPort/U_Ch29_SafetySwitch,0,0,0,,{0},是
env,others,输入,env_1_Design/Voltage Input/InPort/U_Ch30_Enable,0,0,0,,{0},是
env,others,输入,env_1_Design/Voltage Input/InPort/U_Ch30_FIU_Value,0,0,0,,{0},是
env,others,输入,env_1_Design/Voltage Input/InPort/U_Ch30_SafetySwitch,0,0,0,,{0},是
env,others,输入,env_1_Design/Voltage Input/InPort/U_Ch31_Enable,0,0,0,,{0},是
env,others,输入,env_1_Design/Voltage Input/InPort/U_Ch31_FIU_Value,0,0,0,,{0},是
env,others,输入,env_1_Design/Voltage Input/InPort/U_Ch31_SafetySwitch,0,0,0,,{0},是
env,others,输入,env_1_Design/Voltage Input/InPort/U_Ch32_Enable,0,0,0,,{0},是
env,others,输入,env_1_Design/Voltage Input/InPort/U_Ch32_FIU_Value,0,0,0,,{0},是
env,others,输入,env_1_Design/Voltage Input/InPort/U_Ch32_SafetySwitch,0,0,0,,{0},是
env,others,输入,env_1_Design/Voltage Input/InPort/U_Ch33_Enable,0,0,0,,{0},是
env,others,输入,env_1_Design/Voltage Input/InPort/U_Ch33_FIU_Value,0,0,0,,{0},是
env,others,输入,env_1_Design/Voltage Input/InPort/U_Ch33_SafetySwitch,0,0,0,,{0},是
env,others,输入,env_1_Design/Voltage Input/InPort/U_Ch34_Enable,0,0,0,,{0},是
env,others,输入,env_1_Design/Voltage Input/InPort/U_Ch34_FIU_Value,0,0,0,,{0},是
env,others,输入,env_1_Design/Voltage Input/InPort/U_Ch34_SafetySwitch,0,0,0,,{0},是
env,others,输入,env_1_Design/Voltage Input/InPort/U_Ch35_Enable,0,0,0,,{0},是
env,others,输入,env_1_Design/Voltage Input/InPort/U_Ch35_FIU_Value,0,0,0,,{0},是
env,others,输入,env_1_Design/Voltage Input/InPort/U_Ch35_SafetySwitch,0,0,0,,{0},是
env,others,输入,env_1_Design/Voltage Input/InPort/U_Ch36_Enable,0,0,0,,{0},是
env,others,输入,env_1_Design/Voltage Input/InPort/U_Ch36_FIU_Value,0,0,0,,{0},是
env,others,输入,env_1_Design/Voltage Input/InPort/U_Ch36_SafetySwitch,0,0,0,,{0},是
env,others,输入,env_1_Design/Voltage Input/InPort/U_Ch37_Enable,0,0,0,,{0},是
env,others,输入,env_1_Design/Voltage Input/InPort/U_Ch37_FIU_Value,0,0,0,,{0},是
env,others,输入,env_1_Design/Voltage Input/InPort/U_Ch37_SafetySwitch,0,0,0,,{0},是
env,others,输入,env_1_Design/Voltage Input/InPort/U_Ch38_Enable,0,0,0,,{0},是
env,others,输入,env_1_Design/Voltage Input/InPort/U_Ch38_FIU_Value,0,0,0,,{0},是
env,others,输入,env_1_Design/Voltage Input/InPort/U_Ch38_SafetySwitch,0,0,0,,{0},是
env,others,输入,env_1_Design/Voltage Input/InPort/U_Ch39_Enable,0,0,0,,{0},是
env,others,输入,env_1_Design/Voltage Input/InPort/U_Ch39_FIU_Value,0,0,0,,{0},是
env,others,输入,env_1_Design/Voltage Input/InPort/U_Ch39_SafetySwitch,0,0,0,,{0},是
env,others,输入,env_1_Design/Voltage Input/InPort/U_Ch40_Enable,0,0,0,,{0},是
env,others,输入,env_1_Design/Voltage Input/InPort/U_Ch40_FIU_Value,0,0,0,,{0},是
env,others,输入,env_1_Design/Voltage Input/InPort/U_Ch40_SafetySwitch,0,0,0,,{0},是
env,others,输入,env_1_Design/Voltage Input/InPort/U_Ch41_Enable,0,0,0,,{0},是
env,others,输入,env_1_Design/Voltage Input/InPort/U_Ch41_FIU_Value,0,0,0,,{0},是
env,others,输入,env_1_Design/Voltage Input/InPort/U_Ch41_SafetySwitch,0,0,0,,{0},是
env,others,输入,env_1_Design/Voltage Input/InPort/U_Ch42_Enable,0,0,0,,{0},是
env,others,输入,env_1_Design/Voltage Input/InPort/U_Ch42_FIU_Value,0,0,0,,{0},是
env,others,输入,env_1_Design/Voltage Input/InPort/U_Ch42_SafetySwitch,0,0,0,,{0},是
env,others,输入,env_1_Design/Voltage Input/InPort/U_Ch43_Enable,0,0,0,,{0},是
env,others,输入,env_1_Design/Voltage Input/InPort/U_Ch43_FIU_Value,0,0,0,,{0},是
env,others,输入,env_1_Design/Voltage Input/InPort/U_Ch43_SafetySwitch,0,0,0,,{0},是
env,others,输入,env_1_Design/Voltage Input/InPort/U_Ch44_Enable,0,0,0,,{0},是
env,others,输入,env_1_Design/Voltage Input/InPort/U_Ch44_FIU_Value,0,0,0,,{0},是
env,others,输入,env_1_Design/Voltage Input/InPort/U_Ch44_SafetySwitch,0,0,0,,{0},是
env,others,输入,env_1_Design/Voltage Input/InPort/U_Ch45_Enable,0,0,0,,{0},是
env,others,输入,env_1_Design/Voltage Input/InPort/U_Ch45_FIU_Value,0,0,0,,{0},是
env,others,输入,env_1_Design/Voltage Input/InPort/U_Ch45_SafetySwitch,0,0,0,,{0},是
env,others,输入,env_1_Design/Voltage Input/InPort/U_Ch46_Enable,0,0,0,,{0},是
env,others,输入,env_1_Design/Voltage Input/InPort/U_Ch46_FIU_Value,0,0,0,,{0},是
env,others,输入,env_1_Design/Voltage Input/InPort/U_Ch46_SafetySwitch,0,0,0,,{0},是
env,others,输入,env_1_Design/Voltage Input/InPort/U_Ch47_Enable,0,0,0,,{0},是
env,others,输入,env_1_Design/Voltage Input/InPort/U_Ch47_FIU_Value,0,0,0,,{0},是
env,others,输入,env_1_Design/Voltage Input/InPort/U_Ch47_SafetySwitch,0,0,0,,{0},是
env,others,输入,env_1_Design/Voltage Input/InPort/U_Ch48_Enable,0,0,0,,{0},是
env,others,输入,env_1_Design/Voltage Input/InPort/U_Ch48_FIU_Value,0,0,0,,{0},是
env,others,输入,env_1_Design/Voltage Input/InPort/U_Ch48_SafetySwitch,0,0,0,,{0},是
env,others,输入,env_1_Design/Voltage Input/InPort/Model_Disabled,0,0,0,,{0},是
env,others,输入,env_1_Design/Voltage Input/InPort/Model_Reset,0,0,0,,{0},是
env,others,输出,env_1_Design/Voltage Input/OutPort/Y_Ch1_Present_Voltage,-0.01,0.012,161,"3.526, 4.126, 4.326, 4.726, 4.926, 5.126, 5.326, 5.926, 6.126, 6.526 …",min=-0.01; max=0.012; distinct=11,是
env,others,输出,env_1_Design/Voltage Input/OutPort/Y_Ch1_Average_Voltage,0.000312,0.000512,304,"1.126, 1.526, 1.726, 2.126, 2.326, 2.926, 3.326, 3.526, 3.926, 4.126 …",min=0.000312; max=0.000512; distinct=42,是
env,others,输出,env_1_Design/Voltage Input/OutPort/Y_Ch1_Support_Features,0,0,0,,{0},是
env,others,输出,env_1_Design/Voltage Input/OutPort/Y_Ch1.Valid,0,0,0,,{0},是
env,others,输出,env_1_Design/Voltage Input/OutPort/Y_Ch2_Present_Voltage,-0.004,0.004,87,"3.526, 4.926, 5.126, 11.126, 11.526, 11.926, 12.326, 12.526, 14.326, 14.526 …","{-0.004, -0.002, 0, 0.004}",是
env,others,输出,env_1_Design/Voltage Input/OutPort/Y_Ch2_Average_Voltage,-0.001556,-0.001416,305,"1.126, 1.526, 1.726, 2.126, 2.326, 2.726, 2.926, 3.326, 3.926, 4.126 …",min=-0.001556; max=-0.001416; distinct=33,是
env,others,输出,env_1_Design/Voltage Input/OutPort/Y_Ch2_Support_Features,0,0,0,,{0},是
env,others,输出,env_1_Design/Voltage Input/OutPort/Y_Ch2.Valid,0,0,0,,{0},是
env,others,输出,env_1_Design/Voltage Input/OutPort/Y_Ch3_Present_Voltage,-0.01,0.01,131,"3.526, 4.126, 4.526, 4.726, 4.926, 5.126, 5.926, 6.126, 7.526, 7.726 …",min=-0.01; max=0.01; distinct=10,是
env,others,输出,env_1_Design/Voltage Input/OutPort/Y_Ch3_Average_Voltage,0.000512,0.000648,298,"1.126, 1.526, 1.726, 2.126, 2.326, 2.726, 2.926, 3.326, 3.526, 3.926 …",min=0.000512; max=0.000648; distinct=32,是
env,others,输出,env_1_Design/Voltage Input/OutPort/Y_Ch3_Support_Features,0,0,0,,{0},是
env,others,输出,env_1_Design/Voltage Input/OutPort/Y_Ch3.Valid,0,0,0,,{0},是
env,others,输出,env_1_Design/Voltage Input/OutPort/Y_Ch4_Present_Voltage,-0.01,0.01,217,"3.526, 4.126, 4.326, 4.726, 4.926, 5.126, 5.526, 6.526, 7.526, 7.726 …",min=-0.01; max=0.01; distinct=11,是
env,others,输出,env_1_Design/Voltage Input/OutPort/Y_Ch4_Average_Voltage,-0.001556,-0.001376,310,"1.126, 1.526, 1.726, 2.126, 2.326, 2.726, 2.926, 3.326, 3.526, 3.926 …",min=-0.001556; max=-0.001376; distinct=42,是
env,others,输出,env_1_Design/Voltage Input/OutPort/Y_Ch4_Support_Features,0,0,0,,{0},是
env,others,输出,env_1_Design/Voltage Input/OutPort/Y_Ch4.Valid,0,0,0,,{0},是
env,others,输出,env_1_Design/Voltage Input/OutPort/Y_Ch5_Present_Voltage,0,0.004,47,"3.526, 8.326, 8.526, 8.926, 9.126, 9.326, 9.926, 10.326, 19.726, 20.126 …","{0, 0.002, 0.004}",是
env,others,输出,env_1_Design/Voltage Input/OutPort/Y_Ch5_Average_Voltage,0.001916,0.002012,300,"1.126, 1.526, 1.726, 2.126, 2.326, 2.726, 2.926, 3.326, 3.526, 3.926 …",min=0.001916; max=0.002012; distinct=25,是
env,others,输出,env_1_Design/Voltage Input/OutPort/Y_Ch5_Support_Features,0,0,0,,{0},是
env,others,输出,env_1_Design/Voltage Input/OutPort/Y_Ch5.Valid,0,0,0,,{0},是
env,others,输出,env_1_Design/Voltage Input/OutPort/Y_Ch6_Present_Voltage,-0.006,0.008,89,"3.526, 3.726, 3.926, 4.126, 4.326, 4.726, 4.926, 5.126, 5.926, 6.126 …","{-0.006, -0.004, -0.002, 0, 0.002, 0.004, 0.008}",是
env,others,输出,env_1_Design/Voltage Input/OutPort/Y_Ch6_Average_Voltage,-0.000284,-0.000132,297,"1.126, 1.526, 1.726, 2.126, 2.326, 2.726, 2.926, 3.526, 3.926, 4.126 …",min=-0.000284; max=-0.000132; distinct=32,是
env,others,输出,env_1_Design/Voltage Input/OutPort/Y_Ch6_Support_Features,0,0,0,,{0},是
env,others,输入,env_1_Design/Battery Cell Simulator/InPort/U_Battery_Cell_Ch1_Output_voltage,0,0,0,,{0},是
env,others,输入,env_1_Design/Battery Cell Simulator/InPort/U_Battery_Cell_Ch1_Enable,0,0,0,,{0},否
env,others,输入,env_1_Design/Battery Cell Simulator/InPort/U_Battery_Cell_Ch1_Polar_Over_Turn,0,0,0,,{0},否
env,others,输入,env_1_Design/Battery Cell Simulator/InPort/U_Battery_Cell_Ch2_Output_voltage,0,0,0,,{0},是
env,others,输入,env_1_Design/Battery Cell Simulator/InPort/U_Battery_Cell_Ch2_Enable,0,0,0,,{0},否
env,others,输入,env_1_Design/Battery Cell Simulator/InPort/U_Battery_Cell_Ch2_Polar_Over_Turn,0,0,0,,{0},否
env,others,输入,env_1_Design/Battery Cell Simulator/InPort/U_Battery_Cell_Ch3_Output_voltage,0,0,0,,{0},是
env,others,输入,env_1_Design/Battery Cell Simulator/InPort/U_Battery_Cell_Ch3_Enable,0,0,0,,{0},否
env,others,输入,env_1_Design/Battery Cell Simulator/InPort/U_Battery_Cell_Ch3_Polar_Over_Turn,0,0,0,,{0},否
env,others,输入,env_1_Design/Battery Cell Simulator/InPort/U_Battery_Cell_Ch4_Output_voltage,0,0,0,,{0},是
env,others,输入,env_1_Design/Battery Cell Simulator/InPort/U_Battery_Cell_Ch4_Enable,0,0,0,,{0},否
env,others,输入,env_1_Design/Battery Cell Simulator/InPort/U_Battery_Cell_Ch4_Polar_Over_Turn,0,0,0,,{0},否
env,others,输入,env_1_Design/Battery Cell Simulator/InPort/U_Battery_Cell_Ch5_Output_voltage,0,0,0,,{0},是
env,others,输入,env_1_Design/Battery Cell Simulator/InPort/U_Battery_Cell_Ch5_Enable,0,0,0,,{0},否
env,others,输入,env_1_Design/Battery Cell Simulator/InPort/U_Battery_Cell_Ch5_Polar_Over_Turn,0,0,0,,{0},否
env,others,输入,env_1_Design/Battery Cell Simulator/InPort/U_Battery_Cell_Ch6_Output_voltage,0,0,0,,{0},是
env,others,输入,env_1_Design/Battery Cell Simulator/InPort/U_Battery_Cell_Ch6_Enable,0,0,0,,{0},否
env,others,输入,env_1_Design/Battery Cell Simulator/InPort/U_Battery_Cell_Ch6_Polar_Over_Turn,0,0,0,,{0},否
env,others,输入,env_1_Design/Battery Cell Simulator/InPort/Model_Disabled,0,0,0,,{0},否
env,others,输入,env_1_Design/Battery Cell Simulator/InPort/Model_Reset,0,0,0,,{0},否
env,others,输出,env_1_Design/Battery Cell Simulator/OutPort/Y_Battery_Cell_Ch1_Voltage_Feedback,0,0,0,,{0},是
env,others,输出,env_1_Design/Battery Cell Simulator/OutPort/Y_Battery_Cell_Ch1_Current_Feedback,0,0,0,,{0},是
env,others,输出,env_1_Design/Battery Cell Simulator/OutPort/Y_Battery_Cell_Ch1_CV_State,0,0,0,,{0},否
env,others,输出,env_1_Design/Battery Cell Simulator/OutPort/Y_Battery_Cell_Ch1_CC_State,0,0,0,,{0},否
env,others,输出,env_1_Design/Battery Cell Simulator/OutPort/Y_Battery_Cell_Ch1_NEGCC_State,0,0,0,,{0},否
env,others,输出,env_1_Design/Battery Cell Simulator/OutPort/Y_Battery_Cell_Ch1_OV_State,0,0,0,,{0},否
env,others,输出,env_1_Design/Battery Cell Simulator/OutPort/Y_Ch1.Valid,0,0,0,,{0},否
env,others,输出,env_1_Design/Battery Cell Simulator/OutPort/Y_Battery_Cell_Ch2_Voltage_Feedback,0,0,0,,{0},是
env,others,输出,env_1_Design/Battery Cell Simulator/OutPort/Y_Battery_Cell_Ch2_Current_Feedback,0,0,0,,{0},是
env,others,输出,env_1_Design/Battery Cell Simulator/OutPort/Y_Battery_Cell_Ch2_CV_State,0,0,0,,{0},否
env,others,输出,env_1_Design/Battery Cell Simulator/OutPort/Y_Battery_Cell_Ch2_CC_State,0,0,0,,{0},否
env,others,输出,env_1_Design/Battery Cell Simulator/OutPort/Y_Battery_Cell_Ch2_NEGCC_State,0,0,0,,{0},否
env,others,输出,env_1_Design/Battery Cell Simulator/OutPort/Y_Battery_Cell_Ch2_OV_State,0,0,0,,{0},否
env,others,输出,env_1_Design/Battery Cell Simulator/OutPort/Y_Ch2.Valid,0,0,0,,{0},否
env,others,输出,env_1_Design/Battery Cell Simulator/OutPort/Y_Battery_Cell_Ch3_Voltage_Feedback,0,0,0,,{0},是
env,others,输出,env_1_Design/Battery Cell Simulator/OutPort/Y_Battery_Cell_Ch3_Current_Feedback,0,0,0,,{0},是
env,others,输出,env_1_Design/Battery Cell Simulator/OutPort/Y_Battery_Cell_Ch3_CV_State,0,0,0,,{0},否
env,others,输出,env_1_Design/Battery Cell Simulator/OutPort/Y_Battery_Cell_Ch3_CC_State,0,0,0,,{0},否
env,others,输出,env_1_Design/Battery Cell Simulator/OutPort/Y_Battery_Cell_Ch3_NEGCC_State,0,0,0,,{0},否
env,others,输出,env_1_Design/Battery Cell Simulator/OutPort/Y_Battery_Cell_Ch3_OV_State,0,0,0,,{0},否
env,others,输出,env_1_Design/Battery Cell Simulator/OutPort/Y_Ch3.Valid,0,0,0,,{0},否
env,others,输出,env_1_Design/Battery Cell Simulator/OutPort/Y_Battery_Cell_Ch4_Voltage_Feedback,0,0,0,,{0},是
env,others,输出,env_1_Design/Battery Cell Simulator/OutPort/Y_Battery_Cell_Ch4_Current_Feedback,0,0,0,,{0},是
env,others,输出,env_1_Design/Battery Cell Simulator/OutPort/Y_Battery_Cell_Ch4_CV_State,0,0,0,,{0},否
env,others,输出,env_1_Design/Battery Cell Simulator/OutPort/Y_Battery_Cell_Ch4_CC_State,0,0,0,,{0},否
env,others,输出,env_1_Design/Battery Cell Simulator/OutPort/Y_Battery_Cell_Ch4_NEGCC_State,0,0,0,,{0},否
env,others,输出,env_1_Design/Battery Cell Simulator/OutPort/Y_Battery_Cell_Ch4_OV_State,0,0,0,,{0},否
env,others,输出,env_1_Design/Battery Cell Simulator/OutPort/Y_Ch4.Valid,0,0,0,,{0},否
env,others,输出,env_1_Design/Battery Cell Simulator/OutPort/Y_Battery_Cell_Ch5_Voltage_Feedback,0,0,0,,{0},是
env,others,输出,env_1_Design/Battery Cell Simulator/OutPort/Y_Battery_Cell_Ch5_Current_Feedback,0,0,0,,{0},是
env,others,输出,env_1_Design/Battery Cell Simulator/OutPort/Y_Battery_Cell_Ch5_CV_State,0,0,0,,{0},否
env,others,输出,env_1_Design/Battery Cell Simulator/OutPort/Y_Battery_Cell_Ch5_CC_State,0,0,0,,{0},否
env,others,输出,env_1_Design/Battery Cell Simulator/OutPort/Y_Battery_Cell_Ch5_NEGCC_State,0,0,0,,{0},否
env,others,输出,env_1_Design/Battery Cell Simulator/OutPort/Y_Battery_Cell_Ch5_OV_State,0,0,0,,{0},否
env,others,输出,env_1_Design/Battery Cell Simulator/OutPort/Y_Ch5.Valid,0,0,0,,{0},否
env,others,输出,env_1_Design/Battery Cell Simulator/OutPort/Y_Battery_Cell_Ch6_Voltage_Feedback,0,0,0,,{0},是
env,others,输出,env_1_Design/Battery Cell Simulator/OutPort/Y_Battery_Cell_Ch6_Current_Feedback,0,0,0,,{0},是
env,others,输出,env_1_Design/Battery Cell Simulator/OutPort/Y_Battery_Cell_Ch6_CV_State,0,0,0,,{0},否
env,others,输出,env_1_Design/Battery Cell Simulator/OutPort/Y_Battery_Cell_Ch6_CC_State,0,0,0,,{0},否
env,others,输出,env_1_Design/Battery Cell Simulator/OutPort/Y_Battery_Cell_Ch6_NEGCC_State,0,0,0,,{0},否
env,others,输出,env_1_Design/Battery Cell Simulator/OutPort/Y_Battery_Cell_Ch6_OV_State,0,0,0,,{0},否
env,others,输出,env_1_Design/Battery Cell Simulator/OutPort/Y_Ch6.Valid,0,0,0,,{0},否
env,others,内部/未标记,env_1_Design/Battery Cell Simulator/Measurement/Runtime(us),0,8,268,"1.292, 1.492, 1.692, 1.892, 2.292, 2.692, 2.892, 3.292, 3.692, 3.892 …","{0, 1, 2, 3, 4, 5, 8}",否
env,others,内部/未标记,env_1_Design/Battery Cell Simulator/Measurement/Runtime_Min(us),0,2,4,"21.292, 21.492, 76.092, 76.292","{0, 1, 2}",否
env,others,内部/未标记,env_1_Design/Battery Cell Simulator/Measurement/Runtime_Max(us),13,17,1,5.292,"{13, 17}",否
env,others,内部/未标记,env_1_Design/Battery Cell Simulator/Measurement/Schedule_Interval(us),4813,5192,466,"1.292, 1.492, 1.692, 1.892, 2.092, 2.292, 2.492, 2.692, 2.892, 3.092 …",min=4813; max=5192; distinct=99,否
env,others,内部/未标记,env_1_Design/Battery Cell Simulator/Measurement/Schedule_Interval_Min(us),4773,4773,0,,{4773},否
env,others,内部/未标记,env_1_Design/Battery Cell Simulator/Measurement/Schedule_Interval_Max(us),5235,5235,0,,{5235},否
env,others,内部/未标记,env_1_Design/Battery Cell Simulator/Measurement/Schedule_Count,13006,32046,476,"1.292, 1.492, 1.692, 1.892, 2.092, 2.292, 2.492, 2.692, 2.892, 3.092 …",min=13006; max=32046; distinct=477,否
env,others,内部/未标记,env_1_Design/Battery Cell Simulator/Measurement/Activate_Fail_Count,0,0,0,,{0},否
env,others,内部/未标记,env_1_Design/Battery Cell Simulator/Measurement/Processor,5,15,437,"1.292, 1.492, 1.892, 2.092, 2.292, 2.492, 2.692, 2.892, 3.092, 3.292 …",min=5; max=15; distinct=11,否
env,others,输入,env_1_Design/CAN/InPort/CAN_CH1.U_CAN_Ch1_TxDisable,0,0,0,,{0},否
env,others,输入,env_1_Design/CAN/InPort/CAN_CH1.U_J1939_Ch1_TxDisable,0,0,0,,{0},否
env,others,输入,env_1_Design/CAN/InPort/CAN_CH1.U_CAN_Ch1_RxDisable,0,0,0,,{0},否
env,others,输入,env_1_Design/CAN/InPort/CAN_CH1.U_J1939_Ch1_RxDisable,0,0,0,,{0},否
env,others,输入,env_1_Design/CAN/InPort/CAN_CH1.Sample_Point_Test.Enable,0,0,0,,{0},否
env,others,输入,env_1_Design/CAN/InPort/CAN_CH2.U_CAN_Ch2_TxDisable,0,0,0,,{0},否
env,others,输入,env_1_Design/CAN/InPort/CAN_CH2.U_J1939_Ch2_TxDisable,0,0,0,,{0},否
env,others,输入,env_1_Design/CAN/InPort/CAN_CH2.U_CAN_Ch2_RxDisable,0,0,0,,{0},否
env,others,输入,env_1_Design/CAN/InPort/CAN_CH2.U_J1939_Ch2_RxDisable,0,0,0,,{0},否
env,others,输入,env_1_Design/CAN/InPort/CAN_CH2.Sample_Point_Test.Enable,0,0,0,,{0},否
env,others,输入,env_1_Design/CAN/InPort/CAN_CH3.U_CAN_Ch3_TxDisable,0,0,0,,{0},否
env,others,输入,env_1_Design/CAN/InPort/CAN_CH3.U_J1939_Ch3_TxDisable,0,0,0,,{0},否
env,others,输入,env_1_Design/CAN/InPort/CAN_CH3.U_CAN_Ch3_RxDisable,0,0,0,,{0},否
env,others,输入,env_1_Design/CAN/InPort/CAN_CH3.U_J1939_Ch3_RxDisable,0,0,0,,{0},否
env,others,输入,env_1_Design/CAN/InPort/CAN_CH3.Sample_Point_Test.Enable,0,0,0,,{0},否
env,others,输入,env_1_Design/CAN/InPort/CAN_CH4.U_CAN_Ch4_TxDisable,0,0,0,,{0},否
env,others,输入,env_1_Design/CAN/InPort/CAN_CH4.U_J1939_Ch4_TxDisable,0,0,0,,{0},否
env,others,输入,env_1_Design/CAN/InPort/CAN_CH4.U_CAN_Ch4_RxDisable,0,0,0,,{0},否
env,others,输入,env_1_Design/CAN/InPort/CAN_CH4.U_J1939_Ch4_RxDisable,0,0,0,,{0},否
env,others,输入,env_1_Design/CAN/InPort/CAN_CH4.Sample_Point_Test.Enable,0,0,0,,{0},否
env,others,输入,env_1_Design/CAN/InPort/CAN_CH5.U_CAN_Ch5_TxDisable,0,0,0,,{0},否
env,others,输入,env_1_Design/CAN/InPort/CAN_CH5.U_J1939_Ch5_TxDisable,0,0,0,,{0},否
env,others,输入,env_1_Design/CAN/InPort/CAN_CH5.U_CAN_Ch5_RxDisable,0,0,0,,{0},否
env,others,输入,env_1_Design/CAN/InPort/CAN_CH5.U_J1939_Ch5_RxDisable,0,0,0,,{0},否
env,others,输入,env_1_Design/CAN/InPort/CAN_CH5.Sample_Point_Test.Enable,0,0,0,,{0},否
env,others,输入,env_1_Design/CAN/InPort/CAN_CH6.U_CAN_Ch6_TxDisable,0,0,0,,{0},否
env,others,输入,env_1_Design/CAN/InPort/CAN_CH6.U_J1939_Ch6_TxDisable,0,0,0,,{0},否
env,others,输入,env_1_Design/CAN/InPort/CAN_CH6.U_CAN_Ch6_RxDisable,0,0,0,,{0},否
env,others,输入,env_1_Design/CAN/InPort/CAN_CH6.U_J1939_Ch6_RxDisable,0,0,0,,{0},否
env,others,输入,env_1_Design/CAN/InPort/CAN_CH6.Sample_Point_Test.Enable,0,0,0,,{0},否
env,others,输入,env_1_Design/CAN/InPort/CAN_CH7.U_CAN_Ch7_TxDisable,0,0,0,,{0},否
env,others,输入,env_1_Design/CAN/InPort/CAN_CH7.U_J1939_Ch7_TxDisable,0,0,0,,{0},否
env,others,输入,env_1_Design/CAN/InPort/CAN_CH7.U_CAN_Ch7_RxDisable,0,0,0,,{0},否
env,others,输入,env_1_Design/CAN/InPort/CAN_CH7.U_J1939_Ch7_RxDisable,0,0,0,,{0},否
env,others,输入,env_1_Design/CAN/InPort/CAN_CH7.Sample_Point_Test.Enable,0,0,0,,{0},否
env,others,输入,env_1_Design/CAN/InPort/CAN_CH8.U_CAN_Ch8_TxDisable,0,0,0,,{0},否
env,others,输入,env_1_Design/CAN/InPort/CAN_CH8.U_J1939_Ch8_TxDisable,0,0,0,,{0},否
env,others,输入,env_1_Design/CAN/InPort/CAN_CH8.U_CAN_Ch8_RxDisable,0,0,0,,{0},否
env,others,输入,env_1_Design/CAN/InPort/CAN_CH8.U_J1939_Ch8_RxDisable,0,0,0,,{0},否
env,others,输入,env_1_Design/CAN/InPort/CAN_CH8.Sample_Point_Test.Enable,0,0,0,,{0},否
env,others,输入,env_1_Design/CAN/InPort/Model_Disabled,0,0,0,,{0},否
env,others,输入,env_1_Design/CAN/InPort/Model_Reset,0,0,0,,{0},否
env,others,输出,env_1_Design/CAN/OutPort/CAN_CH1.Config.Y_CAN_Ch1_Mode,2,2,0,,{2},否
env,others,输出,env_1_Design/CAN/OutPort/CAN_CH1.Config.Y_CAN_Ch1_Bitrate,500000,500000,0,,{500000},否
env,others,输出,env_1_Design/CAN/OutPort/CAN_CH1.Config.Y_CAN_Ch1_SamplePoint,0.75,0.75,0,,{0.75},否
env,others,输出,env_1_Design/CAN/OutPort/CAN_CH1.Config.Y_CAN_Ch1_DataBitrate,2e+06,2e+06,0,,{2e+06},否
env,others,输出,env_1_Design/CAN/OutPort/CAN_CH1.Config.Y_CAN_Ch1_DataSamplePoint,0.75,0.75,0,,{0.75},否
env,others,输出,env_1_Design/CAN/OutPort/CAN_CH1.Statistic.Y_CAN_Ch1_Busload,23.231,24.149,95,"2.092, 3.092, 4.092, 5.092, 6.092, 7.092, 8.092, 9.092, 10.092, 11.092 …",min=23.231; max=24.149; distinct=83,否
env,others,输出,env_1_Design/CAN/OutPort/CAN_CH1.Statistic.Chip State.Y_CAN_Ch1_ChipState,1,1,0,,{1},否
env,others,输出,env_1_Design/CAN/OutPort/CAN_CH1.Statistic.Chip State.Y_CAN_Ch1_TransmitErrorCount,128,128,0,,{128},否
env,others,输出,env_1_Design/CAN/OutPort/CAN_CH1.Statistic.Chip State.Y_CAN_Ch1_ReceiveErrorCount,0,0,0,,{0},否
env,others,输出,env_1_Design/CAN/OutPort/CAN_CH1.Statistic.Transmit.Y_CAN_Ch1_TotalTxFramesCnt,39295,96834,476,"1.292, 1.492, 1.692, 1.892, 2.092, 2.292, 2.492, 2.692, 2.892, 3.092 …",min=39295; max=96834; distinct=477,否
env,others,输出,env_1_Design/CAN/OutPort/CAN_CH1.Statistic.Transmit.Y_CAN_Ch1_TxFramesCnt,612,643,92,"1.292, 2.292, 3.292, 4.292, 5.292, 6.292, 7.492, 8.492, 9.492, 10.492 …",min=612; max=643; distinct=26,否
env,others,输出,env_1_Design/CAN/OutPort/CAN_CH1.Statistic.Transmit.Y_CAN_Ch1_TotalTxStdFramesCnt,39296,96849,476,"1.292, 1.492, 1.692, 1.892, 2.092, 2.292, 2.492, 2.692, 2.892, 3.092 …",min=39296; max=96849; distinct=477,否
env,others,输出,env_1_Design/CAN/OutPort/CAN_CH1.Statistic.Transmit.Y_CAN_Ch1_TxStdFramesCnt,612,644,92,"1.292, 2.292, 3.292, 4.292, 5.292, 6.292, 7.492, 8.492, 9.492, 10.492 …",min=612; max=644; distinct=23,否
env,others,输出,env_1_Design/CAN/OutPort/CAN_CH1.Statistic.Transmit.Y_CAN_Ch1_TotalTxExtFramesCnt,0,0,0,,{0},否
env,others,输出,env_1_Design/CAN/OutPort/CAN_CH1.Statistic.Transmit.Y_CAN_Ch1_TxExtFramesCnt,0,0,0,,{0},否
env,others,输出,env_1_Design/CAN/OutPort/CAN_CH1.Statistic.Transmit.Y_CAN_Ch1_TotalTxStdRemoteFramesCnt,0,0,0,,{0},否
env,others,输出,env_1_Design/CAN/OutPort/CAN_CH1.Statistic.Transmit.Y_CAN_Ch1_TxStdRemoteFramesCnt,0,0,0,,{0},否
env,others,输出,env_1_Design/CAN/OutPort/CAN_CH1.Statistic.Transmit.Y_CAN_Ch1_TotalTxExtRemoteFramesCnt,0,0,0,,{0},否
env,others,输出,env_1_Design/CAN/OutPort/CAN_CH1.Statistic.Transmit.Y_CAN_Ch1_TxExtRemoteFramesCnt,0,0,0,,{0},否
env,others,输出,env_1_Design/CAN/OutPort/CAN_CH1.Statistic.Receive.Y_CAN_Ch1_TotalRxFramesCnt,20809,51268,476,"1.292, 1.492, 1.692, 1.892, 2.092, 2.292, 2.492, 2.692, 2.892, 3.092 …",min=20809; max=51268; distinct=477,否
env,others,输出,env_1_Design/CAN/OutPort/CAN_CH1.Statistic.Receive.Y_CAN_Ch1_RxFramesCnt,327,335,76,"3.292, 4.292, 5.292, 6.292, 7.492, 8.492, 10.492, 12.492, 13.692, 15.692 …",min=327; max=335; distinct=9,否
env,others,输出,env_1_Design/CAN/OutPort/CAN_CH1.Statistic.Receive.Y_CAN_Ch1_TotalRxStdFramesCnt,20811,51275,476,"1.292, 1.492, 1.692, 1.892, 2.092, 2.292, 2.492, 2.692, 2.892, 3.092 …",min=20811; max=51275; distinct=477,否
env,others,输出,env_1_Design/CAN/OutPort/CAN_CH1.Statistic.Receive.Y_CAN_Ch1_RxStdFramesCnt,327,335,72,"1.292, 3.292, 5.292, 6.292, 7.492, 8.492, 9.492, 10.492, 11.492, 12.492 …","{327, 329, 330, 331, 332, 333, 334, 335}",否
env,others,输出,env_1_Design/CAN/OutPort/CAN_CH1.Statistic.Receive.Y_CAN_Ch1_TotalRxExtFramesCnt,0,0,0,,{0},否
env,others,输出,env_1_Design/CAN/OutPort/CAN_CH1.Statistic.Receive.Y_CAN_Ch1_RxExtFramesCnt,0,0,0,,{0},否
env,others,输出,env_1_Design/CAN/OutPort/CAN_CH1.Statistic.Receive.Y_CAN_Ch1_TotalRxStdRemoteFramesCnt,0,0,0,,{0},否
env,others,输出,env_1_Design/CAN/OutPort/CAN_CH1.Statistic.Receive.Y_CAN_Ch1_RxStdRemoteFramesCnt,0,0,0,,{0},否
env,others,输出,env_1_Design/CAN/OutPort/CAN_CH1.Statistic.Receive.Y_CAN_Ch1_TotalRxExtRemoteFramesCnt,0,0,0,,{0},否
env,others,输出,env_1_Design/CAN/OutPort/CAN_CH1.Statistic.Receive.Y_CAN_Ch1_RxExtRemoteFramesCnt,0,0,0,,{0},否
env,others,输出,env_1_Design/CAN/OutPort/CAN_CH1.Statistic.ErrorFrame.Y_CAN_Ch1_TotalTxErrorsCnt,0,0,0,,{0},否
env,others,输出,env_1_Design/CAN/OutPort/CAN_CH1.Statistic.ErrorFrame.Y_CAN_Ch1_TotalRxErrorsCnt,0,0,0,,{0},否
env,others,输出,env_1_Design/CAN/OutPort/CAN_CH1.Statistic.ErrorFrame.Y_CAN_Ch1_TotalErrorsCnt,0,0,0,,{0},否
env,others,输出,env_1_Design/CAN/OutPort/CAN_CH1.Statistic.ErrorFrame.Y_CAN_Ch1_TxErrorsCnt,0,0,0,,{0},否
env,others,输出,env_1_Design/CAN/OutPort/CAN_CH1.Statistic.ErrorFrame.Y_CAN_Ch1_RxErrorsCnt,0,0,0,,{0},否
env,others,输出,env_1_Design/CAN/OutPort/CAN_CH1.Statistic.ErrorFrame.Y_CAN_Ch1_ErrorsCnt,0,0,0,,{0},否
env,others,输出,env_1_Design/CAN/OutPort/CAN_CH1.Statistic.ErrorFrame.Y_CAN_Ch1_TotalNackErrorsCnt,0,0,0,,{0},否
env,others,输出,env_1_Design/CAN/OutPort/CAN_CH1.Statistic.ErrorFrame.Y_CAN_Ch1_TotalSufferErrorsCnt,0,0,0,,{0},否
env,others,输出,env_1_Design/CAN/OutPort/CAN_CH1.Statistic.ErrorFrame.Y_CAN_Ch1_TotalBit0ErrorsCnt,0,0,0,,{0},否
env,others,输出,env_1_Design/CAN/OutPort/CAN_CH1.Statistic.ErrorFrame.Y_CAN_Ch1_TotalBit1ErrorsCnt,0,0,0,,{0},否
env,others,输出,env_1_Design/CAN/OutPort/CAN_CH1.Statistic.ErrorFrame.Y_CAN_Ch1_TotalCrcErrorsCnt,0,0,0,,{0},否
env,others,输出,env_1_Design/CAN/OutPort/CAN_CH1.Statistic.ErrorFrame.Y_CAN_Ch1_TotalFormErrorsCnt,0,0,0,,{0},否
env,others,输出,env_1_Design/CAN/OutPort/CAN_CH1.Statistic.ErrorFrame.Y_CAN_Ch1_NackErrorsCnt,0,0,0,,{0},否
env,others,输出,env_1_Design/CAN/OutPort/CAN_CH1.Statistic.ErrorFrame.Y_CAN_Ch1_SufferErrorsCnt,0,0,0,,{0},否
env,others,输出,env_1_Design/CAN/OutPort/CAN_CH1.Statistic.ErrorFrame.Y_CAN_Ch1_Bit0ErrorsCnt,0,0,0,,{0},否
env,others,输出,env_1_Design/CAN/OutPort/CAN_CH1.Statistic.ErrorFrame.Y_CAN_Ch1_Bit1ErrorsCnt,0,0,0,,{0},否
env,others,输出,env_1_Design/CAN/OutPort/CAN_CH1.Statistic.ErrorFrame.Y_CAN_Ch1_CrcErrorsCnt,0,0,0,,{0},否
env,others,输出,env_1_Design/CAN/OutPort/CAN_CH1.Statistic.ErrorFrame.Y_CAN_Ch1_FormErrorsCnt,0,0,0,,{0},否
env,others,输出,env_1_Design/CAN/OutPort/CAN_CH1.Statistic.AllFrame.Y_CAN_Ch1_TotalFramesCnt,60104,148102,476,"1.292, 1.492, 1.692, 1.892, 2.092, 2.292, 2.492, 2.692, 2.892, 3.092 …",min=60104; max=148102; distinct=477,否
env,others,输出,env_1_Design/CAN/OutPort/CAN_CH1.Statistic.AllFrame.Y_CAN_Ch1_FramesCnt,941,973,93,"1.292, 2.292, 3.292, 4.292, 5.292, 6.292, 7.492, 8.492, 9.492, 10.492 …",min=941; max=973; distinct=33,否
env,others,输出,env_1_Design/CAN/OutPort/CAN_CH1.Statistic.AllFrame.Y_CAN_Ch1_TotalStdFramesCnt,60107,148124,476,"1.292, 1.492, 1.692, 1.892, 2.092, 2.292, 2.492, 2.692, 2.892, 3.092 …",min=60107; max=148124; distinct=477,否
env,others,输出,env_1_Design/CAN/OutPort/CAN_CH1.Statistic.AllFrame.Y_CAN_Ch1_StdFramesCnt,941,974,92,"1.292, 2.292, 3.292, 4.292, 5.292, 6.292, 7.492, 8.492, 9.492, 10.492 …",min=941; max=974; distinct=29,否
env,others,输出,env_1_Design/CAN/OutPort/CAN_CH1.Statistic.AllFrame.Y_CAN_Ch1_TotalExtFramesCnt,0,0,0,,{0},否
env,others,输出,env_1_Design/CAN/OutPort/CAN_CH1.Statistic.AllFrame.Y_CAN_Ch1_ExtFramesCnt,0,0,0,,{0},否
env,others,输出,env_1_Design/CAN/OutPort/CAN_CH1.Statistic.AllFrame.Y_CAN_Ch1_TotalStdRemoteFramesCnt,0,0,0,,{0},否
env,others,输出,env_1_Design/CAN/OutPort/CAN_CH1.Statistic.AllFrame.Y_CAN_Ch1_StdRemoteFramesCnt,0,0,0,,{0},否
env,others,输出,env_1_Design/CAN/OutPort/CAN_CH1.Statistic.AllFrame.Y_CAN_Ch1_TotalExtRemoteFramesCnt,0,0,0,,{0},否
env,others,输出,env_1_Design/CAN/OutPort/CAN_CH1.Statistic.AllFrame.Y_CAN_Ch1_ExtRemoteFramesCnt,0,0,0,,{0},否
env,others,输出,env_1_Design/CAN/OutPort/CAN_CH1.Statistic.Y_CAN_Ch1_BurstTime,0,0,0,,{0},否
env,others,输出,env_1_Design/CAN/OutPort/CAN_CH1.Valid,0,0,0,,{0},否
env,others,输出,env_1_Design/CAN/OutPort/CAN_CH1.Background_Traffic.Valid,0,0,0,,{0},否
env,others,输出,env_1_Design/CAN/OutPort/CAN_CH1.Sample_Point_Test.Result,0,0,0,,{0},否
env,others,输出,env_1_Design/CAN/OutPort/CAN_CH1.Sample_Point_Test.Arbitration_Phase.Measeure_Sample_Ponit,0,0,0,,{0},否
env,others,输出,env_1_Design/CAN/OutPort/CAN_CH1.Sample_Point_Test.Data_Phase.Measeure_Sample_Ponit,0,0,0,,{0},否
env,others,输出,env_1_Design/CAN/OutPort/CAN_CH1.Sample_Point_Test.Valid,0,0,0,,{0},否
env,others,输出,env_1_Design/CAN/OutPort/CAN_CH1.Error_Inject.Valid,0,0,0,,{0},否
env,others,输出,env_1_Design/CAN/OutPort/CAN_CH1.Custom_Sequence.Valid,0,0,0,,{0},否
env,others,输出,env_1_Design/CAN/OutPort/CAN_CH2.Config.Y_CAN_Ch2_Mode,2,2,0,,{2},否
env,others,输出,env_1_Design/CAN/OutPort/CAN_CH2.Config.Y_CAN_Ch2_Bitrate,500000,500000,0,,{500000},否
env,others,输出,env_1_Design/CAN/OutPort/CAN_CH2.Config.Y_CAN_Ch2_SamplePoint,0.75,0.75,0,,{0.75},否
env,others,输出,env_1_Design/CAN/OutPort/CAN_CH2.Config.Y_CAN_Ch2_DataBitrate,2e+06,2e+06,0,,{2e+06},否
env,others,输出,env_1_Design/CAN/OutPort/CAN_CH2.Config.Y_CAN_Ch2_DataSamplePoint,0.75,0.75,0,,{0.75},否
env,others,输出,env_1_Design/CAN/OutPort/CAN_CH2.Statistic.Y_CAN_Ch2_Busload,10.943,11.868,95,"2.092, 3.092, 4.092, 5.092, 6.092, 7.092, 8.092, 9.092, 10.092, 11.092 …",min=10.943; max=11.868; distinct=68,否
env,others,输出,env_1_Design/CAN/OutPort/CAN_CH2.Statistic.Chip State.Y_CAN_Ch2_ChipState,1,1,0,,{1},否
env,others,输出,env_1_Design/CAN/OutPort/CAN_CH2.Statistic.Chip State.Y_CAN_Ch2_TransmitErrorCount,128,128,0,,{128},否
env,others,输出,env_1_Design/CAN/OutPort/CAN_CH2.Statistic.Chip State.Y_CAN_Ch2_ReceiveErrorCount,0,0,0,,{0},否
env,others,输出,env_1_Design/CAN/OutPort/CAN_CH2.Statistic.Transmit.Y_CAN_Ch2_TotalTxFramesCnt,3900,9606,476,"1.292, 1.492, 1.692, 1.892, 2.092, 2.292, 2.492, 2.692, 2.892, 3.092 …",min=3900; max=9606; distinct=477,否
env,others,输出,env_1_Design/CAN/OutPort/CAN_CH2.Statistic.Transmit.Y_CAN_Ch2_TxFramesCnt,60,66,62,"1.292, 2.292, 4.292, 5.292, 7.492, 8.492, 10.492, 11.492, 13.692, 14.692 …","{60, 66}",否
env,others,输出,env_1_Design/CAN/OutPort/CAN_CH2.Statistic.Transmit.Y_CAN_Ch2_TotalTxStdFramesCnt,3900,9612,476,"1.292, 1.492, 1.692, 1.892, 2.092, 2.292, 2.492, 2.692, 2.892, 3.092 …",min=3900; max=9612; distinct=477,否
env,others,输出,env_1_Design/CAN/OutPort/CAN_CH2.Statistic.Transmit.Y_CAN_Ch2_TxStdFramesCnt,60,66,62,"1.292, 2.292, 4.292, 5.292, 7.492, 8.492, 10.492, 11.492, 13.692, 14.692 …","{60, 66}",否
env,others,输出,env_1_Design/CAN/OutPort/CAN_CH2.Statistic.Transmit.Y_CAN_Ch2_TotalTxExtFramesCnt,0,0,0,,{0},否
env,others,输出,env_1_Design/CAN/OutPort/CAN_CH2.Statistic.Transmit.Y_CAN_Ch2_TxExtFramesCnt,0,0,0,,{0},否
env,others,输出,env_1_Design/CAN/OutPort/CAN_CH2.Statistic.Transmit.Y_CAN_Ch2_TotalTxStdRemoteFramesCnt,0,0,0,,{0},否
env,others,输出,env_1_Design/CAN/OutPort/CAN_CH2.Statistic.Transmit.Y_CAN_Ch2_TxStdRemoteFramesCnt,0,0,0,,{0},否
env,others,输出,env_1_Design/CAN/OutPort/CAN_CH2.Statistic.Transmit.Y_CAN_Ch2_TotalTxExtRemoteFramesCnt,0,0,0,,{0},否
env,others,输出,env_1_Design/CAN/OutPort/CAN_CH2.Statistic.Transmit.Y_CAN_Ch2_TxExtRemoteFramesCnt,0,0,0,,{0},否
env,others,输出,env_1_Design/CAN/OutPort/CAN_CH2.Statistic.Receive.Y_CAN_Ch2_TotalRxFramesCnt,27327,67285,476,"1.292, 1.492, 1.692, 1.892, 2.092, 2.292, 2.492, 2.692, 2.892, 3.092 …",min=27327; max=67285; distinct=477,否
env,others,输出,env_1_Design/CAN/OutPort/CAN_CH2.Statistic.Receive.Y_CAN_Ch2_RxFramesCnt,420,448,90,"1.292, 2.292, 3.292, 4.292, 5.292, 6.292, 7.492, 8.492, 9.492, 10.492 …",min=420; max=448; distinct=18,否
env,others,输出,env_1_Design/PWM Input/OutPort/Y_Ch8_PWM_In_Period,0,0,0,,{0},否
env,others,输出,env_1_Design/PWM Input/OutPort/Y_Ch8_PWM_In_Duty_Ratio,0,0,0,,{0},否
env,others,输出,env_1_Design/PWM Input/OutPort/Y_Ch8_PWM_In_Amplitude,0,0,0,,{0},否
env,others,输出,env_1_Design/PWM Input/OutPort/Y_Ch8_Support_Features,0,0,0,,{0},否
env,others,输出,env_1_Design/PWM Input/OutPort/Y_Ch8.Valid,0,0,0,,{0},否
env,others,输出,env_1_Design/PWM Input/OutPort/Y_Ch9_PWM_In_Frequency,0,0,0,,{0},否
env,others,输出,env_1_Design/PWM Input/OutPort/Y_Ch9_PWM_In_Period,0,0,0,,{0},否
env,others,输出,env_1_Design/PWM Input/OutPort/Y_Ch9_PWM_In_Duty_Ratio,0,0,0,,{0},否
env,others,输出,env_1_Design/PWM Input/OutPort/Y_Ch9_PWM_In_Amplitude,0,0,0,,{0},否
env,others,输出,env_1_Design/PWM Input/OutPort/Y_Ch9_Support_Features,0,0,0,,{0},否
env,others,输出,env_1_Design/PWM Input/OutPort/Y_Ch9.Valid,0,0,0,,{0},否
env,others,输出,env_1_Design/PWM Input/OutPort/Y_Ch10_PWM_In_Frequency,0,0,0,,{0},否
env,others,输出,env_1_Design/PWM Input/OutPort/Y_Ch10_PWM_In_Period,0,0,0,,{0},否
env,others,输出,env_1_Design/PWM Input/OutPort/Y_Ch10_PWM_In_Duty_Ratio,0,0,0,,{0},否
env,others,输出,env_1_Design/PWM Input/OutPort/Y_Ch10_PWM_In_Amplitude,0,0,0,,{0},否
env,others,输出,env_1_Design/PWM Input/OutPort/Y_Ch10_Support_Features,0,0,0,,{0},否
env,others,输出,env_1_Design/PWM Input/OutPort/Y_Ch10.Valid,0,0,0,,{0},否
env,others,输出,env_1_Design/PWM Input/OutPort/Y_Ch11_PWM_In_Frequency,0,0,0,,{0},否
env,others,输出,env_1_Design/PWM Input/OutPort/Y_Ch11_PWM_In_Period,0,0,0,,{0},否
env,others,输出,env_1_Design/PWM Input/OutPort/Y_Ch11_PWM_In_Duty_Ratio,0,0,0,,{0},否
env,others,输出,env_1_Design/PWM Input/OutPort/Y_Ch11_PWM_In_Amplitude,0,0,0,,{0},否
env,others,输出,env_1_Design/PWM Input/OutPort/Y_Ch11_Support_Features,0,0,0,,{0},否
env,others,输出,env_1_Design/PWM Input/OutPort/Y_Ch11.Valid,0,0,0,,{0},否
env,others,输出,env_1_Design/PWM Input/OutPort/Y_Ch12_PWM_In_Frequency,0,0,0,,{0},否
env,others,输出,env_1_Design/PWM Input/OutPort/Y_Ch12_PWM_In_Period,0,0,0,,{0},否
env,others,输出,env_1_Design/PWM Input/OutPort/Y_Ch12_PWM_In_Duty_Ratio,0,0,0,,{0},否
env,others,输出,env_1_Design/PWM Input/OutPort/Y_Ch12_PWM_In_Amplitude,0,0,0,,{0},否
env,others,输出,env_1_Design/PWM Input/OutPort/Y_Ch12_Support_Features,0,0,0,,{0},否
env,others,输出,env_1_Design/PWM Input/OutPort/Y_Ch12.Valid,0,0,0,,{0},否
env,others,输出,env_1_Design/PWM Input/OutPort/Y_Ch13_PWM_In_Frequency,0,0,0,,{0},否
env,others,输出,env_1_Design/PWM Input/OutPort/Y_Ch13_PWM_In_Period,0,0,0,,{0},否
env,others,输出,env_1_Design/PWM Input/OutPort/Y_Ch13_PWM_In_Duty_Ratio,0,0,0,,{0},否
env,others,输出,env_1_Design/PWM Input/OutPort/Y_Ch13_PWM_In_Amplitude,0,0,0,,{0},否
env,others,输出,env_1_Design/PWM Input/OutPort/Y_Ch13_Support_Features,0,0,0,,{0},否
env,others,输出,env_1_Design/PWM Input/OutPort/Y_Ch13.Valid,0,0,0,,{0},否
env,others,输出,env_1_Design/PWM Input/OutPort/Y_Ch14_PWM_In_Frequency,0,0,0,,{0},否
env,others,输出,env_1_Design/PWM Input/OutPort/Y_Ch14_PWM_In_Period,0,0,0,,{0},否
env,others,输出,env_1_Design/PWM Input/OutPort/Y_Ch14_PWM_In_Duty_Ratio,0,0,0,,{0},否
env,others,输出,env_1_Design/PWM Input/OutPort/Y_Ch14_PWM_In_Amplitude,0,0,0,,{0},否
env,others,输出,env_1_Design/PWM Input/OutPort/Y_Ch14_Support_Features,0,0,0,,{0},否
env,others,输出,env_1_Design/PWM Input/OutPort/Y_Ch14.Valid,0,0,0,,{0},否
env,others,输出,env_1_Design/PWM Input/OutPort/Y_Ch15_PWM_In_Frequency,0,0,0,,{0},否
env,others,输出,env_1_Design/PWM Input/OutPort/Y_Ch15_PWM_In_Period,0,0,0,,{0},否
env,others,输出,env_1_Design/PWM Input/OutPort/Y_Ch15_PWM_In_Duty_Ratio,0,0,0,,{0},否
env,others,输出,env_1_Design/PWM Input/OutPort/Y_Ch15_PWM_In_Amplitude,0,0,0,,{0},否
env,others,输出,env_1_Design/PWM Input/OutPort/Y_Ch15_Support_Features,0,0,0,,{0},否
env,others,输出,env_1_Design/PWM Input/OutPort/Y_Ch15.Valid,0,0,0,,{0},否
env,others,输出,env_1_Design/PWM Input/OutPort/Y_Ch16_PWM_In_Frequency,0,0,0,,{0},否
env,others,输出,env_1_Design/PWM Input/OutPort/Y_Ch16_PWM_In_Period,0,0,0,,{0},否
env,others,输出,env_1_Design/PWM Input/OutPort/Y_Ch16_PWM_In_Duty_Ratio,0,0,0,,{0},否
env,others,输出,env_1_Design/PWM Input/OutPort/Y_Ch16_PWM_In_Amplitude,0,0,0,,{0},否
env,others,输出,env_1_Design/PWM Input/OutPort/Y_Ch16_Support_Features,0,0,0,,{0},否
env,others,输出,env_1_Design/PWM Input/OutPort/Y_Ch16.Valid,0,0,0,,{0},否
env,others,输出,env_1_Design/PWM Input/OutPort/Y_Ch17_PWM_In_Frequency,0,0,0,,{0},否
env,others,输出,env_1_Design/PWM Input/OutPort/Y_Ch17_PWM_In_Period,0,0,0,,{0},否
env,others,输出,env_1_Design/PWM Input/OutPort/Y_Ch17_PWM_In_Duty_Ratio,0,0,0,,{0},否
env,others,输出,env_1_Design/PWM Input/OutPort/Y_Ch17_PWM_In_Amplitude,0,0,0,,{0},否
env,others,输出,env_1_Design/PWM Input/OutPort/Y_Ch17_Support_Features,0,0,0,,{0},否
env,others,输出,env_1_Design/PWM Input/OutPort/Y_Ch17.Valid,0,0,0,,{0},否
env,others,输出,env_1_Design/PWM Input/OutPort/Y_Ch18_PWM_In_Frequency,0,0,0,,{0},否
env,others,输出,env_1_Design/PWM Input/OutPort/Y_Ch18_PWM_In_Period,0,0,0,,{0},否
env,others,输出,env_1_Design/PWM Input/OutPort/Y_Ch18_PWM_In_Duty_Ratio,0,0,0,,{0},否
env,others,输出,env_1_Design/PWM Input/OutPort/Y_Ch18_PWM_In_Amplitude,0,0,0,,{0},否
env,others,输出,env_1_Design/PWM Input/OutPort/Y_Ch18_Support_Features,0,0,0,,{0},否
env,others,输出,env_1_Design/PWM Input/OutPort/Y_Ch18.Valid,0,0,0,,{0},否
env,others,输出,env_1_Design/PWM Input/OutPort/Y_Ch19_PWM_In_Frequency,0,0,0,,{0},否
env,others,输出,env_1_Design/PWM Input/OutPort/Y_Ch19_PWM_In_Period,0,0,0,,{0},否
env,others,输出,env_1_Design/PWM Input/OutPort/Y_Ch19_PWM_In_Duty_Ratio,0,0,0,,{0},否
env,others,输出,env_1_Design/PWM Input/OutPort/Y_Ch19_PWM_In_Amplitude,0,0,0,,{0},否
env,others,输出,env_1_Design/PWM Input/OutPort/Y_Ch19_Support_Features,0,0,0,,{0},否
env,others,输出,env_1_Design/PWM Input/OutPort/Y_Ch19.Valid,0,0,0,,{0},否
env,others,输出,env_1_Design/PWM Input/OutPort/Y_Ch20_PWM_In_Frequency,0,0,0,,{0},否
env,others,输出,env_1_Design/PWM Input/OutPort/Y_Ch20_PWM_In_Period,0,0,0,,{0},否
env,others,输出,env_1_Design/PWM Input/OutPort/Y_Ch20_PWM_In_Duty_Ratio,0,0,0,,{0},否
env,others,输出,env_1_Design/PWM Input/OutPort/Y_Ch20_PWM_In_Amplitude,0,0,0,,{0},否
env,others,输出,env_1_Design/PWM Input/OutPort/Y_Ch20_Support_Features,0,0,0,,{0},否
env,others,输出,env_1_Design/PWM Input/OutPort/Y_Ch20.Valid,0,0,0,,{0},否
env,others,输出,env_1_Design/PWM Input/OutPort/Y_Ch21_PWM_In_Frequency,0,0,0,,{0},否
env,others,输出,env_1_Design/PWM Input/OutPort/Y_Ch21_PWM_In_Period,0,0,0,,{0},否
env,others,输出,env_1_Design/PWM Input/OutPort/Y_Ch21_PWM_In_Duty_Ratio,0,0,0,,{0},否
env,others,输出,env_1_Design/PWM Input/OutPort/Y_Ch21_PWM_In_Amplitude,0,0,0,,{0},否
env,others,输出,env_1_Design/PWM Input/OutPort/Y_Ch21_Support_Features,0,0,0,,{0},否
env,others,输出,env_1_Design/PWM Input/OutPort/Y_Ch21.Valid,0,0,0,,{0},否
env,others,输出,env_1_Design/PWM Input/OutPort/Y_Ch22_PWM_In_Frequency,0,0,0,,{0},否
env,others,输出,env_1_Design/PWM Input/OutPort/Y_Ch22_PWM_In_Period,0,0,0,,{0},否
env,others,输出,env_1_Design/PWM Input/OutPort/Y_Ch22_PWM_In_Duty_Ratio,0,0,0,,{0},否
env,others,输出,env_1_Design/PWM Input/OutPort/Y_Ch22_PWM_In_Amplitude,0,0,0,,{0},否
env,others,输出,env_1_Design/PWM Input/OutPort/Y_Ch22_Support_Features,0,0,0,,{0},否
env,others,输出,env_1_Design/PWM Input/OutPort/Y_Ch22.Valid,0,0,0,,{0},否
env,others,输出,env_1_Design/PWM Input/OutPort/Y_Ch23_PWM_In_Frequency,0,0,0,,{0},否
env,others,输出,env_1_Design/PWM Input/OutPort/Y_Ch23_PWM_In_Period,0,0,0,,{0},否
env,others,输出,env_1_Design/PWM Input/OutPort/Y_Ch23_PWM_In_Duty_Ratio,0,0,0,,{0},否
env,others,输出,env_1_Design/PWM Input/OutPort/Y_Ch23_PWM_In_Amplitude,0,0,0,,{0},否
env,others,输出,env_1_Design/PWM Input/OutPort/Y_Ch23_Support_Features,0,0,0,,{0},否
env,others,输出,env_1_Design/PWM Input/OutPort/Y_Ch23.Valid,0,0,0,,{0},否
env,others,输出,env_1_Design/PWM Input/OutPort/Y_Ch24_PWM_In_Frequency,0,0,0,,{0},否
env,others,输出,env_1_Design/PWM Input/OutPort/Y_Ch24_PWM_In_Period,0,0,0,,{0},否
env,others,输出,env_1_Design/PWM Input/OutPort/Y_Ch24_PWM_In_Duty_Ratio,0,0,0,,{0},否
env,others,输出,env_1_Design/PWM Input/OutPort/Y_Ch24_PWM_In_Amplitude,0,0,0,,{0},否
env,others,输出,env_1_Design/PWM Input/OutPort/Y_Ch24_Support_Features,0,0,0,,{0},否
env,others,输出,env_1_Design/PWM Input/OutPort/Y_Ch24.Valid,0,0,0,,{0},否
env,others,输出,env_1_Design/PWM Input/OutPort/Y_Ch25_PWM_In_Frequency,0,0,0,,{0},否
env,others,输出,env_1_Design/PWM Input/OutPort/Y_Ch25_PWM_In_Period,0,0,0,,{0},否
env,others,输出,env_1_Design/PWM Input/OutPort/Y_Ch25_PWM_In_Duty_Ratio,0,0,0,,{0},否
env,others,输出,env_1_Design/PWM Input/OutPort/Y_Ch25_PWM_In_Amplitude,0,0,0,,{0},否
env,others,输出,env_1_Design/PWM Input/OutPort/Y_Ch25_Support_Features,0,0,0,,{0},否
env,others,输出,env_1_Design/PWM Input/OutPort/Y_Ch25.Valid,0,0,0,,{0},否
env,others,输出,env_1_Design/PWM Input/OutPort/Y_Ch26_PWM_In_Frequency,0,0,0,,{0},否
env,others,输出,env_1_Design/PWM Input/OutPort/Y_Ch26_PWM_In_Period,0,0,0,,{0},否
env,others,输出,env_1_Design/PWM Input/OutPort/Y_Ch26_PWM_In_Duty_Ratio,0,0,0,,{0},否
env,others,输出,env_1_Design/PWM Input/OutPort/Y_Ch26_PWM_In_Amplitude,0,0,0,,{0},否
env,others,输出,env_1_Design/PWM Input/OutPort/Y_Ch26_Support_Features,0,0,0,,{0},否
env,others,输出,env_1_Design/PWM Input/OutPort/Y_Ch26.Valid,0,0,0,,{0},否
env,others,输出,env_1_Design/PWM Input/OutPort/Y_Ch27_PWM_In_Frequency,0,0,0,,{0},否
env,others,输出,env_1_Design/PWM Input/OutPort/Y_Ch27_PWM_In_Period,0,0,0,,{0},否
env,others,输出,env_1_Design/PWM Input/OutPort/Y_Ch27_PWM_In_Duty_Ratio,0,0,0,,{0},否
env,others,输出,env_1_Design/PWM Input/OutPort/Y_Ch27_PWM_In_Amplitude,0,0,0,,{0},否
env,others,输出,env_1_Design/PWM Input/OutPort/Y_Ch27_Support_Features,0,0,0,,{0},否
env,others,输出,env_1_Design/PWM Input/OutPort/Y_Ch27.Valid,0,0,0,,{0},否
env,others,输出,env_1_Design/PWM Input/OutPort/Y_Ch28_PWM_In_Frequency,0,0,0,,{0},否
env,others,输出,env_1_Design/PWM Input/OutPort/Y_Ch28_PWM_In_Period,0,0,0,,{0},否
env,others,输出,env_1_Design/PWM Input/OutPort/Y_Ch28_PWM_In_Duty_Ratio,0,0,0,,{0},否
env,others,输出,env_1_Design/PWM Input/OutPort/Y_Ch28_PWM_In_Amplitude,0,0,0,,{0},否
env,others,输出,env_1_Design/PWM Input/OutPort/Y_Ch28_Support_Features,0,0,0,,{0},否
env,others,输出,env_1_Design/PWM Input/OutPort/Y_Ch28.Valid,0,0,0,,{0},否
env,others,输出,env_1_Design/PWM Input/OutPort/Y_Ch29_PWM_In_Frequency,0,0,0,,{0},否
env,others,输出,env_1_Design/PWM Input/OutPort/Y_Ch29_PWM_In_Period,0,0,0,,{0},否
env,others,输出,env_1_Design/PWM Input/OutPort/Y_Ch29_PWM_In_Duty_Ratio,0,0,0,,{0},否
env,others,输出,env_1_Design/PWM Input/OutPort/Y_Ch29_PWM_In_Amplitude,0,0,0,,{0},否
env,others,输出,env_1_Design/PWM Input/OutPort/Y_Ch29_Support_Features,0,0,0,,{0},否
env,others,输出,env_1_Design/PWM Input/OutPort/Y_Ch29.Valid,0,0,0,,{0},否
env,others,输出,env_1_Design/PWM Input/OutPort/Y_Ch30_PWM_In_Frequency,0,0,0,,{0},否
env,others,输出,env_1_Design/PWM Input/OutPort/Y_Ch30_PWM_In_Period,0,0,0,,{0},否
env,others,输出,env_1_Design/PWM Input/OutPort/Y_Ch30_PWM_In_Duty_Ratio,0,0,0,,{0},否
env,others,输出,env_1_Design/PWM Input/OutPort/Y_Ch30_PWM_In_Amplitude,0,0,0,,{0},否
env,others,输出,env_1_Design/PWM Input/OutPort/Y_Ch30_Support_Features,0,0,0,,{0},否
env,others,输出,env_1_Design/PWM Input/OutPort/Y_Ch30.Valid,0,0,0,,{0},否
env,others,输出,env_1_Design/PWM Input/OutPort/Y_Ch31_PWM_In_Frequency,0,0,0,,{0},否
env,others,输出,env_1_Design/PWM Input/OutPort/Y_Ch31_PWM_In_Period,0,0,0,,{0},否
env,others,输出,env_1_Design/PWM Input/OutPort/Y_Ch31_PWM_In_Duty_Ratio,0,0,0,,{0},否
env,others,输出,env_1_Design/PWM Input/OutPort/Y_Ch31_PWM_In_Amplitude,0,0,0,,{0},否
env,others,输出,env_1_Design/PWM Input/OutPort/Y_Ch31_Support_Features,0,0,0,,{0},否
env,others,输出,env_1_Design/PWM Input/OutPort/Y_Ch31.Valid,0,0,0,,{0},否
env,others,输出,env_1_Design/PWM Input/OutPort/Y_Ch32_PWM_In_Frequency,0,0,0,,{0},否
env,others,输出,env_1_Design/PWM Input/OutPort/Y_Ch32_PWM_In_Period,0,0,0,,{0},否
env,others,输出,env_1_Design/PWM Input/OutPort/Y_Ch32_PWM_In_Duty_Ratio,0,0,0,,{0},否
env,others,输出,env_1_Design/PWM Input/OutPort/Y_Ch32_PWM_In_Amplitude,0,0,0,,{0},否
env,others,输出,env_1_Design/PWM Input/OutPort/Y_Ch32_Support_Features,0,0,0,,{0},否
env,others,输出,env_1_Design/PWM Input/OutPort/Y_Ch32.Valid,0,0,0,,{0},否
env,others,输出,env_1_Design/PWM Input/OutPort/Y_Ch33_PWM_In_Frequency,0,0,0,,{0},否
env,others,输出,env_1_Design/PWM Input/OutPort/Y_Ch33_PWM_In_Period,0,0,0,,{0},否
env,others,输出,env_1_Design/PWM Input/OutPort/Y_Ch33_PWM_In_Duty_Ratio,0,0,0,,{0},否
env,others,输出,env_1_Design/PWM Input/OutPort/Y_Ch33_PWM_In_Amplitude,0,0,0,,{0},否
env,others,输出,env_1_Design/PWM Input/OutPort/Y_Ch33_Support_Features,0,0,0,,{0},否
env,others,输出,env_1_Design/PWM Input/OutPort/Y_Ch33.Valid,0,0,0,,{0},否
env,others,输出,env_1_Design/PWM Input/OutPort/Y_Ch34_PWM_In_Frequency,0,0,0,,{0},否
env,others,输出,env_1_Design/PWM Input/OutPort/Y_Ch34_PWM_In_Period,0,0,0,,{0},否
env,others,输出,env_1_Design/PWM Input/OutPort/Y_Ch34_PWM_In_Duty_Ratio,0,0,0,,{0},否
env,others,输出,env_1_Design/PWM Input/OutPort/Y_Ch34_PWM_In_Amplitude,0,0,0,,{0},否
env,others,输出,env_1_Design/PWM Input/OutPort/Y_Ch34_Support_Features,0,0,0,,{0},否
env,others,输出,env_1_Design/PWM Input/OutPort/Y_Ch34.Valid,0,0,0,,{0},否
env,others,输出,env_1_Design/PWM Input/OutPort/Y_Ch35_PWM_In_Frequency,0,0,0,,{0},否
env,others,输出,env_1_Design/PWM Input/OutPort/Y_Ch35_PWM_In_Period,0,0,0,,{0},否
env,others,输出,env_1_Design/PWM Input/OutPort/Y_Ch35_PWM_In_Duty_Ratio,0,0,0,,{0},否
env,others,输出,env_1_Design/PWM Input/OutPort/Y_Ch35_PWM_In_Amplitude,0,0,0,,{0},否
env,others,输出,env_1_Design/PWM Input/OutPort/Y_Ch35_Support_Features,0,0,0,,{0},否
env,others,输出,env_1_Design/PWM Input/OutPort/Y_Ch35.Valid,0,0,0,,{0},否
env,others,输出,env_1_Design/PWM Input/OutPort/Y_Ch36_PWM_In_Frequency,0,0,0,,{0},否
env,others,输出,env_1_Design/PWM Input/OutPort/Y_Ch36_PWM_In_Period,0,0,0,,{0},否
env,others,输出,env_1_Design/PWM Input/OutPort/Y_Ch36_PWM_In_Duty_Ratio,0,0,0,,{0},否
env,others,输出,env_1_Design/PWM Input/OutPort/Y_Ch36_PWM_In_Amplitude,0,0,0,,{0},否
env,others,输出,env_1_Design/PWM Input/OutPort/Y_Ch36_Support_Features,0,0,0,,{0},否
env,others,输出,env_1_Design/PWM Input/OutPort/Y_Ch36.Valid,0,0,0,,{0},否
env,others,输出,env_1_Design/PWM Input/OutPort/Y_Ch37_PWM_In_Frequency,0,0,0,,{0},否
env,others,输出,env_1_Design/PWM Input/OutPort/Y_Ch37_PWM_In_Period,0,0,0,,{0},否
env,others,输出,env_1_Design/PWM Input/OutPort/Y_Ch37_PWM_In_Duty_Ratio,0,0,0,,{0},否
env,others,输出,env_1_Design/PWM Input/OutPort/Y_Ch37_PWM_In_Amplitude,0,0,0,,{0},否
env,others,输出,env_1_Design/PWM Input/OutPort/Y_Ch37_Support_Features,0,0,0,,{0},否
env,others,输出,env_1_Design/PWM Input/OutPort/Y_Ch37.Valid,0,0,0,,{0},否
env,others,输出,env_1_Design/PWM Input/OutPort/Y_Ch38_PWM_In_Frequency,0,0,0,,{0},否
env,others,输出,env_1_Design/PWM Input/OutPort/Y_Ch38_PWM_In_Period,0,0,0,,{0},否
env,others,输出,env_1_Design/PWM Input/OutPort/Y_Ch38_PWM_In_Duty_Ratio,0,0,0,,{0},否
env,others,输出,env_1_Design/PWM Input/OutPort/Y_Ch38_PWM_In_Amplitude,0,0,0,,{0},否
env,others,输出,env_1_Design/PWM Input/OutPort/Y_Ch38_Support_Features,0,0,0,,{0},否
env,others,输出,env_1_Design/PWM Input/OutPort/Y_Ch38.Valid,0,0,0,,{0},否
env,others,输出,env_1_Design/PWM Input/OutPort/Y_Ch39_PWM_In_Frequency,0,0,0,,{0},否
env,others,输出,env_1_Design/PWM Input/OutPort/Y_Ch39_PWM_In_Period,0,0,0,,{0},否
env,others,输出,env_1_Design/PWM Input/OutPort/Y_Ch39_PWM_In_Duty_Ratio,0,0,0,,{0},否
env,others,输出,env_1_Design/PWM Input/OutPort/Y_Ch39_PWM_In_Amplitude,0,0,0,,{0},否
env,others,输出,env_1_Design/PWM Input/OutPort/Y_Ch39_Support_Features,0,0,0,,{0},否
env,others,输出,env_1_Design/PWM Input/OutPort/Y_Ch39.Valid,0,0,0,,{0},否
env,others,输出,env_1_Design/PWM Input/OutPort/Y_Ch40_PWM_In_Frequency,0,0,0,,{0},否
env,others,输出,env_1_Design/PWM Input/OutPort/Y_Ch40_PWM_In_Period,0,0,0,,{0},否
env,others,输出,env_1_Design/PWM Input/OutPort/Y_Ch40_PWM_In_Duty_Ratio,0,0,0,,{0},否
env,others,输出,env_1_Design/PWM Input/OutPort/Y_Ch40_PWM_In_Amplitude,0,0,0,,{0},否
env,others,输出,env_1_Design/PWM Input/OutPort/Y_Ch40_Support_Features,0,0,0,,{0},否
env,others,输出,env_1_Design/PWM Input/OutPort/Y_Ch40.Valid,0,0,0,,{0},否
env,others,输出,env_1_Design/PWM Input/OutPort/Y_Ch41_PWM_In_Frequency,0,0,0,,{0},否
env,others,输出,env_1_Design/PWM Input/OutPort/Y_Ch41_PWM_In_Period,0,0,0,,{0},否
env,others,输出,env_1_Design/PWM Input/OutPort/Y_Ch41_PWM_In_Duty_Ratio,0,0,0,,{0},否
env,others,输出,env_1_Design/Voltage Output/OutPort/Y_Ch39_Support_Features,0,0,0,,{0},是
env,others,输出,env_1_Design/Voltage Output/OutPort/Y_Ch39.Valid,0,0,0,,{0},是
env,others,输出,env_1_Design/Voltage Output/OutPort/Y_Ch40_Support_Features,0,0,0,,{0},是
env,others,输出,env_1_Design/Voltage Output/OutPort/Y_Ch40.Valid,0,0,0,,{0},是
env,others,输出,env_1_Design/Voltage Output/OutPort/Y_Ch41_Support_Features,0,0,0,,{0},是
env,others,输出,env_1_Design/Voltage Output/OutPort/Y_Ch41.Valid,0,0,0,,{0},是
env,others,输出,env_1_Design/Voltage Output/OutPort/Y_Ch42_Support_Features,0,0,0,,{0},是
env,others,输出,env_1_Design/Voltage Output/OutPort/Y_Ch42.Valid,0,0,0,,{0},是
env,others,输出,env_1_Design/Voltage Output/OutPort/Y_Ch43_Support_Features,0,0,0,,{0},是
env,others,输出,env_1_Design/Voltage Output/OutPort/Y_Ch43.Valid,0,0,0,,{0},是
env,others,输出,env_1_Design/Voltage Output/OutPort/Y_Ch44_Support_Features,0,0,0,,{0},是
env,others,输出,env_1_Design/Voltage Output/OutPort/Y_Ch44.Valid,0,0,0,,{0},是
env,others,输出,env_1_Design/Voltage Output/OutPort/Y_Ch45_Support_Features,0,0,0,,{0},是
env,others,输出,env_1_Design/Voltage Output/OutPort/Y_Ch45.Valid,0,0,0,,{0},是
env,others,输出,env_1_Design/Voltage Output/OutPort/Y_Ch46_Support_Features,0,0,0,,{0},是
env,others,输出,env_1_Design/Voltage Output/OutPort/Y_Ch46.Valid,0,0,0,,{0},是
env,others,输出,env_1_Design/Voltage Output/OutPort/Y_Ch47_Support_Features,0,0,0,,{0},是
env,others,输出,env_1_Design/Voltage Output/OutPort/Y_Ch47.Valid,0,0,0,,{0},是
env,others,输出,env_1_Design/Voltage Output/OutPort/Y_Ch48_Support_Features,0,0,0,,{0},是
env,others,输出,env_1_Design/Voltage Output/OutPort/Y_Ch48.Valid,0,0,0,,{0},是
env,others,内部/未标记,env_1_Design/Voltage Output/Measurement/Runtime(us),1,21,390,"1.578, 1.778, 1.978, 2.178, 2.378, 2.578, 2.778, 2.978, 3.378, 3.578 …",min=1; max=21; distinct=15,是
env,others,内部/未标记,env_1_Design/Voltage Output/Measurement/Runtime_Min(us),1,1,0,,{1},是
env,others,内部/未标记,env_1_Design/Voltage Output/Measurement/Runtime_Max(us),32,32,0,,{32},是
env,others,内部/未标记,env_1_Design/Voltage Output/Measurement/Schedule_Interval(us),2,988,442,"1.578, 1.778, 1.978, 2.378, 2.578, 2.778, 2.978, 3.178, 3.378, 3.578 …",min=2; max=988; distinct=31,是
env,others,内部/未标记,env_1_Design/Voltage Output/Measurement/Schedule_Interval_Min(us),1,1,0,,{1},是
env,others,内部/未标记,env_1_Design/Voltage Output/Measurement/Schedule_Interval_Max(us),1125,1127,1,66.578,"{1125, 1127}",是
env,others,内部/未标记,env_1_Design/Voltage Output/Measurement/Schedule_Count,383474,939480,474,"1.578, 1.778, 1.978, 2.178, 2.378, 2.578, 2.778, 2.978, 3.178, 3.378 …",min=383474; max=939480; distinct=475,是
env,others,内部/未标记,env_1_Design/Voltage Output/Measurement/Activate_Fail_Count,0,0,0,,{0},是
env,others,内部/未标记,env_1_Design/Voltage Output/Measurement/Processor,5,15,428,"1.578, 1.778, 1.978, 2.178, 2.378, 2.578, 2.778, 2.978, 3.178, 3.378 …",min=5; max=15; distinct=11,是
env,others,输出,env_1_Design/Voltage Input/OutPort/Y_Ch6.Valid,0,0,0,,{0},是
env,others,输出,env_1_Design/Voltage Input/OutPort/Y_Ch7_Present_Voltage,-0.008,0.008,132,"3.316, 3.716, 3.916, 4.516, 5.116, 5.316, 5.516, 6.316, 6.516, 6.916 …","{-0.008, -0.006, -0.002, 0, 0.002, 0.004, 0.006, 0.008}",是
env,others,输出,env_1_Design/Voltage Input/OutPort/Y_Ch7_Average_Voltage,8.4e-05,0.00022,302,"1.716, 2.116, 2.316, 2.716, 2.916, 3.316, 3.516, 3.916, 4.116, 4.516 …",min=8.4e-05; max=0.00022; distinct=33,是
env,others,输出,env_1_Design/Voltage Input/OutPort/Y_Ch7_Support_Features,0,0,0,,{0},是
env,others,输出,env_1_Design/Voltage Input/OutPort/Y_Ch7.Valid,0,0,0,,{0},是
env,others,输出,env_1_Design/Voltage Input/OutPort/Y_Ch8_Present_Voltage,-0.002,0,24,"4.516, 6.316, 6.516, 7.716, 57.516, 57.916, 58.316, 59.116, 59.316, 60.716 …","{-0.002, 0}",是
env,others,输出,env_1_Design/Voltage Input/OutPort/Y_Ch8_Average_Voltage,-0.000216,-0.000136,291,"1.716, 2.116, 2.316, 2.716, 2.916, 3.316, 3.516, 3.916, 4.116, 4.516 …",min=-0.000216; max=-0.000136; distinct=19,是
env,others,输出,env_1_Design/Voltage Input/OutPort/Y_Ch8_Support_Features,0,0,0,,{0},是
env,others,输出,env_1_Design/Voltage Input/OutPort/Y_Ch8.Valid,0,0,0,,{0},是
env,others,输出,env_1_Design/Voltage Input/OutPort/Y_Ch9_Present_Voltage,4.944,4.952,301,"1.716, 1.916, 2.116, 2.916, 3.316, 3.716, 3.916, 4.116, 4.316, 4.516 …","{4.944, 4.946, 4.948, 4.95, 4.952}",是
env,others,输出,env_1_Design/Voltage Input/OutPort/Y_Ch9_Average_Voltage,4.94776,4.94818,308,"1.716, 2.116, 2.316, 2.716, 2.916, 3.316, 3.516, 3.916, 4.116, 4.516 …",min=4.94776; max=4.94818; distinct=79,是
env,others,输出,env_1_Design/Voltage Input/OutPort/Y_Ch9_Support_Features,0,0,0,,{0},是
env,others,输出,env_1_Design/Voltage Input/OutPort/Y_Ch9.Valid,0,0,0,,{0},是
env,others,输出,env_1_Design/Voltage Input/OutPort/Y_Ch10_Present_Voltage,4.956,4.966,320,"1.916, 2.116, 2.316, 2.716, 3.116, 3.316, 3.516, 3.716, 3.916, 4.316 …","{4.956, 4.958, 4.96, 4.962, 4.964, 4.966}",是
env,others,输出,env_1_Design/Voltage Input/OutPort/Y_Ch10_Average_Voltage,4.96059,4.961,309,"1.716, 2.116, 2.316, 2.716, 2.916, 3.316, 3.516, 3.916, 4.116, 4.516 …",min=4.96059; max=4.961; distinct=76,是
env,others,输出,env_1_Design/Voltage Input/OutPort/Y_Ch10_Support_Features,0,0,0,,{0},是
env,others,输出,env_1_Design/Voltage Input/OutPort/Y_Ch10.Valid,0,0,0,,{0},是
env,others,输出,env_1_Design/Voltage Input/OutPort/Y_Ch11_Present_Voltage,4.944,4.952,310,"1.916, 2.116, 2.316, 2.916, 3.116, 3.316, 3.516, 3.716, 3.916, 4.316 …","{4.944, 4.946, 4.948, 4.95, 4.952}",是
env,others,输出,env_1_Design/Voltage Input/OutPort/Y_Ch11_Average_Voltage,4.94843,4.9488,314,"1.716, 2.116, 2.316, 2.716, 2.916, 3.516, 3.916, 4.116, 4.516, 4.716 …",min=4.94843; max=4.9488; distinct=75,是
env,others,输出,env_1_Design/Voltage Input/OutPort/Y_Ch11_Support_Features,0,0,0,,{0},是
env,others,输出,env_1_Design/Voltage Input/OutPort/Y_Ch11.Valid,0,0,0,,{0},是
env,others,输出,env_1_Design/Voltage Input/OutPort/Y_Ch12_Present_Voltage,-0.004,0.014,140,"2.716, 2.916, 3.316, 3.516, 3.916, 4.116, 4.516, 5.116, 5.316, 5.916 …","{-0.004, 0.002, 0.004, 0.006, 0.008, 0.01, 0.014}",是
env,others,输出,env_1_Design/Voltage Input/OutPort/Y_Ch12_Average_Voltage,0.006304,0.006632,304,"1.716, 2.116, 2.316, 2.716, 2.916, 3.316, 3.516, 3.916, 4.116, 4.516 …",min=0.006304; max=0.006632; distinct=61,是
env,others,输出,env_1_Design/Voltage Input/OutPort/Y_Ch12_Support_Features,0,0,0,,{0},是
env,others,输出,env_1_Design/Voltage Input/OutPort/Y_Ch12.Valid,0,0,0,,{0},是
env,others,输出,env_1_Design/Voltage Input/OutPort/Y_Ch13_Present_Voltage,0,0.002,150,"1.916, 2.316, 2.516, 2.716, 2.916, 3.316, 3.516, 10.516, 11.316, 12.116 …","{0, 0.002}",是
env,others,输出,env_1_Design/Voltage Input/OutPort/Y_Ch13_Average_Voltage,0.000812,0.001168,310,"1.716, 2.116, 2.316, 2.716, 2.916, 3.316, 3.516, 3.916, 4.116, 4.516 …",min=0.000812; max=0.001168; distinct=66,是
env,others,输出,env_1_Design/Voltage Input/OutPort/Y_Ch13_Support_Features,0,0,0,,{0},是
env,others,输出,env_1_Design/Voltage Input/OutPort/Y_Ch13.Valid,0,0,0,,{0},是
env,others,输出,env_1_Design/Voltage Input/OutPort/Y_Ch14_Present_Voltage,-0.006,-0.004,56,"3.916, 9.916, 45.516, 45.716, 46.716, 46.916, 47.916, 48.116, 48.716, 49.116 …","{-0.006, -0.004}",是
env,others,输出,env_1_Design/Voltage Input/OutPort/Y_Ch14_Average_Voltage,-0.004524,-0.004364,299,"1.716, 2.116, 2.316, 2.716, 2.916, 3.316, 3.916, 4.116, 4.516, 4.716 …",min=-0.004524; max=-0.004364; distinct=40,是
env,others,输出,env_1_Design/Voltage Input/OutPort/Y_Ch14_Support_Features,0,0,0,,{0},是
env,others,输出,env_1_Design/Voltage Input/OutPort/Y_Ch14.Valid,0,0,0,,{0},是
env,others,输出,env_1_Design/Voltage Input/OutPort/Y_Ch15_Present_Voltage,-0.004,0,90,"1.716, 1.916, 13.116, 13.316, 20.116, 20.716, 20.916, 21.516, 21.716, 22.316 …","{-0.004, -0.002, 0}",是
env,others,输出,env_1_Design/Voltage Input/OutPort/Y_Ch15_Average_Voltage,-0.001728,-0.001516,302,"1.716, 2.116, 2.316, 2.716, 3.316, 3.516, 3.916, 4.116, 4.516, 4.716 …",min=-0.001728; max=-0.001516; distinct=42,是
env,others,输出,env_1_Design/Voltage Input/OutPort/Y_Ch15_Support_Features,0,0,0,,{0},是
env,others,输出,env_1_Design/Voltage Input/OutPort/Y_Ch15.Valid,0,0,0,,{0},是
env,others,输出,env_1_Design/Voltage Input/OutPort/Y_Ch16_Present_Voltage,-0.002,0,50,"3.916, 4.316, 4.516, 5.716, 5.916, 6.316, 6.516, 8.116, 8.316, 8.716 …","{-0.002, 0}",是
env,others,输出,env_1_Design/Voltage Input/OutPort/Y_Ch16_Average_Voltage,-0.000416,-0.000272,301,"1.716, 2.116, 2.316, 2.716, 2.916, 3.316, 3.516, 3.916, 4.116, 4.516 …",min=-0.000416; max=-0.000272; distinct=34,是
env,others,输出,env_1_Design/Voltage Input/OutPort/Y_Ch16_Support_Features,0,0,0,,{0},是
env,others,输出,env_1_Design/Voltage Input/OutPort/Y_Ch16.Valid,0,0,0,,{0},是
env,others,输出,env_1_Design/Voltage Input/OutPort/Y_Ch17_Present_Voltage,0.002,0.004,36,"5.916, 6.116, 6.516, 6.916, 7.116, 7.316, 7.516, 7.716, 7.916, 8.116 …","{0.002, 0.004}",是
env,others,输出,env_1_Design/Voltage Input/OutPort/Y_Ch17_Average_Voltage,0.003844,0.00394,301,"1.716, 2.116, 2.316, 2.716, 2.916, 3.316, 3.516, 3.916, 4.116, 4.516 …",min=0.003844; max=0.00394; distinct=25,是
env,others,输出,env_1_Design/Voltage Input/OutPort/Y_Ch17_Support_Features,0,0,0,,{0},是
env,others,输出,env_1_Design/Voltage Input/OutPort/Y_Ch17.Valid,0,0,0,,{0},是
env,others,输出,env_1_Design/Voltage Input/OutPort/Y_Ch18_Present_Voltage,-0.006,-0.004,126,"1.916, 2.516, 3.516, 7.716, 7.916, 10.516, 10.716, 11.716, 12.716, 12.916 …","{-0.006, -0.004}",是
env,others,输出,env_1_Design/Voltage Input/OutPort/Y_Ch18_Average_Voltage,-0.00514,-0.004828,312,"1.716, 2.116, 2.316, 2.716, 2.916, 3.516, 3.916, 4.116, 4.516, 4.716 …",min=-0.00514; max=-0.004828; distinct=65,是
env,others,输出,env_1_Design/Voltage Input/OutPort/Y_Ch18_Support_Features,0,0,0,,{0},是
env,others,输出,env_1_Design/Voltage Input/OutPort/Y_Ch18.Valid,0,0,0,,{0},是
env,others,输出,env_1_Design/Voltage Input/OutPort/Y_Ch19_Present_Voltage,0.002,0.004,74,"3.916, 5.716, 5.916, 8.116, 8.316, 8.716, 8.916, 9.916, 10.116, 10.316 …","{0.002, 0.004}",是
env,others,输出,env_1_Design/Voltage Input/OutPort/Y_Ch19_Average_Voltage,0.003516,0.003688,301,"1.716, 2.116, 2.316, 2.716, 2.916, 3.316, 3.516, 3.916, 4.116, 4.516 …",min=0.003516; max=0.003688; distinct=38,是
env,others,输出,env_1_Design/Voltage Input/OutPort/Y_Ch19_Support_Features,0,0,0,,{0},是
env,others,输出,env_1_Design/Voltage Input/OutPort/Y_Ch19.Valid,0,0,0,,{0},是
env,others,输出,env_1_Design/Voltage Input/OutPort/Y_Ch20_Present_Voltage,-0.002,0,129,"1.716, 2.116, 2.516, 3.316, 12.716, 12.916, 13.116, 13.916, 14.116, 14.316 …","{-0.002, 0}",是
env,others,输出,env_1_Design/Voltage Input/OutPort/Y_Ch20_Average_Voltage,-0.001196,-0.000864,308,"1.716, 2.116, 2.316, 2.716, 2.916, 3.316, 3.516, 3.916, 4.116, 4.516 …",min=-0.001196; max=-0.000864; distinct=62,是
env,others,输出,env_1_Design/Voltage Input/OutPort/Y_Ch20_Support_Features,0,0,0,,{0},是
env,others,输出,env_1_Design/Voltage Input/OutPort/Y_Ch20.Valid,0,0,0,,{0},是
env,others,输出,env_1_Design/Voltage Input/OutPort/Y_Ch21_Present_Voltage,0.004,0.006,40,"20.116, 20.316, 20.716, 21.516, 21.916, 22.116, 22.316, 22.516, 22.916, 23.116 …","{0.004, 0.006}",是
env,others,输出,env_1_Design/Voltage Input/OutPort/Y_Ch21_Average_Voltage,0.004056,0.0042,295,"1.716, 2.116, 2.316, 2.716, 3.316, 3.516, 3.916, 4.116, 4.516, 4.716 …",min=0.004056; max=0.0042; distinct=31,是
env,others,输出,env_1_Design/Voltage Input/OutPort/Y_Ch21_Support_Features,0,0,0,,{0},是
env,others,输出,env_1_Design/Voltage Input/OutPort/Y_Ch21.Valid,0,0,0,,{0},是
env,others,输出,env_1_Design/Voltage Input/OutPort/Y_Ch22_Present_Voltage,0,0.006,30,"5.716, 5.916, 7.316, 7.516, 21.316, 21.516, 21.716, 21.916, 25.316, 25.516 …","{0, 0.002, 0.006}",是
env,others,输出,env_1_Design/Voltage Input/OutPort/Y_Ch22_Average_Voltage,0.002016,0.002244,306,"1.716, 2.116, 2.316, 2.716, 2.916, 3.316, 3.916, 4.116, 4.516, 4.716 …",min=0.002016; max=0.002244; distinct=44,是
env,others,输出,env_1_Design/Voltage Input/OutPort/Y_Ch22_Support_Features,0,0,0,,{0},是
env,others,输出,env_1_Design/Voltage Input/OutPort/Y_Ch22.Valid,0,0,0,,{0},是
env,others,输出,env_1_Design/Voltage Input/OutPort/Y_Ch23_Present_Voltage,0.002,0.006,28,"5.116, 5.316, 7.116, 7.316, 7.716, 7.916, 23.516, 23.716, 38.516, 38.716 …","{0.002, 0.004, 0.006}",是
env,others,输出,env_1_Design/Voltage Input/OutPort/Y_Ch23_Average_Voltage,0.003952,0.004088,300,"1.716, 2.116, 2.316, 2.716, 2.916, 3.316, 3.516, 3.916, 4.116, 4.516 …",min=0.003952; max=0.004088; distinct=31,是
env,others,输出,env_1_Design/Voltage Input/OutPort/Y_Ch23_Support_Features,0,0,0,,{0},是
env,others,输出,env_1_Design/Voltage Input/OutPort/Y_Ch23.Valid,0,0,0,,{0},是
env,others,输出,env_1_Design/Voltage Input/OutPort/Y_Ch24_Present_Voltage,0.004,0.008,119,"1.716, 1.916, 2.316, 2.516, 2.916, 3.316, 9.516, 9.716, 12.116, 12.316 …","{0.004, 0.008}",是
env,others,输出,env_1_Design/Voltage Input/OutPort/Y_Ch24_Average_Voltage,0.005344,0.005976,307,"1.716, 2.116, 2.316, 2.716, 2.916, 3.316, 3.516, 3.916, 4.116, 4.516 …",min=0.005344; max=0.005976; distinct=73,是
env,others,输出,env_1_Design/Voltage Input/OutPort/Y_Ch24_Support_Features,0,0,0,,{0},是
env,others,输出,env_1_Design/Voltage Input/OutPort/Y_Ch24.Valid,0,0,0,,{0},是
env,others,输出,env_1_Design/Voltage Input/OutPort/Y_Ch25_Present_Voltage,0,0,0,,{0},是
env,others,输出,env_1_Design/Voltage Input/OutPort/Y_Ch25_Average_Voltage,0,0,0,,{0},是
env,others,输出,env_1_Design/Voltage Input/OutPort/Y_Ch25_Support_Features,0,0,0,,{0},是
env,others,输出,env_1_Design/Voltage Input/OutPort/Y_Ch25.Valid,0,0,0,,{0},是
env,others,输出,env_1_Design/Voltage Input/OutPort/Y_Ch26_Present_Voltage,0,0,0,,{0},是
env,others,输出,env_1_Design/Voltage Input/OutPort/Y_Ch26_Average_Voltage,0,0,0,,{0},是
env,others,输出,env_1_Design/Voltage Input/OutPort/Y_Ch26_Support_Features,0,0,0,,{0},是
env,others,输出,env_1_Design/Voltage Input/OutPort/Y_Ch26.Valid,0,0,0,,{0},是
env,others,输出,env_1_Design/Voltage Input/OutPort/Y_Ch27_Present_Voltage,0,0,0,,{0},是
env,others,输出,env_1_Design/Voltage Input/OutPort/Y_Ch27_Average_Voltage,0,0,0,,{0},是
env,others,输出,env_1_Design/Voltage Input/OutPort/Y_Ch27_Support_Features,0,0,0,,{0},是
env,others,输出,env_1_Design/Voltage Input/OutPort/Y_Ch27.Valid,0,0,0,,{0},是
env,others,输出,env_1_Design/Voltage Input/OutPort/Y_Ch28_Present_Voltage,0,0,0,,{0},是
env,others,输出,env_1_Design/Voltage Input/OutPort/Y_Ch28_Average_Voltage,0,0,0,,{0},是
env,others,输出,env_1_Design/Voltage Input/OutPort/Y_Ch28_Support_Features,0,0,0,,{0},是
env,others,输出,env_1_Design/Voltage Input/OutPort/Y_Ch28.Valid,0,0,0,,{0},是
env,others,输出,env_1_Design/Voltage Input/OutPort/Y_Ch29_Present_Voltage,0,0,0,,{0},是
env,others,输出,env_1_Design/Voltage Input/OutPort/Y_Ch29_Average_Voltage,0,0,0,,{0},是
env,others,输出,env_1_Design/Voltage Input/OutPort/Y_Ch29_Support_Features,0,0,0,,{0},是
env,others,输出,env_1_Design/Voltage Input/OutPort/Y_Ch29.Valid,0,0,0,,{0},是
env,others,输出,env_1_Design/Voltage Input/OutPort/Y_Ch30_Present_Voltage,0,0,0,,{0},是
env,others,输出,env_1_Design/Voltage Input/OutPort/Y_Ch30_Average_Voltage,0,0,0,,{0},是
env,others,输出,env_1_Design/Voltage Input/OutPort/Y_Ch30_Support_Features,0,0,0,,{0},是
env,others,输出,env_1_Design/Voltage Input/OutPort/Y_Ch30.Valid,0,0,0,,{0},是
env,others,输出,env_1_Design/Voltage Input/OutPort/Y_Ch31_Present_Voltage,0,0,0,,{0},是
env,others,输出,env_1_Design/Voltage Input/OutPort/Y_Ch31_Average_Voltage,0,0,0,,{0},是
env,others,输出,env_1_Design/Voltage Input/OutPort/Y_Ch31_Support_Features,0,0,0,,{0},是
env,others,输出,env_1_Design/Voltage Input/OutPort/Y_Ch31.Valid,0,0,0,,{0},是
env,others,输出,env_1_Design/Voltage Input/OutPort/Y_Ch32_Present_Voltage,0,0,0,,{0},是
env,others,输出,env_1_Design/Voltage Input/OutPort/Y_Ch32_Average_Voltage,0,0,0,,{0},是
env,others,输出,env_1_Design/Voltage Input/OutPort/Y_Ch32_Support_Features,0,0,0,,{0},是
env,others,输出,env_1_Design/Voltage Input/OutPort/Y_Ch32.Valid,0,0,0,,{0},是
env,others,输出,env_1_Design/Voltage Input/OutPort/Y_Ch33_Present_Voltage,0,0,0,,{0},是
env,others,输出,env_1_Design/Voltage Input/OutPort/Y_Ch33_Average_Voltage,0,0,0,,{0},是
env,others,输出,env_1_Design/Voltage Input/OutPort/Y_Ch33_Support_Features,0,0,0,,{0},是
env,others,输出,env_1_Design/Voltage Input/OutPort/Y_Ch33.Valid,0,0,0,,{0},是
env,others,输出,env_1_Design/Voltage Input/OutPort/Y_Ch34_Present_Voltage,0,0,0,,{0},是
env,others,输出,env_1_Design/Voltage Input/OutPort/Y_Ch34_Average_Voltage,0,0,0,,{0},是
env,others,输出,env_1_Design/Voltage Input/OutPort/Y_Ch34_Support_Features,0,0,0,,{0},是
env,others,输出,env_1_Design/Voltage Input/OutPort/Y_Ch34.Valid,0,0,0,,{0},是
env,others,输出,env_1_Design/Voltage Input/OutPort/Y_Ch35_Present_Voltage,0,0,0,,{0},是
env,others,输出,env_1_Design/Voltage Input/OutPort/Y_Ch35_Average_Voltage,0,0,0,,{0},是
env,others,输出,env_1_Design/Voltage Input/OutPort/Y_Ch35_Support_Features,0,0,0,,{0},是
env,others,输出,env_1_Design/Voltage Input/OutPort/Y_Ch35.Valid,0,0,0,,{0},是
env,others,输出,env_1_Design/Voltage Input/OutPort/Y_Ch36_Present_Voltage,0,0,0,,{0},是
env,others,输出,env_1_Design/Voltage Input/OutPort/Y_Ch36_Average_Voltage,0,0,0,,{0},是
env,others,输出,env_1_Design/Voltage Input/OutPort/Y_Ch36_Support_Features,0,0,0,,{0},是
env,others,输出,env_1_Design/Voltage Input/OutPort/Y_Ch36.Valid,0,0,0,,{0},是
env,others,输出,env_1_Design/Voltage Input/OutPort/Y_Ch37_Present_Voltage,0,0,0,,{0},是
env,others,输出,env_1_Design/Voltage Input/OutPort/Y_Ch37_Average_Voltage,0,0,0,,{0},是
env,others,输出,env_1_Design/Voltage Input/OutPort/Y_Ch37_Support_Features,0,0,0,,{0},是
env,others,输出,env_1_Design/Voltage Input/OutPort/Y_Ch37.Valid,0,0,0,,{0},是
env,others,输出,env_1_Design/Voltage Input/OutPort/Y_Ch38_Present_Voltage,0,0,0,,{0},是
env,others,输出,env_1_Design/Voltage Input/OutPort/Y_Ch38_Average_Voltage,0,0,0,,{0},是
env,others,输出,env_1_Design/Voltage Input/OutPort/Y_Ch38_Support_Features,0,0,0,,{0},是
env,others,输出,env_1_Design/Voltage Input/OutPort/Y_Ch38.Valid,0,0,0,,{0},是
env,others,输出,env_1_Design/Voltage Input/OutPort/Y_Ch39_Present_Voltage,0,0,0,,{0},是
env,others,输出,env_1_Design/Voltage Input/OutPort/Y_Ch39_Average_Voltage,0,0,0,,{0},是
env,others,输出,env_1_Design/Voltage Input/OutPort/Y_Ch39_Support_Features,0,0,0,,{0},是
env,others,输出,env_1_Design/Voltage Input/OutPort/Y_Ch39.Valid,0,0,0,,{0},是
env,others,输出,env_1_Design/Voltage Input/OutPort/Y_Ch40_Present_Voltage,0,0,0,,{0},是
env,others,输出,env_1_Design/Voltage Input/OutPort/Y_Ch40_Average_Voltage,0,0,0,,{0},是
env,others,输出,env_1_Design/Voltage Input/OutPort/Y_Ch40_Support_Features,0,0,0,,{0},是
env,others,输出,env_1_Design/Voltage Input/OutPort/Y_Ch40.Valid,0,0,0,,{0},是
env,others,输出,env_1_Design/Voltage Input/OutPort/Y_Ch41_Present_Voltage,0,0,0,,{0},是
env,others,输出,env_1_Design/Voltage Input/OutPort/Y_Ch41_Average_Voltage,0,0,0,,{0},是
env,others,输出,env_1_Design/Voltage Input/OutPort/Y_Ch41_Support_Features,0,0,0,,{0},是
env,others,输出,env_1_Design/Voltage Input/OutPort/Y_Ch41.Valid,0,0,0,,{0},是
env,others,输出,env_1_Design/Voltage Input/OutPort/Y_Ch42_Present_Voltage,0,0,0,,{0},是
env,others,输出,env_1_Design/Voltage Input/OutPort/Y_Ch42_Average_Voltage,0,0,0,,{0},是
env,others,输出,env_1_Design/Voltage Input/OutPort/Y_Ch42_Support_Features,0,0,0,,{0},是
env,others,输出,env_1_Design/Voltage Input/OutPort/Y_Ch42.Valid,0,0,0,,{0},是
env,others,输出,env_1_Design/Voltage Input/OutPort/Y_Ch43_Present_Voltage,0,0,0,,{0},是
env,others,输出,env_1_Design/Voltage Input/OutPort/Y_Ch43_Average_Voltage,0,0,0,,{0},是
env,others,输出,env_1_Design/Voltage Input/OutPort/Y_Ch43_Support_Features,0,0,0,,{0},是
env,others,输出,env_1_Design/Voltage Input/OutPort/Y_Ch43.Valid,0,0,0,,{0},是
env,others,输出,env_1_Design/Voltage Input/OutPort/Y_Ch44_Present_Voltage,0,0,0,,{0},是
env,others,输出,env_1_Design/Voltage Input/OutPort/Y_Ch44_Average_Voltage,0,0,0,,{0},是
env,others,输出,env_1_Design/Voltage Input/OutPort/Y_Ch44_Support_Features,0,0,0,,{0},是
env,others,输出,env_1_Design/Voltage Input/OutPort/Y_Ch44.Valid,0,0,0,,{0},是
env,others,输出,env_1_Design/Voltage Input/OutPort/Y_Ch45_Present_Voltage,0,0,0,,{0},是
env,others,输出,env_1_Design/Voltage Input/OutPort/Y_Ch45_Average_Voltage,0,0,0,,{0},是
env,others,输出,env_1_Design/Voltage Input/OutPort/Y_Ch45_Support_Features,0,0,0,,{0},是
env,others,输出,env_1_Design/Voltage Input/OutPort/Y_Ch45.Valid,0,0,0,,{0},是
env,others,输出,env_1_Design/Voltage Input/OutPort/Y_Ch46_Present_Voltage,0,0,0,,{0},是
env,others,输出,env_1_Design/Voltage Input/OutPort/Y_Ch46_Average_Voltage,0,0,0,,{0},是
env,others,输出,env_1_Design/Voltage Input/OutPort/Y_Ch46_Support_Features,0,0,0,,{0},是
env,others,输出,env_1_Design/Voltage Input/OutPort/Y_Ch46.Valid,0,0,0,,{0},是
env,others,输出,env_1_Design/Voltage Input/OutPort/Y_Ch47_Present_Voltage,0,0,0,,{0},是
env,others,输出,env_1_Design/Voltage Input/OutPort/Y_Ch47_Average_Voltage,0,0,0,,{0},是
env,others,输出,env_1_Design/Voltage Input/OutPort/Y_Ch47_Support_Features,0,0,0,,{0},是
env,others,输出,env_1_Design/Voltage Input/OutPort/Y_Ch47.Valid,0,0,0,,{0},是
env,others,输出,env_1_Design/Voltage Input/OutPort/Y_Ch48_Present_Voltage,0,0,0,,{0},是
env,others,输出,env_1_Design/Voltage Input/OutPort/Y_Ch48_Average_Voltage,0,0,0,,{0},是
env,others,输出,env_1_Design/Voltage Input/OutPort/Y_Ch48_Support_Features,0,0,0,,{0},是
env,others,输出,env_1_Design/Voltage Input/OutPort/Y_Ch48.Valid,0,0,0,,{0},是
env,others,内部/未标记,env_1_Design/Voltage Input/Measurement/Runtime(us),6,21,418,"1.716, 1.916, 2.116, 2.316, 2.516, 2.716, 2.916, 3.116, 3.516, 3.716 …",min=6; max=21; distinct=15,是
env,others,内部/未标记,env_1_Design/Voltage Input/Measurement/Runtime_Min(us),5,5,0,,{5},是
env,others,内部/未标记,env_1_Design/Voltage Input/Measurement/Runtime_Max(us),42,42,0,,{42},是
env,others,内部/未标记,env_1_Design/Voltage Input/Measurement/Schedule_Interval(us),4980,5022,438,"1.716, 1.916, 2.116, 2.316, 2.516, 2.716, 2.916, 3.316, 3.516, 3.716 …",min=4980; max=5022; distinct=36,是
env,others,内部/未标记,env_1_Design/Voltage Input/Measurement/Schedule_Interval_Min(us),4922,4967,1,94.516,"{4922, 4967}",是
env,others,内部/未标记,env_1_Design/Voltage Input/Measurement/Schedule_Interval_Max(us),5029,5076,2,"25.516, 94.516","{5029, 5033, 5076}",是
env,others,内部/未标记,env_1_Design/Voltage Input/Measurement/Schedule_Count,13091,32051,474,"1.716, 1.916, 2.116, 2.316, 2.516, 2.716, 2.916, 3.116, 3.316, 3.516 …",min=13091; max=32051; distinct=475,是
env,others,内部/未标记,env_1_Design/Voltage Input/Measurement/Activate_Fail_Count,0,0,0,,{0},是
env,others,内部/未标记,env_1_Design/Voltage Input/Measurement/Processor,5,15,438,"1.716, 1.916, 2.116, 2.516, 2.716, 2.916, 3.116, 3.516, 3.716, 3.916 …",min=5; max=15; distinct=11,是
env,others,输入,env_1_Design/Voltage Output/InPort/U_Ch1_Voltage_Out,0,0,0,,{0},是
env,others,输入,env_1_Design/Voltage Output/InPort/U_Ch1_Voltage_Out_Enable,0,0,0,,{0},是
env,others,输入,env_1_Design/Voltage Output/InPort/U_Ch1_FIU_Value,0,0,0,,{0},是
env,others,输入,env_1_Design/Voltage Output/InPort/U_Ch2_Voltage_Out,0,0,0,,{0},是
env,others,输入,env_1_Design/Voltage Output/InPort/U_Ch2_Voltage_Out_Enable,0,0,0,,{0},是
env,others,输入,env_1_Design/Voltage Output/InPort/U_Ch2_FIU_Value,0,0,0,,{0},是
env,others,输入,env_1_Design/Voltage Output/InPort/U_Ch3_Voltage_Out,0,0,0,,{0},是
env,others,输入,env_1_Design/Voltage Output/InPort/U_Ch3_Voltage_Out_Enable,0,0,0,,{0},是
env,others,输入,env_1_Design/Voltage Output/InPort/U_Ch3_FIU_Value,0,0,0,,{0},是
env,others,输入,env_1_Design/Voltage Output/InPort/U_Ch4_Voltage_Out,0,0,0,,{0},是
env,others,输入,env_1_Design/Voltage Output/InPort/U_Ch4_Voltage_Out_Enable,1,1,0,,{1},是
env,others,输入,env_1_Design/Voltage Output/InPort/U_Ch4_FIU_Value,0,0,0,,{0},是
env,others,输入,env_1_Design/Voltage Output/InPort/U_Ch5_Voltage_Out,0,0,0,,{0},是
env,others,输入,env_1_Design/Voltage Output/InPort/U_Ch5_Voltage_Out_Enable,0,0,0,,{0},是
env,others,输入,env_1_Design/Voltage Output/InPort/U_Ch5_FIU_Value,0,0,0,,{0},是
env,others,输入,env_1_Design/Voltage Output/InPort/U_Ch6_Voltage_Out,0,0,0,,{0},是
env,others,输入,env_1_Design/Voltage Output/InPort/U_Ch6_Voltage_Out_Enable,0,0,0,,{0},是
env,others,输入,env_1_Design/Voltage Output/InPort/U_Ch6_FIU_Value,0,0,0,,{0},是
env,others,输入,env_1_Design/Voltage Output/InPort/U_Ch7_Voltage_Out,1,1,0,,{1},是
env,others,输入,env_1_Design/Voltage Output/InPort/U_Ch7_Voltage_Out_Enable,1,1,0,,{1},是
env,others,输入,env_1_Design/Voltage Output/InPort/U_Ch7_FIU_Value,0,0,0,,{0},是
env,others,输入,env_1_Design/Voltage Output/InPort/U_Ch8_Voltage_Out,0.5,0.5,0,,{0.5},是
env,others,输出,env_1_Design/LIN/OutPort/LIN_CH8.Statistic.Wakeup.Y_LIN_Ch8_WakeupsCommandsCnt,0,0,0,,{0},否
env,others,输出,env_1_Design/LIN/OutPort/LIN_CH8.Statistic.Sleep.Y_LIN_Ch8_SleepCommandsCnt,0,0,0,,{0},否
env,others,内部/未标记,env_1_Design/LIN/Measurement/Runtime(us),1,7,290,"1.850, 2.450, 2.850, 3.450, 3.850, 4.450, 4.650, 4.850, 5.250, 5.650 …","{1, 2, 3, 4, 5, 6, 7}",否
env,others,内部/未标记,env_1_Design/LIN/Measurement/Runtime_Min(us),1,1,0,,{1},否
env,others,内部/未标记,env_1_Design/LIN/Measurement/Runtime_Max(us),15,19,2,"36.250, 44.450","{15, 16, 19}",否
env,others,内部/未标记,env_1_Design/LIN/Measurement/Schedule_Interval(us),4957,5054,461,"1.850, 2.050, 2.250, 2.450, 2.650, 2.850, 3.050, 3.250, 3.450, 3.650 …",min=4957; max=5054; distinct=58,否
env,others,内部/未标记,env_1_Design/LIN/Measurement/Schedule_Interval_Min(us),4789,4789,0,,{4789},否
env,others,内部/未标记,env_1_Design/LIN/Measurement/Schedule_Interval_Max(us),5164,5201,1,77.250,"{5164, 5201}",否
env,others,内部/未标记,env_1_Design/LIN/Measurement/Schedule_Count,13117,32037,473,"1.850, 2.050, 2.250, 2.450, 2.650, 2.850, 3.050, 3.250, 3.450, 3.650 …",min=13117; max=32037; distinct=474,否
env,others,内部/未标记,env_1_Design/LIN/Measurement/Activate_Fail_Count,0,0,0,,{0},否
env,others,内部/未标记,env_1_Design/LIN/Measurement/Processor,5,15,430,"2.050, 2.250, 2.650, 2.850, 3.050, 3.450, 3.650, 3.850, 4.050, 4.250 …",min=5; max=15; distinct=11,否
env,others,输入,env_1_Design/PWM Input/InPort/U_Ch1_PWM_In_Enable,0,0,0,,{0},否
env,others,输入,env_1_Design/PWM Input/InPort/U_Ch1_PWM_In_FIU,0,0,0,,{0},否
env,others,输入,env_1_Design/PWM Input/InPort/U_Ch1_PWM_In_SafetySwitch,0,0,0,,{0},否
env,others,输入,env_1_Design/PWM Input/InPort/U_Ch2_PWM_In_Enable,0,0,0,,{0},否
env,others,输入,env_1_Design/PWM Input/InPort/U_Ch2_PWM_In_FIU,0,0,0,,{0},否
env,others,输入,env_1_Design/PWM Input/InPort/U_Ch2_PWM_In_SafetySwitch,0,0,0,,{0},否
env,others,输入,env_1_Design/PWM Input/InPort/U_Ch3_PWM_In_Enable,0,0,0,,{0},否
env,others,输入,env_1_Design/PWM Input/InPort/U_Ch3_PWM_In_FIU,0,0,0,,{0},否
env,others,输入,env_1_Design/PWM Input/InPort/U_Ch3_PWM_In_SafetySwitch,0,0,0,,{0},否
env,others,输入,env_1_Design/PWM Input/InPort/U_Ch4_PWM_In_Enable,0,0,0,,{0},否
env,others,输入,env_1_Design/PWM Input/InPort/U_Ch4_PWM_In_FIU,0,0,0,,{0},否
env,others,输入,env_1_Design/PWM Input/InPort/U_Ch4_PWM_In_SafetySwitch,0,0,0,,{0},否
env,others,输入,env_1_Design/PWM Input/InPort/U_Ch5_PWM_In_Enable,0,0,0,,{0},否
env,others,输入,env_1_Design/PWM Input/InPort/U_Ch5_PWM_In_FIU,0,0,0,,{0},否
env,others,输入,env_1_Design/PWM Input/InPort/U_Ch5_PWM_In_SafetySwitch,0,0,0,,{0},否
env,others,输入,env_1_Design/PWM Input/InPort/U_Ch6_PWM_In_Enable,0,0,0,,{0},否
env,others,输入,env_1_Design/PWM Input/InPort/U_Ch6_PWM_In_FIU,0,0,0,,{0},否
env,others,输入,env_1_Design/PWM Input/InPort/U_Ch6_PWM_In_SafetySwitch,0,0,0,,{0},否
env,others,输入,env_1_Design/PWM Input/InPort/U_Ch7_PWM_In_Enable,0,0,0,,{0},否
env,others,输入,env_1_Design/PWM Input/InPort/U_Ch7_PWM_In_FIU,0,0,0,,{0},否
env,others,输入,env_1_Design/PWM Input/InPort/U_Ch7_PWM_In_SafetySwitch,0,0,0,,{0},否
env,others,输入,env_1_Design/PWM Input/InPort/U_Ch8_PWM_In_Enable,0,0,0,,{0},否
env,others,输入,env_1_Design/PWM Input/InPort/U_Ch8_PWM_In_FIU,0,0,0,,{0},否
env,others,输入,env_1_Design/PWM Input/InPort/U_Ch8_PWM_In_SafetySwitch,0,0,0,,{0},否
env,others,输入,env_1_Design/PWM Input/InPort/U_Ch9_PWM_In_Enable,0,0,0,,{0},否
env,others,输入,env_1_Design/PWM Input/InPort/U_Ch9_PWM_In_FIU,0,0,0,,{0},否
env,others,输入,env_1_Design/PWM Input/InPort/U_Ch9_PWM_In_SafetySwitch,0,0,0,,{0},否
env,others,输入,env_1_Design/PWM Input/InPort/U_Ch10_PWM_In_Enable,0,0,0,,{0},否
env,others,输入,env_1_Design/PWM Input/InPort/U_Ch10_PWM_In_FIU,0,0,0,,{0},否
env,others,输入,env_1_Design/PWM Input/InPort/U_Ch10_PWM_In_SafetySwitch,0,0,0,,{0},否
env,others,输入,env_1_Design/PWM Input/InPort/U_Ch11_PWM_In_Enable,0,0,0,,{0},否
env,others,输入,env_1_Design/PWM Input/InPort/U_Ch11_PWM_In_FIU,0,0,0,,{0},否
env,others,输入,env_1_Design/PWM Input/InPort/U_Ch11_PWM_In_SafetySwitch,0,0,0,,{0},否
env,others,输入,env_1_Design/PWM Input/InPort/U_Ch12_PWM_In_Enable,0,0,0,,{0},否
env,others,输入,env_1_Design/PWM Input/InPort/U_Ch12_PWM_In_FIU,0,0,0,,{0},否
env,others,输入,env_1_Design/PWM Input/InPort/U_Ch12_PWM_In_SafetySwitch,0,0,0,,{0},否
env,others,输入,env_1_Design/PWM Input/InPort/U_Ch13_PWM_In_Enable,0,0,0,,{0},否
env,others,输入,env_1_Design/PWM Input/InPort/U_Ch13_PWM_In_FIU,0,0,0,,{0},否
env,others,输入,env_1_Design/PWM Input/InPort/U_Ch13_PWM_In_SafetySwitch,0,0,0,,{0},否
env,others,输入,env_1_Design/PWM Input/InPort/U_Ch14_PWM_In_Enable,0,0,0,,{0},否
env,others,输入,env_1_Design/PWM Input/InPort/U_Ch14_PWM_In_FIU,0,0,0,,{0},否
env,others,输入,env_1_Design/PWM Input/InPort/U_Ch14_PWM_In_SafetySwitch,0,0,0,,{0},否
env,others,输入,env_1_Design/PWM Input/InPort/U_Ch15_PWM_In_Enable,0,0,0,,{0},否
env,others,输入,env_1_Design/PWM Input/InPort/U_Ch15_PWM_In_FIU,0,0,0,,{0},否
env,others,输入,env_1_Design/PWM Input/InPort/U_Ch15_PWM_In_SafetySwitch,0,0,0,,{0},否
env,others,输入,env_1_Design/PWM Input/InPort/U_Ch16_PWM_In_Enable,0,0,0,,{0},否
env,others,输入,env_1_Design/PWM Input/InPort/U_Ch16_PWM_In_FIU,0,0,0,,{0},否
env,others,输入,env_1_Design/PWM Input/InPort/U_Ch16_PWM_In_SafetySwitch,0,0,0,,{0},否
env,others,输入,env_1_Design/PWM Input/InPort/U_Ch17_PWM_In_Enable,0,0,0,,{0},否
env,others,输入,env_1_Design/PWM Input/InPort/U_Ch17_PWM_In_FIU,0,0,0,,{0},否
env,others,输入,env_1_Design/PWM Input/InPort/U_Ch17_PWM_In_SafetySwitch,0,0,0,,{0},否
env,others,输入,env_1_Design/PWM Input/InPort/U_Ch18_PWM_In_Enable,0,0,0,,{0},否
env,others,输入,env_1_Design/PWM Input/InPort/U_Ch18_PWM_In_FIU,0,0,0,,{0},否
env,others,输入,env_1_Design/PWM Input/InPort/U_Ch18_PWM_In_SafetySwitch,0,0,0,,{0},否
env,others,输入,env_1_Design/PWM Input/InPort/U_Ch19_PWM_In_Enable,0,0,0,,{0},否
env,others,输入,env_1_Design/PWM Input/InPort/U_Ch19_PWM_In_FIU,0,0,0,,{0},否
env,others,输入,env_1_Design/PWM Input/InPort/U_Ch19_PWM_In_SafetySwitch,0,0,0,,{0},否
env,others,输入,env_1_Design/PWM Input/InPort/U_Ch20_PWM_In_Enable,0,0,0,,{0},否
env,others,输入,env_1_Design/PWM Input/InPort/U_Ch20_PWM_In_FIU,0,0,0,,{0},否
env,others,输入,env_1_Design/PWM Input/InPort/U_Ch20_PWM_In_SafetySwitch,0,0,0,,{0},否
env,others,输入,env_1_Design/PWM Input/InPort/U_Ch21_PWM_In_Enable,0,0,0,,{0},否
env,others,输入,env_1_Design/PWM Input/InPort/U_Ch21_PWM_In_FIU,0,0,0,,{0},否
env,others,输入,env_1_Design/PWM Input/InPort/U_Ch21_PWM_In_SafetySwitch,0,0,0,,{0},否
env,others,输入,env_1_Design/PWM Input/InPort/U_Ch22_PWM_In_Enable,0,0,0,,{0},否
env,others,输入,env_1_Design/PWM Input/InPort/U_Ch22_PWM_In_FIU,0,0,0,,{0},否
env,others,输入,env_1_Design/PWM Input/InPort/U_Ch22_PWM_In_SafetySwitch,0,0,0,,{0},否
env,others,输入,env_1_Design/PWM Input/InPort/U_Ch23_PWM_In_Enable,0,0,0,,{0},否
env,others,输入,env_1_Design/PWM Input/InPort/U_Ch23_PWM_In_FIU,0,0,0,,{0},否
env,others,输入,env_1_Design/PWM Input/InPort/U_Ch23_PWM_In_SafetySwitch,0,0,0,,{0},否
env,others,输入,env_1_Design/PWM Input/InPort/U_Ch24_PWM_In_Enable,0,0,0,,{0},否
env,others,输入,env_1_Design/PWM Input/InPort/U_Ch24_PWM_In_FIU,0,0,0,,{0},否
env,others,输入,env_1_Design/PWM Input/InPort/U_Ch24_PWM_In_SafetySwitch,0,0,0,,{0},否
env,others,输入,env_1_Design/PWM Input/InPort/U_Ch25_PWM_In_Enable,0,0,0,,{0},否
env,others,输入,env_1_Design/PWM Input/InPort/U_Ch25_PWM_In_FIU,0,0,0,,{0},否
env,others,输入,env_1_Design/PWM Input/InPort/U_Ch25_PWM_In_SafetySwitch,0,0,0,,{0},否
env,others,输入,env_1_Design/PWM Input/InPort/U_Ch26_PWM_In_Enable,0,0,0,,{0},否
env,others,输入,env_1_Design/PWM Input/InPort/U_Ch26_PWM_In_FIU,0,0,0,,{0},否
env,others,输入,env_1_Design/PWM Input/InPort/U_Ch26_PWM_In_SafetySwitch,0,0,0,,{0},否
env,others,输入,env_1_Design/PWM Input/InPort/U_Ch27_PWM_In_Enable,0,0,0,,{0},否
env,others,输入,env_1_Design/PWM Input/InPort/U_Ch27_PWM_In_FIU,0,0,0,,{0},否
env,others,输入,env_1_Design/PWM Input/InPort/U_Ch27_PWM_In_SafetySwitch,0,0,0,,{0},否
env,others,输入,env_1_Design/PWM Input/InPort/U_Ch28_PWM_In_Enable,0,0,0,,{0},否
env,others,输入,env_1_Design/PWM Input/InPort/U_Ch28_PWM_In_FIU,0,0,0,,{0},否
env,others,输入,env_1_Design/PWM Input/InPort/U_Ch28_PWM_In_SafetySwitch,0,0,0,,{0},否
env,others,输入,env_1_Design/PWM Input/InPort/U_Ch29_PWM_In_Enable,0,0,0,,{0},否
env,others,输入,env_1_Design/PWM Input/InPort/U_Ch29_PWM_In_FIU,0,0,0,,{0},否
env,others,输入,env_1_Design/PWM Input/InPort/U_Ch29_PWM_In_SafetySwitch,0,0,0,,{0},否
env,others,输入,env_1_Design/PWM Input/InPort/U_Ch30_PWM_In_Enable,0,0,0,,{0},否
env,others,输入,env_1_Design/PWM Input/InPort/U_Ch30_PWM_In_FIU,0,0,0,,{0},否
env,others,输入,env_1_Design/PWM Input/InPort/U_Ch30_PWM_In_SafetySwitch,0,0,0,,{0},否
env,others,输入,env_1_Design/PWM Input/InPort/U_Ch31_PWM_In_Enable,0,0,0,,{0},否
env,others,输入,env_1_Design/PWM Input/InPort/U_Ch31_PWM_In_FIU,0,0,0,,{0},否
env,others,输入,env_1_Design/PWM Input/InPort/U_Ch31_PWM_In_SafetySwitch,0,0,0,,{0},否
env,others,输入,env_1_Design/PWM Input/InPort/U_Ch32_PWM_In_Enable,0,0,0,,{0},否
env,others,输入,env_1_Design/PWM Input/InPort/U_Ch32_PWM_In_FIU,0,0,0,,{0},否
env,others,输入,env_1_Design/PWM Input/InPort/U_Ch32_PWM_In_SafetySwitch,0,0,0,,{0},否
env,others,输入,env_1_Design/PWM Input/InPort/U_Ch33_PWM_In_Enable,0,0,0,,{0},否
env,others,输入,env_1_Design/PWM Input/InPort/U_Ch33_PWM_In_FIU,0,0,0,,{0},否
env,others,输入,env_1_Design/PWM Input/InPort/U_Ch33_PWM_In_SafetySwitch,0,0,0,,{0},否
env,others,输入,env_1_Design/PWM Input/InPort/U_Ch34_PWM_In_Enable,0,0,0,,{0},否
env,others,输入,env_1_Design/PWM Input/InPort/U_Ch34_PWM_In_FIU,0,0,0,,{0},否
env,others,输入,env_1_Design/PWM Input/InPort/U_Ch34_PWM_In_SafetySwitch,0,0,0,,{0},否
env,others,输入,env_1_Design/PWM Input/InPort/U_Ch35_PWM_In_Enable,0,0,0,,{0},否
env,others,输入,env_1_Design/PWM Input/InPort/U_Ch35_PWM_In_FIU,0,0,0,,{0},否
env,others,输入,env_1_Design/PWM Input/InPort/U_Ch35_PWM_In_SafetySwitch,0,0,0,,{0},否
env,others,输入,env_1_Design/PWM Input/InPort/U_Ch36_PWM_In_Enable,0,0,0,,{0},否
env,others,输入,env_1_Design/PWM Input/InPort/U_Ch36_PWM_In_FIU,0,0,0,,{0},否
env,others,输入,env_1_Design/PWM Input/InPort/U_Ch36_PWM_In_SafetySwitch,0,0,0,,{0},否
env,others,输入,env_1_Design/PWM Input/InPort/U_Ch37_PWM_In_Enable,0,0,0,,{0},否
env,others,输入,env_1_Design/PWM Input/InPort/U_Ch37_PWM_In_FIU,0,0,0,,{0},否
env,others,输入,env_1_Design/PWM Input/InPort/U_Ch37_PWM_In_SafetySwitch,0,0,0,,{0},否
env,others,输入,env_1_Design/PWM Input/InPort/U_Ch38_PWM_In_Enable,0,0,0,,{0},否
env,others,输入,env_1_Design/PWM Input/InPort/U_Ch38_PWM_In_FIU,0,0,0,,{0},否
env,others,输入,env_1_Design/PWM Input/InPort/U_Ch38_PWM_In_SafetySwitch,0,0,0,,{0},否
env,others,输入,env_1_Design/PWM Input/InPort/U_Ch39_PWM_In_Enable,0,0,0,,{0},否
env,others,输入,env_1_Design/PWM Input/InPort/U_Ch39_PWM_In_FIU,0,0,0,,{0},否
env,others,输入,env_1_Design/PWM Input/InPort/U_Ch39_PWM_In_SafetySwitch,0,0,0,,{0},否
env,others,输入,env_1_Design/PWM Input/InPort/U_Ch40_PWM_In_Enable,0,0,0,,{0},否
env,others,输入,env_1_Design/PWM Input/InPort/U_Ch40_PWM_In_FIU,0,0,0,,{0},否
env,others,输入,env_1_Design/PWM Input/InPort/U_Ch40_PWM_In_SafetySwitch,0,0,0,,{0},否
env,others,输入,env_1_Design/PWM Input/InPort/U_Ch41_PWM_In_Enable,0,0,0,,{0},否
env,others,输入,env_1_Design/PWM Input/InPort/U_Ch41_PWM_In_FIU,0,0,0,,{0},否
env,others,输入,env_1_Design/PWM Input/InPort/U_Ch41_PWM_In_SafetySwitch,0,0,0,,{0},否
env,others,输入,env_1_Design/PWM Input/InPort/U_Ch42_PWM_In_Enable,0,0,0,,{0},否
env,others,输入,env_1_Design/PWM Input/InPort/U_Ch42_PWM_In_FIU,0,0,0,,{0},否
env,others,输入,env_1_Design/PWM Input/InPort/U_Ch42_PWM_In_SafetySwitch,0,0,0,,{0},否
env,others,输入,env_1_Design/PWM Input/InPort/U_Ch43_PWM_In_Enable,0,0,0,,{0},否
env,others,输入,env_1_Design/PWM Input/InPort/U_Ch43_PWM_In_FIU,0,0,0,,{0},否
env,others,输入,env_1_Design/PWM Input/InPort/U_Ch43_PWM_In_SafetySwitch,0,0,0,,{0},否
env,others,输入,env_1_Design/PWM Input/InPort/U_Ch44_PWM_In_Enable,0,0,0,,{0},否
env,others,输入,env_1_Design/PWM Input/InPort/U_Ch44_PWM_In_FIU,0,0,0,,{0},否
env,others,输入,env_1_Design/PWM Input/InPort/U_Ch44_PWM_In_SafetySwitch,0,0,0,,{0},否
env,others,输入,env_1_Design/PWM Input/InPort/U_Ch45_PWM_In_Enable,0,0,0,,{0},否
env,others,输入,env_1_Design/PWM Input/InPort/U_Ch45_PWM_In_FIU,0,0,0,,{0},否
env,others,输入,env_1_Design/PWM Input/InPort/U_Ch45_PWM_In_SafetySwitch,0,0,0,,{0},否
env,others,输入,env_1_Design/PWM Input/InPort/U_Ch46_PWM_In_Enable,0,0,0,,{0},否
env,others,输入,env_1_Design/PWM Input/InPort/U_Ch46_PWM_In_FIU,0,0,0,,{0},否
env,others,输入,env_1_Design/PWM Input/InPort/U_Ch46_PWM_In_SafetySwitch,0,0,0,,{0},否
env,others,输入,env_1_Design/PWM Input/InPort/U_Ch47_PWM_In_Enable,0,0,0,,{0},否
env,others,输入,env_1_Design/PWM Input/InPort/U_Ch47_PWM_In_FIU,0,0,0,,{0},否
env,others,输入,env_1_Design/PWM Input/InPort/U_Ch47_PWM_In_SafetySwitch,0,0,0,,{0},否
env,others,输入,env_1_Design/PWM Input/InPort/U_Ch48_PWM_In_Enable,0,0,0,,{0},否
env,others,输入,env_1_Design/PWM Input/InPort/U_Ch48_PWM_In_FIU,0,0,0,,{0},否
env,others,输入,env_1_Design/PWM Input/InPort/U_Ch48_PWM_In_SafetySwitch,0,0,0,,{0},否
env,others,输入,env_1_Design/PWM Input/InPort/Model_Disabled,0,0,0,,{0},否
env,others,输入,env_1_Design/PWM Input/InPort/Model_Reset,0,0,0,,{0},否
env,others,输出,env_1_Design/PWM Input/OutPort/Y_Ch1_PWM_In_Frequency,0,0,0,,{0},否
env,others,输出,env_1_Design/PWM Input/OutPort/Y_Ch1_PWM_In_Period,0,0,0,,{0},否
env,others,输出,env_1_Design/PWM Input/OutPort/Y_Ch1_PWM_In_Duty_Ratio,0,0,0,,{0},否
env,others,输出,env_1_Design/PWM Input/OutPort/Y_Ch1_PWM_In_Amplitude,0,0,0,,{0},否
env,others,输出,env_1_Design/PWM Input/OutPort/Y_Ch1_Support_Features,0,0,0,,{0},否
env,others,输出,env_1_Design/PWM Input/OutPort/Y_Ch1.Valid,0,0,0,,{0},否
env,others,输出,env_1_Design/PWM Input/OutPort/Y_Ch2_PWM_In_Frequency,0,0,0,,{0},否
env,others,输出,env_1_Design/PWM Input/OutPort/Y_Ch2_PWM_In_Period,0,0,0,,{0},否
env,others,输出,env_1_Design/PWM Input/OutPort/Y_Ch2_PWM_In_Duty_Ratio,0,0,0,,{0},否
env,others,输出,env_1_Design/PWM Input/OutPort/Y_Ch2_PWM_In_Amplitude,0,0,0,,{0},否
env,others,输出,env_1_Design/PWM Input/OutPort/Y_Ch2_Support_Features,0,0,0,,{0},否
env,others,输出,env_1_Design/PWM Input/OutPort/Y_Ch2.Valid,0,0,0,,{0},否
env,others,输出,env_1_Design/PWM Input/OutPort/Y_Ch3_PWM_In_Frequency,0,0,0,,{0},否
env,others,输出,env_1_Design/PWM Input/OutPort/Y_Ch3_PWM_In_Period,0,0,0,,{0},否
env,others,输出,env_1_Design/PWM Input/OutPort/Y_Ch3_PWM_In_Duty_Ratio,0,0,0,,{0},否
env,others,输出,env_1_Design/PWM Input/OutPort/Y_Ch3_PWM_In_Amplitude,0,0,0,,{0},否
env,others,输出,env_1_Design/PWM Input/OutPort/Y_Ch3_Support_Features,0,0,0,,{0},否
env,others,输出,env_1_Design/PWM Input/OutPort/Y_Ch3.Valid,0,0,0,,{0},否
env,others,输出,env_1_Design/PWM Input/OutPort/Y_Ch4_PWM_In_Frequency,0,0,0,,{0},否
env,others,输出,env_1_Design/PWM Input/OutPort/Y_Ch4_PWM_In_Period,0,0,0,,{0},否
env,others,输出,env_1_Design/PWM Input/OutPort/Y_Ch4_PWM_In_Duty_Ratio,0,0,0,,{0},否
env,others,输出,env_1_Design/PWM Input/OutPort/Y_Ch4_PWM_In_Amplitude,0,0,0,,{0},否
env,others,输出,env_1_Design/PWM Input/OutPort/Y_Ch4_Support_Features,0,0,0,,{0},否
env,others,输出,env_1_Design/PWM Input/OutPort/Y_Ch4.Valid,0,0,0,,{0},否
env,others,输出,env_1_Design/PWM Input/OutPort/Y_Ch5_PWM_In_Frequency,0,0,0,,{0},否
env,others,输出,env_1_Design/PWM Input/OutPort/Y_Ch5_PWM_In_Period,0,0,0,,{0},否
env,others,输出,env_1_Design/PWM Input/OutPort/Y_Ch5_PWM_In_Duty_Ratio,0,0,0,,{0},否
env,others,输出,env_1_Design/PWM Input/OutPort/Y_Ch5_PWM_In_Amplitude,0,0,0,,{0},否
env,others,输出,env_1_Design/PWM Input/OutPort/Y_Ch5_Support_Features,0,0,0,,{0},否
env,others,输出,env_1_Design/PWM Input/OutPort/Y_Ch5.Valid,0,0,0,,{0},否
env,others,输出,env_1_Design/PWM Input/OutPort/Y_Ch6_PWM_In_Frequency,0,0,0,,{0},否
env,others,输出,env_1_Design/PWM Input/OutPort/Y_Ch6_PWM_In_Period,0,0,0,,{0},否
env,others,输出,env_1_Design/PWM Input/OutPort/Y_Ch6_PWM_In_Duty_Ratio,0,0,0,,{0},否
env,others,输出,env_1_Design/PWM Input/OutPort/Y_Ch6_PWM_In_Amplitude,0,0,0,,{0},否
env,others,输出,env_1_Design/PWM Input/OutPort/Y_Ch6_Support_Features,0,0,0,,{0},否
env,others,输出,env_1_Design/PWM Input/OutPort/Y_Ch6.Valid,0,0,0,,{0},否
env,others,输出,env_1_Design/PWM Input/OutPort/Y_Ch7_PWM_In_Frequency,0,0,0,,{0},否
env,others,输出,env_1_Design/PWM Input/OutPort/Y_Ch7_PWM_In_Period,0,0,0,,{0},否
env,others,输出,env_1_Design/PWM Input/OutPort/Y_Ch7_PWM_In_Duty_Ratio,0,0,0,,{0},否
env,others,输出,env_1_Design/PWM Input/OutPort/Y_Ch7_PWM_In_Amplitude,0,0,0,,{0},否
env,others,输出,env_1_Design/PWM Input/OutPort/Y_Ch7_Support_Features,0,0,0,,{0},否
env,others,输出,env_1_Design/PWM Input/OutPort/Y_Ch7.Valid,0,0,0,,{0},否
env,others,输出,env_1_Design/PWM Input/OutPort/Y_Ch8_PWM_In_Frequency,0,0,0,,{0},否
env,others,输出,env_1_Design/CAN/OutPort/CAN_CH2.Statistic.Receive.Y_CAN_Ch2_TotalRxStdFramesCnt,27591,67329,473,"1.974, 2.174, 2.374, 2.574, 2.774, 2.974, 3.174, 3.374, 3.574, 3.774 …",min=27591; max=67329; distinct=474,否
env,others,输出,env_1_Design/CAN/OutPort/CAN_CH2.Statistic.Receive.Y_CAN_Ch2_RxStdFramesCnt,420,448,85,"2.174, 3.174, 4.374, 5.374, 6.374, 7.374, 8.374, 9.374, 10.574, 11.574 …",min=420; max=448; distinct=16,否
env,others,输出,env_1_Design/CAN/OutPort/CAN_CH2.Statistic.Receive.Y_CAN_Ch2_TotalRxExtFramesCnt,0,0,0,,{0},否
env,others,输出,env_1_Design/CAN/OutPort/CAN_CH2.Statistic.Receive.Y_CAN_Ch2_RxExtFramesCnt,0,0,0,,{0},否
env,others,输出,env_1_Design/CAN/OutPort/CAN_CH2.Statistic.Receive.Y_CAN_Ch2_TotalRxStdRemoteFramesCnt,0,0,0,,{0},否
env,others,输出,env_1_Design/CAN/OutPort/CAN_CH2.Statistic.Receive.Y_CAN_Ch2_RxStdRemoteFramesCnt,0,0,0,,{0},否
env,others,输出,env_1_Design/CAN/OutPort/CAN_CH2.Statistic.Receive.Y_CAN_Ch2_TotalRxExtRemoteFramesCnt,0,0,0,,{0},否
env,others,输出,env_1_Design/CAN/OutPort/CAN_CH2.Statistic.Receive.Y_CAN_Ch2_RxExtRemoteFramesCnt,0,0,0,,{0},否
env,others,输出,env_1_Design/CAN/OutPort/CAN_CH2.Statistic.ErrorFrame.Y_CAN_Ch2_TotalTxErrorsCnt,0,0,0,,{0},否
env,others,输出,env_1_Design/CAN/OutPort/CAN_CH2.Statistic.ErrorFrame.Y_CAN_Ch2_TotalRxErrorsCnt,0,0,0,,{0},否
env,others,输出,env_1_Design/CAN/OutPort/CAN_CH2.Statistic.ErrorFrame.Y_CAN_Ch2_TotalErrorsCnt,0,0,0,,{0},否
env,others,输出,env_1_Design/CAN/OutPort/CAN_CH2.Statistic.ErrorFrame.Y_CAN_Ch2_TxErrorsCnt,0,0,0,,{0},否
env,others,输出,env_1_Design/CAN/OutPort/CAN_CH2.Statistic.ErrorFrame.Y_CAN_Ch2_RxErrorsCnt,0,0,0,,{0},否
env,others,输出,env_1_Design/CAN/OutPort/CAN_CH2.Statistic.ErrorFrame.Y_CAN_Ch2_ErrorsCnt,0,0,0,,{0},否
env,others,输出,env_1_Design/CAN/OutPort/CAN_CH2.Statistic.ErrorFrame.Y_CAN_Ch2_TotalNackErrorsCnt,0,0,0,,{0},否
env,others,输出,env_1_Design/CAN/OutPort/CAN_CH2.Statistic.ErrorFrame.Y_CAN_Ch2_TotalSufferErrorsCnt,0,0,0,,{0},否
env,others,输出,env_1_Design/CAN/OutPort/CAN_CH2.Statistic.ErrorFrame.Y_CAN_Ch2_TotalBit0ErrorsCnt,0,0,0,,{0},否
env,others,输出,env_1_Design/CAN/OutPort/CAN_CH2.Statistic.ErrorFrame.Y_CAN_Ch2_TotalBit1ErrorsCnt,0,0,0,,{0},否
env,others,输出,env_1_Design/CAN/OutPort/CAN_CH2.Statistic.ErrorFrame.Y_CAN_Ch2_TotalCrcErrorsCnt,0,0,0,,{0},否
env,others,输出,env_1_Design/CAN/OutPort/CAN_CH2.Statistic.ErrorFrame.Y_CAN_Ch2_TotalFormErrorsCnt,0,0,0,,{0},否
env,others,输出,env_1_Design/CAN/OutPort/CAN_CH2.Statistic.ErrorFrame.Y_CAN_Ch2_NackErrorsCnt,0,0,0,,{0},否
env,others,输出,env_1_Design/CAN/OutPort/CAN_CH2.Statistic.ErrorFrame.Y_CAN_Ch2_SufferErrorsCnt,0,0,0,,{0},否
env,others,输出,env_1_Design/CAN/OutPort/CAN_CH2.Statistic.ErrorFrame.Y_CAN_Ch2_Bit0ErrorsCnt,0,0,0,,{0},否
env,others,输出,env_1_Design/CAN/OutPort/CAN_CH2.Statistic.ErrorFrame.Y_CAN_Ch2_Bit1ErrorsCnt,0,0,0,,{0},否
env,others,输出,env_1_Design/CAN/OutPort/CAN_CH2.Statistic.ErrorFrame.Y_CAN_Ch2_CrcErrorsCnt,0,0,0,,{0},否
env,others,输出,env_1_Design/CAN/OutPort/CAN_CH2.Statistic.ErrorFrame.Y_CAN_Ch2_FormErrorsCnt,0,0,0,,{0},否
env,others,输出,env_1_Design/CAN/OutPort/CAN_CH2.Statistic.AllFrame.Y_CAN_Ch2_TotalFramesCnt,31516,76935,473,"1.974, 2.174, 2.374, 2.574, 2.774, 2.974, 3.174, 3.374, 3.574, 3.774 …",min=31516; max=76935; distinct=474,否
env,others,输出,env_1_Design/CAN/OutPort/CAN_CH2.Statistic.AllFrame.Y_CAN_Ch2_FramesCnt,480,514,89,"2.174, 3.174, 4.374, 5.374, 6.374, 7.374, 8.374, 9.374, 10.574, 11.574 …",min=480; max=514; distinct=18,否
env,others,输出,env_1_Design/CAN/OutPort/CAN_CH2.Statistic.AllFrame.Y_CAN_Ch2_TotalStdFramesCnt,31527,76941,473,"1.974, 2.174, 2.374, 2.574, 2.774, 2.974, 3.174, 3.374, 3.574, 3.774 …",min=31527; max=76941; distinct=474,否
env,others,输出,env_1_Design/CAN/OutPort/CAN_CH2.Statistic.AllFrame.Y_CAN_Ch2_StdFramesCnt,480,514,85,"2.174, 3.174, 4.374, 5.374, 6.374, 7.374, 8.374, 9.374, 10.574, 11.574 …",min=480; max=514; distinct=16,否
env,others,输出,env_1_Design/CAN/OutPort/CAN_CH2.Statistic.AllFrame.Y_CAN_Ch2_TotalExtFramesCnt,0,0,0,,{0},否
env,others,输出,env_1_Design/CAN/OutPort/CAN_CH2.Statistic.AllFrame.Y_CAN_Ch2_ExtFramesCnt,0,0,0,,{0},否
env,others,输出,env_1_Design/CAN/OutPort/CAN_CH2.Statistic.AllFrame.Y_CAN_Ch2_TotalStdRemoteFramesCnt,0,0,0,,{0},否
env,others,输出,env_1_Design/CAN/OutPort/CAN_CH2.Statistic.AllFrame.Y_CAN_Ch2_StdRemoteFramesCnt,0,0,0,,{0},否
env,others,输出,env_1_Design/CAN/OutPort/CAN_CH2.Statistic.AllFrame.Y_CAN_Ch2_TotalExtRemoteFramesCnt,0,0,0,,{0},否
env,others,输出,env_1_Design/CAN/OutPort/CAN_CH2.Statistic.AllFrame.Y_CAN_Ch2_ExtRemoteFramesCnt,0,0,0,,{0},否
env,others,输出,env_1_Design/CAN/OutPort/CAN_CH2.Statistic.Y_CAN_Ch2_BurstTime,0,0,0,,{0},否
env,others,输出,env_1_Design/CAN/OutPort/CAN_CH2.Valid,0,0,0,,{0},否
env,others,输出,env_1_Design/CAN/OutPort/CAN_CH2.Background_Traffic.Valid,0,0,0,,{0},否
env,others,输出,env_1_Design/CAN/OutPort/CAN_CH2.Sample_Point_Test.Result,0,0,0,,{0},否
env,others,输出,env_1_Design/CAN/OutPort/CAN_CH2.Sample_Point_Test.Arbitration_Phase.Measeure_Sample_Ponit,0,0,0,,{0},否
env,others,输出,env_1_Design/CAN/OutPort/CAN_CH2.Sample_Point_Test.Data_Phase.Measeure_Sample_Ponit,0,0,0,,{0},否
env,others,输出,env_1_Design/CAN/OutPort/CAN_CH2.Sample_Point_Test.Valid,0,0,0,,{0},否
env,others,输出,env_1_Design/CAN/OutPort/CAN_CH2.Error_Inject.Valid,0,0,0,,{0},否
env,others,输出,env_1_Design/CAN/OutPort/CAN_CH2.Custom_Sequence.Valid,0,0,0,,{0},否
env,others,输出,env_1_Design/CAN/OutPort/CAN_CH3.Config.Y_CAN_Ch3_Mode,2,2,0,,{2},否
env,others,输出,env_1_Design/CAN/OutPort/CAN_CH3.Config.Y_CAN_Ch3_Bitrate,500000,500000,0,,{500000},否
env,others,输出,env_1_Design/CAN/OutPort/CAN_CH3.Config.Y_CAN_Ch3_SamplePoint,0.75,0.75,0,,{0.75},否
env,others,输出,env_1_Design/CAN/OutPort/CAN_CH3.Config.Y_CAN_Ch3_DataBitrate,2e+06,2e+06,0,,{2e+06},否
env,others,输出,env_1_Design/CAN/OutPort/CAN_CH3.Config.Y_CAN_Ch3_DataSamplePoint,0.75,0.75,0,,{0.75},否
env,others,输出,env_1_Design/CAN/OutPort/CAN_CH3.Statistic.Y_CAN_Ch3_Busload,0,0,0,,{0},否
env,others,输出,env_1_Design/CAN/OutPort/CAN_CH3.Statistic.Chip State.Y_CAN_Ch3_ChipState,1,1,0,,{1},否
env,others,输出,env_1_Design/CAN/OutPort/CAN_CH3.Statistic.Chip State.Y_CAN_Ch3_TransmitErrorCount,0,0,0,,{0},否
env,others,输出,env_1_Design/CAN/OutPort/CAN_CH3.Statistic.Chip State.Y_CAN_Ch3_ReceiveErrorCount,0,0,0,,{0},否
env,others,输出,env_1_Design/CAN/OutPort/CAN_CH3.Statistic.Transmit.Y_CAN_Ch3_TotalTxFramesCnt,0,0,0,,{0},否
env,others,输出,env_1_Design/CAN/OutPort/CAN_CH3.Statistic.Transmit.Y_CAN_Ch3_TxFramesCnt,0,0,0,,{0},否
env,others,输出,env_1_Design/CAN/OutPort/CAN_CH3.Statistic.Transmit.Y_CAN_Ch3_TotalTxStdFramesCnt,0,0,0,,{0},否
env,others,输出,env_1_Design/CAN/OutPort/CAN_CH3.Statistic.Transmit.Y_CAN_Ch3_TxStdFramesCnt,0,0,0,,{0},否
env,others,输出,env_1_Design/CAN/OutPort/CAN_CH3.Statistic.Transmit.Y_CAN_Ch3_TotalTxExtFramesCnt,0,0,0,,{0},否
env,others,输出,env_1_Design/CAN/OutPort/CAN_CH3.Statistic.Transmit.Y_CAN_Ch3_TxExtFramesCnt,0,0,0,,{0},否
env,others,输出,env_1_Design/CAN/OutPort/CAN_CH3.Statistic.Transmit.Y_CAN_Ch3_TotalTxStdRemoteFramesCnt,0,0,0,,{0},否
env,others,输出,env_1_Design/CAN/OutPort/CAN_CH3.Statistic.Transmit.Y_CAN_Ch3_TxStdRemoteFramesCnt,0,0,0,,{0},否
env,others,输出,env_1_Design/CAN/OutPort/CAN_CH3.Statistic.Transmit.Y_CAN_Ch3_TotalTxExtRemoteFramesCnt,0,0,0,,{0},否
env,others,输出,env_1_Design/CAN/OutPort/CAN_CH3.Statistic.Transmit.Y_CAN_Ch3_TxExtRemoteFramesCnt,0,0,0,,{0},否
env,others,输出,env_1_Design/CAN/OutPort/CAN_CH3.Statistic.Receive.Y_CAN_Ch3_TotalRxFramesCnt,0,0,0,,{0},否
env,others,输出,env_1_Design/CAN/OutPort/CAN_CH3.Statistic.Receive.Y_CAN_Ch3_RxFramesCnt,0,0,0,,{0},否
env,others,输出,env_1_Design/CAN/OutPort/CAN_CH3.Statistic.Receive.Y_CAN_Ch3_TotalRxStdFramesCnt,0,0,0,,{0},否
env,others,输出,env_1_Design/CAN/OutPort/CAN_CH3.Statistic.Receive.Y_CAN_Ch3_RxStdFramesCnt,0,0,0,,{0},否
env,others,输出,env_1_Design/CAN/OutPort/CAN_CH3.Statistic.Receive.Y_CAN_Ch3_TotalRxExtFramesCnt,0,0,0,,{0},否
env,others,输出,env_1_Design/CAN/OutPort/CAN_CH3.Statistic.Receive.Y_CAN_Ch3_RxExtFramesCnt,0,0,0,,{0},否
env,others,输出,env_1_Design/CAN/OutPort/CAN_CH3.Statistic.Receive.Y_CAN_Ch3_TotalRxStdRemoteFramesCnt,0,0,0,,{0},否
env,others,输出,env_1_Design/CAN/OutPort/CAN_CH3.Statistic.Receive.Y_CAN_Ch3_RxStdRemoteFramesCnt,0,0,0,,{0},否
env,others,输出,env_1_Design/CAN/OutPort/CAN_CH3.Statistic.Receive.Y_CAN_Ch3_TotalRxExtRemoteFramesCnt,0,0,0,,{0},否
env,others,输出,env_1_Design/CAN/OutPort/CAN_CH3.Statistic.Receive.Y_CAN_Ch3_RxExtRemoteFramesCnt,0,0,0,,{0},否
env,others,输出,env_1_Design/CAN/OutPort/CAN_CH3.Statistic.ErrorFrame.Y_CAN_Ch3_TotalTxErrorsCnt,0,0,0,,{0},否
env,others,输出,env_1_Design/CAN/OutPort/CAN_CH3.Statistic.ErrorFrame.Y_CAN_Ch3_TotalRxErrorsCnt,0,0,0,,{0},否
env,others,输出,env_1_Design/CAN/OutPort/CAN_CH3.Statistic.ErrorFrame.Y_CAN_Ch3_TotalErrorsCnt,0,0,0,,{0},否
env,others,输出,env_1_Design/CAN/OutPort/CAN_CH3.Statistic.ErrorFrame.Y_CAN_Ch3_TxErrorsCnt,0,0,0,,{0},否
env,others,输出,env_1_Design/CAN/OutPort/CAN_CH3.Statistic.ErrorFrame.Y_CAN_Ch3_RxErrorsCnt,0,0,0,,{0},否
env,others,输出,env_1_Design/CAN/OutPort/CAN_CH3.Statistic.ErrorFrame.Y_CAN_Ch3_ErrorsCnt,0,0,0,,{0},否
env,others,输出,env_1_Design/CAN/OutPort/CAN_CH3.Statistic.ErrorFrame.Y_CAN_Ch3_TotalNackErrorsCnt,0,0,0,,{0},否
env,others,输出,env_1_Design/CAN/OutPort/CAN_CH3.Statistic.ErrorFrame.Y_CAN_Ch3_TotalSufferErrorsCnt,0,0,0,,{0},否
env,others,输出,env_1_Design/CAN/OutPort/CAN_CH3.Statistic.ErrorFrame.Y_CAN_Ch3_TotalBit0ErrorsCnt,0,0,0,,{0},否
env,others,输出,env_1_Design/CAN/OutPort/CAN_CH3.Statistic.ErrorFrame.Y_CAN_Ch3_TotalBit1ErrorsCnt,0,0,0,,{0},否
env,others,输出,env_1_Design/CAN/OutPort/CAN_CH3.Statistic.ErrorFrame.Y_CAN_Ch3_TotalCrcErrorsCnt,0,0,0,,{0},否
env,others,输出,env_1_Design/CAN/OutPort/CAN_CH3.Statistic.ErrorFrame.Y_CAN_Ch3_TotalFormErrorsCnt,0,0,0,,{0},否
env,others,输出,env_1_Design/CAN/OutPort/CAN_CH3.Statistic.ErrorFrame.Y_CAN_Ch3_NackErrorsCnt,0,0,0,,{0},否
env,others,输出,env_1_Design/CAN/OutPort/CAN_CH3.Statistic.ErrorFrame.Y_CAN_Ch3_SufferErrorsCnt,0,0,0,,{0},否
env,others,输出,env_1_Design/CAN/OutPort/CAN_CH3.Statistic.ErrorFrame.Y_CAN_Ch3_Bit0ErrorsCnt,0,0,0,,{0},否
env,others,输出,env_1_Design/CAN/OutPort/CAN_CH3.Statistic.ErrorFrame.Y_CAN_Ch3_Bit1ErrorsCnt,0,0,0,,{0},否
env,others,输出,env_1_Design/CAN/OutPort/CAN_CH3.Statistic.ErrorFrame.Y_CAN_Ch3_CrcErrorsCnt,0,0,0,,{0},否
env,others,输出,env_1_Design/CAN/OutPort/CAN_CH3.Statistic.ErrorFrame.Y_CAN_Ch3_FormErrorsCnt,0,0,0,,{0},否
env,others,输出,env_1_Design/CAN/OutPort/CAN_CH3.Statistic.AllFrame.Y_CAN_Ch3_TotalFramesCnt,0,0,0,,{0},否
env,others,输出,env_1_Design/CAN/OutPort/CAN_CH3.Statistic.AllFrame.Y_CAN_Ch3_FramesCnt,0,0,0,,{0},否
env,others,输出,env_1_Design/CAN/OutPort/CAN_CH3.Statistic.AllFrame.Y_CAN_Ch3_TotalStdFramesCnt,0,0,0,,{0},否
env,others,输出,env_1_Design/CAN/OutPort/CAN_CH3.Statistic.AllFrame.Y_CAN_Ch3_StdFramesCnt,0,0,0,,{0},否
env,others,输出,env_1_Design/CAN/OutPort/CAN_CH3.Statistic.AllFrame.Y_CAN_Ch3_TotalExtFramesCnt,0,0,0,,{0},否
env,others,输出,env_1_Design/CAN/OutPort/CAN_CH3.Statistic.AllFrame.Y_CAN_Ch3_ExtFramesCnt,0,0,0,,{0},否
env,others,输出,env_1_Design/CAN/OutPort/CAN_CH3.Statistic.AllFrame.Y_CAN_Ch3_TotalStdRemoteFramesCnt,0,0,0,,{0},否
env,others,输出,env_1_Design/CAN/OutPort/CAN_CH3.Statistic.AllFrame.Y_CAN_Ch3_StdRemoteFramesCnt,0,0,0,,{0},否
env,others,输出,env_1_Design/CAN/OutPort/CAN_CH3.Statistic.AllFrame.Y_CAN_Ch3_TotalExtRemoteFramesCnt,0,0,0,,{0},否
env,others,输出,env_1_Design/CAN/OutPort/CAN_CH3.Statistic.AllFrame.Y_CAN_Ch3_ExtRemoteFramesCnt,0,0,0,,{0},否
env,others,输出,env_1_Design/CAN/OutPort/CAN_CH3.Statistic.Y_CAN_Ch3_BurstTime,0,0,0,,{0},否
env,others,输出,env_1_Design/CAN/OutPort/CAN_CH3.Valid,0,0,0,,{0},否
env,others,输出,env_1_Design/CAN/OutPort/CAN_CH3.Background_Traffic.Valid,0,0,0,,{0},否
env,others,输出,env_1_Design/CAN/OutPort/CAN_CH3.Sample_Point_Test.Result,0,0,0,,{0},否
env,others,输出,env_1_Design/CAN/OutPort/CAN_CH3.Sample_Point_Test.Arbitration_Phase.Measeure_Sample_Ponit,0,0,0,,{0},否
env,others,输出,env_1_Design/CAN/OutPort/CAN_CH3.Sample_Point_Test.Data_Phase.Measeure_Sample_Ponit,0,0,0,,{0},否
env,others,输出,env_1_Design/CAN/OutPort/CAN_CH3.Sample_Point_Test.Valid,0,0,0,,{0},否
env,others,输出,env_1_Design/CAN/OutPort/CAN_CH3.Error_Inject.Valid,0,0,0,,{0},否
env,others,输出,env_1_Design/CAN/OutPort/CAN_CH3.Custom_Sequence.Valid,0,0,0,,{0},否
env,others,输出,env_1_Design/CAN/OutPort/CAN_CH4.Config.Y_CAN_Ch4_Mode,2,2,0,,{2},否
env,others,输出,env_1_Design/CAN/OutPort/CAN_CH4.Config.Y_CAN_Ch4_Bitrate,500000,500000,0,,{500000},否
env,others,输出,env_1_Design/CAN/OutPort/CAN_CH4.Config.Y_CAN_Ch4_SamplePoint,0.75,0.75,0,,{0.75},否
env,others,输出,env_1_Design/CAN/OutPort/CAN_CH4.Config.Y_CAN_Ch4_DataBitrate,2e+06,2e+06,0,,{2e+06},否
env,others,输出,env_1_Design/CAN/OutPort/CAN_CH4.Config.Y_CAN_Ch4_DataSamplePoint,0.75,0.75,0,,{0.75},否
env,others,输出,env_1_Design/CAN/OutPort/CAN_CH4.Statistic.Y_CAN_Ch4_Busload,0,0,0,,{0},否
env,others,输出,env_1_Design/CAN/OutPort/CAN_CH4.Statistic.Chip State.Y_CAN_Ch4_ChipState,1,1,0,,{1},否
env,others,输出,env_1_Design/CAN/OutPort/CAN_CH4.Statistic.Chip State.Y_CAN_Ch4_TransmitErrorCount,0,0,0,,{0},否
env,others,输出,env_1_Design/CAN/OutPort/CAN_CH4.Statistic.Chip State.Y_CAN_Ch4_ReceiveErrorCount,0,0,0,,{0},否
env,others,输出,env_1_Design/CAN/OutPort/CAN_CH4.Statistic.Transmit.Y_CAN_Ch4_TotalTxFramesCnt,0,0,0,,{0},否
env,others,输出,env_1_Design/CAN/OutPort/CAN_CH4.Statistic.Transmit.Y_CAN_Ch4_TxFramesCnt,0,0,0,,{0},否
env,others,输出,env_1_Design/CAN/OutPort/CAN_CH4.Statistic.Transmit.Y_CAN_Ch4_TotalTxStdFramesCnt,0,0,0,,{0},否
env,others,输出,env_1_Design/CAN/OutPort/CAN_CH4.Statistic.Transmit.Y_CAN_Ch4_TxStdFramesCnt,0,0,0,,{0},否
env,others,输出,env_1_Design/CAN/OutPort/CAN_CH4.Statistic.Transmit.Y_CAN_Ch4_TotalTxExtFramesCnt,0,0,0,,{0},否
env,others,输出,env_1_Design/CAN/OutPort/CAN_CH4.Statistic.Transmit.Y_CAN_Ch4_TxExtFramesCnt,0,0,0,,{0},否
env,others,输出,env_1_Design/CAN/OutPort/CAN_CH4.Statistic.Transmit.Y_CAN_Ch4_TotalTxStdRemoteFramesCnt,0,0,0,,{0},否
env,others,输出,env_1_Design/CAN/OutPort/CAN_CH4.Statistic.Transmit.Y_CAN_Ch4_TxStdRemoteFramesCnt,0,0,0,,{0},否
env,others,输出,env_1_Design/CAN/OutPort/CAN_CH4.Statistic.Transmit.Y_CAN_Ch4_TotalTxExtRemoteFramesCnt,0,0,0,,{0},否
env,others,输出,env_1_Design/CAN/OutPort/CAN_CH4.Statistic.Transmit.Y_CAN_Ch4_TxExtRemoteFramesCnt,0,0,0,,{0},否
env,others,输出,env_1_Design/CAN/OutPort/CAN_CH4.Statistic.Receive.Y_CAN_Ch4_TotalRxFramesCnt,0,0,0,,{0},否
env,others,输出,env_1_Design/CAN/OutPort/CAN_CH4.Statistic.Receive.Y_CAN_Ch4_RxFramesCnt,0,0,0,,{0},否
env,others,输出,env_1_Design/CAN/OutPort/CAN_CH4.Statistic.Receive.Y_CAN_Ch4_TotalRxStdFramesCnt,0,0,0,,{0},否
env,others,输出,env_1_Design/CAN/OutPort/CAN_CH4.Statistic.Receive.Y_CAN_Ch4_RxStdFramesCnt,0,0,0,,{0},否
env,others,输出,env_1_Design/CAN/OutPort/CAN_CH4.Statistic.Receive.Y_CAN_Ch4_TotalRxExtFramesCnt,0,0,0,,{0},否
env,others,输出,env_1_Design/CAN/OutPort/CAN_CH4.Statistic.Receive.Y_CAN_Ch4_RxExtFramesCnt,0,0,0,,{0},否
env,others,输出,env_1_Design/CAN/OutPort/CAN_CH4.Statistic.Receive.Y_CAN_Ch4_TotalRxStdRemoteFramesCnt,0,0,0,,{0},否
env,others,输出,env_1_Design/CAN/OutPort/CAN_CH4.Statistic.Receive.Y_CAN_Ch4_RxStdRemoteFramesCnt,0,0,0,,{0},否
env,others,输出,env_1_Design/CAN/OutPort/CAN_CH4.Statistic.Receive.Y_CAN_Ch4_TotalRxExtRemoteFramesCnt,0,0,0,,{0},否
env,others,输出,env_1_Design/CAN/OutPort/CAN_CH4.Statistic.Receive.Y_CAN_Ch4_RxExtRemoteFramesCnt,0,0,0,,{0},否
env,others,输出,env_1_Design/CAN/OutPort/CAN_CH4.Statistic.ErrorFrame.Y_CAN_Ch4_TotalTxErrorsCnt,0,0,0,,{0},否
env,others,输出,env_1_Design/CAN/OutPort/CAN_CH4.Statistic.ErrorFrame.Y_CAN_Ch4_TotalRxErrorsCnt,0,0,0,,{0},否
env,others,输出,env_1_Design/CAN/OutPort/CAN_CH4.Statistic.ErrorFrame.Y_CAN_Ch4_TotalErrorsCnt,0,0,0,,{0},否
env,others,输出,env_1_Design/CAN/OutPort/CAN_CH4.Statistic.ErrorFrame.Y_CAN_Ch4_TxErrorsCnt,0,0,0,,{0},否
env,others,输出,env_1_Design/CAN/OutPort/CAN_CH4.Statistic.ErrorFrame.Y_CAN_Ch4_RxErrorsCnt,0,0,0,,{0},否
env,others,输出,env_1_Design/CAN/OutPort/CAN_CH4.Statistic.ErrorFrame.Y_CAN_Ch4_ErrorsCnt,0,0,0,,{0},否
env,others,输出,env_1_Design/CAN/OutPort/CAN_CH4.Statistic.ErrorFrame.Y_CAN_Ch4_TotalNackErrorsCnt,0,0,0,,{0},否
env,others,输出,env_1_Design/CAN/OutPort/CAN_CH4.Statistic.ErrorFrame.Y_CAN_Ch4_TotalSufferErrorsCnt,0,0,0,,{0},否
env,others,输出,env_1_Design/CAN/OutPort/CAN_CH4.Statistic.ErrorFrame.Y_CAN_Ch4_TotalBit0ErrorsCnt,0,0,0,,{0},否
env,others,输出,env_1_Design/CAN/OutPort/CAN_CH4.Statistic.ErrorFrame.Y_CAN_Ch4_TotalBit1ErrorsCnt,0,0,0,,{0},否
env,others,输出,env_1_Design/CAN/OutPort/CAN_CH4.Statistic.ErrorFrame.Y_CAN_Ch4_TotalCrcErrorsCnt,0,0,0,,{0},否
env,others,输出,env_1_Design/CAN/OutPort/CAN_CH4.Statistic.ErrorFrame.Y_CAN_Ch4_TotalFormErrorsCnt,0,0,0,,{0},否
env,others,输出,env_1_Design/CAN/OutPort/CAN_CH4.Statistic.ErrorFrame.Y_CAN_Ch4_NackErrorsCnt,0,0,0,,{0},否
env,others,输出,env_1_Design/CAN/OutPort/CAN_CH4.Statistic.ErrorFrame.Y_CAN_Ch4_SufferErrorsCnt,0,0,0,,{0},否
env,others,输出,env_1_Design/CAN/OutPort/CAN_CH4.Statistic.ErrorFrame.Y_CAN_Ch4_Bit0ErrorsCnt,0,0,0,,{0},否
env,others,输出,env_1_Design/CAN/OutPort/CAN_CH4.Statistic.ErrorFrame.Y_CAN_Ch4_Bit1ErrorsCnt,0,0,0,,{0},否
env,others,输出,env_1_Design/CAN/OutPort/CAN_CH4.Statistic.ErrorFrame.Y_CAN_Ch4_CrcErrorsCnt,0,0,0,,{0},否
env,others,输出,env_1_Design/CAN/OutPort/CAN_CH4.Statistic.ErrorFrame.Y_CAN_Ch4_FormErrorsCnt,0,0,0,,{0},否
env,others,输出,env_1_Design/CAN/OutPort/CAN_CH4.Statistic.AllFrame.Y_CAN_Ch4_TotalFramesCnt,0,0,0,,{0},否
env,others,输出,env_1_Design/CAN/OutPort/CAN_CH4.Statistic.AllFrame.Y_CAN_Ch4_FramesCnt,0,0,0,,{0},否
env,others,输出,env_1_Design/CAN/OutPort/CAN_CH4.Statistic.AllFrame.Y_CAN_Ch4_TotalStdFramesCnt,0,0,0,,{0},否
env,others,输出,env_1_Design/CAN/OutPort/CAN_CH4.Statistic.AllFrame.Y_CAN_Ch4_StdFramesCnt,0,0,0,,{0},否
env,others,输出,env_1_Design/CAN/OutPort/CAN_CH4.Statistic.AllFrame.Y_CAN_Ch4_TotalExtFramesCnt,0,0,0,,{0},否
env,others,输出,env_1_Design/CAN/OutPort/CAN_CH4.Statistic.AllFrame.Y_CAN_Ch4_ExtFramesCnt,0,0,0,,{0},否
env,others,输出,env_1_Design/CAN/OutPort/CAN_CH4.Statistic.AllFrame.Y_CAN_Ch4_TotalStdRemoteFramesCnt,0,0,0,,{0},否
env,others,输出,env_1_Design/CAN/OutPort/CAN_CH4.Statistic.AllFrame.Y_CAN_Ch4_StdRemoteFramesCnt,0,0,0,,{0},否
env,others,输出,env_1_Design/CAN/OutPort/CAN_CH4.Statistic.AllFrame.Y_CAN_Ch4_TotalExtRemoteFramesCnt,0,0,0,,{0},否
env,others,输出,env_1_Design/CAN/OutPort/CAN_CH4.Statistic.AllFrame.Y_CAN_Ch4_ExtRemoteFramesCnt,0,0,0,,{0},否
env,others,输出,env_1_Design/CAN/OutPort/CAN_CH4.Statistic.Y_CAN_Ch4_BurstTime,0,0,0,,{0},否
env,others,输出,env_1_Design/CAN/OutPort/CAN_CH4.Valid,0,0,0,,{0},否
env,others,输出,env_1_Design/CAN/OutPort/CAN_CH4.Background_Traffic.Valid,0,0,0,,{0},否
env,others,输出,env_1_Design/CAN/OutPort/CAN_CH4.Sample_Point_Test.Result,0,0,0,,{0},否
env,others,输出,env_1_Design/CAN/OutPort/CAN_CH4.Sample_Point_Test.Arbitration_Phase.Measeure_Sample_Ponit,0,0,0,,{0},否
env,others,输出,env_1_Design/CAN/OutPort/CAN_CH4.Sample_Point_Test.Data_Phase.Measeure_Sample_Ponit,0,0,0,,{0},否
env,others,输出,env_1_Design/CAN/OutPort/CAN_CH4.Sample_Point_Test.Valid,0,0,0,,{0},否
env,others,输出,env_1_Design/CAN/OutPort/CAN_CH4.Error_Inject.Valid,0,0,0,,{0},否
env,others,输出,env_1_Design/CAN/OutPort/CAN_CH4.Custom_Sequence.Valid,0,0,0,,{0},否
env,others,输出,env_1_Design/CAN/OutPort/CAN_CH5.Config.Y_CAN_Ch5_Mode,2,2,0,,{2},否
env,others,输出,env_1_Design/CAN/OutPort/CAN_CH5.Config.Y_CAN_Ch5_Bitrate,500000,500000,0,,{500000},否
env,others,输出,env_1_Design/CAN/OutPort/CAN_CH5.Config.Y_CAN_Ch5_SamplePoint,0.75,0.75,0,,{0.75},否
env,others,输出,env_1_Design/CAN/OutPort/CAN_CH5.Config.Y_CAN_Ch5_DataBitrate,2e+06,2e+06,0,,{2e+06},否
env,others,输出,env_1_Design/CAN/OutPort/CAN_CH5.Config.Y_CAN_Ch5_DataSamplePoint,0.75,0.75,0,,{0.75},否
env,others,输出,env_1_Design/CAN/OutPort/CAN_CH5.Statistic.Y_CAN_Ch5_Busload,0,0,0,,{0},否
env,others,输出,env_1_Design/CAN/OutPort/CAN_CH5.Statistic.Chip State.Y_CAN_Ch5_ChipState,1,1,0,,{1},否
env,others,输出,env_1_Design/CAN/OutPort/CAN_CH5.Statistic.Chip State.Y_CAN_Ch5_TransmitErrorCount,0,0,0,,{0},否
env,others,输出,env_1_Design/CAN/OutPort/CAN_CH5.Statistic.Chip State.Y_CAN_Ch5_ReceiveErrorCount,0,0,0,,{0},否
env,others,输出,env_1_Design/CAN/OutPort/CAN_CH5.Statistic.Transmit.Y_CAN_Ch5_TotalTxFramesCnt,0,0,0,,{0},否
env,others,输出,env_1_Design/CAN/OutPort/CAN_CH5.Statistic.Transmit.Y_CAN_Ch5_TxFramesCnt,0,0,0,,{0},否
env,others,输出,env_1_Design/CAN/OutPort/CAN_CH5.Statistic.Transmit.Y_CAN_Ch5_TotalTxStdFramesCnt,0,0,0,,{0},否
env,others,输出,env_1_Design/CAN/OutPort/CAN_CH5.Statistic.Transmit.Y_CAN_Ch5_TxStdFramesCnt,0,0,0,,{0},否
env,others,输出,env_1_Design/CAN/OutPort/CAN_CH5.Statistic.Transmit.Y_CAN_Ch5_TotalTxExtFramesCnt,0,0,0,,{0},否
env,others,输出,env_1_Design/CAN/OutPort/CAN_CH5.Statistic.Transmit.Y_CAN_Ch5_TxExtFramesCnt,0,0,0,,{0},否
env,others,输出,env_1_Design/CAN/OutPort/CAN_CH5.Statistic.Transmit.Y_CAN_Ch5_TotalTxStdRemoteFramesCnt,0,0,0,,{0},否
env,others,输出,env_1_Design/CAN/OutPort/CAN_CH5.Statistic.Transmit.Y_CAN_Ch5_TxStdRemoteFramesCnt,0,0,0,,{0},否
env,others,输出,env_1_Design/CAN/OutPort/CAN_CH5.Statistic.Transmit.Y_CAN_Ch5_TotalTxExtRemoteFramesCnt,0,0,0,,{0},否
env,others,输出,env_1_Design/CAN/OutPort/CAN_CH5.Statistic.Transmit.Y_CAN_Ch5_TxExtRemoteFramesCnt,0,0,0,,{0},否
env,others,输出,env_1_Design/CAN/OutPort/CAN_CH5.Statistic.Receive.Y_CAN_Ch5_TotalRxFramesCnt,0,0,0,,{0},否
env,others,输出,env_1_Design/CAN/OutPort/CAN_CH5.Statistic.Receive.Y_CAN_Ch5_RxFramesCnt,0,0,0,,{0},否
env,others,输出,env_1_Design/CAN/OutPort/CAN_CH5.Statistic.Receive.Y_CAN_Ch5_TotalRxStdFramesCnt,0,0,0,,{0},否
env,others,输出,env_1_Design/CAN/OutPort/CAN_CH5.Statistic.Receive.Y_CAN_Ch5_RxStdFramesCnt,0,0,0,,{0},否
env,others,输出,env_1_Design/Digital Input/OutPort/Y_Ch2_Support_Features,0,0,0,,{0},否
env,others,输出,env_1_Design/Digital Input/OutPort/Y_Ch2.Valid,0,1,154,"2.525, 2.925, 6.325, 6.525, 6.725, 7.125, 7.925, 8.125, 10.525, 10.725 …","{0, 1}",否
env,others,输出,env_1_Design/Digital Input/OutPort/Y_DI_Ch3_On_Off_Status,0,0,0,,{0},否
env,others,输出,env_1_Design/Digital Input/OutPort/Y_Ch3_Support_Features,0,0,0,,{0},否
env,others,输出,env_1_Design/Digital Input/OutPort/Y_Ch3.Valid,0,1,154,"2.525, 2.925, 6.325, 6.525, 6.725, 7.125, 7.925, 8.125, 10.525, 10.725 …","{0, 1}",否
env,others,输出,env_1_Design/Digital Input/OutPort/Y_DI_Ch4_On_Off_Status,0,0,0,,{0},否
env,others,输出,env_1_Design/Digital Input/OutPort/Y_Ch4_Support_Features,0,0,0,,{0},否
env,others,输出,env_1_Design/Digital Input/OutPort/Y_Ch4.Valid,0,1,154,"2.525, 2.925, 6.325, 6.525, 6.725, 7.125, 7.925, 8.125, 10.525, 10.725 …","{0, 1}",否
env,others,输出,env_1_Design/Digital Input/OutPort/Y_DI_Ch5_On_Off_Status,0,0,0,,{0},否
env,others,输出,env_1_Design/Digital Input/OutPort/Y_Ch5_Support_Features,0,0,0,,{0},否
env,others,输出,env_1_Design/Digital Input/OutPort/Y_Ch5.Valid,0,1,154,"2.525, 2.925, 6.325, 6.525, 6.725, 7.125, 7.925, 8.125, 10.525, 10.725 …","{0, 1}",否
env,others,输出,env_1_Design/Digital Input/OutPort/Y_DI_Ch6_On_Off_Status,0,0,0,,{0},否
env,others,输出,env_1_Design/Digital Input/OutPort/Y_Ch6_Support_Features,0,0,0,,{0},否
env,others,输出,env_1_Design/Digital Input/OutPort/Y_Ch6.Valid,0,1,154,"2.525, 2.925, 6.325, 6.525, 6.725, 7.125, 7.925, 8.125, 10.525, 10.725 …","{0, 1}",否
env,others,输出,env_1_Design/Digital Input/OutPort/Y_DI_Ch7_On_Off_Status,0,0,0,,{0},否
env,others,输出,env_1_Design/Digital Input/OutPort/Y_Ch7_Support_Features,0,0,0,,{0},否
env,others,输出,env_1_Design/Digital Input/OutPort/Y_Ch7.Valid,0,1,154,"2.525, 2.925, 6.325, 6.525, 6.725, 7.125, 7.925, 8.125, 10.525, 10.725 …","{0, 1}",否
env,others,输出,env_1_Design/Digital Input/OutPort/Y_DI_Ch8_On_Off_Status,0,0,0,,{0},否
env,others,输出,env_1_Design/Digital Input/OutPort/Y_Ch8_Support_Features,0,0,0,,{0},否
env,others,输出,env_1_Design/Digital Input/OutPort/Y_Ch8.Valid,0,1,154,"2.525, 2.925, 6.325, 6.525, 6.725, 7.125, 7.925, 8.125, 10.525, 10.725 …","{0, 1}",否
env,others,输出,env_1_Design/Digital Input/OutPort/Y_DI_Ch9_On_Off_Status,0,0,0,,{0},否
env,others,输出,env_1_Design/Digital Input/OutPort/Y_Ch9_Support_Features,0,0,0,,{0},否
env,others,输出,env_1_Design/Digital Input/OutPort/Y_Ch9.Valid,0,1,154,"2.525, 2.925, 6.325, 6.525, 6.725, 7.125, 7.925, 8.125, 10.525, 10.725 …","{0, 1}",否
env,others,输出,env_1_Design/Digital Input/OutPort/Y_DI_Ch10_On_Off_Status,0,0,0,,{0},否
env,others,输出,env_1_Design/Digital Input/OutPort/Y_Ch10_Support_Features,0,0,0,,{0},否
env,others,输出,env_1_Design/Digital Input/OutPort/Y_Ch10.Valid,0,1,154,"2.525, 2.925, 6.325, 6.525, 6.725, 7.125, 7.925, 8.125, 10.525, 10.725 …","{0, 1}",否
env,others,输出,env_1_Design/Digital Input/OutPort/Y_DI_Ch11_On_Off_Status,0,0,0,,{0},否
env,others,输出,env_1_Design/Digital Input/OutPort/Y_Ch11_Support_Features,0,0,0,,{0},否
env,others,输出,env_1_Design/Digital Input/OutPort/Y_Ch11.Valid,0,1,154,"2.525, 2.925, 6.325, 6.525, 6.725, 7.125, 7.925, 8.125, 10.525, 10.725 …","{0, 1}",否
env,others,输出,env_1_Design/Digital Input/OutPort/Y_DI_Ch12_On_Off_Status,0,0,0,,{0},否
env,others,输出,env_1_Design/Digital Input/OutPort/Y_Ch12_Support_Features,0,0,0,,{0},否
env,others,输出,env_1_Design/Digital Input/OutPort/Y_Ch12.Valid,0,1,154,"2.525, 2.925, 6.325, 6.525, 6.725, 7.125, 7.925, 8.125, 10.525, 10.725 …","{0, 1}",否
env,others,输出,env_1_Design/Digital Input/OutPort/Y_DI_Ch13_On_Off_Status,0,0,0,,{0},否
env,others,输出,env_1_Design/Digital Input/OutPort/Y_Ch13_Support_Features,0,0,0,,{0},否
env,others,输出,env_1_Design/Digital Input/OutPort/Y_Ch13.Valid,0,1,154,"2.525, 2.925, 6.325, 6.525, 6.725, 7.125, 7.925, 8.125, 10.525, 10.725 …","{0, 1}",否
env,others,输出,env_1_Design/Digital Input/OutPort/Y_DI_Ch14_On_Off_Status,0,0,0,,{0},否
env,others,输出,env_1_Design/Digital Input/OutPort/Y_Ch14_Support_Features,0,0,0,,{0},否
env,others,输出,env_1_Design/Digital Input/OutPort/Y_Ch14.Valid,0,1,154,"2.525, 2.925, 6.325, 6.525, 6.725, 7.125, 7.925, 8.125, 10.525, 10.725 …","{0, 1}",否
env,others,输出,env_1_Design/Digital Input/OutPort/Y_DI_Ch15_On_Off_Status,0,0,0,,{0},否
env,others,输出,env_1_Design/Digital Input/OutPort/Y_Ch15_Support_Features,0,0,0,,{0},否
env,others,输出,env_1_Design/Digital Input/OutPort/Y_Ch15.Valid,0,1,154,"2.525, 2.925, 6.325, 6.525, 6.725, 7.125, 7.925, 8.125, 10.525, 10.725 …","{0, 1}",否
env,others,输出,env_1_Design/Digital Input/OutPort/Y_DI_Ch16_On_Off_Status,0,0,0,,{0},否
env,others,输出,env_1_Design/Digital Input/OutPort/Y_Ch16_Support_Features,0,0,0,,{0},否
env,others,输出,env_1_Design/Digital Input/OutPort/Y_Ch16.Valid,0,1,154,"2.525, 2.925, 6.325, 6.525, 6.725, 7.125, 7.925, 8.125, 10.525, 10.725 …","{0, 1}",否
env,others,输出,env_1_Design/Digital Input/OutPort/Y_DI_Ch17_On_Off_Status,0,0,0,,{0},否
env,others,输出,env_1_Design/Digital Input/OutPort/Y_Ch17_Support_Features,0,0,0,,{0},否
env,others,输出,env_1_Design/Digital Input/OutPort/Y_Ch17.Valid,0,1,154,"2.525, 2.925, 6.325, 6.525, 6.725, 7.125, 7.925, 8.125, 10.525, 10.725 …","{0, 1}",否
env,others,输出,env_1_Design/Digital Input/OutPort/Y_DI_Ch18_On_Off_Status,0,0,0,,{0},否
env,others,输出,env_1_Design/Digital Input/OutPort/Y_Ch18_Support_Features,0,0,0,,{0},否
env,others,输出,env_1_Design/Digital Input/OutPort/Y_Ch18.Valid,0,1,154,"2.525, 2.925, 6.325, 6.525, 6.725, 7.125, 7.925, 8.125, 10.525, 10.725 …","{0, 1}",否
env,others,输出,env_1_Design/Digital Input/OutPort/Y_DI_Ch19_On_Off_Status,0,0,0,,{0},否
env,others,输出,env_1_Design/Digital Input/OutPort/Y_Ch19_Support_Features,0,0,0,,{0},否
env,others,输出,env_1_Design/Digital Input/OutPort/Y_Ch19.Valid,0,1,154,"2.525, 2.925, 6.325, 6.525, 6.725, 7.125, 7.925, 8.125, 10.525, 10.725 …","{0, 1}",否
env,others,输出,env_1_Design/Digital Input/OutPort/Y_DI_Ch20_On_Off_Status,0,0,0,,{0},否
env,others,输出,env_1_Design/Digital Input/OutPort/Y_Ch20_Support_Features,0,0,0,,{0},否
env,others,输出,env_1_Design/Digital Input/OutPort/Y_Ch20.Valid,0,1,154,"2.525, 2.925, 6.325, 6.525, 6.725, 7.125, 7.925, 8.125, 10.525, 10.725 …","{0, 1}",否
env,others,输出,env_1_Design/Digital Input/OutPort/Y_DI_Ch21_On_Off_Status,0,0,0,,{0},否
env,others,输出,env_1_Design/Digital Input/OutPort/Y_Ch21_Support_Features,0,0,0,,{0},否
env,others,输出,env_1_Design/Digital Input/OutPort/Y_Ch21.Valid,0,1,154,"2.525, 2.925, 6.325, 6.525, 6.725, 7.125, 7.925, 8.125, 10.525, 10.725 …","{0, 1}",否
env,others,输出,env_1_Design/Digital Input/OutPort/Y_DI_Ch22_On_Off_Status,0,0,0,,{0},否
env,others,输出,env_1_Design/Digital Input/OutPort/Y_Ch22_Support_Features,0,0,0,,{0},否
env,others,输出,env_1_Design/Digital Input/OutPort/Y_Ch22.Valid,0,0,0,,{0},否
env,others,输出,env_1_Design/Digital Input/OutPort/Y_DI_Ch23_On_Off_Status,0,0,0,,{0},否
env,others,输出,env_1_Design/Digital Input/OutPort/Y_Ch23_Support_Features,0,0,0,,{0},否
env,others,输出,env_1_Design/Digital Input/OutPort/Y_Ch23.Valid,0,0,0,,{0},否
env,others,输出,env_1_Design/Digital Input/OutPort/Y_DI_Ch24_On_Off_Status,0,0,0,,{0},否
env,others,输出,env_1_Design/Digital Input/OutPort/Y_Ch24_Support_Features,0,0,0,,{0},否
env,others,输出,env_1_Design/Digital Input/OutPort/Y_Ch24.Valid,0,0,0,,{0},否
env,others,输出,env_1_Design/Digital Input/OutPort/Y_DI_Ch25_On_Off_Status,0,0,0,,{0},否
env,others,输出,env_1_Design/Digital Input/OutPort/Y_Ch25_Support_Features,0,0,0,,{0},否
env,others,输出,env_1_Design/Digital Input/OutPort/Y_Ch25.Valid,0,0,0,,{0},否
env,others,输出,env_1_Design/Digital Input/OutPort/Y_DI_Ch26_On_Off_Status,0,0,0,,{0},否
env,others,输出,env_1_Design/Digital Input/OutPort/Y_Ch26_Support_Features,0,0,0,,{0},否
env,others,输出,env_1_Design/Digital Input/OutPort/Y_Ch26.Valid,0,0,0,,{0},否
env,others,输出,env_1_Design/Digital Input/OutPort/Y_DI_Ch27_On_Off_Status,0,0,0,,{0},否
env,others,输出,env_1_Design/Digital Input/OutPort/Y_Ch27_Support_Features,0,0,0,,{0},否
env,others,输出,env_1_Design/Digital Input/OutPort/Y_Ch27.Valid,0,0,0,,{0},否
env,others,输出,env_1_Design/Digital Input/OutPort/Y_DI_Ch28_On_Off_Status,0,0,0,,{0},否
env,others,输出,env_1_Design/Digital Input/OutPort/Y_Ch28_Support_Features,0,0,0,,{0},否
env,others,输出,env_1_Design/Digital Input/OutPort/Y_Ch28.Valid,0,0,0,,{0},否
env,others,输出,env_1_Design/Digital Input/OutPort/Y_DI_Ch29_On_Off_Status,0,0,0,,{0},否
env,others,输出,env_1_Design/Digital Input/OutPort/Y_Ch29_Support_Features,0,0,0,,{0},否
env,others,输出,env_1_Design/Digital Input/OutPort/Y_Ch29.Valid,0,0,0,,{0},否
env,others,输出,env_1_Design/Digital Input/OutPort/Y_DI_Ch30_On_Off_Status,0,0,0,,{0},否
env,others,输出,env_1_Design/Digital Input/OutPort/Y_Ch30_Support_Features,0,0,0,,{0},否
env,others,输出,env_1_Design/Digital Input/OutPort/Y_Ch30.Valid,0,0,0,,{0},否
env,others,输出,env_1_Design/Digital Input/OutPort/Y_DI_Ch31_On_Off_Status,0,0,0,,{0},否
env,others,输出,env_1_Design/Digital Input/OutPort/Y_Ch31_Support_Features,0,0,0,,{0},否
env,others,输出,env_1_Design/Digital Input/OutPort/Y_Ch31.Valid,0,0,0,,{0},否
env,others,输出,env_1_Design/Digital Input/OutPort/Y_DI_Ch32_On_Off_Status,0,0,0,,{0},否
env,others,输出,env_1_Design/Digital Input/OutPort/Y_Ch32_Support_Features,0,0,0,,{0},否
env,others,输出,env_1_Design/Digital Input/OutPort/Y_Ch32.Valid,0,0,0,,{0},否
env,others,输出,env_1_Design/Digital Input/OutPort/Y_DI_Ch33_On_Off_Status,0,0,0,,{0},否
env,others,输出,env_1_Design/Digital Input/OutPort/Y_Ch33_Support_Features,0,0,0,,{0},否
env,others,输出,env_1_Design/Digital Input/OutPort/Y_Ch33.Valid,0,0,0,,{0},否
env,others,输出,env_1_Design/Digital Input/OutPort/Y_DI_Ch34_On_Off_Status,0,0,0,,{0},否
env,others,输出,env_1_Design/Digital Input/OutPort/Y_Ch34_Support_Features,0,0,0,,{0},否
env,others,输出,env_1_Design/Digital Input/OutPort/Y_Ch34.Valid,0,0,0,,{0},否
env,others,输出,env_1_Design/Digital Input/OutPort/Y_DI_Ch35_On_Off_Status,0,0,0,,{0},否
env,others,输出,env_1_Design/Digital Input/OutPort/Y_Ch35_Support_Features,0,0,0,,{0},否
env,others,输出,env_1_Design/Digital Input/OutPort/Y_Ch35.Valid,0,0,0,,{0},否
env,others,输出,env_1_Design/Digital Input/OutPort/Y_DI_Ch36_On_Off_Status,0,0,0,,{0},否
env,others,输出,env_1_Design/Digital Input/OutPort/Y_Ch36_Support_Features,0,0,0,,{0},否
env,others,输出,env_1_Design/Digital Input/OutPort/Y_Ch36.Valid,0,0,0,,{0},否
env,others,输出,env_1_Design/Digital Input/OutPort/Y_DI_Ch37_On_Off_Status,0,0,0,,{0},否
env,others,输出,env_1_Design/Digital Input/OutPort/Y_Ch37_Support_Features,0,0,0,,{0},否
env,others,输出,env_1_Design/Digital Input/OutPort/Y_Ch37.Valid,0,0,0,,{0},否
env,others,输出,env_1_Design/Digital Input/OutPort/Y_DI_Ch38_On_Off_Status,0,0,0,,{0},否
env,others,输出,env_1_Design/Digital Input/OutPort/Y_Ch38_Support_Features,0,0,0,,{0},否
env,others,输出,env_1_Design/Digital Input/OutPort/Y_Ch38.Valid,0,0,0,,{0},否
env,others,输出,env_1_Design/Digital Input/OutPort/Y_DI_Ch39_On_Off_Status,0,0,0,,{0},否
env,others,输出,env_1_Design/Digital Input/OutPort/Y_Ch39_Support_Features,0,0,0,,{0},否
env,others,输出,env_1_Design/Digital Input/OutPort/Y_Ch39.Valid,0,0,0,,{0},否
env,others,输出,env_1_Design/Digital Input/OutPort/Y_DI_Ch40_On_Off_Status,0,0,0,,{0},否
env,others,输出,env_1_Design/Digital Input/OutPort/Y_Ch40_Support_Features,0,0,0,,{0},否
env,others,输出,env_1_Design/Digital Input/OutPort/Y_Ch40.Valid,0,0,0,,{0},否
env,others,输出,env_1_Design/Digital Input/OutPort/Y_DI_Ch41_On_Off_Status,0,0,0,,{0},否
env,others,输出,env_1_Design/Digital Input/OutPort/Y_Ch41_Support_Features,0,0,0,,{0},否
env,others,输出,env_1_Design/Digital Input/OutPort/Y_Ch41.Valid,0,0,0,,{0},否
env,others,输出,env_1_Design/Digital Input/OutPort/Y_DI_Ch42_On_Off_Status,0,0,0,,{0},否
env,others,输出,env_1_Design/Digital Input/OutPort/Y_Ch42_Support_Features,0,0,0,,{0},否
env,others,输出,env_1_Design/Digital Input/OutPort/Y_Ch42.Valid,0,0,0,,{0},否
env,others,输出,env_1_Design/Digital Input/OutPort/Y_DI_Ch43_On_Off_Status,0,0,0,,{0},否
env,others,输出,env_1_Design/Digital Input/OutPort/Y_Ch43_Support_Features,0,0,0,,{0},否
env,others,输出,env_1_Design/Digital Input/OutPort/Y_Ch43.Valid,0,0,0,,{0},否
env,others,输出,env_1_Design/Digital Input/OutPort/Y_DI_Ch44_On_Off_Status,0,0,0,,{0},否
env,others,输出,env_1_Design/Digital Input/OutPort/Y_Ch44_Support_Features,0,0,0,,{0},否
env,others,输出,env_1_Design/Digital Input/OutPort/Y_Ch44.Valid,0,0,0,,{0},否
env,others,输出,env_1_Design/Digital Input/OutPort/Y_DI_Ch45_On_Off_Status,0,0,0,,{0},否
env,others,输出,env_1_Design/Digital Input/OutPort/Y_Ch45_Support_Features,0,0,0,,{0},否
env,others,输出,env_1_Design/Digital Input/OutPort/Y_Ch45.Valid,0,0,0,,{0},否
env,others,输出,env_1_Design/Digital Input/OutPort/Y_DI_Ch46_On_Off_Status,0,0,0,,{0},否
env,others,输出,env_1_Design/Digital Input/OutPort/Y_Ch46_Support_Features,0,0,0,,{0},否
env,others,输出,env_1_Design/Digital Input/OutPort/Y_Ch46.Valid,0,0,0,,{0},否
env,others,输出,env_1_Design/Digital Input/OutPort/Y_DI_Ch47_On_Off_Status,0,0,0,,{0},否
env,others,输出,env_1_Design/Digital Input/OutPort/Y_Ch47_Support_Features,0,0,0,,{0},否
env,others,输出,env_1_Design/Digital Input/OutPort/Y_Ch47.Valid,0,0,0,,{0},否
env,others,输出,env_1_Design/Digital Input/OutPort/Y_DI_Ch48_On_Off_Status,0,0,0,,{0},否
env,others,输出,env_1_Design/Digital Input/OutPort/Y_Ch48_Support_Features,0,0,0,,{0},否
env,others,输出,env_1_Design/Digital Input/OutPort/Y_Ch48.Valid,0,0,0,,{0},否
env,others,内部/未标记,env_1_Design/Digital Input/Measurement/Runtime(us),5,20,401,"2.125, 2.325, 2.525, 2.725, 2.925, 3.325, 3.525, 3.725, 3.925, 4.125 …",min=5; max=20; distinct=15,否
env,others,内部/未标记,env_1_Design/Digital Input/Measurement/Runtime_Min(us),5,5,0,,{5},否
env,others,内部/未标记,env_1_Design/Digital Input/Measurement/Runtime_Max(us),37,37,0,,{37},否
env,others,内部/未标记,env_1_Design/Digital Input/Measurement/Schedule_Interval(us),4798,5054,464,"2.125, 2.325, 2.525, 2.725, 2.925, 3.125, 3.325, 3.525, 3.725, 3.925 …",min=4798; max=5054; distinct=87,否
env,others,内部/未标记,env_1_Design/Digital Input/Measurement/Schedule_Interval_Min(us),4775,4775,0,,{4775},否
env,others,内部/未标记,env_1_Design/Digital Input/Measurement/Schedule_Interval_Max(us),5230,5230,0,,{5230},否
env,others,内部/未标记,env_1_Design/Digital Input/Measurement/Schedule_Count,13173,32053,472,"2.125, 2.325, 2.525, 2.725, 2.925, 3.125, 3.325, 3.525, 3.725, 3.925 …",min=13173; max=32053; distinct=473,否
env,others,内部/未标记,env_1_Design/Digital Input/Measurement/Activate_Fail_Count,0,0,0,,{0},否
env,others,内部/未标记,env_1_Design/Digital Input/Measurement/Processor,5,15,436,"2.125, 2.325, 2.525, 2.725, 2.925, 3.125, 3.325, 3.525, 3.725, 3.925 …",min=5; max=15; distinct=11,否
env,others,输入,env_1_Design/Digital Output/InPort/U_DO_Ch1_ValueLevel,0,0,0,,{0},否
env,others,输入,env_1_Design/Digital Output/InPort/U_DO_Ch1_OutCmd,0,0,0,,{0},否
env,others,输入,env_1_Design/Digital Output/InPort/U_DO_Ch1_Enable,0,0,0,,{0},否
env,others,输入,env_1_Design/Digital Output/InPort/U_DO_Ch1_FIU_Value,0,0,0,,{0},否
env,others,输入,env_1_Design/Digital Output/InPort/U_DO_Ch2_ValueLevel,0,0,0,,{0},否
env,others,输入,env_1_Design/Digital Output/InPort/U_DO_Ch2_OutCmd,0,0,0,,{0},否
env,others,输入,env_1_Design/Digital Output/InPort/U_DO_Ch2_Enable,1,1,0,,{1},否
env,others,输入,env_1_Design/Digital Output/InPort/U_DO_Ch2_FIU_Value,0,0,0,,{0},否
env,others,输入,env_1_Design/Digital Output/InPort/U_DO_Ch3_ValueLevel,0,0,0,,{0},否
env,others,输入,env_1_Design/Digital Output/InPort/U_DO_Ch3_OutCmd,0,0,0,,{0},否
env,others,输入,env_1_Design/Digital Output/InPort/U_DO_Ch3_Enable,0,0,0,,{0},否
env,others,输入,env_1_Design/Digital Output/InPort/U_DO_Ch3_FIU_Value,0,0,0,,{0},否
env,others,输入,env_1_Design/Digital Output/InPort/U_DO_Ch4_ValueLevel,0,0,0,,{0},否
env,others,输入,env_1_Design/Digital Output/InPort/U_DO_Ch4_OutCmd,0,0,0,,{0},否
env,others,输入,env_1_Design/Digital Output/InPort/U_DO_Ch4_Enable,0,0,0,,{0},否
env,others,输入,env_1_Design/Digital Output/InPort/U_DO_Ch4_FIU_Value,0,0,0,,{0},否
env,others,输入,env_1_Design/Digital Output/InPort/U_DO_Ch5_ValueLevel,0,0,0,,{0},否
env,others,输入,env_1_Design/Digital Output/InPort/U_DO_Ch5_OutCmd,0,0,0,,{0},否
env,others,输入,env_1_Design/Digital Output/InPort/U_DO_Ch5_Enable,0,0,0,,{0},否
env,others,输入,env_1_Design/Digital Output/InPort/U_DO_Ch5_FIU_Value,0,0,0,,{0},否
env,others,输入,env_1_Design/Digital Output/InPort/U_DO_Ch6_ValueLevel,0,0,0,,{0},否
env,others,输入,env_1_Design/Digital Output/InPort/U_DO_Ch6_OutCmd,0,0,0,,{0},否
env,others,输入,env_1_Design/Digital Output/InPort/U_DO_Ch6_Enable,0,0,0,,{0},否
env,others,输入,env_1_Design/Digital Output/InPort/U_DO_Ch6_FIU_Value,0,0,0,,{0},否
env,others,输入,env_1_Design/Digital Output/InPort/U_DO_Ch7_ValueLevel,0,0,0,,{0},否
env,others,输入,env_1_Design/Digital Output/InPort/U_DO_Ch7_OutCmd,0,0,0,,{0},否
env,others,输入,env_1_Design/Digital Output/InPort/U_DO_Ch7_Enable,0,0,0,,{0},否
env,others,输入,env_1_Design/Digital Output/InPort/U_DO_Ch7_FIU_Value,0,0,0,,{0},否
env,others,输入,env_1_Design/Digital Output/InPort/U_DO_Ch8_ValueLevel,0,0,0,,{0},否
env,others,输入,env_1_Design/Digital Output/InPort/U_DO_Ch8_OutCmd,0,0,0,,{0},否
env,others,输入,env_1_Design/Digital Output/InPort/U_DO_Ch8_Enable,0,0,0,,{0},否
env,others,输入,env_1_Design/Digital Output/InPort/U_DO_Ch8_FIU_Value,0,0,0,,{0},否
env,others,输入,env_1_Design/Digital Output/InPort/U_DO_Ch9_ValueLevel,0,0,0,,{0},否
env,others,输入,env_1_Design/Digital Output/InPort/U_DO_Ch9_OutCmd,0,0,0,,{0},否
env,others,输入,env_1_Design/Digital Output/InPort/U_DO_Ch9_Enable,0,0,0,,{0},否
env,others,输入,env_1_Design/Digital Output/InPort/U_DO_Ch9_FIU_Value,0,0,0,,{0},否
env,others,输入,env_1_Design/Digital Output/InPort/U_DO_Ch10_ValueLevel,0,0,0,,{0},否
env,others,输入,env_1_Design/Digital Output/InPort/U_DO_Ch10_OutCmd,0,0,0,,{0},否
env,others,输入,env_1_Design/Digital Output/InPort/U_DO_Ch10_Enable,0,0,0,,{0},否
env,others,输入,env_1_Design/Digital Output/InPort/U_DO_Ch10_FIU_Value,0,0,0,,{0},否
env,others,输入,env_1_Design/Digital Output/InPort/U_DO_Ch11_ValueLevel,0,0,0,,{0},否
env,others,输入,env_1_Design/Digital Output/InPort/U_DO_Ch11_OutCmd,0,0,0,,{0},否
env,others,输入,env_1_Design/Digital Output/InPort/U_DO_Ch11_Enable,0,0,0,,{0},否
env,others,输入,env_1_Design/Digital Output/InPort/U_DO_Ch11_FIU_Value,0,0,0,,{0},否
env,others,输入,env_1_Design/Digital Output/InPort/U_DO_Ch12_ValueLevel,0,0,0,,{0},否
env,others,输入,env_1_Design/Digital Output/InPort/U_DO_Ch12_OutCmd,0,0,0,,{0},否
env,others,输入,env_1_Design/Digital Output/InPort/U_DO_Ch12_Enable,0,0,0,,{0},否
env,others,输入,env_1_Design/Digital Output/InPort/U_DO_Ch12_FIU_Value,0,0,0,,{0},否
env,others,输入,env_1_Design/Digital Output/InPort/U_DO_Ch13_ValueLevel,0,0,0,,{0},否
env,others,输入,env_1_Design/Digital Output/InPort/U_DO_Ch13_OutCmd,0,0,0,,{0},否
env,others,输入,env_1_Design/Digital Output/InPort/U_DO_Ch13_Enable,0,0,0,,{0},否
env,others,输入,env_1_Design/Voltage Output/InPort/U_Ch8_Voltage_Out_Enable,1,1,0,,{1},是
env,others,输入,env_1_Design/Voltage Output/InPort/U_Ch8_FIU_Value,0,0,0,,{0},是
env,others,输入,env_1_Design/Voltage Output/InPort/U_Ch9_Voltage_Out,1,4,2,"21.485, 25.085","{1, 4}",是
env,others,输入,env_1_Design/Voltage Output/InPort/U_Ch9_Voltage_Out_Enable,1,1,0,,{1},是
env,others,输入,env_1_Design/Voltage Output/InPort/U_Ch9_FIU_Value,0,0,0,,{0},是
env,others,输入,env_1_Design/Voltage Output/InPort/U_Ch10_Voltage_Out,0.5,2,2,"21.485, 25.085","{0.5, 2}",是
env,others,输入,env_1_Design/Voltage Output/InPort/U_Ch10_Voltage_Out_Enable,1,1,0,,{1},是
env,others,输入,env_1_Design/Voltage Output/InPort/U_Ch10_FIU_Value,0,0,0,,{0},是
env,others,输入,env_1_Design/Voltage Output/InPort/U_Ch11_Voltage_Out,0,0,0,,{0},是
env,others,输入,env_1_Design/Voltage Output/InPort/U_Ch11_Voltage_Out_Enable,0,0,0,,{0},是
env,others,输入,env_1_Design/Voltage Output/InPort/U_Ch11_FIU_Value,0,0,0,,{0},是
env,others,输入,env_1_Design/Voltage Output/InPort/U_Ch12_Voltage_Out,0,0,0,,{0},是
env,others,输入,env_1_Design/Voltage Output/InPort/U_Ch12_Voltage_Out_Enable,0,0,0,,{0},是
env,others,输入,env_1_Design/Voltage Output/InPort/U_Ch12_FIU_Value,0,0,0,,{0},是
env,others,输入,env_1_Design/Voltage Output/InPort/U_Ch13_Voltage_Out,0,0,0,,{0},是
env,others,输入,env_1_Design/Voltage Output/InPort/U_Ch13_Voltage_Out_Enable,0,0,0,,{0},是
env,others,输入,env_1_Design/Voltage Output/InPort/U_Ch13_FIU_Value,0,0,0,,{0},是
env,others,输入,env_1_Design/Voltage Output/InPort/U_Ch14_Voltage_Out,0,0,0,,{0},是
env,others,输入,env_1_Design/Voltage Output/InPort/U_Ch14_Voltage_Out_Enable,0,0,0,,{0},是
env,others,输入,env_1_Design/Voltage Output/InPort/U_Ch14_FIU_Value,0,0,0,,{0},是
env,others,输入,env_1_Design/Voltage Output/InPort/U_Ch15_Voltage_Out,0,0,0,,{0},是
env,others,输入,env_1_Design/Voltage Output/InPort/U_Ch15_Voltage_Out_Enable,0,0,0,,{0},是
env,others,输入,env_1_Design/Voltage Output/InPort/U_Ch15_FIU_Value,0,0,0,,{0},是
env,others,输入,env_1_Design/Voltage Output/InPort/U_Ch16_Voltage_Out,0,0,0,,{0},是
env,others,输入,env_1_Design/Voltage Output/InPort/U_Ch16_Voltage_Out_Enable,0,0,0,,{0},是
env,others,输入,env_1_Design/Voltage Output/InPort/U_Ch16_FIU_Value,0,0,0,,{0},是
env,others,输入,env_1_Design/Voltage Output/InPort/U_Ch17_Voltage_Out,0,0,0,,{0},是
env,others,输入,env_1_Design/Voltage Output/InPort/U_Ch17_Voltage_Out_Enable,0,0,0,,{0},是
env,others,输入,env_1_Design/Voltage Output/InPort/U_Ch17_FIU_Value,0,0,0,,{0},是
env,others,输入,env_1_Design/Voltage Output/InPort/U_Ch18_Voltage_Out,0,0,0,,{0},是
env,others,输入,env_1_Design/Voltage Output/InPort/U_Ch18_Voltage_Out_Enable,0,0,0,,{0},是
env,others,输入,env_1_Design/Voltage Output/InPort/U_Ch18_FIU_Value,0,0,0,,{0},是
env,others,输入,env_1_Design/Voltage Output/InPort/U_Ch19_Voltage_Out,0,0,0,,{0},是
env,others,输入,env_1_Design/Voltage Output/InPort/U_Ch19_Voltage_Out_Enable,0,0,0,,{0},是
env,others,输入,env_1_Design/Voltage Output/InPort/U_Ch19_FIU_Value,0,0,0,,{0},是
env,others,输入,env_1_Design/Voltage Output/InPort/U_Ch20_Voltage_Out,0,0,0,,{0},是
env,others,输入,env_1_Design/Voltage Output/InPort/U_Ch20_Voltage_Out_Enable,0,0,0,,{0},是
env,others,输入,env_1_Design/Voltage Output/InPort/U_Ch20_FIU_Value,0,0,0,,{0},是
env,others,输入,env_1_Design/Voltage Output/InPort/U_Ch21_Voltage_Out,0,0,0,,{0},是
env,others,输入,env_1_Design/Voltage Output/InPort/U_Ch21_Voltage_Out_Enable,0,0,0,,{0},是
env,others,输入,env_1_Design/Voltage Output/InPort/U_Ch21_FIU_Value,0,0,0,,{0},是
env,others,输入,env_1_Design/Voltage Output/InPort/U_Ch22_Voltage_Out,0,0,0,,{0},是
env,others,输入,env_1_Design/Voltage Output/InPort/U_Ch22_Voltage_Out_Enable,0,0,0,,{0},是
env,others,输入,env_1_Design/Voltage Output/InPort/U_Ch22_FIU_Value,0,0,0,,{0},是
env,others,输入,env_1_Design/Voltage Output/InPort/U_Ch23_Voltage_Out,0,0,0,,{0},是
env,others,输入,env_1_Design/Voltage Output/InPort/U_Ch23_Voltage_Out_Enable,0,0,0,,{0},是
env,others,输入,env_1_Design/Voltage Output/InPort/U_Ch23_FIU_Value,0,0,0,,{0},是
env,others,输入,env_1_Design/Voltage Output/InPort/U_Ch24_Voltage_Out,0,0,0,,{0},是
env,others,输入,env_1_Design/Voltage Output/InPort/U_Ch24_Voltage_Out_Enable,0,0,0,,{0},是
env,others,输入,env_1_Design/Voltage Output/InPort/U_Ch24_FIU_Value,0,0,0,,{0},是
env,others,输入,env_1_Design/Voltage Output/InPort/U_Ch25_Voltage_Out,0,0,0,,{0},是
env,others,输入,env_1_Design/Voltage Output/InPort/U_Ch25_Voltage_Out_Enable,0,0,0,,{0},是
env,others,输入,env_1_Design/Voltage Output/InPort/U_Ch25_FIU_Value,0,0,0,,{0},是
env,others,输入,env_1_Design/Voltage Output/InPort/U_Ch26_Voltage_Out,0,0,0,,{0},是
env,others,输入,env_1_Design/Voltage Output/InPort/U_Ch26_Voltage_Out_Enable,0,0,0,,{0},是
env,others,输入,env_1_Design/Voltage Output/InPort/U_Ch26_FIU_Value,0,0,0,,{0},是
env,others,输入,env_1_Design/Voltage Output/InPort/U_Ch27_Voltage_Out,0,0,0,,{0},是
env,others,输入,env_1_Design/Voltage Output/InPort/U_Ch27_Voltage_Out_Enable,0,0,0,,{0},是
env,others,输入,env_1_Design/Voltage Output/InPort/U_Ch27_FIU_Value,0,0,0,,{0},是
env,others,输入,env_1_Design/Voltage Output/InPort/U_Ch28_Voltage_Out,0,0,0,,{0},是
env,others,输入,env_1_Design/Voltage Output/InPort/U_Ch28_Voltage_Out_Enable,0,0,0,,{0},是
env,others,输入,env_1_Design/Voltage Output/InPort/U_Ch28_FIU_Value,0,0,0,,{0},是
env,others,输入,env_1_Design/Voltage Output/InPort/U_Ch29_Voltage_Out,0,0,0,,{0},是
env,others,输入,env_1_Design/Voltage Output/InPort/U_Ch29_Voltage_Out_Enable,0,0,0,,{0},是
env,others,输入,env_1_Design/Voltage Output/InPort/U_Ch29_FIU_Value,0,0,0,,{0},是
env,others,输入,env_1_Design/Voltage Output/InPort/U_Ch30_Voltage_Out,0,0,0,,{0},是
env,others,输入,env_1_Design/Voltage Output/InPort/U_Ch30_Voltage_Out_Enable,0,0,0,,{0},是
env,others,输入,env_1_Design/Voltage Output/InPort/U_Ch30_FIU_Value,0,0,0,,{0},是
env,others,输入,env_1_Design/Voltage Output/InPort/U_Ch31_Voltage_Out,0,0,0,,{0},是
env,others,输入,env_1_Design/Voltage Output/InPort/U_Ch31_Voltage_Out_Enable,0,0,0,,{0},是
env,others,输入,env_1_Design/Voltage Output/InPort/U_Ch31_FIU_Value,0,0,0,,{0},是
env,others,输入,env_1_Design/Voltage Output/InPort/U_Ch32_Voltage_Out,0,0,0,,{0},是
env,others,输入,env_1_Design/Voltage Output/InPort/U_Ch32_Voltage_Out_Enable,0,0,0,,{0},是
env,others,输入,env_1_Design/Voltage Output/InPort/U_Ch32_FIU_Value,0,0,0,,{0},是
env,others,输入,env_1_Design/Voltage Output/InPort/U_Ch33_Voltage_Out,0,0,0,,{0},是
env,others,输入,env_1_Design/Voltage Output/InPort/U_Ch33_Voltage_Out_Enable,0,0,0,,{0},是
env,others,输入,env_1_Design/Voltage Output/InPort/U_Ch33_FIU_Value,0,0,0,,{0},是
env,others,输入,env_1_Design/Voltage Output/InPort/U_Ch34_Voltage_Out,0,0,0,,{0},是
env,others,输入,env_1_Design/Voltage Output/InPort/U_Ch34_Voltage_Out_Enable,0,0,0,,{0},是
env,others,输入,env_1_Design/Voltage Output/InPort/U_Ch34_FIU_Value,0,0,0,,{0},是
env,others,输入,env_1_Design/Voltage Output/InPort/U_Ch35_Voltage_Out,0,0,0,,{0},是
env,others,输入,env_1_Design/Voltage Output/InPort/U_Ch35_Voltage_Out_Enable,0,0,0,,{0},是
env,others,输入,env_1_Design/Voltage Output/InPort/U_Ch35_FIU_Value,0,0,0,,{0},是
env,others,输入,env_1_Design/Voltage Output/InPort/U_Ch36_Voltage_Out,0,0,0,,{0},是
env,others,输入,env_1_Design/Voltage Output/InPort/U_Ch36_Voltage_Out_Enable,0,0,0,,{0},是
env,others,输入,env_1_Design/Voltage Output/InPort/U_Ch36_FIU_Value,0,0,0,,{0},是
env,others,输入,env_1_Design/Voltage Output/InPort/U_Ch37_Voltage_Out,0,0,0,,{0},是
env,others,输入,env_1_Design/Voltage Output/InPort/U_Ch37_Voltage_Out_Enable,0,0,0,,{0},是
env,others,输入,env_1_Design/Voltage Output/InPort/U_Ch37_FIU_Value,0,0,0,,{0},是
env,others,输入,env_1_Design/Voltage Output/InPort/U_Ch38_Voltage_Out,0,0,0,,{0},是
env,others,输入,env_1_Design/Voltage Output/InPort/U_Ch38_Voltage_Out_Enable,0,0,0,,{0},是
env,others,输入,env_1_Design/Voltage Output/InPort/U_Ch38_FIU_Value,0,0,0,,{0},是
env,others,输入,env_1_Design/Voltage Output/InPort/U_Ch39_Voltage_Out,0,0,0,,{0},是
env,others,输入,env_1_Design/Voltage Output/InPort/U_Ch39_Voltage_Out_Enable,0,0,0,,{0},是
env,others,输入,env_1_Design/Voltage Output/InPort/U_Ch39_FIU_Value,0,0,0,,{0},是
env,others,输入,env_1_Design/Voltage Output/InPort/U_Ch40_Voltage_Out,0,0,0,,{0},是
env,others,输入,env_1_Design/Voltage Output/InPort/U_Ch40_Voltage_Out_Enable,0,0,0,,{0},是
env,others,输入,env_1_Design/Voltage Output/InPort/U_Ch40_FIU_Value,0,0,0,,{0},是
env,others,输入,env_1_Design/Voltage Output/InPort/U_Ch41_Voltage_Out,0,0,0,,{0},是
env,others,输入,env_1_Design/Voltage Output/InPort/U_Ch41_Voltage_Out_Enable,0,0,0,,{0},是
env,others,输入,env_1_Design/Voltage Output/InPort/U_Ch41_FIU_Value,0,0,0,,{0},是
env,others,输入,env_1_Design/Voltage Output/InPort/U_Ch42_Voltage_Out,0,0,0,,{0},是
env,others,输入,env_1_Design/Voltage Output/InPort/U_Ch42_Voltage_Out_Enable,0,0,0,,{0},是
env,others,输入,env_1_Design/Voltage Output/InPort/U_Ch42_FIU_Value,0,0,0,,{0},是
env,others,输入,env_1_Design/Voltage Output/InPort/U_Ch43_Voltage_Out,0,0,0,,{0},是
env,others,输入,env_1_Design/Voltage Output/InPort/U_Ch43_Voltage_Out_Enable,0,0,0,,{0},是
env,others,输入,env_1_Design/Voltage Output/InPort/U_Ch43_FIU_Value,0,0,0,,{0},是
env,others,输入,env_1_Design/Voltage Output/InPort/U_Ch44_Voltage_Out,0,0,0,,{0},是
env,others,输入,env_1_Design/Voltage Output/InPort/U_Ch44_Voltage_Out_Enable,0,0,0,,{0},是
env,others,输入,env_1_Design/Voltage Output/InPort/U_Ch44_FIU_Value,0,0,0,,{0},是
env,others,输入,env_1_Design/Voltage Output/InPort/U_Ch45_Voltage_Out,0,0,0,,{0},是
env,others,输入,env_1_Design/Voltage Output/InPort/U_Ch45_Voltage_Out_Enable,0,0,0,,{0},是
env,others,输入,env_1_Design/Voltage Output/InPort/U_Ch45_FIU_Value,0,0,0,,{0},是
env,others,输入,env_1_Design/Voltage Output/InPort/U_Ch46_Voltage_Out,0,0,0,,{0},是
env,others,输入,env_1_Design/Voltage Output/InPort/U_Ch46_Voltage_Out_Enable,0,0,0,,{0},是
env,others,输入,env_1_Design/Voltage Output/InPort/U_Ch46_FIU_Value,0,0,0,,{0},是
env,others,输入,env_1_Design/Voltage Output/InPort/U_Ch47_Voltage_Out,0,0,0,,{0},是
env,others,输入,env_1_Design/Voltage Output/InPort/U_Ch47_Voltage_Out_Enable,0,0,0,,{0},是
env,others,输入,env_1_Design/Voltage Output/InPort/U_Ch47_FIU_Value,0,0,0,,{0},是
env,others,输入,env_1_Design/Voltage Output/InPort/U_Ch48_Voltage_Out,0,0,0,,{0},是
env,others,输入,env_1_Design/Voltage Output/InPort/U_Ch48_Voltage_Out_Enable,0,0,0,,{0},是
env,others,输入,env_1_Design/Voltage Output/InPort/U_Ch48_FIU_Value,0,0,0,,{0},是
env,others,输入,env_1_Design/Voltage Output/InPort/Model_Disabled,0,0,0,,{0},是
env,others,输入,env_1_Design/Voltage Output/InPort/Model_Reset,0,0,0,,{0},是
env,others,输出,env_1_Design/Voltage Output/OutPort/Y_Ch1_Support_Features,0,0,0,,{0},是
env,others,输出,env_1_Design/Voltage Output/OutPort/Y_Ch1.Valid,0,0,0,,{0},是
env,others,输出,env_1_Design/Voltage Output/OutPort/Y_Ch2_Support_Features,0,0,0,,{0},是
env,others,输出,env_1_Design/Voltage Output/OutPort/Y_Ch2.Valid,0,0,0,,{0},是
env,others,输出,env_1_Design/Voltage Output/OutPort/Y_Ch3_Support_Features,0,0,0,,{0},是
env,others,输出,env_1_Design/Voltage Output/OutPort/Y_Ch3.Valid,0,0,0,,{0},是
env,others,输出,env_1_Design/Voltage Output/OutPort/Y_Ch4_Support_Features,0,0,0,,{0},是
env,others,输出,env_1_Design/Voltage Output/OutPort/Y_Ch4.Valid,1,1,0,,{1},是
env,others,输出,env_1_Design/Voltage Output/OutPort/Y_Ch5_Support_Features,0,0,0,,{0},是
env,others,输出,env_1_Design/Voltage Output/OutPort/Y_Ch5.Valid,0,0,0,,{0},是
env,others,输出,env_1_Design/Voltage Output/OutPort/Y_Ch6_Support_Features,0,0,0,,{0},是
env,others,输出,env_1_Design/Voltage Output/OutPort/Y_Ch6.Valid,0,0,0,,{0},是
env,others,输出,env_1_Design/Voltage Output/OutPort/Y_Ch7_Support_Features,0,0,0,,{0},是
env,others,输出,env_1_Design/Voltage Output/OutPort/Y_Ch7.Valid,1,1,0,,{1},是
env,others,输出,env_1_Design/Voltage Output/OutPort/Y_Ch8_Support_Features,0,0,0,,{0},是
env,others,输出,env_1_Design/Voltage Output/OutPort/Y_Ch8.Valid,1,1,0,,{1},是
env,others,输出,env_1_Design/Voltage Output/OutPort/Y_Ch9_Support_Features,0,0,0,,{0},是
env,others,输出,env_1_Design/Voltage Output/OutPort/Y_Ch9.Valid,1,1,0,,{1},是
env,others,输出,env_1_Design/Voltage Output/OutPort/Y_Ch10_Support_Features,0,0,0,,{0},是
env,others,输出,env_1_Design/Voltage Output/OutPort/Y_Ch10.Valid,1,1,0,,{1},是
env,others,输出,env_1_Design/Voltage Output/OutPort/Y_Ch11_Support_Features,0,0,0,,{0},是
env,others,输出,env_1_Design/Voltage Output/OutPort/Y_Ch11.Valid,0,0,0,,{0},是
env,others,输出,env_1_Design/Voltage Output/OutPort/Y_Ch12_Support_Features,0,0,0,,{0},是
env,others,输出,env_1_Design/Voltage Output/OutPort/Y_Ch12.Valid,0,0,0,,{0},是
env,others,输出,env_1_Design/Voltage Output/OutPort/Y_Ch13_Support_Features,0,0,0,,{0},是
env,others,输出,env_1_Design/Voltage Output/OutPort/Y_Ch13.Valid,0,0,0,,{0},是
env,others,输出,env_1_Design/Voltage Output/OutPort/Y_Ch14_Support_Features,0,0,0,,{0},是
env,others,输出,env_1_Design/Voltage Output/OutPort/Y_Ch14.Valid,0,0,0,,{0},是
env,others,输出,env_1_Design/Voltage Output/OutPort/Y_Ch15_Support_Features,0,0,0,,{0},是
env,others,输出,env_1_Design/Voltage Output/OutPort/Y_Ch15.Valid,0,0,0,,{0},是
env,others,输出,env_1_Design/Voltage Output/OutPort/Y_Ch16_Support_Features,0,0,0,,{0},是
env,others,输出,env_1_Design/Voltage Output/OutPort/Y_Ch16.Valid,0,0,0,,{0},是
env,others,输出,env_1_Design/Voltage Output/OutPort/Y_Ch17_Support_Features,0,0,0,,{0},是
env,others,输出,env_1_Design/Voltage Output/OutPort/Y_Ch17.Valid,0,0,0,,{0},是
env,others,输出,env_1_Design/Voltage Output/OutPort/Y_Ch18_Support_Features,0,0,0,,{0},是
env,others,输出,env_1_Design/Voltage Output/OutPort/Y_Ch18.Valid,0,0,0,,{0},是
env,others,输出,env_1_Design/Voltage Output/OutPort/Y_Ch19_Support_Features,0,0,0,,{0},是
env,others,输出,env_1_Design/Voltage Output/OutPort/Y_Ch19.Valid,0,0,0,,{0},是
env,others,输出,env_1_Design/Voltage Output/OutPort/Y_Ch20_Support_Features,0,0,0,,{0},是
env,others,输出,env_1_Design/Voltage Output/OutPort/Y_Ch20.Valid,0,0,0,,{0},是
env,others,输出,env_1_Design/Voltage Output/OutPort/Y_Ch21_Support_Features,0,0,0,,{0},是
env,others,输出,env_1_Design/Voltage Output/OutPort/Y_Ch21.Valid,0,0,0,,{0},是
env,others,输出,env_1_Design/Voltage Output/OutPort/Y_Ch22_Support_Features,0,0,0,,{0},是
env,others,输出,env_1_Design/Voltage Output/OutPort/Y_Ch22.Valid,0,0,0,,{0},是
env,others,输出,env_1_Design/Voltage Output/OutPort/Y_Ch23_Support_Features,0,0,0,,{0},是
env,others,输出,env_1_Design/Voltage Output/OutPort/Y_Ch23.Valid,0,0,0,,{0},是
env,others,输出,env_1_Design/Voltage Output/OutPort/Y_Ch24_Support_Features,0,0,0,,{0},是
env,others,输出,env_1_Design/Voltage Output/OutPort/Y_Ch24.Valid,0,0,0,,{0},是
env,others,输出,env_1_Design/Voltage Output/OutPort/Y_Ch25_Support_Features,0,0,0,,{0},是
env,others,输出,env_1_Design/Voltage Output/OutPort/Y_Ch25.Valid,0,0,0,,{0},是
env,others,输出,env_1_Design/Voltage Output/OutPort/Y_Ch26_Support_Features,0,0,0,,{0},是
env,others,输出,env_1_Design/Voltage Output/OutPort/Y_Ch26.Valid,0,0,0,,{0},是
env,others,输出,env_1_Design/Voltage Output/OutPort/Y_Ch27_Support_Features,0,0,0,,{0},是
env,others,输出,env_1_Design/Voltage Output/OutPort/Y_Ch27.Valid,0,0,0,,{0},是
env,others,输出,env_1_Design/Voltage Output/OutPort/Y_Ch28_Support_Features,0,0,0,,{0},是
env,others,输出,env_1_Design/Voltage Output/OutPort/Y_Ch28.Valid,0,0,0,,{0},是
env,others,输出,env_1_Design/Voltage Output/OutPort/Y_Ch29_Support_Features,0,0,0,,{0},是
env,others,输出,env_1_Design/Voltage Output/OutPort/Y_Ch29.Valid,0,0,0,,{0},是
env,others,输出,env_1_Design/Voltage Output/OutPort/Y_Ch30_Support_Features,0,0,0,,{0},是
env,others,输出,env_1_Design/Voltage Output/OutPort/Y_Ch30.Valid,0,0,0,,{0},是
env,others,输出,env_1_Design/Voltage Output/OutPort/Y_Ch31_Support_Features,0,0,0,,{0},是
env,others,输出,env_1_Design/Voltage Output/OutPort/Y_Ch31.Valid,0,0,0,,{0},是
env,others,输出,env_1_Design/Voltage Output/OutPort/Y_Ch32_Support_Features,0,0,0,,{0},是
env,others,输出,env_1_Design/Voltage Output/OutPort/Y_Ch32.Valid,0,0,0,,{0},是
env,others,输出,env_1_Design/Voltage Output/OutPort/Y_Ch33_Support_Features,0,0,0,,{0},是
env,others,输出,env_1_Design/Voltage Output/OutPort/Y_Ch33.Valid,0,0,0,,{0},是
env,others,输出,env_1_Design/Voltage Output/OutPort/Y_Ch34_Support_Features,0,0,0,,{0},是
env,others,输出,env_1_Design/Voltage Output/OutPort/Y_Ch34.Valid,0,0,0,,{0},是
env,others,输出,env_1_Design/Voltage Output/OutPort/Y_Ch35_Support_Features,0,0,0,,{0},是
env,others,输出,env_1_Design/Voltage Output/OutPort/Y_Ch35.Valid,0,0,0,,{0},是
env,others,输出,env_1_Design/Voltage Output/OutPort/Y_Ch36_Support_Features,0,0,0,,{0},是
env,others,输出,env_1_Design/Voltage Output/OutPort/Y_Ch36.Valid,0,0,0,,{0},是
env,others,输出,env_1_Design/Voltage Output/OutPort/Y_Ch37_Support_Features,0,0,0,,{0},是
env,others,输出,env_1_Design/Voltage Output/OutPort/Y_Ch37.Valid,0,0,0,,{0},是
env,others,输出,env_1_Design/Voltage Output/OutPort/Y_Ch38_Support_Features,0,0,0,,{0},是
env,others,输出,env_1_Design/Voltage Output/OutPort/Y_Ch38.Valid,0,0,0,,{0},是
env,others,输出,env_1_Design/CAN/OutPort/CAN_CH8.Statistic.Receive.Y_CAN_Ch8_TotalRxStdRemoteFramesCnt,0,0,0,,{0},否
env,others,输出,env_1_Design/CAN/OutPort/CAN_CH8.Statistic.Receive.Y_CAN_Ch8_RxStdRemoteFramesCnt,0,0,0,,{0},否
env,others,输出,env_1_Design/CAN/OutPort/CAN_CH8.Statistic.Receive.Y_CAN_Ch8_TotalRxExtRemoteFramesCnt,0,0,0,,{0},否
env,others,输出,env_1_Design/CAN/OutPort/CAN_CH8.Statistic.Receive.Y_CAN_Ch8_RxExtRemoteFramesCnt,0,0,0,,{0},否
env,others,输出,env_1_Design/CAN/OutPort/CAN_CH8.Statistic.ErrorFrame.Y_CAN_Ch8_TotalTxErrorsCnt,0,0,0,,{0},否
env,others,输出,env_1_Design/CAN/OutPort/CAN_CH8.Statistic.ErrorFrame.Y_CAN_Ch8_TotalRxErrorsCnt,0,0,0,,{0},否
env,others,输出,env_1_Design/CAN/OutPort/CAN_CH8.Statistic.ErrorFrame.Y_CAN_Ch8_TotalErrorsCnt,0,0,0,,{0},否
env,others,输出,env_1_Design/CAN/OutPort/CAN_CH8.Statistic.ErrorFrame.Y_CAN_Ch8_TxErrorsCnt,0,0,0,,{0},否
env,others,输出,env_1_Design/CAN/OutPort/CAN_CH8.Statistic.ErrorFrame.Y_CAN_Ch8_RxErrorsCnt,0,0,0,,{0},否
env,others,输出,env_1_Design/CAN/OutPort/CAN_CH8.Statistic.ErrorFrame.Y_CAN_Ch8_ErrorsCnt,0,0,0,,{0},否
env,others,输出,env_1_Design/CAN/OutPort/CAN_CH8.Statistic.ErrorFrame.Y_CAN_Ch8_TotalNackErrorsCnt,0,0,0,,{0},否
env,others,输出,env_1_Design/CAN/OutPort/CAN_CH8.Statistic.ErrorFrame.Y_CAN_Ch8_TotalSufferErrorsCnt,0,0,0,,{0},否
env,others,输出,env_1_Design/CAN/OutPort/CAN_CH8.Statistic.ErrorFrame.Y_CAN_Ch8_TotalBit0ErrorsCnt,0,0,0,,{0},否
env,others,输出,env_1_Design/CAN/OutPort/CAN_CH8.Statistic.ErrorFrame.Y_CAN_Ch8_TotalBit1ErrorsCnt,0,0,0,,{0},否
env,others,输出,env_1_Design/CAN/OutPort/CAN_CH8.Statistic.ErrorFrame.Y_CAN_Ch8_TotalCrcErrorsCnt,0,0,0,,{0},否
env,others,输出,env_1_Design/CAN/OutPort/CAN_CH8.Statistic.ErrorFrame.Y_CAN_Ch8_TotalFormErrorsCnt,0,0,0,,{0},否
env,others,输出,env_1_Design/CAN/OutPort/CAN_CH8.Statistic.ErrorFrame.Y_CAN_Ch8_NackErrorsCnt,0,0,0,,{0},否
env,others,输出,env_1_Design/CAN/OutPort/CAN_CH8.Statistic.ErrorFrame.Y_CAN_Ch8_SufferErrorsCnt,0,0,0,,{0},否
env,others,输出,env_1_Design/CAN/OutPort/CAN_CH8.Statistic.ErrorFrame.Y_CAN_Ch8_Bit0ErrorsCnt,0,0,0,,{0},否
env,others,输出,env_1_Design/CAN/OutPort/CAN_CH8.Statistic.ErrorFrame.Y_CAN_Ch8_Bit1ErrorsCnt,0,0,0,,{0},否
env,others,输出,env_1_Design/CAN/OutPort/CAN_CH8.Statistic.ErrorFrame.Y_CAN_Ch8_CrcErrorsCnt,0,0,0,,{0},否
env,others,输出,env_1_Design/CAN/OutPort/CAN_CH8.Statistic.ErrorFrame.Y_CAN_Ch8_FormErrorsCnt,0,0,0,,{0},否
env,others,输出,env_1_Design/CAN/OutPort/CAN_CH8.Statistic.AllFrame.Y_CAN_Ch8_TotalFramesCnt,0,0,0,,{0},否
env,others,输出,env_1_Design/CAN/OutPort/CAN_CH8.Statistic.AllFrame.Y_CAN_Ch8_FramesCnt,0,0,0,,{0},否
env,others,输出,env_1_Design/CAN/OutPort/CAN_CH8.Statistic.AllFrame.Y_CAN_Ch8_TotalStdFramesCnt,0,0,0,,{0},否
env,others,输出,env_1_Design/CAN/OutPort/CAN_CH8.Statistic.AllFrame.Y_CAN_Ch8_StdFramesCnt,0,0,0,,{0},否
env,others,输出,env_1_Design/CAN/OutPort/CAN_CH8.Statistic.AllFrame.Y_CAN_Ch8_TotalExtFramesCnt,0,0,0,,{0},否
env,others,输出,env_1_Design/CAN/OutPort/CAN_CH8.Statistic.AllFrame.Y_CAN_Ch8_ExtFramesCnt,0,0,0,,{0},否
env,others,输出,env_1_Design/CAN/OutPort/CAN_CH8.Statistic.AllFrame.Y_CAN_Ch8_TotalStdRemoteFramesCnt,0,0,0,,{0},否
env,others,输出,env_1_Design/CAN/OutPort/CAN_CH8.Statistic.AllFrame.Y_CAN_Ch8_StdRemoteFramesCnt,0,0,0,,{0},否
env,others,输出,env_1_Design/CAN/OutPort/CAN_CH8.Statistic.AllFrame.Y_CAN_Ch8_TotalExtRemoteFramesCnt,0,0,0,,{0},否
env,others,输出,env_1_Design/CAN/OutPort/CAN_CH8.Statistic.AllFrame.Y_CAN_Ch8_ExtRemoteFramesCnt,0,0,0,,{0},否
env,others,输出,env_1_Design/CAN/OutPort/CAN_CH8.Statistic.Y_CAN_Ch8_BurstTime,0,0,0,,{0},否
env,others,输出,env_1_Design/CAN/OutPort/CAN_CH8.Valid,0,0,0,,{0},否
env,others,输出,env_1_Design/CAN/OutPort/CAN_CH8.Background_Traffic.Valid,0,0,0,,{0},否
env,others,输出,env_1_Design/CAN/OutPort/CAN_CH8.Sample_Point_Test.Result,0,0,0,,{0},否
env,others,输出,env_1_Design/CAN/OutPort/CAN_CH8.Sample_Point_Test.Arbitration_Phase.Measeure_Sample_Ponit,0,0,0,,{0},否
env,others,输出,env_1_Design/CAN/OutPort/CAN_CH8.Sample_Point_Test.Data_Phase.Measeure_Sample_Ponit,0,0,0,,{0},否
env,others,输出,env_1_Design/CAN/OutPort/CAN_CH8.Sample_Point_Test.Valid,0,0,0,,{0},否
env,others,输出,env_1_Design/CAN/OutPort/CAN_CH8.Error_Inject.Valid,0,0,0,,{0},否
env,others,输出,env_1_Design/CAN/OutPort/CAN_CH8.Custom_Sequence.Valid,0,0,0,,{0},否
env,others,内部/未标记,env_1_Design/CAN/Measurement/Runtime(us),6,13,383,"2.412, 2.612, 2.812, 3.012, 3.212, 3.412, 3.612, 3.812, 4.412, 4.612 …","{6, 7, 8, 9, 10, 11, 12, 13}",否
env,others,内部/未标记,env_1_Design/CAN/Measurement/Runtime_Min(us),1,1,0,,{1},否
env,others,内部/未标记,env_1_Design/CAN/Measurement/Runtime_Max(us),28,30,2,"19.612, 19.812","{28, 29, 30}",否
env,others,内部/未标记,env_1_Design/CAN/Measurement/Schedule_Interval(us),928,1050,464,"2.412, 2.612, 2.812, 3.012, 3.212, 3.412, 3.612, 3.812, 4.012, 4.212 …",min=928; max=1050; distinct=73,否
env,others,内部/未标记,env_1_Design/CAN/Measurement/Schedule_Interval_Min(us),9,9,0,,{9},否
env,others,内部/未标记,env_1_Design/CAN/Measurement/Schedule_Interval_Max(us),6205,6225,2,"2.412, 17.412","{6205, 6209, 6225}",否
env,others,内部/未标记,env_1_Design/CAN/Measurement/Schedule_Count,43865,106355,471,"2.412, 2.612, 2.812, 3.012, 3.212, 3.412, 3.612, 3.812, 4.012, 4.212 …",min=43865; max=106355; distinct=472,否
env,others,内部/未标记,env_1_Design/CAN/Measurement/Activate_Fail_Count,0,0,0,,{0},否
env,others,内部/未标记,env_1_Design/CAN/Measurement/Processor,5,15,422,"2.612, 3.012, 3.212, 3.412, 3.612, 3.812, 4.012, 4.212, 4.412, 4.612 …",min=5; max=15; distinct=11,否
env,others,输入,env_1_Design/Digital Input/InPort/U_DI_Ch1_Enable,0,0,0,,{0},否
env,others,输入,env_1_Design/Digital Input/InPort/U_DI_Ch1_FIU_Value,0,0,0,,{0},否
env,others,输入,env_1_Design/Digital Input/InPort/U_DI_Ch1_SafetySwitch,0,0,0,,{0},否
env,others,输入,env_1_Design/Digital Input/InPort/U_DI_Ch2_Enable,0,0,0,,{0},否
env,others,输入,env_1_Design/Digital Input/InPort/U_DI_Ch2_FIU_Value,0,0,0,,{0},否
env,others,输入,env_1_Design/Digital Input/InPort/U_DI_Ch2_SafetySwitch,0,0,0,,{0},否
env,others,输入,env_1_Design/Digital Input/InPort/U_DI_Ch3_Enable,0,0,0,,{0},否
env,others,输入,env_1_Design/Digital Input/InPort/U_DI_Ch3_FIU_Value,0,0,0,,{0},否
env,others,输入,env_1_Design/Digital Input/InPort/U_DI_Ch3_SafetySwitch,0,0,0,,{0},否
env,others,输入,env_1_Design/Digital Input/InPort/U_DI_Ch4_Enable,0,0,0,,{0},否
env,others,输入,env_1_Design/Digital Input/InPort/U_DI_Ch4_FIU_Value,0,0,0,,{0},否
env,others,输入,env_1_Design/Digital Input/InPort/U_DI_Ch4_SafetySwitch,0,0,0,,{0},否
env,others,输入,env_1_Design/Digital Input/InPort/U_DI_Ch5_Enable,0,0,0,,{0},否
env,others,输入,env_1_Design/Digital Input/InPort/U_DI_Ch5_FIU_Value,0,0,0,,{0},否
env,others,输入,env_1_Design/Digital Input/InPort/U_DI_Ch5_SafetySwitch,0,0,0,,{0},否
env,others,输入,env_1_Design/Digital Input/InPort/U_DI_Ch6_Enable,0,0,0,,{0},否
env,others,输入,env_1_Design/Digital Input/InPort/U_DI_Ch6_FIU_Value,0,0,0,,{0},否
env,others,输入,env_1_Design/Digital Input/InPort/U_DI_Ch6_SafetySwitch,0,0,0,,{0},否
env,others,输入,env_1_Design/Digital Input/InPort/U_DI_Ch7_Enable,0,0,0,,{0},否
env,others,输入,env_1_Design/Digital Input/InPort/U_DI_Ch7_FIU_Value,0,0,0,,{0},否
env,others,输入,env_1_Design/Digital Input/InPort/U_DI_Ch7_SafetySwitch,0,0,0,,{0},否
env,others,输入,env_1_Design/Digital Input/InPort/U_DI_Ch8_Enable,0,0,0,,{0},否
env,others,输入,env_1_Design/Digital Input/InPort/U_DI_Ch8_FIU_Value,0,0,0,,{0},否
env,others,输入,env_1_Design/Digital Input/InPort/U_DI_Ch8_SafetySwitch,0,0,0,,{0},否
env,others,输入,env_1_Design/Digital Input/InPort/U_DI_Ch9_Enable,0,0,0,,{0},否
env,others,输入,env_1_Design/Digital Input/InPort/U_DI_Ch9_FIU_Value,0,0,0,,{0},否
env,others,输入,env_1_Design/Digital Input/InPort/U_DI_Ch9_SafetySwitch,0,0,0,,{0},否
env,others,输入,env_1_Design/Digital Input/InPort/U_DI_Ch10_Enable,0,0,0,,{0},否
env,others,输入,env_1_Design/Digital Input/InPort/U_DI_Ch10_FIU_Value,0,0,0,,{0},否
env,others,输入,env_1_Design/Digital Input/InPort/U_DI_Ch10_SafetySwitch,0,0,0,,{0},否
env,others,输入,env_1_Design/Digital Input/InPort/U_DI_Ch11_Enable,0,0,0,,{0},否
env,others,输入,env_1_Design/Digital Input/InPort/U_DI_Ch11_FIU_Value,0,0,0,,{0},否
env,others,输入,env_1_Design/Digital Input/InPort/U_DI_Ch11_SafetySwitch,0,0,0,,{0},否
env,others,输入,env_1_Design/Digital Input/InPort/U_DI_Ch12_Enable,0,0,0,,{0},否
env,others,输入,env_1_Design/Digital Input/InPort/U_DI_Ch12_FIU_Value,0,0,0,,{0},否
env,others,输入,env_1_Design/Digital Input/InPort/U_DI_Ch12_SafetySwitch,0,0,0,,{0},否
env,others,输入,env_1_Design/Digital Input/InPort/U_DI_Ch13_Enable,0,0,0,,{0},否
env,others,输入,env_1_Design/Digital Input/InPort/U_DI_Ch13_FIU_Value,0,0,0,,{0},否
env,others,输入,env_1_Design/Digital Input/InPort/U_DI_Ch13_SafetySwitch,0,0,0,,{0},否
env,others,输入,env_1_Design/Digital Input/InPort/U_DI_Ch14_Enable,0,0,0,,{0},否
env,others,输入,env_1_Design/Digital Input/InPort/U_DI_Ch14_FIU_Value,0,0,0,,{0},否
env,others,输入,env_1_Design/Digital Input/InPort/U_DI_Ch14_SafetySwitch,0,0,0,,{0},否
env,others,输入,env_1_Design/Digital Input/InPort/U_DI_Ch15_Enable,0,0,0,,{0},否
env,others,输入,env_1_Design/Digital Input/InPort/U_DI_Ch15_FIU_Value,0,0,0,,{0},否
env,others,输入,env_1_Design/Digital Input/InPort/U_DI_Ch15_SafetySwitch,0,0,0,,{0},否
env,others,输入,env_1_Design/Digital Input/InPort/U_DI_Ch16_Enable,0,0,0,,{0},否
env,others,输入,env_1_Design/Digital Input/InPort/U_DI_Ch16_FIU_Value,0,0,0,,{0},否
env,others,输入,env_1_Design/Digital Input/InPort/U_DI_Ch16_SafetySwitch,0,0,0,,{0},否
env,others,输入,env_1_Design/Digital Input/InPort/U_DI_Ch17_Enable,0,0,0,,{0},否
env,others,输入,env_1_Design/Digital Input/InPort/U_DI_Ch17_FIU_Value,0,0,0,,{0},否
env,others,输入,env_1_Design/Digital Input/InPort/U_DI_Ch17_SafetySwitch,0,0,0,,{0},否
env,others,输入,env_1_Design/Digital Input/InPort/U_DI_Ch18_Enable,0,0,0,,{0},否
env,others,输入,env_1_Design/Digital Input/InPort/U_DI_Ch18_FIU_Value,0,0,0,,{0},否
env,others,输入,env_1_Design/Digital Input/InPort/U_DI_Ch18_SafetySwitch,0,0,0,,{0},否
env,others,输入,env_1_Design/Digital Input/InPort/U_DI_Ch19_Enable,0,0,0,,{0},否
env,others,输入,env_1_Design/Digital Input/InPort/U_DI_Ch19_FIU_Value,0,0,0,,{0},否
env,others,输入,env_1_Design/Digital Input/InPort/U_DI_Ch19_SafetySwitch,0,0,0,,{0},否
env,others,输入,env_1_Design/Digital Input/InPort/U_DI_Ch20_Enable,0,0,0,,{0},否
env,others,输入,env_1_Design/Digital Input/InPort/U_DI_Ch20_FIU_Value,0,0,0,,{0},否
env,others,输入,env_1_Design/Digital Input/InPort/U_DI_Ch20_SafetySwitch,0,0,0,,{0},否
env,others,输入,env_1_Design/Digital Input/InPort/U_DI_Ch21_Enable,0,0,0,,{0},否
env,others,输入,env_1_Design/Digital Input/InPort/U_DI_Ch21_FIU_Value,0,0,0,,{0},否
env,others,输入,env_1_Design/Digital Input/InPort/U_DI_Ch21_SafetySwitch,0,0,0,,{0},否
env,others,输入,env_1_Design/Digital Input/InPort/U_DI_Ch22_Enable,0,0,0,,{0},否
env,others,输入,env_1_Design/Digital Input/InPort/U_DI_Ch22_FIU_Value,0,0,0,,{0},否
env,others,输入,env_1_Design/Digital Input/InPort/U_DI_Ch22_SafetySwitch,0,0,0,,{0},否
env,others,输入,env_1_Design/Digital Input/InPort/U_DI_Ch23_Enable,0,0,0,,{0},否
env,others,输入,env_1_Design/Digital Input/InPort/U_DI_Ch23_FIU_Value,0,0,0,,{0},否
env,others,输入,env_1_Design/Digital Input/InPort/U_DI_Ch23_SafetySwitch,0,0,0,,{0},否
env,others,输入,env_1_Design/Digital Input/InPort/U_DI_Ch24_Enable,0,0,0,,{0},否
env,others,输入,env_1_Design/Digital Input/InPort/U_DI_Ch24_FIU_Value,0,0,0,,{0},否
env,others,输入,env_1_Design/Digital Input/InPort/U_DI_Ch24_SafetySwitch,0,0,0,,{0},否
env,others,输入,env_1_Design/Digital Input/InPort/U_DI_Ch25_Enable,0,0,0,,{0},否
env,others,输入,env_1_Design/Digital Input/InPort/U_DI_Ch25_FIU_Value,0,0,0,,{0},否
env,others,输入,env_1_Design/Digital Input/InPort/U_DI_Ch25_SafetySwitch,0,0,0,,{0},否
env,others,输入,env_1_Design/Digital Input/InPort/U_DI_Ch26_Enable,0,0,0,,{0},否
env,others,输入,env_1_Design/Digital Input/InPort/U_DI_Ch26_FIU_Value,0,0,0,,{0},否
env,others,输入,env_1_Design/Digital Input/InPort/U_DI_Ch26_SafetySwitch,0,0,0,,{0},否
env,others,输入,env_1_Design/Digital Input/InPort/U_DI_Ch27_Enable,0,0,0,,{0},否
env,others,输入,env_1_Design/Digital Input/InPort/U_DI_Ch27_FIU_Value,0,0,0,,{0},否
env,others,输入,env_1_Design/Digital Input/InPort/U_DI_Ch27_SafetySwitch,0,0,0,,{0},否
env,others,输入,env_1_Design/Digital Input/InPort/U_DI_Ch28_Enable,0,0,0,,{0},否
env,others,输入,env_1_Design/Digital Input/InPort/U_DI_Ch28_FIU_Value,0,0,0,,{0},否
env,others,输入,env_1_Design/Digital Input/InPort/U_DI_Ch28_SafetySwitch,0,0,0,,{0},否
env,others,输入,env_1_Design/Digital Input/InPort/U_DI_Ch29_Enable,0,0,0,,{0},否
env,others,输入,env_1_Design/Digital Input/InPort/U_DI_Ch29_FIU_Value,0,0,0,,{0},否
env,others,输入,env_1_Design/Digital Input/InPort/U_DI_Ch29_SafetySwitch,0,0,0,,{0},否
env,others,输入,env_1_Design/Digital Input/InPort/U_DI_Ch30_Enable,0,0,0,,{0},否
env,others,输入,env_1_Design/Digital Input/InPort/U_DI_Ch30_FIU_Value,0,0,0,,{0},否
env,others,输入,env_1_Design/Digital Input/InPort/U_DI_Ch30_SafetySwitch,0,0,0,,{0},否
env,others,输入,env_1_Design/Digital Input/InPort/U_DI_Ch31_Enable,0,0,0,,{0},否
env,others,输入,env_1_Design/Digital Input/InPort/U_DI_Ch31_FIU_Value,0,0,0,,{0},否
env,others,输入,env_1_Design/Digital Input/InPort/U_DI_Ch31_SafetySwitch,0,0,0,,{0},否
env,others,输入,env_1_Design/Digital Input/InPort/U_DI_Ch32_Enable,0,0,0,,{0},否
env,others,输入,env_1_Design/Digital Input/InPort/U_DI_Ch32_FIU_Value,0,0,0,,{0},否
env,others,输入,env_1_Design/Digital Input/InPort/U_DI_Ch32_SafetySwitch,0,0,0,,{0},否
env,others,输入,env_1_Design/Digital Input/InPort/U_DI_Ch33_Enable,0,0,0,,{0},否
env,others,输入,env_1_Design/Digital Input/InPort/U_DI_Ch33_FIU_Value,0,0,0,,{0},否
env,others,输入,env_1_Design/Digital Input/InPort/U_DI_Ch33_SafetySwitch,0,0,0,,{0},否
env,others,输入,env_1_Design/Digital Input/InPort/U_DI_Ch34_Enable,0,0,0,,{0},否
env,others,输入,env_1_Design/Digital Input/InPort/U_DI_Ch34_FIU_Value,0,0,0,,{0},否
env,others,输入,env_1_Design/Digital Input/InPort/U_DI_Ch34_SafetySwitch,0,0,0,,{0},否
env,others,输入,env_1_Design/Digital Input/InPort/U_DI_Ch35_Enable,0,0,0,,{0},否
env,others,输入,env_1_Design/Digital Input/InPort/U_DI_Ch35_FIU_Value,0,0,0,,{0},否
env,others,输入,env_1_Design/Digital Input/InPort/U_DI_Ch35_SafetySwitch,0,0,0,,{0},否
env,others,输入,env_1_Design/Digital Input/InPort/U_DI_Ch36_Enable,0,0,0,,{0},否
env,others,输入,env_1_Design/Digital Input/InPort/U_DI_Ch36_FIU_Value,0,0,0,,{0},否
env,others,输入,env_1_Design/Digital Input/InPort/U_DI_Ch36_SafetySwitch,0,0,0,,{0},否
env,others,输入,env_1_Design/Digital Input/InPort/U_DI_Ch37_Enable,0,0,0,,{0},否
env,others,输入,env_1_Design/Digital Input/InPort/U_DI_Ch37_FIU_Value,0,0,0,,{0},否
env,others,输入,env_1_Design/Digital Input/InPort/U_DI_Ch37_SafetySwitch,0,0,0,,{0},否
env,others,输入,env_1_Design/Digital Input/InPort/U_DI_Ch38_Enable,0,0,0,,{0},否
env,others,输入,env_1_Design/Digital Input/InPort/U_DI_Ch38_FIU_Value,0,0,0,,{0},否
env,others,输入,env_1_Design/Digital Input/InPort/U_DI_Ch38_SafetySwitch,0,0,0,,{0},否
env,others,输入,env_1_Design/Digital Input/InPort/U_DI_Ch39_Enable,0,0,0,,{0},否
env,others,输入,env_1_Design/Digital Input/InPort/U_DI_Ch39_FIU_Value,0,0,0,,{0},否
env,others,输入,env_1_Design/Digital Input/InPort/U_DI_Ch39_SafetySwitch,0,0,0,,{0},否
env,others,输入,env_1_Design/Digital Input/InPort/U_DI_Ch40_Enable,0,0,0,,{0},否
env,others,输入,env_1_Design/Digital Input/InPort/U_DI_Ch40_FIU_Value,0,0,0,,{0},否
env,others,输入,env_1_Design/Digital Input/InPort/U_DI_Ch40_SafetySwitch,0,0,0,,{0},否
env,others,输入,env_1_Design/Digital Input/InPort/U_DI_Ch41_Enable,0,0,0,,{0},否
env,others,输入,env_1_Design/Digital Input/InPort/U_DI_Ch41_FIU_Value,0,0,0,,{0},否
env,others,输入,env_1_Design/Digital Input/InPort/U_DI_Ch41_SafetySwitch,0,0,0,,{0},否
env,others,输入,env_1_Design/Digital Input/InPort/U_DI_Ch42_Enable,0,0,0,,{0},否
env,others,输入,env_1_Design/Digital Input/InPort/U_DI_Ch42_FIU_Value,0,0,0,,{0},否
env,others,输入,env_1_Design/Digital Input/InPort/U_DI_Ch42_SafetySwitch,0,0,0,,{0},否
env,others,输入,env_1_Design/Digital Input/InPort/U_DI_Ch43_Enable,0,0,0,,{0},否
env,others,输入,env_1_Design/Digital Input/InPort/U_DI_Ch43_FIU_Value,0,0,0,,{0},否
env,others,输入,env_1_Design/Digital Input/InPort/U_DI_Ch43_SafetySwitch,0,0,0,,{0},否
env,others,输入,env_1_Design/Digital Input/InPort/U_DI_Ch44_Enable,0,0,0,,{0},否
env,others,输入,env_1_Design/Digital Input/InPort/U_DI_Ch44_FIU_Value,0,0,0,,{0},否
env,others,输入,env_1_Design/Digital Input/InPort/U_DI_Ch44_SafetySwitch,0,0,0,,{0},否
env,others,输入,env_1_Design/Digital Input/InPort/U_DI_Ch45_Enable,0,0,0,,{0},否
env,others,输入,env_1_Design/Digital Input/InPort/U_DI_Ch45_FIU_Value,0,0,0,,{0},否
env,others,输入,env_1_Design/Digital Input/InPort/U_DI_Ch45_SafetySwitch,0,0,0,,{0},否
env,others,输入,env_1_Design/Digital Input/InPort/U_DI_Ch46_Enable,0,0,0,,{0},否
env,others,输入,env_1_Design/Digital Input/InPort/U_DI_Ch46_FIU_Value,0,0,0,,{0},否
env,others,输入,env_1_Design/Digital Input/InPort/U_DI_Ch46_SafetySwitch,0,0,0,,{0},否
env,others,输入,env_1_Design/Digital Input/InPort/U_DI_Ch47_Enable,0,0,0,,{0},否
env,others,输入,env_1_Design/Digital Input/InPort/U_DI_Ch47_FIU_Value,0,0,0,,{0},否
env,others,输入,env_1_Design/Digital Input/InPort/U_DI_Ch47_SafetySwitch,0,0,0,,{0},否
env,others,输入,env_1_Design/Digital Input/InPort/U_DI_Ch48_Enable,0,0,0,,{0},否
env,others,输入,env_1_Design/Digital Input/InPort/U_DI_Ch48_FIU_Value,0,0,0,,{0},否
env,others,输入,env_1_Design/Digital Input/InPort/U_DI_Ch48_SafetySwitch,0,0,0,,{0},否
env,others,输入,env_1_Design/Digital Input/InPort/Model_Disabled,0,0,0,,{0},否
env,others,输入,env_1_Design/Digital Input/InPort/Model_Reset,0,0,0,,{0},否
env,others,输出,env_1_Design/Digital Input/OutPort/Y_DI_Ch1_On_Off_Status,0,0,0,,{0},否
env,others,输出,env_1_Design/Digital Input/OutPort/Y_Ch1_Support_Features,0,0,0,,{0},否
env,others,输出,env_1_Design/Digital Input/OutPort/Y_Ch1.Valid,0,1,146,"2.812, 3.012, 3.812, 4.012, 4.612, 4.812, 6.012, 6.212, 10.612, 10.812 …","{0, 1}",否
env,others,输出,env_1_Design/Digital Input/OutPort/Y_DI_Ch2_On_Off_Status,0,0,0,,{0},否
