层,录波,方向,接口,最小值,最大值,变化次数,变化时刻_s,取值摘要,电压电流相关
env,average,输出,env_1_Design/PWM Input/OutPort/Y_Ch41_PWM_In_Amplitude,0,0,0,,{0},否
env,average,输出,env_1_Design/PWM Input/OutPort/Y_Ch41_Support_Features,0,0,0,,{0},否
env,average,输出,env_1_Design/PWM Input/OutPort/Y_Ch41.Valid,0,0,0,,{0},否
env,average,输出,env_1_Design/PWM Input/OutPort/Y_Ch42_PWM_In_Frequency,0,0,0,,{0},否
env,average,输出,env_1_Design/PWM Input/OutPort/Y_Ch42_PWM_In_Period,0,0,0,,{0},否
env,average,输出,env_1_Design/PWM Input/OutPort/Y_Ch42_PWM_In_Duty_Ratio,0,0,0,,{0},否
env,average,输出,env_1_Design/PWM Input/OutPort/Y_Ch42_PWM_In_Amplitude,0,0,0,,{0},否
env,average,输出,env_1_Design/PWM Input/OutPort/Y_Ch42_Support_Features,0,0,0,,{0},否
env,average,输出,env_1_Design/PWM Input/OutPort/Y_Ch42.Valid,0,0,0,,{0},否
env,average,输出,env_1_Design/PWM Input/OutPort/Y_Ch43_PWM_In_Frequency,0,0,0,,{0},否
env,average,输出,env_1_Design/PWM Input/OutPort/Y_Ch43_PWM_In_Period,0,0,0,,{0},否
env,average,输出,env_1_Design/PWM Input/OutPort/Y_Ch43_PWM_In_Duty_Ratio,0,0,0,,{0},否
env,average,输出,env_1_Design/PWM Input/OutPort/Y_Ch43_PWM_In_Amplitude,0,0,0,,{0},否
env,average,输出,env_1_Design/PWM Input/OutPort/Y_Ch43_Support_Features,0,0,0,,{0},否
env,average,输出,env_1_Design/PWM Input/OutPort/Y_Ch43.Valid,0,0,0,,{0},否
env,average,输出,env_1_Design/PWM Input/OutPort/Y_Ch44_PWM_In_Frequency,0,0,0,,{0},否
env,average,输出,env_1_Design/PWM Input/OutPort/Y_Ch44_PWM_In_Period,0,0,0,,{0},否
env,average,输出,env_1_Design/PWM Input/OutPort/Y_Ch44_PWM_In_Duty_Ratio,0,0,0,,{0},否
env,average,输出,env_1_Design/PWM Input/OutPort/Y_Ch44_PWM_In_Amplitude,0,0,0,,{0},否
env,average,输出,env_1_Design/PWM Input/OutPort/Y_Ch44_Support_Features,0,0,0,,{0},否
env,average,输出,env_1_Design/PWM Input/OutPort/Y_Ch44.Valid,0,0,0,,{0},否
env,average,输出,env_1_Design/PWM Input/OutPort/Y_Ch45_PWM_In_Frequency,0,0,0,,{0},否
env,average,输出,env_1_Design/PWM Input/OutPort/Y_Ch45_PWM_In_Period,0,0,0,,{0},否
env,average,输出,env_1_Design/PWM Input/OutPort/Y_Ch45_PWM_In_Duty_Ratio,0,0,0,,{0},否
env,average,输出,env_1_Design/PWM Input/OutPort/Y_Ch45_PWM_In_Amplitude,0,0,0,,{0},否
env,average,输出,env_1_Design/PWM Input/OutPort/Y_Ch45_Support_Features,0,0,0,,{0},否
env,average,输出,env_1_Design/PWM Input/OutPort/Y_Ch45.Valid,0,0,0,,{0},否
env,average,输出,env_1_Design/PWM Input/OutPort/Y_Ch46_PWM_In_Frequency,0,0,0,,{0},否
env,average,输出,env_1_Design/PWM Input/OutPort/Y_Ch46_PWM_In_Period,0,0,0,,{0},否
env,average,输出,env_1_Design/PWM Input/OutPort/Y_Ch46_PWM_In_Duty_Ratio,0,0,0,,{0},否
env,average,输出,env_1_Design/PWM Input/OutPort/Y_Ch46_PWM_In_Amplitude,0,0,0,,{0},否
env,average,输出,env_1_Design/PWM Input/OutPort/Y_Ch46_Support_Features,0,0,0,,{0},否
env,average,输出,env_1_Design/PWM Input/OutPort/Y_Ch46.Valid,0,0,0,,{0},否
env,average,输出,env_1_Design/PWM Input/OutPort/Y_Ch47_PWM_In_Frequency,0,0,0,,{0},否
env,average,输出,env_1_Design/PWM Input/OutPort/Y_Ch47_PWM_In_Period,0,0,0,,{0},否
env,average,输出,env_1_Design/PWM Input/OutPort/Y_Ch47_PWM_In_Duty_Ratio,0,0,0,,{0},否
env,average,输出,env_1_Design/PWM Input/OutPort/Y_Ch47_PWM_In_Amplitude,0,0,0,,{0},否
env,average,输出,env_1_Design/PWM Input/OutPort/Y_Ch47_Support_Features,0,0,0,,{0},否
env,average,输出,env_1_Design/PWM Input/OutPort/Y_Ch47.Valid,0,0,0,,{0},否
env,average,输出,env_1_Design/PWM Input/OutPort/Y_Ch48_PWM_In_Frequency,0,0,0,,{0},否
env,average,输出,env_1_Design/PWM Input/OutPort/Y_Ch48_PWM_In_Period,0,0,0,,{0},否
env,average,输出,env_1_Design/PWM Input/OutPort/Y_Ch48_PWM_In_Duty_Ratio,0,0,0,,{0},否
env,average,输出,env_1_Design/PWM Input/OutPort/Y_Ch48_PWM_In_Amplitude,0,0,0,,{0},否
env,average,输出,env_1_Design/PWM Input/OutPort/Y_Ch48_Support_Features,0,0,0,,{0},否
env,average,输出,env_1_Design/PWM Input/OutPort/Y_Ch48.Valid,0,0,0,,{0},否
env,average,内部/未标记,env_1_Design/PWM Input/Measurement/Runtime(us),4,18,501,"0.400, 0.600, 0.800, 1.200, 1.600, 1.800, 2.200, 2.400, 2.600, 3.000 …",min=4; max=18; distinct=13,否
env,average,内部/未标记,env_1_Design/PWM Input/Measurement/Runtime_Min(us),3,3,0,,{3},否
env,average,内部/未标记,env_1_Design/PWM Input/Measurement/Runtime_Max(us),24,24,0,,{24},否
env,average,内部/未标记,env_1_Design/PWM Input/Measurement/Schedule_Interval(us),4856,5143,639,"0.200, 0.400, 0.600, 0.800, 1.000, 1.400, 1.600, 1.800, 2.000, 2.400 …",min=4856; max=5143; distinct=86,否
env,average,内部/未标记,env_1_Design/PWM Input/Measurement/Schedule_Interval_Min(us),4641,4926,1,35.600,"{4641, 4926}",否
env,average,内部/未标记,env_1_Design/PWM Input/Measurement/Schedule_Interval_Max(us),5066,5358,1,35.600,"{5066, 5358}",否
env,average,内部/未标记,env_1_Design/PWM Input/Measurement/Schedule_Count,16501,42861,659,"0.200, 0.400, 0.600, 0.800, 1.000, 1.200, 1.400, 1.600, 1.800, 2.000 …",min=16501; max=42861; distinct=660,否
env,average,内部/未标记,env_1_Design/PWM Input/Measurement/Activate_Fail_Count,0,0,0,,{0},否
env,average,内部/未标记,env_1_Design/PWM Input/Measurement/Processor,5,15,603,"0.200, 0.400, 0.600, 0.800, 1.000, 1.200, 1.400, 1.600, 1.800, 2.000 …",min=5; max=15; distinct=11,否
env,average,输入,env_1_Design/PWM Output/InPort/U_Ch1_PWM_Out_Frequency,0,0,0,,{0},否
env,average,输入,env_1_Design/PWM Output/InPort/U_Ch1_PWM_Out_Duty_Ratio,0,0,0,,{0},否
env,average,输入,env_1_Design/PWM Output/InPort/U_Ch1_PWM_Out_Amplitude,0,0,0,,{0},否
env,average,输入,env_1_Design/PWM Output/InPort/U_Ch1_PWM_Out_Enable,0,0,0,,{0},否
env,average,输入,env_1_Design/PWM Output/InPort/U_Ch1_PWM_Out_FIU,0,0,0,,{0},否
env,average,输入,env_1_Design/PWM Output/InPort/U_Ch2_PWM_Out_Frequency,0,0,0,,{0},否
env,average,输入,env_1_Design/PWM Output/InPort/U_Ch2_PWM_Out_Duty_Ratio,0,0,0,,{0},否
env,average,输入,env_1_Design/PWM Output/InPort/U_Ch2_PWM_Out_Amplitude,0,0,0,,{0},否
env,average,输入,env_1_Design/PWM Output/InPort/U_Ch2_PWM_Out_Enable,0,0,0,,{0},否
env,average,输入,env_1_Design/PWM Output/InPort/U_Ch2_PWM_Out_FIU,0,0,0,,{0},否
env,average,输入,env_1_Design/PWM Output/InPort/U_Ch3_PWM_Out_Frequency,0,0,0,,{0},否
env,average,输入,env_1_Design/PWM Output/InPort/U_Ch3_PWM_Out_Duty_Ratio,0,0,0,,{0},否
env,average,输入,env_1_Design/PWM Output/InPort/U_Ch3_PWM_Out_Amplitude,0,0,0,,{0},否
env,average,输入,env_1_Design/PWM Output/InPort/U_Ch3_PWM_Out_Enable,0,0,0,,{0},否
env,average,输入,env_1_Design/PWM Output/InPort/U_Ch3_PWM_Out_FIU,0,0,0,,{0},否
env,average,输入,env_1_Design/PWM Output/InPort/U_Ch4_PWM_Out_Frequency,0,0,0,,{0},否
env,average,输入,env_1_Design/PWM Output/InPort/U_Ch4_PWM_Out_Duty_Ratio,0,0,0,,{0},否
env,average,输入,env_1_Design/PWM Output/InPort/U_Ch4_PWM_Out_Amplitude,0,0,0,,{0},否
env,average,输入,env_1_Design/PWM Output/InPort/U_Ch4_PWM_Out_Enable,0,0,0,,{0},否
env,average,输入,env_1_Design/PWM Output/InPort/U_Ch4_PWM_Out_FIU,0,0,0,,{0},否
env,average,输入,env_1_Design/PWM Output/InPort/U_Ch5_PWM_Out_Frequency,0,0,0,,{0},否
env,average,输入,env_1_Design/PWM Output/InPort/U_Ch5_PWM_Out_Duty_Ratio,0,0,0,,{0},否
env,average,输入,env_1_Design/PWM Output/InPort/U_Ch5_PWM_Out_Amplitude,0,0,0,,{0},否
env,average,输入,env_1_Design/PWM Output/InPort/U_Ch5_PWM_Out_Enable,0,0,0,,{0},否
env,average,输入,env_1_Design/PWM Output/InPort/U_Ch5_PWM_Out_FIU,0,0,0,,{0},否
env,average,输入,env_1_Design/PWM Output/InPort/U_Ch6_PWM_Out_Frequency,0,0,0,,{0},否
env,average,输入,env_1_Design/PWM Output/InPort/U_Ch6_PWM_Out_Duty_Ratio,0,0,0,,{0},否
env,average,输入,env_1_Design/PWM Output/InPort/U_Ch6_PWM_Out_Amplitude,0,0,0,,{0},否
env,average,输入,env_1_Design/PWM Output/InPort/U_Ch6_PWM_Out_Enable,0,0,0,,{0},否
env,average,输入,env_1_Design/PWM Output/InPort/U_Ch6_PWM_Out_FIU,0,0,0,,{0},否
env,average,输入,env_1_Design/PWM Output/InPort/U_Ch7_PWM_Out_Frequency,0,0,0,,{0},否
env,average,输入,env_1_Design/PWM Output/InPort/U_Ch7_PWM_Out_Duty_Ratio,0,0,0,,{0},否
env,average,输入,env_1_Design/PWM Output/InPort/U_Ch7_PWM_Out_Amplitude,0,0,0,,{0},否
env,average,输入,env_1_Design/PWM Output/InPort/U_Ch7_PWM_Out_Enable,0,0,0,,{0},否
env,average,输入,env_1_Design/PWM Output/InPort/U_Ch7_PWM_Out_FIU,0,0,0,,{0},否
env,average,输入,env_1_Design/PWM Output/InPort/U_Ch8_PWM_Out_Frequency,0,0,0,,{0},否
env,average,输入,env_1_Design/PWM Output/InPort/U_Ch8_PWM_Out_Duty_Ratio,0,0,0,,{0},否
env,average,输入,env_1_Design/PWM Output/InPort/U_Ch8_PWM_Out_Amplitude,0,0,0,,{0},否
env,average,输入,env_1_Design/PWM Output/InPort/U_Ch8_PWM_Out_Enable,0,0,0,,{0},否
env,average,输入,env_1_Design/PWM Output/InPort/U_Ch8_PWM_Out_FIU,0,0,0,,{0},否
env,average,输入,env_1_Design/PWM Output/InPort/U_Ch9_PWM_Out_Frequency,0,0,0,,{0},否
env,average,输入,env_1_Design/PWM Output/InPort/U_Ch9_PWM_Out_Duty_Ratio,0,0,0,,{0},否
env,average,输入,env_1_Design/PWM Output/InPort/U_Ch9_PWM_Out_Amplitude,0,0,0,,{0},否
env,average,输入,env_1_Design/PWM Output/InPort/U_Ch9_PWM_Out_Enable,0,0,0,,{0},否
env,average,输入,env_1_Design/PWM Output/InPort/U_Ch9_PWM_Out_FIU,0,0,0,,{0},否
env,average,输入,env_1_Design/PWM Output/InPort/U_Ch10_PWM_Out_Frequency,0,0,0,,{0},否
env,average,输入,env_1_Design/PWM Output/InPort/U_Ch10_PWM_Out_Duty_Ratio,0,0,0,,{0},否
env,average,输入,env_1_Design/PWM Output/InPort/U_Ch10_PWM_Out_Amplitude,0,0,0,,{0},否
env,average,输入,env_1_Design/PWM Output/InPort/U_Ch10_PWM_Out_Enable,0,0,0,,{0},否
env,average,输入,env_1_Design/PWM Output/InPort/U_Ch10_PWM_Out_FIU,0,0,0,,{0},否
env,average,输入,env_1_Design/PWM Output/InPort/U_Ch11_PWM_Out_Frequency,0,0,0,,{0},否
env,average,输入,env_1_Design/PWM Output/InPort/U_Ch11_PWM_Out_Duty_Ratio,0,0,0,,{0},否
env,average,输入,env_1_Design/PWM Output/InPort/U_Ch11_PWM_Out_Amplitude,0,0,0,,{0},否
env,average,输入,env_1_Design/PWM Output/InPort/U_Ch11_PWM_Out_Enable,0,0,0,,{0},否
env,average,输入,env_1_Design/PWM Output/InPort/U_Ch11_PWM_Out_FIU,0,0,0,,{0},否
env,average,输入,env_1_Design/PWM Output/InPort/U_Ch12_PWM_Out_Frequency,0,0,0,,{0},否
env,average,输入,env_1_Design/PWM Output/InPort/U_Ch12_PWM_Out_Duty_Ratio,0,0,0,,{0},否
env,average,输入,env_1_Design/PWM Output/InPort/U_Ch12_PWM_Out_Amplitude,0,0,0,,{0},否
env,average,输入,env_1_Design/PWM Output/InPort/U_Ch12_PWM_Out_Enable,0,0,0,,{0},否
env,average,输入,env_1_Design/PWM Output/InPort/U_Ch12_PWM_Out_FIU,0,0,0,,{0},否
env,average,输入,env_1_Design/PWM Output/InPort/U_Ch13_PWM_Out_Frequency,0,0,0,,{0},否
env,average,输入,env_1_Design/PWM Output/InPort/U_Ch13_PWM_Out_Duty_Ratio,0,0,0,,{0},否
env,average,输入,env_1_Design/PWM Output/InPort/U_Ch13_PWM_Out_Amplitude,0,0,0,,{0},否
env,average,输入,env_1_Design/PWM Output/InPort/U_Ch13_PWM_Out_Enable,0,0,0,,{0},否
env,average,输入,env_1_Design/PWM Output/InPort/U_Ch13_PWM_Out_FIU,0,0,0,,{0},否
env,average,输入,env_1_Design/PWM Output/InPort/U_Ch14_PWM_Out_Frequency,0,0,0,,{0},否
env,average,输入,env_1_Design/PWM Output/InPort/U_Ch14_PWM_Out_Duty_Ratio,0,0,0,,{0},否
env,average,输入,env_1_Design/PWM Output/InPort/U_Ch14_PWM_Out_Amplitude,0,0,0,,{0},否
env,average,输入,env_1_Design/PWM Output/InPort/U_Ch14_PWM_Out_Enable,0,0,0,,{0},否
env,average,输入,env_1_Design/PWM Output/InPort/U_Ch14_PWM_Out_FIU,0,0,0,,{0},否
env,average,输入,env_1_Design/PWM Output/InPort/U_Ch15_PWM_Out_Frequency,0,0,0,,{0},否
env,average,输入,env_1_Design/PWM Output/InPort/U_Ch15_PWM_Out_Duty_Ratio,0,0,0,,{0},否
env,average,输入,env_1_Design/PWM Output/InPort/U_Ch15_PWM_Out_Amplitude,0,0,0,,{0},否
env,average,输入,env_1_Design/PWM Output/InPort/U_Ch15_PWM_Out_Enable,0,0,0,,{0},否
env,average,输入,env_1_Design/PWM Output/InPort/U_Ch15_PWM_Out_FIU,0,0,0,,{0},否
env,average,输入,env_1_Design/PWM Output/InPort/U_Ch16_PWM_Out_Frequency,0,0,0,,{0},否
env,average,输入,env_1_Design/PWM Output/InPort/U_Ch16_PWM_Out_Duty_Ratio,0,0,0,,{0},否
env,average,输入,env_1_Design/PWM Output/InPort/U_Ch16_PWM_Out_Amplitude,0,0,0,,{0},否
env,average,输入,env_1_Design/PWM Output/InPort/U_Ch16_PWM_Out_Enable,0,0,0,,{0},否
env,average,输入,env_1_Design/PWM Output/InPort/U_Ch16_PWM_Out_FIU,0,0,0,,{0},否
env,average,输入,env_1_Design/PWM Output/InPort/U_Ch17_PWM_Out_Frequency,0,0,0,,{0},否
env,average,输入,env_1_Design/PWM Output/InPort/U_Ch17_PWM_Out_Duty_Ratio,0,0,0,,{0},否
env,average,输入,env_1_Design/PWM Output/InPort/U_Ch17_PWM_Out_Amplitude,0,0,0,,{0},否
env,average,输入,env_1_Design/PWM Output/InPort/U_Ch17_PWM_Out_Enable,0,0,0,,{0},否
env,average,输入,env_1_Design/PWM Output/InPort/U_Ch17_PWM_Out_FIU,0,0,0,,{0},否
env,average,输入,env_1_Design/PWM Output/InPort/U_Ch18_PWM_Out_Frequency,0,0,0,,{0},否
env,average,输入,env_1_Design/PWM Output/InPort/U_Ch18_PWM_Out_Duty_Ratio,0,0,0,,{0},否
env,average,输入,env_1_Design/PWM Output/InPort/U_Ch18_PWM_Out_Amplitude,0,0,0,,{0},否
env,average,输入,env_1_Design/PWM Output/InPort/U_Ch18_PWM_Out_Enable,0,0,0,,{0},否
env,average,输入,env_1_Design/PWM Output/InPort/U_Ch18_PWM_Out_FIU,0,0,0,,{0},否
env,average,输入,env_1_Design/PWM Output/InPort/U_Ch19_PWM_Out_Frequency,0,0,0,,{0},否
env,average,输入,env_1_Design/PWM Output/InPort/U_Ch19_PWM_Out_Duty_Ratio,0,0,0,,{0},否
env,average,输入,env_1_Design/PWM Output/InPort/U_Ch19_PWM_Out_Amplitude,0,0,0,,{0},否
env,average,输入,env_1_Design/PWM Output/InPort/U_Ch19_PWM_Out_Enable,0,0,0,,{0},否
env,average,输入,env_1_Design/PWM Output/InPort/U_Ch19_PWM_Out_FIU,0,0,0,,{0},否
env,average,输入,env_1_Design/PWM Output/InPort/U_Ch20_PWM_Out_Frequency,0,0,0,,{0},否
env,average,输入,env_1_Design/PWM Output/InPort/U_Ch20_PWM_Out_Duty_Ratio,0,0,0,,{0},否
env,average,输入,env_1_Design/PWM Output/InPort/U_Ch20_PWM_Out_Amplitude,0,0,0,,{0},否
env,average,输入,env_1_Design/PWM Output/InPort/U_Ch20_PWM_Out_Enable,0,0,0,,{0},否
env,average,输入,env_1_Design/PWM Output/InPort/U_Ch20_PWM_Out_FIU,0,0,0,,{0},否
env,average,输入,env_1_Design/PWM Output/InPort/U_Ch21_PWM_Out_Frequency,0,0,0,,{0},否
env,average,输入,env_1_Design/PWM Output/InPort/U_Ch21_PWM_Out_Duty_Ratio,0,0,0,,{0},否
env,average,输入,env_1_Design/PWM Output/InPort/U_Ch21_PWM_Out_Amplitude,0,0,0,,{0},否
env,average,输入,env_1_Design/PWM Output/InPort/U_Ch21_PWM_Out_Enable,0,0,0,,{0},否
env,average,输入,env_1_Design/PWM Output/InPort/U_Ch21_PWM_Out_FIU,0,0,0,,{0},否
env,average,输入,env_1_Design/PWM Output/InPort/U_Ch22_PWM_Out_Frequency,0,0,0,,{0},否
env,average,输入,env_1_Design/PWM Output/InPort/U_Ch22_PWM_Out_Duty_Ratio,0,0,0,,{0},否
env,average,输入,env_1_Design/PWM Output/InPort/U_Ch22_PWM_Out_Amplitude,0,0,0,,{0},否
env,average,输入,env_1_Design/PWM Output/InPort/U_Ch22_PWM_Out_Enable,0,0,0,,{0},否
env,average,输入,env_1_Design/PWM Output/InPort/U_Ch22_PWM_Out_FIU,0,0,0,,{0},否
env,average,输入,env_1_Design/PWM Output/InPort/U_Ch23_PWM_Out_Frequency,0,0,0,,{0},否
env,average,输入,env_1_Design/PWM Output/InPort/U_Ch23_PWM_Out_Duty_Ratio,0,0,0,,{0},否
env,average,输入,env_1_Design/PWM Output/InPort/U_Ch23_PWM_Out_Amplitude,0,0,0,,{0},否
env,average,输入,env_1_Design/PWM Output/InPort/U_Ch23_PWM_Out_Enable,0,0,0,,{0},否
env,average,输入,env_1_Design/PWM Output/InPort/U_Ch23_PWM_Out_FIU,0,0,0,,{0},否
env,average,输入,env_1_Design/PWM Output/InPort/U_Ch24_PWM_Out_Frequency,0,0,0,,{0},否
env,average,输入,env_1_Design/PWM Output/InPort/U_Ch24_PWM_Out_Duty_Ratio,0,0,0,,{0},否
env,average,输入,env_1_Design/PWM Output/InPort/U_Ch24_PWM_Out_Amplitude,0,0,0,,{0},否
env,average,输入,env_1_Design/PWM Output/InPort/U_Ch24_PWM_Out_Enable,0,0,0,,{0},否
env,average,输入,env_1_Design/PWM Output/InPort/U_Ch24_PWM_Out_FIU,0,0,0,,{0},否
env,average,输入,env_1_Design/PWM Output/InPort/U_Ch25_PWM_Out_Frequency,0,0,0,,{0},否
env,average,输入,env_1_Design/PWM Output/InPort/U_Ch25_PWM_Out_Duty_Ratio,0,0,0,,{0},否
env,average,输入,env_1_Design/PWM Output/InPort/U_Ch25_PWM_Out_Amplitude,0,0,0,,{0},否
env,average,输入,env_1_Design/PWM Output/InPort/U_Ch25_PWM_Out_Enable,0,0,0,,{0},否
env,average,输入,env_1_Design/PWM Output/InPort/U_Ch25_PWM_Out_FIU,0,0,0,,{0},否
env,average,输入,env_1_Design/PWM Output/InPort/U_Ch26_PWM_Out_Frequency,0,0,0,,{0},否
env,average,输入,env_1_Design/PWM Output/InPort/U_Ch26_PWM_Out_Duty_Ratio,0,0,0,,{0},否
env,average,输入,env_1_Design/PWM Output/InPort/U_Ch26_PWM_Out_Amplitude,0,0,0,,{0},否
env,average,输入,env_1_Design/PWM Output/InPort/U_Ch26_PWM_Out_Enable,0,0,0,,{0},否
env,average,输入,env_1_Design/PWM Output/InPort/U_Ch26_PWM_Out_FIU,0,0,0,,{0},否
env,average,输入,env_1_Design/PWM Output/InPort/U_Ch27_PWM_Out_Frequency,0,0,0,,{0},否
env,average,输入,env_1_Design/PWM Output/InPort/U_Ch27_PWM_Out_Duty_Ratio,0,0,0,,{0},否
env,average,输入,env_1_Design/PWM Output/InPort/U_Ch27_PWM_Out_Amplitude,0,0,0,,{0},否
env,average,输入,env_1_Design/PWM Output/InPort/U_Ch27_PWM_Out_Enable,0,0,0,,{0},否
env,average,输入,env_1_Design/PWM Output/InPort/U_Ch27_PWM_Out_FIU,0,0,0,,{0},否
env,average,输入,env_1_Design/PWM Output/InPort/U_Ch28_PWM_Out_Frequency,0,0,0,,{0},否
env,average,输入,env_1_Design/PWM Output/InPort/U_Ch28_PWM_Out_Duty_Ratio,0,0,0,,{0},否
env,average,输入,env_1_Design/PWM Output/InPort/U_Ch28_PWM_Out_Amplitude,0,0,0,,{0},否
env,average,输入,env_1_Design/PWM Output/InPort/U_Ch28_PWM_Out_Enable,0,0,0,,{0},否
env,average,输入,env_1_Design/PWM Output/InPort/U_Ch28_PWM_Out_FIU,0,0,0,,{0},否
env,average,输入,env_1_Design/PWM Output/InPort/U_Ch29_PWM_Out_Frequency,0,0,0,,{0},否
env,average,输入,env_1_Design/PWM Output/InPort/U_Ch29_PWM_Out_Duty_Ratio,0,0,0,,{0},否
env,average,输入,env_1_Design/PWM Output/InPort/U_Ch29_PWM_Out_Amplitude,0,0,0,,{0},否
env,average,输入,env_1_Design/PWM Output/InPort/U_Ch29_PWM_Out_Enable,0,0,0,,{0},否
env,average,输入,env_1_Design/PWM Output/InPort/U_Ch29_PWM_Out_FIU,0,0,0,,{0},否
env,average,输入,env_1_Design/PWM Output/InPort/U_Ch30_PWM_Out_Frequency,0,0,0,,{0},否
env,average,内部/未标记,env_1_Design/PWM Output/Measurement/Processor,5,15,592,"0.341, 0.541, 0.741, 0.941, 1.141, 1.341, 1.541, 1.741, 1.941, 2.141 …",min=5; max=15; distinct=11,否
env,average,输入,env_1_Design/Relay/InPort/U_Ch1_Enable,0,0,0,,{0},否
env,average,输入,env_1_Design/Relay/InPort/U_Ch1_Relay_OutValue,0,0,0,,{0},否
env,average,输入,env_1_Design/Relay/InPort/U_Ch2_Enable,0,0,0,,{0},否
env,average,输入,env_1_Design/Relay/InPort/U_Ch2_Relay_OutValue,0,0,0,,{0},否
env,average,输入,env_1_Design/Relay/InPort/U_Ch3_Enable,0,0,0,,{0},否
env,average,输入,env_1_Design/Relay/InPort/U_Ch3_Relay_OutValue,0,0,0,,{0},否
env,average,输入,env_1_Design/Relay/InPort/U_Ch4_Enable,0,0,0,,{0},否
env,average,输入,env_1_Design/Relay/InPort/U_Ch4_Relay_OutValue,0,0,0,,{0},否
env,average,输入,env_1_Design/Relay/InPort/U_Ch5_Enable,0,0,0,,{0},否
env,average,输入,env_1_Design/Relay/InPort/U_Ch5_Relay_OutValue,2,2,0,,{2},否
env,average,输入,env_1_Design/Relay/InPort/U_Ch6_Enable,0,0,0,,{0},否
env,average,输入,env_1_Design/Relay/InPort/U_Ch6_Relay_OutValue,0,0,0,,{0},否
env,average,输入,env_1_Design/Relay/InPort/U_Ch7_Enable,0,0,0,,{0},否
env,average,输入,env_1_Design/Relay/InPort/U_Ch7_Relay_OutValue,0,0,0,,{0},否
env,average,输入,env_1_Design/Relay/InPort/U_Ch8_Enable,0,0,0,,{0},否
env,average,输入,env_1_Design/Relay/InPort/U_Ch8_Relay_OutValue,0,0,0,,{0},否
env,average,输入,env_1_Design/Relay/InPort/U_Ch9_Enable,0,0,0,,{0},否
env,average,输入,env_1_Design/Relay/InPort/U_Ch9_Relay_OutValue,0,2,2,"23.941, 27.541","{0, 2}",否
env,average,输入,env_1_Design/Relay/InPort/U_Ch10_Enable,0,0,0,,{0},否
env,average,输入,env_1_Design/Relay/InPort/U_Ch10_Relay_OutValue,0,2,2,"23.941, 27.541","{0, 2}",否
env,average,输入,env_1_Design/Relay/InPort/U_Ch11_Enable,0,0,0,,{0},否
env,average,输入,env_1_Design/Relay/InPort/U_Ch11_Relay_OutValue,0,2,2,"23.941, 27.541","{0, 2}",否
env,average,输入,env_1_Design/Relay/InPort/U_Ch12_Enable,0,0,0,,{0},否
env,average,输入,env_1_Design/Relay/InPort/U_Ch12_Relay_OutValue,0,2,2,"23.941, 27.541","{0, 2}",否
env,average,输入,env_1_Design/Relay/InPort/U_Ch13_Enable,0,0,0,,{0},否
env,average,输入,env_1_Design/Relay/InPort/U_Ch13_Relay_OutValue,0,0,0,,{0},否
env,average,输入,env_1_Design/Relay/InPort/U_Ch14_Enable,0,0,0,,{0},否
env,average,输入,env_1_Design/Relay/InPort/U_Ch14_Relay_OutValue,0,0,0,,{0},否
env,average,输入,env_1_Design/Relay/InPort/U_Ch15_Enable,0,0,0,,{0},否
env,average,输入,env_1_Design/Relay/InPort/U_Ch15_Relay_OutValue,0,0,0,,{0},否
env,average,输入,env_1_Design/Relay/InPort/U_Ch16_Enable,0,0,0,,{0},否
env,average,输入,env_1_Design/Relay/InPort/U_Ch16_Relay_OutValue,0,0,0,,{0},否
env,average,输入,env_1_Design/Relay/InPort/U_Ch17_Enable,0,0,0,,{0},否
env,average,输入,env_1_Design/Relay/InPort/U_Ch17_Relay_OutValue,0,0,0,,{0},否
env,average,输入,env_1_Design/Relay/InPort/U_Ch18_Enable,0,0,0,,{0},否
env,average,输入,env_1_Design/Relay/InPort/U_Ch18_Relay_OutValue,0,0,0,,{0},否
env,average,输入,env_1_Design/Relay/InPort/U_Ch19_Enable,0,0,0,,{0},否
env,average,输入,env_1_Design/Relay/InPort/U_Ch19_Relay_OutValue,0,0,0,,{0},否
env,average,输入,env_1_Design/Relay/InPort/U_Ch20_Enable,0,0,0,,{0},否
env,average,输入,env_1_Design/Relay/InPort/U_Ch20_Relay_OutValue,0,0,0,,{0},否
env,average,输入,env_1_Design/Relay/InPort/U_Ch21_Enable,0,0,0,,{0},否
env,average,输入,env_1_Design/Relay/InPort/U_Ch21_Relay_OutValue,0,0,0,,{0},否
env,average,输入,env_1_Design/Relay/InPort/U_Ch22_Enable,0,0,0,,{0},否
env,average,输入,env_1_Design/Relay/InPort/U_Ch22_Relay_OutValue,0,0,0,,{0},否
env,average,输入,env_1_Design/Relay/InPort/U_Ch23_Enable,0,0,0,,{0},否
env,average,输入,env_1_Design/Relay/InPort/U_Ch23_Relay_OutValue,0,0,0,,{0},否
env,average,输入,env_1_Design/Relay/InPort/U_Ch24_Enable,0,0,0,,{0},否
env,average,输入,env_1_Design/Relay/InPort/U_Ch24_Relay_OutValue,0,0,0,,{0},否
env,average,输入,env_1_Design/Relay/InPort/U_Ch25_Enable,0,0,0,,{0},否
env,average,输入,env_1_Design/Relay/InPort/U_Ch25_Relay_OutValue,1,2,1,24.141,"{1, 2}",否
env,average,输入,env_1_Design/Relay/InPort/U_Ch26_Enable,0,0,0,,{0},否
env,average,输入,env_1_Design/Relay/InPort/U_Ch26_Relay_OutValue,0,0,0,,{0},否
env,average,输入,env_1_Design/Relay/InPort/U_Ch27_Enable,0,0,0,,{0},否
env,average,输入,env_1_Design/Relay/InPort/U_Ch27_Relay_OutValue,0,0,0,,{0},否
env,average,输入,env_1_Design/Relay/InPort/U_Ch28_Enable,0,0,0,,{0},否
env,average,输入,env_1_Design/Relay/InPort/U_Ch28_Relay_OutValue,0,0,0,,{0},否
env,average,输入,env_1_Design/Relay/InPort/U_Ch29_Enable,0,0,0,,{0},否
env,average,输入,env_1_Design/Relay/InPort/U_Ch29_Relay_OutValue,0,0,0,,{0},否
env,average,输入,env_1_Design/Relay/InPort/U_Ch30_Enable,0,0,0,,{0},否
env,average,输入,env_1_Design/Relay/InPort/U_Ch30_Relay_OutValue,0,0,0,,{0},否
env,average,输入,env_1_Design/Relay/InPort/U_Ch31_Enable,0,0,0,,{0},否
env,average,输入,env_1_Design/Relay/InPort/U_Ch31_Relay_OutValue,0,0,0,,{0},否
env,average,输入,env_1_Design/Relay/InPort/U_Ch32_Enable,0,0,0,,{0},否
env,average,输入,env_1_Design/Relay/InPort/U_Ch32_Relay_OutValue,0,0,0,,{0},否
env,average,输入,env_1_Design/Relay/InPort/U_Ch33_Enable,0,0,0,,{0},否
env,average,输入,env_1_Design/Relay/InPort/U_Ch33_Relay_OutValue,0,0,0,,{0},否
env,average,输入,env_1_Design/Relay/InPort/U_Ch34_Enable,0,0,0,,{0},否
env,average,输入,env_1_Design/Relay/InPort/U_Ch34_Relay_OutValue,0,0,0,,{0},否
env,average,输入,env_1_Design/Relay/InPort/U_Ch35_Enable,0,0,0,,{0},否
env,average,输入,env_1_Design/Relay/InPort/U_Ch35_Relay_OutValue,0,0,0,,{0},否
env,average,输入,env_1_Design/Relay/InPort/U_Ch36_Enable,0,0,0,,{0},否
env,average,输入,env_1_Design/Relay/InPort/U_Ch36_Relay_OutValue,0,0,0,,{0},否
env,average,输入,env_1_Design/Relay/InPort/U_Ch37_Enable,0,0,0,,{0},否
env,average,输入,env_1_Design/Relay/InPort/U_Ch37_Relay_OutValue,0,0,0,,{0},否
env,average,输入,env_1_Design/Relay/InPort/U_Ch38_Enable,0,0,0,,{0},否
env,average,输入,env_1_Design/Relay/InPort/U_Ch38_Relay_OutValue,0,0,0,,{0},否
env,average,输入,env_1_Design/Relay/InPort/U_Ch39_Enable,0,0,0,,{0},否
env,average,输入,env_1_Design/Relay/InPort/U_Ch39_Relay_OutValue,0,0,0,,{0},否
env,average,输入,env_1_Design/Relay/InPort/U_Ch40_Enable,0,0,0,,{0},否
env,average,输入,env_1_Design/Relay/InPort/U_Ch40_Relay_OutValue,0,0,0,,{0},否
env,average,输入,env_1_Design/Relay/InPort/U_Ch41_Enable,0,0,0,,{0},否
env,average,输入,env_1_Design/Relay/InPort/U_Ch41_Relay_OutValue,0,0,0,,{0},否
env,average,输入,env_1_Design/Relay/InPort/U_Ch42_Enable,0,0,0,,{0},否
env,average,输入,env_1_Design/Relay/InPort/U_Ch42_Relay_OutValue,0,0,0,,{0},否
env,average,输入,env_1_Design/Relay/InPort/U_Ch43_Enable,0,0,0,,{0},否
env,average,输入,env_1_Design/Relay/InPort/U_Ch43_Relay_OutValue,0,0,0,,{0},否
env,average,输入,env_1_Design/Relay/InPort/U_Ch44_Enable,0,0,0,,{0},否
env,average,输入,env_1_Design/Relay/InPort/U_Ch44_Relay_OutValue,0,0,0,,{0},否
env,average,输入,env_1_Design/Relay/InPort/U_Ch45_Enable,0,0,0,,{0},否
env,average,输入,env_1_Design/Relay/InPort/U_Ch45_Relay_OutValue,0,0,0,,{0},否
env,average,输入,env_1_Design/Relay/InPort/U_Ch46_Enable,0,0,0,,{0},否
env,average,输入,env_1_Design/Relay/InPort/U_Ch46_Relay_OutValue,0,0,0,,{0},否
env,average,输入,env_1_Design/Relay/InPort/U_Ch47_Enable,0,0,0,,{0},否
env,average,输入,env_1_Design/Relay/InPort/U_Ch47_Relay_OutValue,0,0,0,,{0},否
env,average,输入,env_1_Design/Relay/InPort/U_Ch48_Enable,0,0,0,,{0},否
env,average,输入,env_1_Design/Relay/InPort/U_Ch48_Relay_OutValue,0,0,0,,{0},否
env,average,输入,env_1_Design/Relay/InPort/Model_Disabled,0,0,0,,{0},否
env,average,输入,env_1_Design/Relay/InPort/Model_Reset,0,0,0,,{0},否
env,average,输出,env_1_Design/Relay/OutPort/Y_Ch1.Valid,0,0,0,,{0},否
env,average,输出,env_1_Design/Relay/OutPort/Y_Ch2.Valid,1,1,0,,{1},否
env,average,输出,env_1_Design/Relay/OutPort/Y_Ch3.Valid,0,0,0,,{0},否
env,average,输出,env_1_Design/Relay/OutPort/Y_Ch4.Valid,1,1,0,,{1},否
env,average,输出,env_1_Design/Relay/OutPort/Y_Ch5.Valid,1,1,0,,{1},否
env,average,输出,env_1_Design/Relay/OutPort/Y_Ch6.Valid,1,1,0,,{1},否
env,average,输出,env_1_Design/Relay/OutPort/Y_Ch7.Valid,1,1,0,,{1},否
env,average,输出,env_1_Design/Relay/OutPort/Y_Ch8.Valid,1,1,0,,{1},否
env,average,输出,env_1_Design/Relay/OutPort/Y_Ch9.Valid,1,1,0,,{1},否
env,average,输出,env_1_Design/Relay/OutPort/Y_Ch10.Valid,1,1,0,,{1},否
env,average,输出,env_1_Design/Relay/OutPort/Y_Ch11.Valid,1,1,0,,{1},否
env,average,输出,env_1_Design/Relay/OutPort/Y_Ch12.Valid,1,1,0,,{1},否
env,average,输出,env_1_Design/Relay/OutPort/Y_Ch13.Valid,0,0,0,,{0},否
env,average,输出,env_1_Design/Relay/OutPort/Y_Ch14.Valid,0,0,0,,{0},否
env,average,输出,env_1_Design/Relay/OutPort/Y_Ch15.Valid,0,0,0,,{0},否
env,average,输出,env_1_Design/Relay/OutPort/Y_Ch16.Valid,0,0,0,,{0},否
env,average,输出,env_1_Design/Relay/OutPort/Y_Ch17.Valid,0,0,0,,{0},否
env,average,输出,env_1_Design/Relay/OutPort/Y_Ch18.Valid,0,0,0,,{0},否
env,average,输出,env_1_Design/Relay/OutPort/Y_Ch19.Valid,0,0,0,,{0},否
env,average,输出,env_1_Design/Relay/OutPort/Y_Ch20.Valid,0,0,0,,{0},否
env,average,输出,env_1_Design/Relay/OutPort/Y_Ch21.Valid,0,0,0,,{0},否
env,average,输出,env_1_Design/Relay/OutPort/Y_Ch22.Valid,0,0,0,,{0},否
env,average,输出,env_1_Design/Relay/OutPort/Y_Ch23.Valid,0,0,0,,{0},否
env,average,输出,env_1_Design/Relay/OutPort/Y_Ch24.Valid,0,0,0,,{0},否
env,average,输出,env_1_Design/Relay/OutPort/Y_Ch25.Valid,1,1,0,,{1},否
env,average,输出,env_1_Design/Relay/OutPort/Y_Ch26.Valid,0,0,0,,{0},否
env,average,输出,env_1_Design/Relay/OutPort/Y_Ch27.Valid,0,0,0,,{0},否
env,average,输出,env_1_Design/Relay/OutPort/Y_Ch28.Valid,0,0,0,,{0},否
env,average,输出,env_1_Design/Relay/OutPort/Y_Ch29.Valid,0,0,0,,{0},否
env,average,输出,env_1_Design/Relay/OutPort/Y_Ch30.Valid,0,0,0,,{0},否
env,average,输出,env_1_Design/Relay/OutPort/Y_Ch31.Valid,0,0,0,,{0},否
env,average,输出,env_1_Design/Relay/OutPort/Y_Ch32.Valid,0,0,0,,{0},否
env,average,输出,env_1_Design/Relay/OutPort/Y_Ch33.Valid,0,0,0,,{0},否
env,average,输出,env_1_Design/Relay/OutPort/Y_Ch34.Valid,0,0,0,,{0},否
env,average,输出,env_1_Design/Relay/OutPort/Y_Ch35.Valid,0,0,0,,{0},否
env,average,输出,env_1_Design/Relay/OutPort/Y_Ch36.Valid,0,0,0,,{0},否
env,average,输出,env_1_Design/Relay/OutPort/Y_Ch37.Valid,0,0,0,,{0},否
env,average,输出,env_1_Design/Relay/OutPort/Y_Ch38.Valid,0,0,0,,{0},否
env,average,输出,env_1_Design/Relay/OutPort/Y_Ch39.Valid,0,0,0,,{0},否
env,average,输出,env_1_Design/Relay/OutPort/Y_Ch40.Valid,0,0,0,,{0},否
env,average,输出,env_1_Design/Relay/OutPort/Y_Ch41.Valid,0,0,0,,{0},否
env,average,输出,env_1_Design/Relay/OutPort/Y_Ch42.Valid,0,0,0,,{0},否
env,average,输出,env_1_Design/Relay/OutPort/Y_Ch43.Valid,0,0,0,,{0},否
env,average,输出,env_1_Design/Relay/OutPort/Y_Ch44.Valid,0,0,0,,{0},否
env,average,输出,env_1_Design/Relay/OutPort/Y_Ch45.Valid,0,0,0,,{0},否
env,average,输出,env_1_Design/Relay/OutPort/Y_Ch46.Valid,0,0,0,,{0},否
env,average,输出,env_1_Design/Relay/OutPort/Y_Ch47.Valid,0,0,0,,{0},否
env,average,输出,env_1_Design/Relay/OutPort/Y_Ch48.Valid,0,0,0,,{0},否
env,average,内部/未标记,env_1_Design/Relay/Measurement/Runtime(us),1,15,564,"0.341, 0.541, 0.741, 0.941, 1.141, 1.341, 1.541, 1.741, 1.941, 2.141 …",min=1; max=15; distinct=15,否
env,average,内部/未标记,env_1_Design/Relay/Measurement/Runtime_Min(us),1,1,0,,{1},否
env,average,内部/未标记,env_1_Design/Relay/Measurement/Runtime_Max(us),54,54,0,,{54},否
env,average,内部/未标记,env_1_Design/Relay/Measurement/Schedule_Interval(us),2,153,624,"0.341, 0.541, 0.741, 0.941, 1.141, 1.341, 1.541, 1.741, 1.941, 2.141 …",min=2; max=153; distinct=63,否
env,average,内部/未标记,env_1_Design/Relay/Measurement/Schedule_Interval_Min(us),1,1,0,,{1},否
env,average,内部/未标记,env_1_Design/Relay/Measurement/Schedule_Interval_Max(us),1113,1715,1,35.541,"{1113, 1715}",否
env,average,内部/未标记,env_1_Design/Relay/Measurement/Schedule_Count,495272,1.28028e+06,658,"0.341, 0.541, 0.741, 0.941, 1.141, 1.341, 1.541, 1.741, 1.941, 2.141 …",min=495272; max=1.28028e+06; distinct=659,否
env,average,内部/未标记,env_1_Design/Relay/Measurement/Activate_Fail_Count,0,0,0,,{0},否
env,average,内部/未标记,env_1_Design/Relay/Measurement/Processor,5,15,605,"0.341, 0.541, 0.741, 0.941, 1.141, 1.341, 1.541, 1.741, 1.941, 2.141 …",min=5; max=15; distinct=11,否
env,average,输入,env_1_Design/Voltage Encoder Output/InPort/U_Ch1_Voltage_Encoder_Out_Enable,0,0,0,,{0},是
env,average,输入,env_1_Design/Voltage Encoder Output/InPort/U_Ch1_Voltage_Encoder_Out_FIU,0,0,0,,{0},是
env,average,输入,env_1_Design/Voltage Encoder Output/InPort/U_Ch1_Voltage_Encoder_Out_RotateSpeed,0,0,0,,{0},是
env,average,输入,env_1_Design/Voltage Encoder Output/InPort/U_Ch1_Voltage_Encoder_Out_Frequency,0,0,0,,{0},是
env,average,输入,env_1_Design/Voltage Encoder Output/InPort/U_Ch1_Voltage_Encoder_Out_DutyRadio,0,0,0,,{0},是
env,average,输入,env_1_Design/Voltage Encoder Output/InPort/U_Ch1_Voltage_Encoder_Out_ValueLevel,0,0,0,,{0},是
env,average,输入,env_1_Design/Voltage Encoder Output/InPort/U_Ch1_Voltage_Encoder_Out_PulseOnTime,0,0,0,,{0},是
env,average,输入,env_1_Design/Voltage Encoder Output/InPort/U_Ch1_Voltage_Encoder_Out_PulseOffTime,0,0,0,,{0},是
env,average,输入,env_1_Design/Voltage Encoder Output/InPort/U_Ch2_Voltage_Encoder_Out_Enable,0,0,0,,{0},是
env,average,输入,env_1_Design/Voltage Encoder Output/InPort/U_Ch2_Voltage_Encoder_Out_FIU,0,0,0,,{0},是
env,average,输入,env_1_Design/Voltage Encoder Output/InPort/U_Ch2_Voltage_Encoder_Out_RotateSpeed,0,0,0,,{0},是
env,average,输入,env_1_Design/Voltage Encoder Output/InPort/U_Ch2_Voltage_Encoder_Out_Frequency,0,0,0,,{0},是
env,average,输入,env_1_Design/Voltage Encoder Output/InPort/U_Ch2_Voltage_Encoder_Out_DutyRadio,0,0,0,,{0},是
env,average,输入,env_1_Design/Voltage Encoder Output/InPort/U_Ch2_Voltage_Encoder_Out_ValueLevel,0,0,0,,{0},是
env,average,输入,env_1_Design/Voltage Encoder Output/InPort/U_Ch2_Voltage_Encoder_Out_PulseOnTime,0,0,0,,{0},是
env,average,输入,env_1_Design/Voltage Encoder Output/InPort/U_Ch2_Voltage_Encoder_Out_PulseOffTime,0,0,0,,{0},是
env,average,输入,env_1_Design/Voltage Encoder Output/InPort/U_Ch3_Voltage_Encoder_Out_Enable,0,0,0,,{0},是
env,average,输入,env_1_Design/Voltage Encoder Output/InPort/U_Ch3_Voltage_Encoder_Out_FIU,0,0,0,,{0},是
env,average,输入,env_1_Design/Voltage Encoder Output/InPort/U_Ch3_Voltage_Encoder_Out_RotateSpeed,0,0,0,,{0},是
env,average,输入,env_1_Design/Voltage Encoder Output/InPort/U_Ch3_Voltage_Encoder_Out_Frequency,0,0,0,,{0},是
env,average,输入,env_1_Design/Voltage Encoder Output/InPort/U_Ch3_Voltage_Encoder_Out_DutyRadio,0,0,0,,{0},是
env,average,输入,env_1_Design/Voltage Encoder Output/InPort/U_Ch3_Voltage_Encoder_Out_ValueLevel,0,0,0,,{0},是
env,average,输入,env_1_Design/Voltage Encoder Output/InPort/U_Ch3_Voltage_Encoder_Out_PulseOnTime,0,0,0,,{0},是
env,average,输入,env_1_Design/Voltage Encoder Output/InPort/U_Ch3_Voltage_Encoder_Out_PulseOffTime,0,0,0,,{0},是
env,average,输入,env_1_Design/Voltage Encoder Output/InPort/U_Ch4_Voltage_Encoder_Out_Enable,0,0,0,,{0},是
env,average,输入,env_1_Design/Voltage Encoder Output/InPort/U_Ch4_Voltage_Encoder_Out_FIU,0,0,0,,{0},是
env,average,输入,env_1_Design/Voltage Encoder Output/InPort/U_Ch4_Voltage_Encoder_Out_RotateSpeed,0,0,0,,{0},是
env,average,输入,env_1_Design/Voltage Encoder Output/InPort/U_Ch4_Voltage_Encoder_Out_Frequency,0,0,0,,{0},是
env,average,输入,env_1_Design/Voltage Encoder Output/InPort/U_Ch4_Voltage_Encoder_Out_DutyRadio,0,0,0,,{0},是
env,average,输入,env_1_Design/Voltage Encoder Output/InPort/U_Ch4_Voltage_Encoder_Out_ValueLevel,0,0,0,,{0},是
env,average,输入,env_1_Design/Voltage Encoder Output/InPort/U_Ch4_Voltage_Encoder_Out_PulseOnTime,0,0,0,,{0},是
env,average,输入,env_1_Design/Voltage Encoder Output/InPort/U_Ch4_Voltage_Encoder_Out_PulseOffTime,0,0,0,,{0},是
env,average,输入,env_1_Design/Voltage Encoder Output/InPort/U_Ch5_Voltage_Encoder_Out_Enable,0,0,0,,{0},是
env,average,输入,env_1_Design/Voltage Encoder Output/InPort/U_Ch5_Voltage_Encoder_Out_FIU,0,0,0,,{0},是
env,average,输入,env_1_Design/Voltage Encoder Output/InPort/U_Ch5_Voltage_Encoder_Out_RotateSpeed,0,0,0,,{0},是
env,average,输入,env_1_Design/Voltage Encoder Output/InPort/U_Ch5_Voltage_Encoder_Out_Frequency,0,0,0,,{0},是
env,average,输入,env_1_Design/Voltage Encoder Output/InPort/U_Ch5_Voltage_Encoder_Out_DutyRadio,0,0,0,,{0},是
env,average,输入,env_1_Design/Voltage Encoder Output/InPort/U_Ch5_Voltage_Encoder_Out_ValueLevel,0,0,0,,{0},是
env,average,输入,env_1_Design/Voltage Encoder Output/InPort/U_Ch5_Voltage_Encoder_Out_PulseOnTime,0,0,0,,{0},是
env,average,输入,env_1_Design/Voltage Encoder Output/InPort/U_Ch5_Voltage_Encoder_Out_PulseOffTime,0,0,0,,{0},是
env,average,输入,env_1_Design/Voltage Encoder Output/InPort/U_Ch6_Voltage_Encoder_Out_Enable,0,0,0,,{0},是
env,average,输入,env_1_Design/Voltage Encoder Output/InPort/U_Ch6_Voltage_Encoder_Out_FIU,0,0,0,,{0},是
env,average,输入,env_1_Design/Voltage Encoder Output/InPort/U_Ch6_Voltage_Encoder_Out_RotateSpeed,0,0,0,,{0},是
env,average,输入,env_1_Design/Voltage Encoder Output/InPort/U_Ch6_Voltage_Encoder_Out_Frequency,0,0,0,,{0},是
env,average,输出,env_1_Design/CAN/OutPort/CAN_CH5.Statistic.Receive.Y_CAN_Ch5_TotalRxExtFramesCnt,0,0,0,,{0},否
env,average,输出,env_1_Design/CAN/OutPort/CAN_CH5.Statistic.Receive.Y_CAN_Ch5_RxExtFramesCnt,0,0,0,,{0},否
env,average,输出,env_1_Design/CAN/OutPort/CAN_CH5.Statistic.Receive.Y_CAN_Ch5_TotalRxStdRemoteFramesCnt,0,0,0,,{0},否
env,average,输出,env_1_Design/CAN/OutPort/CAN_CH5.Statistic.Receive.Y_CAN_Ch5_RxStdRemoteFramesCnt,0,0,0,,{0},否
env,average,输出,env_1_Design/CAN/OutPort/CAN_CH5.Statistic.Receive.Y_CAN_Ch5_TotalRxExtRemoteFramesCnt,0,0,0,,{0},否
env,average,输出,env_1_Design/CAN/OutPort/CAN_CH5.Statistic.Receive.Y_CAN_Ch5_RxExtRemoteFramesCnt,0,0,0,,{0},否
env,average,输出,env_1_Design/CAN/OutPort/CAN_CH5.Statistic.ErrorFrame.Y_CAN_Ch5_TotalTxErrorsCnt,0,0,0,,{0},否
env,average,输出,env_1_Design/CAN/OutPort/CAN_CH5.Statistic.ErrorFrame.Y_CAN_Ch5_TotalRxErrorsCnt,0,0,0,,{0},否
env,average,输出,env_1_Design/CAN/OutPort/CAN_CH5.Statistic.ErrorFrame.Y_CAN_Ch5_TotalErrorsCnt,0,0,0,,{0},否
env,average,输出,env_1_Design/CAN/OutPort/CAN_CH5.Statistic.ErrorFrame.Y_CAN_Ch5_TxErrorsCnt,0,0,0,,{0},否
env,average,输出,env_1_Design/CAN/OutPort/CAN_CH5.Statistic.ErrorFrame.Y_CAN_Ch5_RxErrorsCnt,0,0,0,,{0},否
env,average,输出,env_1_Design/CAN/OutPort/CAN_CH5.Statistic.ErrorFrame.Y_CAN_Ch5_ErrorsCnt,0,0,0,,{0},否
env,average,输出,env_1_Design/CAN/OutPort/CAN_CH5.Statistic.ErrorFrame.Y_CAN_Ch5_TotalNackErrorsCnt,0,0,0,,{0},否
env,average,输出,env_1_Design/CAN/OutPort/CAN_CH5.Statistic.ErrorFrame.Y_CAN_Ch5_TotalSufferErrorsCnt,0,0,0,,{0},否
env,average,输出,env_1_Design/CAN/OutPort/CAN_CH5.Statistic.ErrorFrame.Y_CAN_Ch5_TotalBit0ErrorsCnt,0,0,0,,{0},否
env,average,输出,env_1_Design/CAN/OutPort/CAN_CH5.Statistic.ErrorFrame.Y_CAN_Ch5_TotalBit1ErrorsCnt,0,0,0,,{0},否
env,average,输出,env_1_Design/CAN/OutPort/CAN_CH5.Statistic.ErrorFrame.Y_CAN_Ch5_TotalCrcErrorsCnt,0,0,0,,{0},否
env,average,输出,env_1_Design/CAN/OutPort/CAN_CH5.Statistic.ErrorFrame.Y_CAN_Ch5_TotalFormErrorsCnt,0,0,0,,{0},否
env,average,输出,env_1_Design/CAN/OutPort/CAN_CH5.Statistic.ErrorFrame.Y_CAN_Ch5_NackErrorsCnt,0,0,0,,{0},否
env,average,输出,env_1_Design/CAN/OutPort/CAN_CH5.Statistic.ErrorFrame.Y_CAN_Ch5_SufferErrorsCnt,0,0,0,,{0},否
env,average,输出,env_1_Design/CAN/OutPort/CAN_CH5.Statistic.ErrorFrame.Y_CAN_Ch5_Bit0ErrorsCnt,0,0,0,,{0},否
env,average,输出,env_1_Design/CAN/OutPort/CAN_CH5.Statistic.ErrorFrame.Y_CAN_Ch5_Bit1ErrorsCnt,0,0,0,,{0},否
env,average,输出,env_1_Design/CAN/OutPort/CAN_CH5.Statistic.ErrorFrame.Y_CAN_Ch5_CrcErrorsCnt,0,0,0,,{0},否
env,average,输出,env_1_Design/CAN/OutPort/CAN_CH5.Statistic.ErrorFrame.Y_CAN_Ch5_FormErrorsCnt,0,0,0,,{0},否
env,average,输出,env_1_Design/CAN/OutPort/CAN_CH5.Statistic.AllFrame.Y_CAN_Ch5_TotalFramesCnt,0,0,0,,{0},否
env,average,输出,env_1_Design/CAN/OutPort/CAN_CH5.Statistic.AllFrame.Y_CAN_Ch5_FramesCnt,0,0,0,,{0},否
env,average,输出,env_1_Design/CAN/OutPort/CAN_CH5.Statistic.AllFrame.Y_CAN_Ch5_TotalStdFramesCnt,0,0,0,,{0},否
env,average,输出,env_1_Design/CAN/OutPort/CAN_CH5.Statistic.AllFrame.Y_CAN_Ch5_StdFramesCnt,0,0,0,,{0},否
env,average,输出,env_1_Design/CAN/OutPort/CAN_CH5.Statistic.AllFrame.Y_CAN_Ch5_TotalExtFramesCnt,0,0,0,,{0},否
env,average,输出,env_1_Design/CAN/OutPort/CAN_CH5.Statistic.AllFrame.Y_CAN_Ch5_ExtFramesCnt,0,0,0,,{0},否
env,average,输出,env_1_Design/CAN/OutPort/CAN_CH5.Statistic.AllFrame.Y_CAN_Ch5_TotalStdRemoteFramesCnt,0,0,0,,{0},否
env,average,输出,env_1_Design/CAN/OutPort/CAN_CH5.Statistic.AllFrame.Y_CAN_Ch5_StdRemoteFramesCnt,0,0,0,,{0},否
env,average,输出,env_1_Design/CAN/OutPort/CAN_CH5.Statistic.AllFrame.Y_CAN_Ch5_TotalExtRemoteFramesCnt,0,0,0,,{0},否
env,average,输出,env_1_Design/CAN/OutPort/CAN_CH5.Statistic.AllFrame.Y_CAN_Ch5_ExtRemoteFramesCnt,0,0,0,,{0},否
env,average,输出,env_1_Design/CAN/OutPort/CAN_CH5.Statistic.Y_CAN_Ch5_BurstTime,0,0,0,,{0},否
env,average,输出,env_1_Design/CAN/OutPort/CAN_CH5.Valid,0,0,0,,{0},否
env,average,输出,env_1_Design/CAN/OutPort/CAN_CH5.Background_Traffic.Valid,0,0,0,,{0},否
env,average,输出,env_1_Design/CAN/OutPort/CAN_CH5.Sample_Point_Test.Result,0,0,0,,{0},否
env,average,输出,env_1_Design/CAN/OutPort/CAN_CH5.Sample_Point_Test.Arbitration_Phase.Measeure_Sample_Ponit,0,0,0,,{0},否
env,average,输出,env_1_Design/CAN/OutPort/CAN_CH5.Sample_Point_Test.Data_Phase.Measeure_Sample_Ponit,0,0,0,,{0},否
env,average,输出,env_1_Design/CAN/OutPort/CAN_CH5.Sample_Point_Test.Valid,0,0,0,,{0},否
env,average,输出,env_1_Design/CAN/OutPort/CAN_CH5.Error_Inject.Valid,0,0,0,,{0},否
env,average,输出,env_1_Design/CAN/OutPort/CAN_CH5.Custom_Sequence.Valid,0,0,0,,{0},否
env,average,输出,env_1_Design/CAN/OutPort/CAN_CH6.Config.Y_CAN_Ch6_Mode,2,2,0,,{2},否
env,average,输出,env_1_Design/CAN/OutPort/CAN_CH6.Config.Y_CAN_Ch6_Bitrate,500000,500000,0,,{500000},否
env,average,输出,env_1_Design/CAN/OutPort/CAN_CH6.Config.Y_CAN_Ch6_SamplePoint,0.75,0.75,0,,{0.75},否
env,average,输出,env_1_Design/CAN/OutPort/CAN_CH6.Config.Y_CAN_Ch6_DataBitrate,2e+06,2e+06,0,,{2e+06},否
env,average,输出,env_1_Design/CAN/OutPort/CAN_CH6.Config.Y_CAN_Ch6_DataSamplePoint,0.75,0.75,0,,{0.75},否
env,average,输出,env_1_Design/CAN/OutPort/CAN_CH6.Statistic.Y_CAN_Ch6_Busload,0,0,0,,{0},否
env,average,输出,env_1_Design/CAN/OutPort/CAN_CH6.Statistic.Chip State.Y_CAN_Ch6_ChipState,1,1,0,,{1},否
env,average,输出,env_1_Design/CAN/OutPort/CAN_CH6.Statistic.Chip State.Y_CAN_Ch6_TransmitErrorCount,0,0,0,,{0},否
env,average,输出,env_1_Design/CAN/OutPort/CAN_CH6.Statistic.Chip State.Y_CAN_Ch6_ReceiveErrorCount,0,0,0,,{0},否
env,average,输出,env_1_Design/CAN/OutPort/CAN_CH6.Statistic.Transmit.Y_CAN_Ch6_TotalTxFramesCnt,0,0,0,,{0},否
env,average,输出,env_1_Design/CAN/OutPort/CAN_CH6.Statistic.Transmit.Y_CAN_Ch6_TxFramesCnt,0,0,0,,{0},否
env,average,输出,env_1_Design/CAN/OutPort/CAN_CH6.Statistic.Transmit.Y_CAN_Ch6_TotalTxStdFramesCnt,0,0,0,,{0},否
env,average,输出,env_1_Design/CAN/OutPort/CAN_CH6.Statistic.Transmit.Y_CAN_Ch6_TxStdFramesCnt,0,0,0,,{0},否
env,average,输出,env_1_Design/CAN/OutPort/CAN_CH6.Statistic.Transmit.Y_CAN_Ch6_TotalTxExtFramesCnt,0,0,0,,{0},否
env,average,输出,env_1_Design/CAN/OutPort/CAN_CH6.Statistic.Transmit.Y_CAN_Ch6_TxExtFramesCnt,0,0,0,,{0},否
env,average,输出,env_1_Design/CAN/OutPort/CAN_CH6.Statistic.Transmit.Y_CAN_Ch6_TotalTxStdRemoteFramesCnt,0,0,0,,{0},否
env,average,输出,env_1_Design/CAN/OutPort/CAN_CH6.Statistic.Transmit.Y_CAN_Ch6_TxStdRemoteFramesCnt,0,0,0,,{0},否
env,average,输出,env_1_Design/CAN/OutPort/CAN_CH6.Statistic.Transmit.Y_CAN_Ch6_TotalTxExtRemoteFramesCnt,0,0,0,,{0},否
env,average,输出,env_1_Design/CAN/OutPort/CAN_CH6.Statistic.Transmit.Y_CAN_Ch6_TxExtRemoteFramesCnt,0,0,0,,{0},否
env,average,输出,env_1_Design/CAN/OutPort/CAN_CH6.Statistic.Receive.Y_CAN_Ch6_TotalRxFramesCnt,0,0,0,,{0},否
env,average,输出,env_1_Design/CAN/OutPort/CAN_CH6.Statistic.Receive.Y_CAN_Ch6_RxFramesCnt,0,0,0,,{0},否
env,average,输出,env_1_Design/CAN/OutPort/CAN_CH6.Statistic.Receive.Y_CAN_Ch6_TotalRxStdFramesCnt,0,0,0,,{0},否
env,average,输出,env_1_Design/CAN/OutPort/CAN_CH6.Statistic.Receive.Y_CAN_Ch6_RxStdFramesCnt,0,0,0,,{0},否
env,average,输出,env_1_Design/CAN/OutPort/CAN_CH6.Statistic.Receive.Y_CAN_Ch6_TotalRxExtFramesCnt,0,0,0,,{0},否
env,average,输出,env_1_Design/CAN/OutPort/CAN_CH6.Statistic.Receive.Y_CAN_Ch6_RxExtFramesCnt,0,0,0,,{0},否
env,average,输出,env_1_Design/CAN/OutPort/CAN_CH6.Statistic.Receive.Y_CAN_Ch6_TotalRxStdRemoteFramesCnt,0,0,0,,{0},否
env,average,输出,env_1_Design/CAN/OutPort/CAN_CH6.Statistic.Receive.Y_CAN_Ch6_RxStdRemoteFramesCnt,0,0,0,,{0},否
env,average,输出,env_1_Design/CAN/OutPort/CAN_CH6.Statistic.Receive.Y_CAN_Ch6_TotalRxExtRemoteFramesCnt,0,0,0,,{0},否
env,average,输出,env_1_Design/CAN/OutPort/CAN_CH6.Statistic.Receive.Y_CAN_Ch6_RxExtRemoteFramesCnt,0,0,0,,{0},否
env,average,输出,env_1_Design/CAN/OutPort/CAN_CH6.Statistic.ErrorFrame.Y_CAN_Ch6_TotalTxErrorsCnt,0,0,0,,{0},否
env,average,输出,env_1_Design/CAN/OutPort/CAN_CH6.Statistic.ErrorFrame.Y_CAN_Ch6_TotalRxErrorsCnt,0,0,0,,{0},否
env,average,输出,env_1_Design/CAN/OutPort/CAN_CH6.Statistic.ErrorFrame.Y_CAN_Ch6_TotalErrorsCnt,0,0,0,,{0},否
env,average,输出,env_1_Design/CAN/OutPort/CAN_CH6.Statistic.ErrorFrame.Y_CAN_Ch6_TxErrorsCnt,0,0,0,,{0},否
env,average,输出,env_1_Design/CAN/OutPort/CAN_CH6.Statistic.ErrorFrame.Y_CAN_Ch6_RxErrorsCnt,0,0,0,,{0},否
env,average,输出,env_1_Design/CAN/OutPort/CAN_CH6.Statistic.ErrorFrame.Y_CAN_Ch6_ErrorsCnt,0,0,0,,{0},否
env,average,输出,env_1_Design/CAN/OutPort/CAN_CH6.Statistic.ErrorFrame.Y_CAN_Ch6_TotalNackErrorsCnt,0,0,0,,{0},否
env,average,输出,env_1_Design/CAN/OutPort/CAN_CH6.Statistic.ErrorFrame.Y_CAN_Ch6_TotalSufferErrorsCnt,0,0,0,,{0},否
env,average,输出,env_1_Design/CAN/OutPort/CAN_CH6.Statistic.ErrorFrame.Y_CAN_Ch6_TotalBit0ErrorsCnt,0,0,0,,{0},否
env,average,输出,env_1_Design/CAN/OutPort/CAN_CH6.Statistic.ErrorFrame.Y_CAN_Ch6_TotalBit1ErrorsCnt,0,0,0,,{0},否
env,average,输出,env_1_Design/CAN/OutPort/CAN_CH6.Statistic.ErrorFrame.Y_CAN_Ch6_TotalCrcErrorsCnt,0,0,0,,{0},否
env,average,输出,env_1_Design/CAN/OutPort/CAN_CH6.Statistic.ErrorFrame.Y_CAN_Ch6_TotalFormErrorsCnt,0,0,0,,{0},否
env,average,输出,env_1_Design/CAN/OutPort/CAN_CH6.Statistic.ErrorFrame.Y_CAN_Ch6_NackErrorsCnt,0,0,0,,{0},否
env,average,输出,env_1_Design/CAN/OutPort/CAN_CH6.Statistic.ErrorFrame.Y_CAN_Ch6_SufferErrorsCnt,0,0,0,,{0},否
env,average,输出,env_1_Design/CAN/OutPort/CAN_CH6.Statistic.ErrorFrame.Y_CAN_Ch6_Bit0ErrorsCnt,0,0,0,,{0},否
env,average,输出,env_1_Design/CAN/OutPort/CAN_CH6.Statistic.ErrorFrame.Y_CAN_Ch6_Bit1ErrorsCnt,0,0,0,,{0},否
env,average,输出,env_1_Design/CAN/OutPort/CAN_CH6.Statistic.ErrorFrame.Y_CAN_Ch6_CrcErrorsCnt,0,0,0,,{0},否
env,average,输出,env_1_Design/CAN/OutPort/CAN_CH6.Statistic.ErrorFrame.Y_CAN_Ch6_FormErrorsCnt,0,0,0,,{0},否
env,average,输出,env_1_Design/CAN/OutPort/CAN_CH6.Statistic.AllFrame.Y_CAN_Ch6_TotalFramesCnt,0,0,0,,{0},否
env,average,输出,env_1_Design/CAN/OutPort/CAN_CH6.Statistic.AllFrame.Y_CAN_Ch6_FramesCnt,0,0,0,,{0},否
env,average,输出,env_1_Design/CAN/OutPort/CAN_CH6.Statistic.AllFrame.Y_CAN_Ch6_TotalStdFramesCnt,0,0,0,,{0},否
env,average,输出,env_1_Design/CAN/OutPort/CAN_CH6.Statistic.AllFrame.Y_CAN_Ch6_StdFramesCnt,0,0,0,,{0},否
env,average,输出,env_1_Design/CAN/OutPort/CAN_CH6.Statistic.AllFrame.Y_CAN_Ch6_TotalExtFramesCnt,0,0,0,,{0},否
env,average,输出,env_1_Design/CAN/OutPort/CAN_CH6.Statistic.AllFrame.Y_CAN_Ch6_ExtFramesCnt,0,0,0,,{0},否
env,average,输出,env_1_Design/CAN/OutPort/CAN_CH6.Statistic.AllFrame.Y_CAN_Ch6_TotalStdRemoteFramesCnt,0,0,0,,{0},否
env,average,输出,env_1_Design/CAN/OutPort/CAN_CH6.Statistic.AllFrame.Y_CAN_Ch6_StdRemoteFramesCnt,0,0,0,,{0},否
env,average,输出,env_1_Design/CAN/OutPort/CAN_CH6.Statistic.AllFrame.Y_CAN_Ch6_TotalExtRemoteFramesCnt,0,0,0,,{0},否
env,average,输出,env_1_Design/CAN/OutPort/CAN_CH6.Statistic.AllFrame.Y_CAN_Ch6_ExtRemoteFramesCnt,0,0,0,,{0},否
env,average,输出,env_1_Design/CAN/OutPort/CAN_CH6.Statistic.Y_CAN_Ch6_BurstTime,0,0,0,,{0},否
env,average,输出,env_1_Design/CAN/OutPort/CAN_CH6.Valid,0,0,0,,{0},否
env,average,输出,env_1_Design/CAN/OutPort/CAN_CH6.Background_Traffic.Valid,0,0,0,,{0},否
env,average,输出,env_1_Design/CAN/OutPort/CAN_CH6.Sample_Point_Test.Result,0,0,0,,{0},否
env,average,输出,env_1_Design/CAN/OutPort/CAN_CH6.Sample_Point_Test.Arbitration_Phase.Measeure_Sample_Ponit,0,0,0,,{0},否
env,average,输出,env_1_Design/CAN/OutPort/CAN_CH6.Sample_Point_Test.Data_Phase.Measeure_Sample_Ponit,0,0,0,,{0},否
env,average,输出,env_1_Design/CAN/OutPort/CAN_CH6.Sample_Point_Test.Valid,0,0,0,,{0},否
env,average,输出,env_1_Design/CAN/OutPort/CAN_CH6.Error_Inject.Valid,0,0,0,,{0},否
env,average,输出,env_1_Design/CAN/OutPort/CAN_CH6.Custom_Sequence.Valid,0,0,0,,{0},否
env,average,输出,env_1_Design/CAN/OutPort/CAN_CH7.Config.Y_CAN_Ch7_Mode,2,2,0,,{2},否
env,average,输出,env_1_Design/CAN/OutPort/CAN_CH7.Config.Y_CAN_Ch7_Bitrate,500000,500000,0,,{500000},否
env,average,输出,env_1_Design/CAN/OutPort/CAN_CH7.Config.Y_CAN_Ch7_SamplePoint,0.75,0.75,0,,{0.75},否
env,average,输出,env_1_Design/CAN/OutPort/CAN_CH7.Config.Y_CAN_Ch7_DataBitrate,2e+06,2e+06,0,,{2e+06},否
env,average,输出,env_1_Design/CAN/OutPort/CAN_CH7.Config.Y_CAN_Ch7_DataSamplePoint,0.75,0.75,0,,{0.75},否
env,average,输出,env_1_Design/CAN/OutPort/CAN_CH7.Statistic.Y_CAN_Ch7_Busload,0,0,0,,{0},否
env,average,输出,env_1_Design/CAN/OutPort/CAN_CH7.Statistic.Chip State.Y_CAN_Ch7_ChipState,1,1,0,,{1},否
env,average,输出,env_1_Design/CAN/OutPort/CAN_CH7.Statistic.Chip State.Y_CAN_Ch7_TransmitErrorCount,0,0,0,,{0},否
env,average,输出,env_1_Design/CAN/OutPort/CAN_CH7.Statistic.Chip State.Y_CAN_Ch7_ReceiveErrorCount,0,0,0,,{0},否
env,average,输出,env_1_Design/CAN/OutPort/CAN_CH7.Statistic.Transmit.Y_CAN_Ch7_TotalTxFramesCnt,0,0,0,,{0},否
env,average,输出,env_1_Design/CAN/OutPort/CAN_CH7.Statistic.Transmit.Y_CAN_Ch7_TxFramesCnt,0,0,0,,{0},否
env,average,输出,env_1_Design/CAN/OutPort/CAN_CH7.Statistic.Transmit.Y_CAN_Ch7_TotalTxStdFramesCnt,0,0,0,,{0},否
env,average,输出,env_1_Design/CAN/OutPort/CAN_CH7.Statistic.Transmit.Y_CAN_Ch7_TxStdFramesCnt,0,0,0,,{0},否
env,average,输出,env_1_Design/CAN/OutPort/CAN_CH7.Statistic.Transmit.Y_CAN_Ch7_TotalTxExtFramesCnt,0,0,0,,{0},否
env,average,输出,env_1_Design/CAN/OutPort/CAN_CH7.Statistic.Transmit.Y_CAN_Ch7_TxExtFramesCnt,0,0,0,,{0},否
env,average,输出,env_1_Design/CAN/OutPort/CAN_CH7.Statistic.Transmit.Y_CAN_Ch7_TotalTxStdRemoteFramesCnt,0,0,0,,{0},否
env,average,输出,env_1_Design/CAN/OutPort/CAN_CH7.Statistic.Transmit.Y_CAN_Ch7_TxStdRemoteFramesCnt,0,0,0,,{0},否
env,average,输出,env_1_Design/CAN/OutPort/CAN_CH7.Statistic.Transmit.Y_CAN_Ch7_TotalTxExtRemoteFramesCnt,0,0,0,,{0},否
env,average,输出,env_1_Design/CAN/OutPort/CAN_CH7.Statistic.Transmit.Y_CAN_Ch7_TxExtRemoteFramesCnt,0,0,0,,{0},否
env,average,输出,env_1_Design/CAN/OutPort/CAN_CH7.Statistic.Receive.Y_CAN_Ch7_TotalRxFramesCnt,0,0,0,,{0},否
env,average,输出,env_1_Design/CAN/OutPort/CAN_CH7.Statistic.Receive.Y_CAN_Ch7_RxFramesCnt,0,0,0,,{0},否
env,average,输出,env_1_Design/CAN/OutPort/CAN_CH7.Statistic.Receive.Y_CAN_Ch7_TotalRxStdFramesCnt,0,0,0,,{0},否
env,average,输出,env_1_Design/CAN/OutPort/CAN_CH7.Statistic.Receive.Y_CAN_Ch7_RxStdFramesCnt,0,0,0,,{0},否
env,average,输出,env_1_Design/CAN/OutPort/CAN_CH7.Statistic.Receive.Y_CAN_Ch7_TotalRxExtFramesCnt,0,0,0,,{0},否
env,average,输出,env_1_Design/CAN/OutPort/CAN_CH7.Statistic.Receive.Y_CAN_Ch7_RxExtFramesCnt,0,0,0,,{0},否
env,average,输出,env_1_Design/CAN/OutPort/CAN_CH7.Statistic.Receive.Y_CAN_Ch7_TotalRxStdRemoteFramesCnt,0,0,0,,{0},否
env,average,输出,env_1_Design/CAN/OutPort/CAN_CH7.Statistic.Receive.Y_CAN_Ch7_RxStdRemoteFramesCnt,0,0,0,,{0},否
env,average,输出,env_1_Design/CAN/OutPort/CAN_CH7.Statistic.Receive.Y_CAN_Ch7_TotalRxExtRemoteFramesCnt,0,0,0,,{0},否
env,average,输出,env_1_Design/CAN/OutPort/CAN_CH7.Statistic.Receive.Y_CAN_Ch7_RxExtRemoteFramesCnt,0,0,0,,{0},否
env,average,输出,env_1_Design/CAN/OutPort/CAN_CH7.Statistic.ErrorFrame.Y_CAN_Ch7_TotalTxErrorsCnt,0,0,0,,{0},否
env,average,输出,env_1_Design/CAN/OutPort/CAN_CH7.Statistic.ErrorFrame.Y_CAN_Ch7_TotalRxErrorsCnt,0,0,0,,{0},否
env,average,输出,env_1_Design/CAN/OutPort/CAN_CH7.Statistic.ErrorFrame.Y_CAN_Ch7_TotalErrorsCnt,0,0,0,,{0},否
env,average,输出,env_1_Design/CAN/OutPort/CAN_CH7.Statistic.ErrorFrame.Y_CAN_Ch7_TxErrorsCnt,0,0,0,,{0},否
env,average,输出,env_1_Design/CAN/OutPort/CAN_CH7.Statistic.ErrorFrame.Y_CAN_Ch7_RxErrorsCnt,0,0,0,,{0},否
env,average,输出,env_1_Design/CAN/OutPort/CAN_CH7.Statistic.ErrorFrame.Y_CAN_Ch7_ErrorsCnt,0,0,0,,{0},否
env,average,输出,env_1_Design/CAN/OutPort/CAN_CH7.Statistic.ErrorFrame.Y_CAN_Ch7_TotalNackErrorsCnt,0,0,0,,{0},否
env,average,输出,env_1_Design/CAN/OutPort/CAN_CH7.Statistic.ErrorFrame.Y_CAN_Ch7_TotalSufferErrorsCnt,0,0,0,,{0},否
env,average,输出,env_1_Design/CAN/OutPort/CAN_CH7.Statistic.ErrorFrame.Y_CAN_Ch7_TotalBit0ErrorsCnt,0,0,0,,{0},否
env,average,输出,env_1_Design/CAN/OutPort/CAN_CH7.Statistic.ErrorFrame.Y_CAN_Ch7_TotalBit1ErrorsCnt,0,0,0,,{0},否
env,average,输出,env_1_Design/CAN/OutPort/CAN_CH7.Statistic.ErrorFrame.Y_CAN_Ch7_TotalCrcErrorsCnt,0,0,0,,{0},否
env,average,输出,env_1_Design/CAN/OutPort/CAN_CH7.Statistic.ErrorFrame.Y_CAN_Ch7_TotalFormErrorsCnt,0,0,0,,{0},否
env,average,输出,env_1_Design/CAN/OutPort/CAN_CH7.Statistic.ErrorFrame.Y_CAN_Ch7_NackErrorsCnt,0,0,0,,{0},否
env,average,输出,env_1_Design/CAN/OutPort/CAN_CH7.Statistic.ErrorFrame.Y_CAN_Ch7_SufferErrorsCnt,0,0,0,,{0},否
env,average,输出,env_1_Design/CAN/OutPort/CAN_CH7.Statistic.ErrorFrame.Y_CAN_Ch7_Bit0ErrorsCnt,0,0,0,,{0},否
env,average,输出,env_1_Design/CAN/OutPort/CAN_CH7.Statistic.ErrorFrame.Y_CAN_Ch7_Bit1ErrorsCnt,0,0,0,,{0},否
env,average,输出,env_1_Design/CAN/OutPort/CAN_CH7.Statistic.ErrorFrame.Y_CAN_Ch7_CrcErrorsCnt,0,0,0,,{0},否
env,average,输出,env_1_Design/CAN/OutPort/CAN_CH7.Statistic.ErrorFrame.Y_CAN_Ch7_FormErrorsCnt,0,0,0,,{0},否
env,average,输出,env_1_Design/CAN/OutPort/CAN_CH7.Statistic.AllFrame.Y_CAN_Ch7_TotalFramesCnt,0,0,0,,{0},否
env,average,输出,env_1_Design/CAN/OutPort/CAN_CH7.Statistic.AllFrame.Y_CAN_Ch7_FramesCnt,0,0,0,,{0},否
env,average,输出,env_1_Design/CAN/OutPort/CAN_CH7.Statistic.AllFrame.Y_CAN_Ch7_TotalStdFramesCnt,0,0,0,,{0},否
env,average,输出,env_1_Design/CAN/OutPort/CAN_CH7.Statistic.AllFrame.Y_CAN_Ch7_StdFramesCnt,0,0,0,,{0},否
env,average,输出,env_1_Design/CAN/OutPort/CAN_CH7.Statistic.AllFrame.Y_CAN_Ch7_TotalExtFramesCnt,0,0,0,,{0},否
env,average,输出,env_1_Design/CAN/OutPort/CAN_CH7.Statistic.AllFrame.Y_CAN_Ch7_ExtFramesCnt,0,0,0,,{0},否
env,average,输出,env_1_Design/CAN/OutPort/CAN_CH7.Statistic.AllFrame.Y_CAN_Ch7_TotalStdRemoteFramesCnt,0,0,0,,{0},否
env,average,输出,env_1_Design/CAN/OutPort/CAN_CH7.Statistic.AllFrame.Y_CAN_Ch7_StdRemoteFramesCnt,0,0,0,,{0},否
env,average,输出,env_1_Design/CAN/OutPort/CAN_CH7.Statistic.AllFrame.Y_CAN_Ch7_TotalExtRemoteFramesCnt,0,0,0,,{0},否
env,average,输出,env_1_Design/CAN/OutPort/CAN_CH7.Statistic.AllFrame.Y_CAN_Ch7_ExtRemoteFramesCnt,0,0,0,,{0},否
env,average,输出,env_1_Design/CAN/OutPort/CAN_CH7.Statistic.Y_CAN_Ch7_BurstTime,0,0,0,,{0},否
env,average,输出,env_1_Design/CAN/OutPort/CAN_CH7.Valid,0,0,0,,{0},否
env,average,输出,env_1_Design/CAN/OutPort/CAN_CH7.Background_Traffic.Valid,0,0,0,,{0},否
env,average,输出,env_1_Design/CAN/OutPort/CAN_CH7.Sample_Point_Test.Result,0,0,0,,{0},否
env,average,输出,env_1_Design/CAN/OutPort/CAN_CH7.Sample_Point_Test.Arbitration_Phase.Measeure_Sample_Ponit,0,0,0,,{0},否
env,average,输出,env_1_Design/CAN/OutPort/CAN_CH7.Sample_Point_Test.Data_Phase.Measeure_Sample_Ponit,0,0,0,,{0},否
env,average,输出,env_1_Design/CAN/OutPort/CAN_CH7.Sample_Point_Test.Valid,0,0,0,,{0},否
env,average,输出,env_1_Design/CAN/OutPort/CAN_CH7.Error_Inject.Valid,0,0,0,,{0},否
env,average,输出,env_1_Design/CAN/OutPort/CAN_CH7.Custom_Sequence.Valid,0,0,0,,{0},否
env,average,输出,env_1_Design/CAN/OutPort/CAN_CH8.Config.Y_CAN_Ch8_Mode,2,2,0,,{2},否
env,average,输出,env_1_Design/CAN/OutPort/CAN_CH8.Config.Y_CAN_Ch8_Bitrate,500000,500000,0,,{500000},否
env,average,输出,env_1_Design/CAN/OutPort/CAN_CH8.Config.Y_CAN_Ch8_SamplePoint,0.75,0.75,0,,{0.75},否
env,average,输出,env_1_Design/CAN/OutPort/CAN_CH8.Config.Y_CAN_Ch8_DataBitrate,2e+06,2e+06,0,,{2e+06},否
env,average,输出,env_1_Design/CAN/OutPort/CAN_CH8.Config.Y_CAN_Ch8_DataSamplePoint,0.75,0.75,0,,{0.75},否
env,average,输出,env_1_Design/CAN/OutPort/CAN_CH8.Statistic.Y_CAN_Ch8_Busload,0,0,0,,{0},否
env,average,输出,env_1_Design/CAN/OutPort/CAN_CH8.Statistic.Chip State.Y_CAN_Ch8_ChipState,1,1,0,,{1},否
env,average,输出,env_1_Design/CAN/OutPort/CAN_CH8.Statistic.Chip State.Y_CAN_Ch8_TransmitErrorCount,0,0,0,,{0},否
env,average,输出,env_1_Design/CAN/OutPort/CAN_CH8.Statistic.Chip State.Y_CAN_Ch8_ReceiveErrorCount,0,0,0,,{0},否
env,average,输出,env_1_Design/CAN/OutPort/CAN_CH8.Statistic.Transmit.Y_CAN_Ch8_TotalTxFramesCnt,0,0,0,,{0},否
env,average,输出,env_1_Design/CAN/OutPort/CAN_CH8.Statistic.Transmit.Y_CAN_Ch8_TxFramesCnt,0,0,0,,{0},否
env,average,输出,env_1_Design/CAN/OutPort/CAN_CH8.Statistic.Transmit.Y_CAN_Ch8_TotalTxStdFramesCnt,0,0,0,,{0},否
env,average,输出,env_1_Design/CAN/OutPort/CAN_CH8.Statistic.Transmit.Y_CAN_Ch8_TxStdFramesCnt,0,0,0,,{0},否
env,average,输出,env_1_Design/CAN/OutPort/CAN_CH8.Statistic.Transmit.Y_CAN_Ch8_TotalTxExtFramesCnt,0,0,0,,{0},否
env,average,输出,env_1_Design/CAN/OutPort/CAN_CH8.Statistic.Transmit.Y_CAN_Ch8_TxExtFramesCnt,0,0,0,,{0},否
env,average,输出,env_1_Design/CAN/OutPort/CAN_CH8.Statistic.Transmit.Y_CAN_Ch8_TotalTxStdRemoteFramesCnt,0,0,0,,{0},否
env,average,输出,env_1_Design/CAN/OutPort/CAN_CH8.Statistic.Transmit.Y_CAN_Ch8_TxStdRemoteFramesCnt,0,0,0,,{0},否
env,average,输出,env_1_Design/CAN/OutPort/CAN_CH8.Statistic.Transmit.Y_CAN_Ch8_TotalTxExtRemoteFramesCnt,0,0,0,,{0},否
env,average,输出,env_1_Design/CAN/OutPort/CAN_CH8.Statistic.Transmit.Y_CAN_Ch8_TxExtRemoteFramesCnt,0,0,0,,{0},否
env,average,输出,env_1_Design/CAN/OutPort/CAN_CH8.Statistic.Receive.Y_CAN_Ch8_TotalRxFramesCnt,0,0,0,,{0},否
env,average,输出,env_1_Design/CAN/OutPort/CAN_CH8.Statistic.Receive.Y_CAN_Ch8_RxFramesCnt,0,0,0,,{0},否
env,average,输出,env_1_Design/CAN/OutPort/CAN_CH8.Statistic.Receive.Y_CAN_Ch8_TotalRxStdFramesCnt,0,0,0,,{0},否
env,average,输出,env_1_Design/CAN/OutPort/CAN_CH8.Statistic.Receive.Y_CAN_Ch8_RxStdFramesCnt,0,0,0,,{0},否
env,average,输出,env_1_Design/CAN/OutPort/CAN_CH8.Statistic.Receive.Y_CAN_Ch8_TotalRxExtFramesCnt,0,0,0,,{0},否
env,average,输出,env_1_Design/CAN/OutPort/CAN_CH8.Statistic.Receive.Y_CAN_Ch8_RxExtFramesCnt,0,0,0,,{0},否
env,average,输入,env_1_Design/Digital Output/InPort/U_DO_Ch13_FIU_Value,0,0,0,,{0},否
env,average,输入,env_1_Design/Digital Output/InPort/U_DO_Ch14_ValueLevel,0,0,0,,{0},否
env,average,输入,env_1_Design/Digital Output/InPort/U_DO_Ch14_OutCmd,0,0,0,,{0},否
env,average,输入,env_1_Design/Digital Output/InPort/U_DO_Ch14_Enable,0,0,0,,{0},否
env,average,输入,env_1_Design/Digital Output/InPort/U_DO_Ch14_FIU_Value,0,0,0,,{0},否
env,average,输入,env_1_Design/Digital Output/InPort/U_DO_Ch15_ValueLevel,0,0,0,,{0},否
env,average,输入,env_1_Design/Digital Output/InPort/U_DO_Ch15_OutCmd,0,0,0,,{0},否
env,average,输入,env_1_Design/Digital Output/InPort/U_DO_Ch15_Enable,0,0,0,,{0},否
env,average,输入,env_1_Design/Digital Output/InPort/U_DO_Ch15_FIU_Value,0,0,0,,{0},否
env,average,输入,env_1_Design/Digital Output/InPort/U_DO_Ch16_ValueLevel,0,0,0,,{0},否
env,average,输入,env_1_Design/Digital Output/InPort/U_DO_Ch16_OutCmd,0,0,0,,{0},否
env,average,输入,env_1_Design/Digital Output/InPort/U_DO_Ch16_Enable,0,0,0,,{0},否
env,average,输入,env_1_Design/Digital Output/InPort/U_DO_Ch16_FIU_Value,0,0,0,,{0},否
env,average,输入,env_1_Design/Digital Output/InPort/U_DO_Ch17_ValueLevel,0,0,0,,{0},否
env,average,输入,env_1_Design/Digital Output/InPort/U_DO_Ch17_OutCmd,0,0,0,,{0},否
env,average,输入,env_1_Design/Digital Output/InPort/U_DO_Ch17_Enable,0,0,0,,{0},否
env,average,输入,env_1_Design/Digital Output/InPort/U_DO_Ch17_FIU_Value,0,0,0,,{0},否
env,average,输入,env_1_Design/Digital Output/InPort/U_DO_Ch18_ValueLevel,0,0,0,,{0},否
env,average,输入,env_1_Design/Digital Output/InPort/U_DO_Ch18_OutCmd,0,0,0,,{0},否
env,average,输入,env_1_Design/Digital Output/InPort/U_DO_Ch18_Enable,0,0,0,,{0},否
env,average,输入,env_1_Design/Digital Output/InPort/U_DO_Ch18_FIU_Value,0,0,0,,{0},否
env,average,输入,env_1_Design/Digital Output/InPort/U_DO_Ch19_ValueLevel,0,0,0,,{0},否
env,average,输入,env_1_Design/Digital Output/InPort/U_DO_Ch19_OutCmd,0,0,0,,{0},否
env,average,输入,env_1_Design/Digital Output/InPort/U_DO_Ch19_Enable,0,0,0,,{0},否
env,average,输入,env_1_Design/Digital Output/InPort/U_DO_Ch19_FIU_Value,0,0,0,,{0},否
env,average,输入,env_1_Design/Digital Output/InPort/U_DO_Ch20_ValueLevel,0,0,0,,{0},否
env,average,输入,env_1_Design/Digital Output/InPort/U_DO_Ch20_OutCmd,0,0,0,,{0},否
env,average,输入,env_1_Design/Digital Output/InPort/U_DO_Ch20_Enable,0,0,0,,{0},否
env,average,输入,env_1_Design/Digital Output/InPort/U_DO_Ch20_FIU_Value,0,0,0,,{0},否
env,average,输入,env_1_Design/Digital Output/InPort/U_DO_Ch21_ValueLevel,0,0,0,,{0},否
env,average,输入,env_1_Design/Digital Output/InPort/U_DO_Ch21_OutCmd,0,0,0,,{0},否
env,average,输入,env_1_Design/Digital Output/InPort/U_DO_Ch21_Enable,0,0,0,,{0},否
env,average,输入,env_1_Design/Digital Output/InPort/U_DO_Ch21_FIU_Value,0,0,0,,{0},否
env,average,输入,env_1_Design/Digital Output/InPort/U_DO_Ch22_ValueLevel,0,0,0,,{0},否
env,average,输入,env_1_Design/Digital Output/InPort/U_DO_Ch22_OutCmd,0,0,0,,{0},否
env,average,输入,env_1_Design/Digital Output/InPort/U_DO_Ch22_Enable,0,0,0,,{0},否
env,average,输入,env_1_Design/Digital Output/InPort/U_DO_Ch22_FIU_Value,0,0,0,,{0},否
env,average,输入,env_1_Design/Digital Output/InPort/U_DO_Ch23_ValueLevel,0,0,0,,{0},否
env,average,输入,env_1_Design/Digital Output/InPort/U_DO_Ch23_OutCmd,0,0,0,,{0},否
env,average,输入,env_1_Design/Digital Output/InPort/U_DO_Ch23_Enable,0,0,0,,{0},否
env,average,输入,env_1_Design/Digital Output/InPort/U_DO_Ch23_FIU_Value,0,0,0,,{0},否
env,average,输入,env_1_Design/Digital Output/InPort/U_DO_Ch24_ValueLevel,0,0,0,,{0},否
env,average,输入,env_1_Design/Digital Output/InPort/U_DO_Ch24_OutCmd,0,0,0,,{0},否
env,average,输入,env_1_Design/Digital Output/InPort/U_DO_Ch24_Enable,0,0,0,,{0},否
env,average,输入,env_1_Design/Digital Output/InPort/U_DO_Ch24_FIU_Value,0,0,0,,{0},否
env,average,输入,env_1_Design/Digital Output/InPort/Model_Disabled,0,0,0,,{0},否
env,average,输入,env_1_Design/Digital Output/InPort/Model_Reset,0,0,0,,{0},否
env,average,输出,env_1_Design/Digital Output/OutPort/Y_Ch1_Support_Features,0,0,0,,{0},否
env,average,输出,env_1_Design/Digital Output/OutPort/Y_Ch1.Valid,0,1,238,"0.729, 0.929, 1.729, 1.929, 2.129, 2.329, 4.529, 4.729, 6.129, 6.329 …","{0, 1}",否
env,average,输出,env_1_Design/Digital Output/OutPort/Y_Ch2_Support_Features,0,0,0,,{0},否
env,average,输出,env_1_Design/Digital Output/OutPort/Y_Ch2.Valid,1,1,0,,{1},否
env,average,输出,env_1_Design/Digital Output/OutPort/Y_Ch3_Support_Features,0,0,0,,{0},否
env,average,输出,env_1_Design/Digital Output/OutPort/Y_Ch3.Valid,0,1,238,"0.729, 0.929, 1.729, 1.929, 2.129, 2.329, 4.529, 4.729, 6.129, 6.329 …","{0, 1}",否
env,average,输出,env_1_Design/Digital Output/OutPort/Y_Ch4_Support_Features,0,0,0,,{0},否
env,average,输出,env_1_Design/Digital Output/OutPort/Y_Ch4.Valid,0,0,0,,{0},否
env,average,输出,env_1_Design/Digital Output/OutPort/Y_Ch5_Support_Features,0,0,0,,{0},否
env,average,输出,env_1_Design/Digital Output/OutPort/Y_Ch5.Valid,0,0,0,,{0},否
env,average,输出,env_1_Design/Digital Output/OutPort/Y_Ch6_Support_Features,0,0,0,,{0},否
env,average,输出,env_1_Design/Digital Output/OutPort/Y_Ch6.Valid,0,0,0,,{0},否
env,average,输出,env_1_Design/Digital Output/OutPort/Y_Ch7_Support_Features,0,0,0,,{0},否
env,average,输出,env_1_Design/Digital Output/OutPort/Y_Ch7.Valid,0,0,0,,{0},否
env,average,输出,env_1_Design/Digital Output/OutPort/Y_Ch8_Support_Features,0,0,0,,{0},否
env,average,输出,env_1_Design/Digital Output/OutPort/Y_Ch8.Valid,0,0,0,,{0},否
env,average,输出,env_1_Design/Digital Output/OutPort/Y_Ch9_Support_Features,0,0,0,,{0},否
env,average,输出,env_1_Design/Digital Output/OutPort/Y_Ch9.Valid,0,0,0,,{0},否
env,average,输出,env_1_Design/Digital Output/OutPort/Y_Ch10_Support_Features,0,0,0,,{0},否
env,average,输出,env_1_Design/Digital Output/OutPort/Y_Ch10.Valid,0,0,0,,{0},否
env,average,输出,env_1_Design/Digital Output/OutPort/Y_Ch11_Support_Features,0,0,0,,{0},否
env,average,输出,env_1_Design/Digital Output/OutPort/Y_Ch11.Valid,0,0,0,,{0},否
env,average,输出,env_1_Design/Digital Output/OutPort/Y_Ch12_Support_Features,0,0,0,,{0},否
env,average,输出,env_1_Design/Digital Output/OutPort/Y_Ch12.Valid,0,0,0,,{0},否
env,average,输出,env_1_Design/Digital Output/OutPort/Y_Ch13_Support_Features,0,0,0,,{0},否
env,average,输出,env_1_Design/Digital Output/OutPort/Y_Ch13.Valid,0,0,0,,{0},否
env,average,输出,env_1_Design/Digital Output/OutPort/Y_Ch14_Support_Features,0,0,0,,{0},否
env,average,输出,env_1_Design/Digital Output/OutPort/Y_Ch14.Valid,0,0,0,,{0},否
env,average,输出,env_1_Design/Digital Output/OutPort/Y_Ch15_Support_Features,0,0,0,,{0},否
env,average,输出,env_1_Design/Digital Output/OutPort/Y_Ch15.Valid,0,0,0,,{0},否
env,average,输出,env_1_Design/Digital Output/OutPort/Y_Ch16_Support_Features,0,0,0,,{0},否
env,average,输出,env_1_Design/Digital Output/OutPort/Y_Ch16.Valid,0,0,0,,{0},否
env,average,输出,env_1_Design/Digital Output/OutPort/Y_Ch17_Support_Features,0,0,0,,{0},否
env,average,输出,env_1_Design/Digital Output/OutPort/Y_Ch17.Valid,0,0,0,,{0},否
env,average,输出,env_1_Design/Digital Output/OutPort/Y_Ch18_Support_Features,0,0,0,,{0},否
env,average,输出,env_1_Design/Digital Output/OutPort/Y_Ch18.Valid,0,0,0,,{0},否
env,average,输出,env_1_Design/Digital Output/OutPort/Y_Ch19_Support_Features,0,0,0,,{0},否
env,average,输出,env_1_Design/Digital Output/OutPort/Y_Ch19.Valid,0,0,0,,{0},否
env,average,输出,env_1_Design/Digital Output/OutPort/Y_Ch20_Support_Features,0,0,0,,{0},否
env,average,输出,env_1_Design/Digital Output/OutPort/Y_Ch20.Valid,0,0,0,,{0},否
env,average,输出,env_1_Design/Digital Output/OutPort/Y_Ch21_Support_Features,0,0,0,,{0},否
env,average,输出,env_1_Design/Digital Output/OutPort/Y_Ch21.Valid,0,0,0,,{0},否
env,average,输出,env_1_Design/Digital Output/OutPort/Y_Ch22_Support_Features,0,0,0,,{0},否
env,average,输出,env_1_Design/Digital Output/OutPort/Y_Ch22.Valid,0,0,0,,{0},否
env,average,输出,env_1_Design/Digital Output/OutPort/Y_Ch23_Support_Features,0,0,0,,{0},否
env,average,输出,env_1_Design/Digital Output/OutPort/Y_Ch23.Valid,0,0,0,,{0},否
env,average,输出,env_1_Design/Digital Output/OutPort/Y_Ch24_Support_Features,0,0,0,,{0},否
env,average,输出,env_1_Design/Digital Output/OutPort/Y_Ch24.Valid,0,0,0,,{0},否
env,average,内部/未标记,env_1_Design/Digital Output/Measurement/Runtime(us),0,12,503,"0.729, 0.929, 1.329, 1.529, 1.729, 2.129, 2.329, 2.529, 2.729, 2.929 …",min=0; max=12; distinct=10,否
env,average,内部/未标记,env_1_Design/Digital Output/Measurement/Runtime_Min(us),0,3,146,"1.129, 1.329, 2.729, 2.929, 3.929, 4.129, 6.329, 6.529, 6.729, 7.129 …","{0, 1, 2, 3}",否
env,average,内部/未标记,env_1_Design/Digital Output/Measurement/Runtime_Max(us),32,32,0,,{32},否
env,average,内部/未标记,env_1_Design/Digital Output/Measurement/Schedule_Interval(us),2,655,582,"0.729, 0.929, 1.129, 1.329, 1.529, 1.729, 1.929, 2.129, 2.329, 2.529 …",min=2; max=655; distinct=79,否
env,average,内部/未标记,env_1_Design/Digital Output/Measurement/Schedule_Interval_Min(us),1,1,0,,{1},否
env,average,内部/未标记,env_1_Design/Digital Output/Measurement/Schedule_Interval_Max(us),1140,1766,1,35.529,"{1140, 1766}",否
env,average,内部/未标记,env_1_Design/Digital Output/Measurement/Schedule_Count,169377,436632,656,"0.729, 0.929, 1.129, 1.329, 1.529, 1.729, 1.929, 2.129, 2.329, 2.529 …",min=169377; max=436632; distinct=657,否
env,average,内部/未标记,env_1_Design/Digital Output/Measurement/Activate_Fail_Count,0,0,0,,{0},否
env,average,内部/未标记,env_1_Design/Digital Output/Measurement/Processor,5,15,595,"0.729, 0.929, 1.129, 1.329, 1.529, 1.729, 1.929, 2.329, 2.529, 2.729 …",min=5; max=15; distinct=11,否
env,average,输入,env_1_Design/FlexRay/InPort/FlexRay_CH1.U_FlexRay_Ch1_TxDisable,0,0,0,,{0},否
env,average,输入,env_1_Design/FlexRay/InPort/FlexRay_CH1.U_FlexRay_Ch1_RxDisable,0,0,0,,{0},否
env,average,输入,env_1_Design/FlexRay/InPort/Model_Disabled,0,0,0,,{0},否
env,average,输入,env_1_Design/FlexRay/InPort/Model_Reset,0,0,0,,{0},否
env,average,输出,env_1_Design/FlexRay/OutPort/FlexRay_CH1.Valid,0,0,0,,{0},否
env,average,输出,env_1_Design/FlexRay/OutPort/FlexRay_CH1.Statistic.Y_FlexRay_Ch_POCState,0,0,0,,{0},否
env,average,输出,env_1_Design/FlexRay/OutPort/FlexRay_CH1.Statistic.Y_FlexRay_Ch1_StaticBusload,0,0,0,,{0},否
env,average,输出,env_1_Design/FlexRay/OutPort/FlexRay_CH1.Statistic.Y_FlexRay_Ch1_StaticBusload(DF+NF),0,0,0,,{0},否
env,average,输出,env_1_Design/FlexRay/OutPort/FlexRay_CH1.Statistic.Y_FlexRay_Ch1_DynamicBusload,0,0,0,,{0},否
env,average,输出,env_1_Design/FlexRay/OutPort/FlexRay_CH1.Statistic.Y_FlexRay_Ch1_TotalFramesCnt,0,0,0,,{0},否
env,average,输出,env_1_Design/FlexRay/OutPort/FlexRay_CH1.Statistic.Y_FlexRay_Ch1_TotalTxFramesCnt,0,0,0,,{0},否
env,average,输出,env_1_Design/FlexRay/OutPort/FlexRay_CH1.Statistic.Y_FlexRay_Ch1_TotalRxFramesCnt,0,0,0,,{0},否
env,average,输出,env_1_Design/FlexRay/OutPort/FlexRay_CH1.Statistic.Y_FlexRay_Ch1_TotalTxStaticFramesCnt,0,0,0,,{0},否
env,average,输出,env_1_Design/FlexRay/OutPort/FlexRay_CH1.Statistic.Y_FlexRay_Ch1_TotalRxStaticFramesCnt,0,0,0,,{0},否
env,average,输出,env_1_Design/FlexRay/OutPort/FlexRay_CH1.Statistic.Y_FlexRay_Ch1_TotalTxDynamicFramesCnt,0,0,0,,{0},否
env,average,输出,env_1_Design/FlexRay/OutPort/FlexRay_CH1.Statistic.Y_FlexRay_Ch1_TotalRxDynamicFramesCnt,0,0,0,,{0},否
env,average,输出,env_1_Design/FlexRay/OutPort/FlexRay_CH1.Statistic.Y_FlexRay_Ch1_TotalNullFramesCnt,0,0,0,,{0},否
env,average,输出,env_1_Design/FlexRay/OutPort/FlexRay_CH1.Statistic.Y_FlexRay_Ch1_TotalFrameErrorsCnt,0,0,0,,{0},否
env,average,输出,env_1_Design/FlexRay/OutPort/FlexRay_CH1.Statistic.Y_FlexRay_Ch1_TotalSyntaxErrorsCnt,0,0,0,,{0},否
env,average,输出,env_1_Design/FlexRay/OutPort/FlexRay_CH1.Statistic.Y_FlexRay_Ch1_TotalContentErrorsCnt,0,0,0,,{0},否
env,average,输出,env_1_Design/FlexRay/OutPort/FlexRay_CH1.Statistic.Y_FlexRay_Ch1_TotalBoundaryErrorsCnt,0,0,0,,{0},否
env,average,输出,env_1_Design/FlexRay/OutPort/FlexRay_CH1.Statistic.Y_FlexRay_Ch1_FrameCnt,0,0,0,,{0},否
env,average,输出,env_1_Design/FlexRay/OutPort/FlexRay_CH1.Statistic.Y_FlexRay_Ch1_TxFrameCnt,0,0,0,,{0},否
env,average,输出,env_1_Design/FlexRay/OutPort/FlexRay_CH1.Statistic.Y_FlexRay_Ch1_RxFrameCnt,0,0,0,,{0},否
env,average,输出,env_1_Design/FlexRay/OutPort/FlexRay_CH1.Statistic.Y_FlexRay_Ch1_TxStaticFrameCnt,0,0,0,,{0},否
env,average,输出,env_1_Design/FlexRay/OutPort/FlexRay_CH1.Statistic.Y_FlexRay_Ch1_RxStaticFrameCnt,0,0,0,,{0},否
env,average,输出,env_1_Design/FlexRay/OutPort/FlexRay_CH1.Statistic.Y_FlexRay_Ch1_TxDynamicFrameCnt,0,0,0,,{0},否
env,average,输出,env_1_Design/FlexRay/OutPort/FlexRay_CH1.Statistic.Y_FlexRay_Ch1_RxDynamicFrameCnt,0,0,0,,{0},否
env,average,输出,env_1_Design/FlexRay/OutPort/FlexRay_CH1.Statistic.Y_FlexRay_Ch1_NullFrameCnt,0,0,0,,{0},否
env,average,输出,env_1_Design/FlexRay/OutPort/FlexRay_CH1.Statistic.Y_FlexRay_Ch1_FrameErrorCnt,0,0,0,,{0},否
env,average,输出,env_1_Design/FlexRay/OutPort/FlexRay_CH1.Statistic.Y_FlexRay_Ch1_SyntaxErrorCnt,0,0,0,,{0},否
env,average,输出,env_1_Design/FlexRay/OutPort/FlexRay_CH1.Statistic.Y_FlexRay_Ch1_ContentErrorCnt,0,0,0,,{0},否
env,average,输出,env_1_Design/FlexRay/OutPort/FlexRay_CH1.Statistic.Y_FlexRay_Ch1_BoundaryErrorCnt,0,0,0,,{0},否
env,average,输出,env_1_Design/FlexRay/OutPort/FlexRay_CH1.Statistic.Y_FlexRay_Ch1_B_POCState,0,0,0,,{0},否
env,average,输出,env_1_Design/FlexRay/OutPort/FlexRay_CH1.Statistic.Y_FlexRay_Ch1_B_StaticBusload,0,0,0,,{0},否
env,average,输出,env_1_Design/FlexRay/OutPort/FlexRay_CH1.Statistic.Y_FlexRay_Ch1_B_StaticBusload(DF+NF),0,0,0,,{0},否
env,average,输出,env_1_Design/FlexRay/OutPort/FlexRay_CH1.Statistic.Y_FlexRay_Ch1_B_DynamicBusload,0,0,0,,{0},否
env,average,输出,env_1_Design/FlexRay/OutPort/FlexRay_CH1.Statistic.Y_FlexRay_Ch1_B_TotalFramesCnt,0,0,0,,{0},否
env,average,输出,env_1_Design/FlexRay/OutPort/FlexRay_CH1.Statistic.Y_FlexRay_Ch1_B_TotalTxFramesCnt,0,0,0,,{0},否
env,average,输出,env_1_Design/FlexRay/OutPort/FlexRay_CH1.Statistic.Y_FlexRay_Ch1_B_TotalRxFramesCnt,0,0,0,,{0},否
env,average,输出,env_1_Design/FlexRay/OutPort/FlexRay_CH1.Statistic.Y_FlexRay_Ch1_B_TotalTxStaticFramesCnt,0,0,0,,{0},否
env,average,输出,env_1_Design/FlexRay/OutPort/FlexRay_CH1.Statistic.Y_FlexRay_Ch1_B_TotalRxStaticFramesCnt,0,0,0,,{0},否
env,average,输出,env_1_Design/FlexRay/OutPort/FlexRay_CH1.Statistic.Y_FlexRay_Ch1_B_TotalTxDynamicFramesCnt,0,0,0,,{0},否
env,average,输出,env_1_Design/FlexRay/OutPort/FlexRay_CH1.Statistic.Y_FlexRay_Ch1_B_TotalRxDynamicFramesCnt,0,0,0,,{0},否
env,average,输出,env_1_Design/FlexRay/OutPort/FlexRay_CH1.Statistic.Y_FlexRay_Ch1_B_TotalNullFramesCnt,0,0,0,,{0},否
env,average,输出,env_1_Design/FlexRay/OutPort/FlexRay_CH1.Statistic.Y_FlexRay_Ch1_B_TotalFrameErrorsCnt,0,0,0,,{0},否
env,average,输出,env_1_Design/FlexRay/OutPort/FlexRay_CH1.Statistic.Y_FlexRay_Ch1_B_TotalSyntaxErrorsCnt,0,0,0,,{0},否
env,average,输出,env_1_Design/FlexRay/OutPort/FlexRay_CH1.Statistic.Y_FlexRay_Ch1_B_TotalContentErrorsCnt,0,0,0,,{0},否
env,average,输出,env_1_Design/FlexRay/OutPort/FlexRay_CH1.Statistic.Y_FlexRay_Ch1_B_TotalBoundaryErrorsCnt,0,0,0,,{0},否
env,average,输出,env_1_Design/FlexRay/OutPort/FlexRay_CH1.Statistic.Y_FlexRay_Ch1_B_FrameCnt,0,0,0,,{0},否
env,average,输出,env_1_Design/FlexRay/OutPort/FlexRay_CH1.Statistic.Y_FlexRay_Ch1_B_TxFrameCnt,0,0,0,,{0},否
env,average,输出,env_1_Design/FlexRay/OutPort/FlexRay_CH1.Statistic.Y_FlexRay_Ch1_B_RxFrameCnt,0,0,0,,{0},否
env,average,输出,env_1_Design/FlexRay/OutPort/FlexRay_CH1.Statistic.Y_FlexRay_Ch1_B_TxStaticFrameCnt,0,0,0,,{0},否
env,average,输出,env_1_Design/FlexRay/OutPort/FlexRay_CH1.Statistic.Y_FlexRay_Ch1_B_RxStaticFrameCnt,0,0,0,,{0},否
env,average,输出,env_1_Design/FlexRay/OutPort/FlexRay_CH1.Statistic.Y_FlexRay_Ch1_B_TxDynamicFrameCnt,0,0,0,,{0},否
env,average,输出,env_1_Design/FlexRay/OutPort/FlexRay_CH1.Statistic.Y_FlexRay_Ch1_B_RxDynamicFrameCnt,0,0,0,,{0},否
env,average,输出,env_1_Design/FlexRay/OutPort/FlexRay_CH1.Statistic.Y_FlexRay_Ch1_B_NullFrameCnt,0,0,0,,{0},否
env,average,输出,env_1_Design/FlexRay/OutPort/FlexRay_CH1.Statistic.Y_FlexRay_Ch1_B_FrameErrorCnt,0,0,0,,{0},否
env,average,输出,env_1_Design/FlexRay/OutPort/FlexRay_CH1.Statistic.Y_FlexRay_Ch1_B_SyntaxErrorCnt,0,0,0,,{0},否
env,average,输出,env_1_Design/FlexRay/OutPort/FlexRay_CH1.Statistic.Y_FlexRay_Ch1_B_ContentErrorCnt,0,0,0,,{0},否
env,average,输出,env_1_Design/FlexRay/OutPort/FlexRay_CH1.Statistic.Y_FlexRay_Ch1_B_BoundaryErrorCnt,0,0,0,,{0},否
env,average,输出,env_1_Design/FlexRay/OutPort/FlexRay_CH1.Statistic.Y_FlexRay_Ch1_AstartTime,0,0,0,,{0},否
env,average,输出,env_1_Design/FlexRay/OutPort/FlexRay_CH1.Statistic.Y_FlexRay_Ch1_BstartTime,0,0,0,,{0},否
env,average,内部/未标记,env_1_Design/FlexRay/Measurement/Runtime(us),0,0,0,,{0},否
env,average,内部/未标记,env_1_Design/FlexRay/Measurement/Runtime_Min(us),0,0,0,,{0},否
env,average,内部/未标记,env_1_Design/FlexRay/Measurement/Runtime_Max(us),0,0,0,,{0},否
env,average,内部/未标记,env_1_Design/FlexRay/Measurement/Schedule_Interval(us),0,0,0,,{0},否
env,average,内部/未标记,env_1_Design/FlexRay/Measurement/Schedule_Interval_Min(us),0,0,0,,{0},否
env,average,内部/未标记,env_1_Design/FlexRay/Measurement/Schedule_Interval_Max(us),0,0,0,,{0},否
env,average,内部/未标记,env_1_Design/FlexRay/Measurement/Schedule_Count,0,0,0,,{0},否
env,average,内部/未标记,env_1_Design/FlexRay/Measurement/Activate_Fail_Count,0,0,0,,{0},否
env,average,内部/未标记,env_1_Design/FlexRay/Measurement/Processor,0,0,0,,{0},否
env,average,输入,env_1_Design/LIN/InPort/LIN_CH1.U_LIN_Ch1_TxDisable,0,0,0,,{0},否
env,average,输入,env_1_Design/LIN/InPort/LIN_CH1.U_LIN_Ch1_RxDisable,0,0,0,,{0},否
env,average,输入,env_1_Design/LIN/InPort/LIN_CH1.U_ScheduleSwitch,0,0,0,,{0},否
env,average,输入,env_1_Design/LIN/InPort/LIN_CH2.U_LIN_Ch2_TxDisable,0,0,0,,{0},否
env,average,输入,env_1_Design/LIN/InPort/LIN_CH2.U_LIN_Ch2_RxDisable,0,0,0,,{0},否
env,average,输入,env_1_Design/LIN/InPort/LIN_CH2.U_ScheduleSwitch,0,0,0,,{0},否
env,average,输入,env_1_Design/LIN/InPort/LIN_CH3.U_LIN_Ch3_TxDisable,0,0,0,,{0},否
env,average,输入,env_1_Design/LIN/InPort/LIN_CH3.U_LIN_Ch3_RxDisable,0,0,0,,{0},否
env,average,输入,env_1_Design/LIN/InPort/LIN_CH3.U_ScheduleSwitch,0,0,0,,{0},否
env,average,输入,env_1_Design/LIN/InPort/LIN_CH4.U_LIN_Ch4_TxDisable,0,0,0,,{0},否
env,average,输入,env_1_Design/LIN/InPort/LIN_CH4.U_LIN_Ch4_RxDisable,0,0,0,,{0},否
env,average,输入,env_1_Design/LIN/InPort/LIN_CH4.U_ScheduleSwitch,0,0,0,,{0},否
env,average,输入,env_1_Design/LIN/InPort/LIN_CH5.U_LIN_Ch5_TxDisable,0,0,0,,{0},否
env,average,输入,env_1_Design/LIN/InPort/LIN_CH5.U_LIN_Ch5_RxDisable,0,0,0,,{0},否
env,average,输入,env_1_Design/LIN/InPort/LIN_CH5.U_ScheduleSwitch,0,0,0,,{0},否
env,average,输入,env_1_Design/LIN/InPort/LIN_CH6.U_LIN_Ch6_TxDisable,0,0,0,,{0},否
env,average,输入,env_1_Design/LIN/InPort/LIN_CH6.U_LIN_Ch6_RxDisable,0,0,0,,{0},否
env,average,输入,env_1_Design/LIN/InPort/LIN_CH6.U_ScheduleSwitch,0,0,0,,{0},否
env,average,输入,env_1_Design/LIN/InPort/LIN_CH7.U_LIN_Ch7_TxDisable,0,0,0,,{0},否
env,average,输入,env_1_Design/LIN/InPort/LIN_CH7.U_LIN_Ch7_RxDisable,0,0,0,,{0},否
env,average,输入,env_1_Design/LIN/InPort/LIN_CH7.U_ScheduleSwitch,0,0,0,,{0},否
env,average,输入,env_1_Design/LIN/InPort/LIN_CH8.U_LIN_Ch8_TxDisable,0,0,0,,{0},否
env,average,输入,env_1_Design/LIN/InPort/LIN_CH8.U_LIN_Ch8_RxDisable,0,0,0,,{0},否
env,average,输入,env_1_Design/LIN/InPort/LIN_CH8.U_ScheduleSwitch,0,0,0,,{0},否
env,average,输入,env_1_Design/PWM Output/InPort/U_Ch30_PWM_Out_Duty_Ratio,0,0,0,,{0},否
env,average,输入,env_1_Design/PWM Output/InPort/U_Ch30_PWM_Out_Amplitude,0,0,0,,{0},否
env,average,输入,env_1_Design/PWM Output/InPort/U_Ch30_PWM_Out_Enable,0,0,0,,{0},否
env,average,输入,env_1_Design/PWM Output/InPort/U_Ch30_PWM_Out_FIU,0,0,0,,{0},否
env,average,输入,env_1_Design/PWM Output/InPort/U_Ch31_PWM_Out_Frequency,0,0,0,,{0},否
env,average,输入,env_1_Design/PWM Output/InPort/U_Ch31_PWM_Out_Duty_Ratio,0,0,0,,{0},否
env,average,输入,env_1_Design/PWM Output/InPort/U_Ch31_PWM_Out_Amplitude,0,0,0,,{0},否
env,average,输入,env_1_Design/PWM Output/InPort/U_Ch31_PWM_Out_Enable,0,0,0,,{0},否
env,average,输入,env_1_Design/PWM Output/InPort/U_Ch31_PWM_Out_FIU,0,0,0,,{0},否
env,average,输入,env_1_Design/PWM Output/InPort/U_Ch32_PWM_Out_Frequency,0,0,0,,{0},否
env,average,输入,env_1_Design/PWM Output/InPort/U_Ch32_PWM_Out_Duty_Ratio,0,0,0,,{0},否
env,average,输入,env_1_Design/PWM Output/InPort/U_Ch32_PWM_Out_Amplitude,0,0,0,,{0},否
env,average,输入,env_1_Design/PWM Output/InPort/U_Ch32_PWM_Out_Enable,0,0,0,,{0},否
env,average,输入,env_1_Design/PWM Output/InPort/U_Ch32_PWM_Out_FIU,0,0,0,,{0},否
env,average,输入,env_1_Design/PWM Output/InPort/U_Ch33_PWM_Out_Frequency,0,0,0,,{0},否
env,average,输入,env_1_Design/PWM Output/InPort/U_Ch33_PWM_Out_Duty_Ratio,0,0,0,,{0},否
env,average,输入,env_1_Design/PWM Output/InPort/U_Ch33_PWM_Out_Amplitude,0,0,0,,{0},否
env,average,输入,env_1_Design/PWM Output/InPort/U_Ch33_PWM_Out_Enable,0,0,0,,{0},否
env,average,输入,env_1_Design/PWM Output/InPort/U_Ch33_PWM_Out_FIU,0,0,0,,{0},否
env,average,输入,env_1_Design/PWM Output/InPort/U_Ch34_PWM_Out_Frequency,0,0,0,,{0},否
env,average,输入,env_1_Design/PWM Output/InPort/U_Ch34_PWM_Out_Duty_Ratio,0,0,0,,{0},否
env,average,输入,env_1_Design/PWM Output/InPort/U_Ch34_PWM_Out_Amplitude,0,0,0,,{0},否
env,average,输入,env_1_Design/PWM Output/InPort/U_Ch34_PWM_Out_Enable,0,0,0,,{0},否
env,average,输入,env_1_Design/PWM Output/InPort/U_Ch34_PWM_Out_FIU,0,0,0,,{0},否
env,average,输入,env_1_Design/PWM Output/InPort/U_Ch35_PWM_Out_Frequency,0,0,0,,{0},否
env,average,输入,env_1_Design/PWM Output/InPort/U_Ch35_PWM_Out_Duty_Ratio,0,0,0,,{0},否
env,average,输入,env_1_Design/PWM Output/InPort/U_Ch35_PWM_Out_Amplitude,0,0,0,,{0},否
env,average,输入,env_1_Design/PWM Output/InPort/U_Ch35_PWM_Out_Enable,0,0,0,,{0},否
env,average,输入,env_1_Design/PWM Output/InPort/U_Ch35_PWM_Out_FIU,0,0,0,,{0},否
env,average,输入,env_1_Design/PWM Output/InPort/U_Ch36_PWM_Out_Frequency,0,0,0,,{0},否
env,average,输入,env_1_Design/PWM Output/InPort/U_Ch36_PWM_Out_Duty_Ratio,0,0,0,,{0},否
env,average,输入,env_1_Design/PWM Output/InPort/U_Ch36_PWM_Out_Amplitude,0,0,0,,{0},否
env,average,输入,env_1_Design/PWM Output/InPort/U_Ch36_PWM_Out_Enable,0,0,0,,{0},否
env,average,输入,env_1_Design/PWM Output/InPort/U_Ch36_PWM_Out_FIU,0,0,0,,{0},否
env,average,输入,env_1_Design/PWM Output/InPort/U_Ch37_PWM_Out_Frequency,0,0,0,,{0},否
env,average,输入,env_1_Design/PWM Output/InPort/U_Ch37_PWM_Out_Duty_Ratio,0,0,0,,{0},否
env,average,输入,env_1_Design/PWM Output/InPort/U_Ch37_PWM_Out_Amplitude,0,0,0,,{0},否
env,average,输入,env_1_Design/PWM Output/InPort/U_Ch37_PWM_Out_Enable,0,0,0,,{0},否
env,average,输入,env_1_Design/PWM Output/InPort/U_Ch37_PWM_Out_FIU,0,0,0,,{0},否
env,average,输入,env_1_Design/PWM Output/InPort/U_Ch38_PWM_Out_Frequency,0,0,0,,{0},否
env,average,输入,env_1_Design/PWM Output/InPort/U_Ch38_PWM_Out_Duty_Ratio,0,0,0,,{0},否
env,average,输入,env_1_Design/PWM Output/InPort/U_Ch38_PWM_Out_Amplitude,0,0,0,,{0},否
env,average,输入,env_1_Design/PWM Output/InPort/U_Ch38_PWM_Out_Enable,0,0,0,,{0},否
env,average,输入,env_1_Design/PWM Output/InPort/U_Ch38_PWM_Out_FIU,0,0,0,,{0},否
env,average,输入,env_1_Design/PWM Output/InPort/U_Ch39_PWM_Out_Frequency,0,0,0,,{0},否
env,average,输入,env_1_Design/PWM Output/InPort/U_Ch39_PWM_Out_Duty_Ratio,0,0,0,,{0},否
env,average,输入,env_1_Design/PWM Output/InPort/U_Ch39_PWM_Out_Amplitude,0,0,0,,{0},否
env,average,输入,env_1_Design/PWM Output/InPort/U_Ch39_PWM_Out_Enable,0,0,0,,{0},否
env,average,输入,env_1_Design/PWM Output/InPort/U_Ch39_PWM_Out_FIU,0,0,0,,{0},否
env,average,输入,env_1_Design/PWM Output/InPort/U_Ch40_PWM_Out_Frequency,0,0,0,,{0},否
env,average,输入,env_1_Design/PWM Output/InPort/U_Ch40_PWM_Out_Duty_Ratio,0,0,0,,{0},否
env,average,输入,env_1_Design/PWM Output/InPort/U_Ch40_PWM_Out_Amplitude,0,0,0,,{0},否
env,average,输入,env_1_Design/PWM Output/InPort/U_Ch40_PWM_Out_Enable,0,0,0,,{0},否
env,average,输入,env_1_Design/PWM Output/InPort/U_Ch40_PWM_Out_FIU,0,0,0,,{0},否
env,average,输入,env_1_Design/PWM Output/InPort/U_Ch41_PWM_Out_Frequency,0,0,0,,{0},否
env,average,输入,env_1_Design/PWM Output/InPort/U_Ch41_PWM_Out_Duty_Ratio,0,0,0,,{0},否
env,average,输入,env_1_Design/PWM Output/InPort/U_Ch41_PWM_Out_Amplitude,0,0,0,,{0},否
env,average,输入,env_1_Design/PWM Output/InPort/U_Ch41_PWM_Out_Enable,0,0,0,,{0},否
env,average,输入,env_1_Design/PWM Output/InPort/U_Ch41_PWM_Out_FIU,0,0,0,,{0},否
env,average,输入,env_1_Design/PWM Output/InPort/U_Ch42_PWM_Out_Frequency,0,0,0,,{0},否
env,average,输入,env_1_Design/PWM Output/InPort/U_Ch42_PWM_Out_Duty_Ratio,0,0,0,,{0},否
env,average,输入,env_1_Design/PWM Output/InPort/U_Ch42_PWM_Out_Amplitude,0,0,0,,{0},否
env,average,输入,env_1_Design/PWM Output/InPort/U_Ch42_PWM_Out_Enable,0,0,0,,{0},否
env,average,输入,env_1_Design/PWM Output/InPort/U_Ch42_PWM_Out_FIU,0,0,0,,{0},否
env,average,输入,env_1_Design/PWM Output/InPort/U_Ch43_PWM_Out_Frequency,0,0,0,,{0},否
env,average,输入,env_1_Design/PWM Output/InPort/U_Ch43_PWM_Out_Duty_Ratio,0,0,0,,{0},否
env,average,输入,env_1_Design/PWM Output/InPort/U_Ch43_PWM_Out_Amplitude,0,0,0,,{0},否
env,average,输入,env_1_Design/PWM Output/InPort/U_Ch43_PWM_Out_Enable,0,0,0,,{0},否
env,average,输入,env_1_Design/PWM Output/InPort/U_Ch43_PWM_Out_FIU,0,0,0,,{0},否
env,average,输入,env_1_Design/PWM Output/InPort/U_Ch44_PWM_Out_Frequency,0,0,0,,{0},否
env,average,输入,env_1_Design/PWM Output/InPort/U_Ch44_PWM_Out_Duty_Ratio,0,0,0,,{0},否
env,average,输入,env_1_Design/PWM Output/InPort/U_Ch44_PWM_Out_Amplitude,0,0,0,,{0},否
env,average,输入,env_1_Design/PWM Output/InPort/U_Ch44_PWM_Out_Enable,0,0,0,,{0},否
env,average,输入,env_1_Design/PWM Output/InPort/U_Ch44_PWM_Out_FIU,0,0,0,,{0},否
env,average,输入,env_1_Design/PWM Output/InPort/U_Ch45_PWM_Out_Frequency,0,0,0,,{0},否
env,average,输入,env_1_Design/PWM Output/InPort/U_Ch45_PWM_Out_Duty_Ratio,0,0,0,,{0},否
env,average,输入,env_1_Design/PWM Output/InPort/U_Ch45_PWM_Out_Amplitude,0,0,0,,{0},否
env,average,输入,env_1_Design/PWM Output/InPort/U_Ch45_PWM_Out_Enable,0,0,0,,{0},否
env,average,输入,env_1_Design/PWM Output/InPort/U_Ch45_PWM_Out_FIU,0,0,0,,{0},否
env,average,输入,env_1_Design/PWM Output/InPort/U_Ch46_PWM_Out_Frequency,0,0,0,,{0},否
env,average,输入,env_1_Design/PWM Output/InPort/U_Ch46_PWM_Out_Duty_Ratio,0,0,0,,{0},否
env,average,输入,env_1_Design/PWM Output/InPort/U_Ch46_PWM_Out_Amplitude,0,0,0,,{0},否
env,average,输入,env_1_Design/PWM Output/InPort/U_Ch46_PWM_Out_Enable,0,0,0,,{0},否
env,average,输入,env_1_Design/PWM Output/InPort/U_Ch46_PWM_Out_FIU,0,0,0,,{0},否
env,average,输入,env_1_Design/PWM Output/InPort/U_Ch47_PWM_Out_Frequency,0,0,0,,{0},否
env,average,输入,env_1_Design/PWM Output/InPort/U_Ch47_PWM_Out_Duty_Ratio,0,0,0,,{0},否
env,average,输入,env_1_Design/PWM Output/InPort/U_Ch47_PWM_Out_Amplitude,0,0,0,,{0},否
env,average,输入,env_1_Design/PWM Output/InPort/U_Ch47_PWM_Out_Enable,0,0,0,,{0},否
env,average,输入,env_1_Design/PWM Output/InPort/U_Ch47_PWM_Out_FIU,0,0,0,,{0},否
env,average,输入,env_1_Design/PWM Output/InPort/U_Ch48_PWM_Out_Frequency,0,0,0,,{0},否
env,average,输入,env_1_Design/PWM Output/InPort/U_Ch48_PWM_Out_Duty_Ratio,0,0,0,,{0},否
env,average,输入,env_1_Design/PWM Output/InPort/U_Ch48_PWM_Out_Amplitude,0,0,0,,{0},否
env,average,输入,env_1_Design/PWM Output/InPort/U_Ch48_PWM_Out_Enable,0,0,0,,{0},否
env,average,输入,env_1_Design/PWM Output/InPort/U_Ch48_PWM_Out_FIU,0,0,0,,{0},否
env,average,输入,env_1_Design/PWM Output/InPort/Model_Disabled,0,0,0,,{0},否
env,average,输入,env_1_Design/PWM Output/InPort/Model_Reset,0,0,0,,{0},否
env,average,输出,env_1_Design/PWM Output/OutPort/Y_Ch1_Support_Features,0,0,0,,{0},否
env,average,输出,env_1_Design/PWM Output/OutPort/Y_Ch1.Valid,0,1,28,"1.796, 1.996, 7.196, 7.396, 32.196, 32.396, 42.396, 42.596, 47.996, 48.196 …","{0, 1}",否
env,average,输出,env_1_Design/PWM Output/OutPort/Y_Ch2_Support_Features,0,0,0,,{0},否
env,average,输出,env_1_Design/PWM Output/OutPort/Y_Ch2.Valid,0,1,28,"1.796, 1.996, 7.196, 7.396, 32.196, 32.396, 42.396, 42.596, 47.996, 48.196 …","{0, 1}",否
env,average,输出,env_1_Design/PWM Output/OutPort/Y_Ch3_Support_Features,0,0,0,,{0},否
env,average,输出,env_1_Design/PWM Output/OutPort/Y_Ch3.Valid,0,1,28,"1.796, 1.996, 7.196, 7.396, 32.196, 32.396, 42.396, 42.596, 47.996, 48.196 …","{0, 1}",否
env,average,输出,env_1_Design/PWM Output/OutPort/Y_Ch4_Support_Features,0,0,0,,{0},否
env,average,输出,env_1_Design/PWM Output/OutPort/Y_Ch4.Valid,0,1,28,"1.796, 1.996, 7.196, 7.396, 32.196, 32.396, 42.396, 42.596, 47.996, 48.196 …","{0, 1}",否
env,average,输出,env_1_Design/PWM Output/OutPort/Y_Ch5_Support_Features,0,0,0,,{0},否
env,average,输出,env_1_Design/PWM Output/OutPort/Y_Ch5.Valid,0,1,28,"1.796, 1.996, 7.196, 7.396, 32.196, 32.396, 42.396, 42.596, 47.996, 48.196 …","{0, 1}",否
env,average,输出,env_1_Design/PWM Output/OutPort/Y_Ch6_Support_Features,0,0,0,,{0},否
env,average,输出,env_1_Design/PWM Output/OutPort/Y_Ch6.Valid,0,1,28,"1.796, 1.996, 7.196, 7.396, 32.196, 32.396, 42.396, 42.596, 47.996, 48.196 …","{0, 1}",否
env,average,输出,env_1_Design/PWM Output/OutPort/Y_Ch7_Support_Features,0,0,0,,{0},否
env,average,输出,env_1_Design/PWM Output/OutPort/Y_Ch7.Valid,0,1,28,"1.796, 1.996, 7.196, 7.396, 32.196, 32.396, 42.396, 42.596, 47.996, 48.196 …","{0, 1}",否
env,average,输出,env_1_Design/PWM Output/OutPort/Y_Ch8_Support_Features,0,0,0,,{0},否
env,average,输出,env_1_Design/PWM Output/OutPort/Y_Ch8.Valid,0,1,28,"1.796, 1.996, 7.196, 7.396, 32.196, 32.396, 42.396, 42.596, 47.996, 48.196 …","{0, 1}",否
env,average,输出,env_1_Design/PWM Output/OutPort/Y_Ch9_Support_Features,0,0,0,,{0},否
env,average,输出,env_1_Design/PWM Output/OutPort/Y_Ch9.Valid,0,1,28,"1.796, 1.996, 7.196, 7.396, 32.196, 32.396, 42.396, 42.596, 47.996, 48.196 …","{0, 1}",否
env,average,输出,env_1_Design/PWM Output/OutPort/Y_Ch10_Support_Features,0,0,0,,{0},否
env,average,输出,env_1_Design/PWM Output/OutPort/Y_Ch10.Valid,0,1,28,"1.796, 1.996, 7.196, 7.396, 32.196, 32.396, 42.396, 42.596, 47.996, 48.196 …","{0, 1}",否
env,average,输出,env_1_Design/PWM Output/OutPort/Y_Ch11_Support_Features,0,0,0,,{0},否
env,average,输出,env_1_Design/PWM Output/OutPort/Y_Ch11.Valid,0,1,28,"1.796, 1.996, 7.196, 7.396, 32.196, 32.396, 42.396, 42.596, 47.996, 48.196 …","{0, 1}",否
env,average,输出,env_1_Design/PWM Output/OutPort/Y_Ch12_Support_Features,0,0,0,,{0},否
env,average,输出,env_1_Design/PWM Output/OutPort/Y_Ch12.Valid,0,1,28,"1.796, 1.996, 7.196, 7.396, 32.196, 32.396, 42.396, 42.596, 47.996, 48.196 …","{0, 1}",否
env,average,输出,env_1_Design/PWM Output/OutPort/Y_Ch13_Support_Features,0,0,0,,{0},否
env,average,输出,env_1_Design/PWM Output/OutPort/Y_Ch13.Valid,0,1,28,"1.796, 1.996, 7.196, 7.396, 32.196, 32.396, 42.396, 42.596, 47.996, 48.196 …","{0, 1}",否
env,average,输出,env_1_Design/PWM Output/OutPort/Y_Ch14_Support_Features,0,0,0,,{0},否
env,average,输出,env_1_Design/PWM Output/OutPort/Y_Ch14.Valid,0,1,28,"1.796, 1.996, 7.196, 7.396, 32.196, 32.396, 42.396, 42.596, 47.996, 48.196 …","{0, 1}",否
env,average,输出,env_1_Design/PWM Output/OutPort/Y_Ch15_Support_Features,0,0,0,,{0},否
env,average,输出,env_1_Design/PWM Output/OutPort/Y_Ch15.Valid,0,1,28,"1.796, 1.996, 7.196, 7.396, 32.196, 32.396, 42.396, 42.596, 47.996, 48.196 …","{0, 1}",否
env,average,输出,env_1_Design/PWM Output/OutPort/Y_Ch16_Support_Features,0,0,0,,{0},否
env,average,输出,env_1_Design/PWM Output/OutPort/Y_Ch16.Valid,0,1,28,"1.796, 1.996, 7.196, 7.396, 32.196, 32.396, 42.396, 42.596, 47.996, 48.196 …","{0, 1}",否
env,average,输出,env_1_Design/PWM Output/OutPort/Y_Ch17_Support_Features,0,0,0,,{0},否
env,average,输出,env_1_Design/PWM Output/OutPort/Y_Ch17.Valid,0,1,28,"1.796, 1.996, 7.196, 7.396, 32.196, 32.396, 42.396, 42.596, 47.996, 48.196 …","{0, 1}",否
env,average,输出,env_1_Design/PWM Output/OutPort/Y_Ch18_Support_Features,0,0,0,,{0},否
env,average,输出,env_1_Design/PWM Output/OutPort/Y_Ch18.Valid,0,1,28,"1.796, 1.996, 7.196, 7.396, 32.196, 32.396, 42.396, 42.596, 47.996, 48.196 …","{0, 1}",否
env,average,输出,env_1_Design/PWM Output/OutPort/Y_Ch19_Support_Features,0,0,0,,{0},否
env,average,输出,env_1_Design/PWM Output/OutPort/Y_Ch19.Valid,0,1,28,"1.796, 1.996, 7.196, 7.396, 32.196, 32.396, 42.396, 42.596, 47.996, 48.196 …","{0, 1}",否
env,average,输出,env_1_Design/PWM Output/OutPort/Y_Ch20_Support_Features,0,0,0,,{0},否
env,average,输出,env_1_Design/PWM Output/OutPort/Y_Ch20.Valid,0,1,28,"1.796, 1.996, 7.196, 7.396, 32.196, 32.396, 42.396, 42.596, 47.996, 48.196 …","{0, 1}",否
env,average,输出,env_1_Design/PWM Output/OutPort/Y_Ch21_Support_Features,0,0,0,,{0},否
env,average,输出,env_1_Design/PWM Output/OutPort/Y_Ch21.Valid,0,1,28,"1.796, 1.996, 7.196, 7.396, 32.196, 32.396, 42.396, 42.596, 47.996, 48.196 …","{0, 1}",否
env,average,输出,env_1_Design/PWM Output/OutPort/Y_Ch22_Support_Features,0,0,0,,{0},否
env,average,输出,env_1_Design/PWM Output/OutPort/Y_Ch22.Valid,0,1,28,"1.796, 1.996, 7.196, 7.396, 32.196, 32.396, 42.396, 42.596, 47.996, 48.196 …","{0, 1}",否
env,average,输出,env_1_Design/PWM Output/OutPort/Y_Ch23_Support_Features,0,0,0,,{0},否
env,average,输出,env_1_Design/PWM Output/OutPort/Y_Ch23.Valid,0,1,28,"1.796, 1.996, 7.196, 7.396, 32.196, 32.396, 42.396, 42.596, 47.996, 48.196 …","{0, 1}",否
env,average,输出,env_1_Design/PWM Output/OutPort/Y_Ch24_Support_Features,0,0,0,,{0},否
env,average,输出,env_1_Design/PWM Output/OutPort/Y_Ch24.Valid,0,1,28,"1.796, 1.996, 7.196, 7.396, 32.196, 32.396, 42.396, 42.596, 47.996, 48.196 …","{0, 1}",否
env,average,输出,env_1_Design/PWM Output/OutPort/Y_Ch25_Support_Features,0,0,0,,{0},否
env,average,输出,env_1_Design/PWM Output/OutPort/Y_Ch25.Valid,0,0,0,,{0},否
env,average,输出,env_1_Design/PWM Output/OutPort/Y_Ch26_Support_Features,0,0,0,,{0},否
env,average,输出,env_1_Design/PWM Output/OutPort/Y_Ch26.Valid,0,0,0,,{0},否
env,average,输出,env_1_Design/PWM Output/OutPort/Y_Ch27_Support_Features,0,0,0,,{0},否
env,average,输出,env_1_Design/PWM Output/OutPort/Y_Ch27.Valid,0,0,0,,{0},否
env,average,输出,env_1_Design/PWM Output/OutPort/Y_Ch28_Support_Features,0,0,0,,{0},否
env,average,输出,env_1_Design/PWM Output/OutPort/Y_Ch28.Valid,0,0,0,,{0},否
env,average,输出,env_1_Design/PWM Output/OutPort/Y_Ch29_Support_Features,0,0,0,,{0},否
env,average,输出,env_1_Design/PWM Output/OutPort/Y_Ch29.Valid,0,0,0,,{0},否
env,average,输出,env_1_Design/PWM Output/OutPort/Y_Ch30_Support_Features,0,0,0,,{0},否
env,average,输出,env_1_Design/PWM Output/OutPort/Y_Ch30.Valid,0,0,0,,{0},否
env,average,输出,env_1_Design/PWM Output/OutPort/Y_Ch31_Support_Features,0,0,0,,{0},否
env,average,输出,env_1_Design/PWM Output/OutPort/Y_Ch31.Valid,0,0,0,,{0},否
env,average,输出,env_1_Design/PWM Output/OutPort/Y_Ch32_Support_Features,0,0,0,,{0},否
env,average,输出,env_1_Design/PWM Output/OutPort/Y_Ch32.Valid,0,0,0,,{0},否
env,average,输出,env_1_Design/PWM Output/OutPort/Y_Ch33_Support_Features,0,0,0,,{0},否
env,average,输出,env_1_Design/PWM Output/OutPort/Y_Ch33.Valid,0,0,0,,{0},否
env,average,输出,env_1_Design/PWM Output/OutPort/Y_Ch34_Support_Features,0,0,0,,{0},否
env,average,输出,env_1_Design/PWM Output/OutPort/Y_Ch34.Valid,0,0,0,,{0},否
env,average,输出,env_1_Design/PWM Output/OutPort/Y_Ch35_Support_Features,0,0,0,,{0},否
env,average,输出,env_1_Design/PWM Output/OutPort/Y_Ch35.Valid,0,0,0,,{0},否
env,average,输出,env_1_Design/PWM Output/OutPort/Y_Ch36_Support_Features,0,0,0,,{0},否
env,average,输出,env_1_Design/PWM Output/OutPort/Y_Ch36.Valid,0,0,0,,{0},否
env,average,输出,env_1_Design/PWM Output/OutPort/Y_Ch37_Support_Features,0,0,0,,{0},否
env,average,输出,env_1_Design/PWM Output/OutPort/Y_Ch37.Valid,0,0,0,,{0},否
env,average,输出,env_1_Design/PWM Output/OutPort/Y_Ch38_Support_Features,0,0,0,,{0},否
env,average,输出,env_1_Design/PWM Output/OutPort/Y_Ch38.Valid,0,0,0,,{0},否
env,average,输出,env_1_Design/PWM Output/OutPort/Y_Ch39_Support_Features,0,0,0,,{0},否
env,average,输出,env_1_Design/PWM Output/OutPort/Y_Ch39.Valid,0,0,0,,{0},否
env,average,输出,env_1_Design/PWM Output/OutPort/Y_Ch40_Support_Features,0,0,0,,{0},否
env,average,输出,env_1_Design/PWM Output/OutPort/Y_Ch40.Valid,0,0,0,,{0},否
env,average,输出,env_1_Design/PWM Output/OutPort/Y_Ch41_Support_Features,0,0,0,,{0},否
env,average,输出,env_1_Design/PWM Output/OutPort/Y_Ch41.Valid,0,0,0,,{0},否
env,average,输出,env_1_Design/PWM Output/OutPort/Y_Ch42_Support_Features,0,0,0,,{0},否
env,average,输出,env_1_Design/PWM Output/OutPort/Y_Ch42.Valid,0,0,0,,{0},否
env,average,输出,env_1_Design/PWM Output/OutPort/Y_Ch43_Support_Features,0,0,0,,{0},否
env,average,输出,env_1_Design/PWM Output/OutPort/Y_Ch43.Valid,0,0,0,,{0},否
env,average,输出,env_1_Design/PWM Output/OutPort/Y_Ch44_Support_Features,0,0,0,,{0},否
env,average,输出,env_1_Design/PWM Output/OutPort/Y_Ch44.Valid,0,0,0,,{0},否
env,average,输出,env_1_Design/PWM Output/OutPort/Y_Ch45_Support_Features,0,0,0,,{0},否
env,average,输出,env_1_Design/PWM Output/OutPort/Y_Ch45.Valid,0,0,0,,{0},否
env,average,输出,env_1_Design/PWM Output/OutPort/Y_Ch46_Support_Features,0,0,0,,{0},否
env,average,输出,env_1_Design/PWM Output/OutPort/Y_Ch46.Valid,0,0,0,,{0},否
env,average,输出,env_1_Design/PWM Output/OutPort/Y_Ch47_Support_Features,0,0,0,,{0},否
env,average,输出,env_1_Design/PWM Output/OutPort/Y_Ch47.Valid,0,0,0,,{0},否
env,average,输出,env_1_Design/PWM Output/OutPort/Y_Ch48_Support_Features,0,0,0,,{0},否
env,average,输出,env_1_Design/PWM Output/OutPort/Y_Ch48.Valid,0,0,0,,{0},否
env,average,内部/未标记,env_1_Design/PWM Output/Measurement/Runtime(us),6,24,554,"0.596, 0.796, 0.996, 1.396, 1.596, 1.796, 1.996, 2.396, 2.996, 3.196 …",min=6; max=24; distinct=19,否
env,average,内部/未标记,env_1_Design/PWM Output/Measurement/Runtime_Min(us),5,6,1,6.396,"{5, 6}",否
env,average,内部/未标记,env_1_Design/PWM Output/Measurement/Runtime_Max(us),78,78,0,,{78},否
env,average,内部/未标记,env_1_Design/PWM Output/Measurement/Schedule_Interval(us),4866,5136,622,"0.596, 0.796, 0.996, 1.196, 1.396, 1.596, 1.996, 2.196, 2.396, 2.596 …",min=4866; max=5136; distinct=70,否
env,average,内部/未标记,env_1_Design/PWM Output/Measurement/Schedule_Interval_Min(us),4658,4945,3,"4.396, 30.396, 35.596","{4658, 4934, 4939, 4945}",否
env,average,内部/未标记,env_1_Design/PWM Output/Measurement/Schedule_Interval_Max(us),5055,5341,2,"30.396, 35.596","{5055, 5063, 5341}",否
env,average,内部/未标记,env_1_Design/PWM Output/Measurement/Schedule_Count,16581,42861,657,"0.596, 0.796, 0.996, 1.196, 1.396, 1.596, 1.796, 1.996, 2.196, 2.396 …",min=16581; max=42861; distinct=658,否
env,average,内部/未标记,env_1_Design/PWM Output/Measurement/Activate_Fail_Count,0,0,0,,{0},否
env,average,输入,env_1_Design/LIN/InPort/Model_Disabled,0,0,0,,{0},否
env,average,输入,env_1_Design/LIN/InPort/Model_Reset,0,0,0,,{0},否
env,average,输出,env_1_Design/LIN/OutPort/LIN_CH1.Y_CurrentSchedule,0,0,0,,{0},是
env,average,输出,env_1_Design/LIN/OutPort/LIN_CH1.Valid,0,0,0,,{0},否
env,average,输出,env_1_Design/LIN/OutPort/LIN_CH1.Config.Y_LIN_Ch1_WorkMode,0,0,0,,{0},否
env,average,输出,env_1_Design/LIN/OutPort/LIN_CH1.Config.Y_LIN_Ch1_Bitrate,4800,4800,0,,{4800},否
env,average,输出,env_1_Design/LIN/OutPort/LIN_CH1.Statistic.Y_LIN_Ch1_Busload,0,0,0,,{0},否
env,average,输出,env_1_Design/LIN/OutPort/LIN_CH1.Statistic.Error.Y_LIN_Ch1_TotalBreakErrors,0,0,0,,{0},否
env,average,输出,env_1_Design/LIN/OutPort/LIN_CH1.Statistic.Error.Y_LIN_Ch1_TotalSyncErrors,0,0,0,,{0},否
env,average,输出,env_1_Design/LIN/OutPort/LIN_CH1.Statistic.Error.Y_LIN_Ch1_TotalPidDetected,0,0,0,,{0},否
env,average,输出,env_1_Design/LIN/OutPort/LIN_CH1.Statistic.Error.Y_LIN_Ch1_TotalNoRespErrors,0,0,0,,{0},否
env,average,输出,env_1_Design/LIN/OutPort/LIN_CH1.Statistic.Error.Y_LIN_Ch1_TotalDataErrors,0,0,0,,{0},否
env,average,输出,env_1_Design/LIN/OutPort/LIN_CH1.Statistic.Error.Y_LIN_Ch1_TotalCrcErrors,0,0,0,,{0},否
env,average,输出,env_1_Design/LIN/OutPort/LIN_CH1.Statistic.Error.Y_LIN_Ch1_BreakErrors,0,0,0,,{0},否
env,average,输出,env_1_Design/LIN/OutPort/LIN_CH1.Statistic.Error.Y_LIN_Ch1_SyncErrors,0,0,0,,{0},否
env,average,输出,env_1_Design/LIN/OutPort/LIN_CH1.Statistic.Error.Y_LIN_Ch1_PidDetected,0,0,0,,{0},否
env,average,输出,env_1_Design/LIN/OutPort/LIN_CH1.Statistic.Error.Y_LIN_Ch1_NoRespErrors,0,0,0,,{0},否
env,average,输出,env_1_Design/LIN/OutPort/LIN_CH1.Statistic.Error.Y_LIN_Ch1_DataErrors,0,0,0,,{0},否
env,average,输出,env_1_Design/LIN/OutPort/LIN_CH1.Statistic.Error.Y_LIN_Ch1_CrcErrors,0,0,0,,{0},否
env,average,输出,env_1_Design/LIN/OutPort/LIN_CH1.Statistic.AllFrame.Y_LIN_Ch1_TotalFramesCnt,0,0,0,,{0},否
env,average,输出,env_1_Design/LIN/OutPort/LIN_CH1.Statistic.AllFrame.Y_LIN_Ch1_FramesCnt,0,0,0,,{0},否
env,average,输出,env_1_Design/LIN/OutPort/LIN_CH1.Statistic.AllFrame.Y_LIN_Ch1_FrameCycleTime,0,0,0,,{0},否
env,average,输出,env_1_Design/LIN/OutPort/LIN_CH1.Statistic.AllFrame.Y_LIN_Ch1_HeaderDurationTime,0,0,0,,{0},否
env,average,输出,env_1_Design/LIN/OutPort/LIN_CH1.Statistic.AllFrame.Y_LIN_Ch1_RespDurationTime,0,0,0,,{0},否
env,average,输出,env_1_Design/LIN/OutPort/LIN_CH1.Statistic.Wakeup.Y_LIN_Ch1_WakeupsDurationTime,0,0,0,,{0},否
env,average,输出,env_1_Design/LIN/OutPort/LIN_CH1.Statistic.Wakeup.Y_LIN_Ch1_WakeupsCommandsCnt,0,0,0,,{0},否
env,average,输出,env_1_Design/LIN/OutPort/LIN_CH1.Statistic.Sleep.Y_LIN_Ch1_SleepCommandsCnt,0,0,0,,{0},否
env,average,输出,env_1_Design/LIN/OutPort/LIN_CH2.Y_CurrentSchedule,0,0,0,,{0},是
env,average,输出,env_1_Design/LIN/OutPort/LIN_CH2.Valid,0,0,0,,{0},否
env,average,输出,env_1_Design/LIN/OutPort/LIN_CH2.Config.Y_LIN_Ch2_WorkMode,0,0,0,,{0},否
env,average,输出,env_1_Design/LIN/OutPort/LIN_CH2.Config.Y_LIN_Ch2_Bitrate,4800,4800,0,,{4800},否
env,average,输出,env_1_Design/LIN/OutPort/LIN_CH2.Statistic.Y_LIN_Ch2_Busload,0,0,0,,{0},否
env,average,输出,env_1_Design/LIN/OutPort/LIN_CH2.Statistic.Error.Y_LIN_Ch2_TotalBreakErrors,0,0,0,,{0},否
env,average,输出,env_1_Design/LIN/OutPort/LIN_CH2.Statistic.Error.Y_LIN_Ch2_TotalSyncErrors,0,0,0,,{0},否
env,average,输出,env_1_Design/LIN/OutPort/LIN_CH2.Statistic.Error.Y_LIN_Ch2_TotalPidDetected,0,0,0,,{0},否
env,average,输出,env_1_Design/LIN/OutPort/LIN_CH2.Statistic.Error.Y_LIN_Ch2_TotalNoRespErrors,0,0,0,,{0},否
env,average,输出,env_1_Design/LIN/OutPort/LIN_CH2.Statistic.Error.Y_LIN_Ch2_TotalDataErrors,0,0,0,,{0},否
env,average,输出,env_1_Design/LIN/OutPort/LIN_CH2.Statistic.Error.Y_LIN_Ch2_TotalCrcErrors,0,0,0,,{0},否
env,average,输出,env_1_Design/LIN/OutPort/LIN_CH2.Statistic.Error.Y_LIN_Ch2_BreakErrors,0,0,0,,{0},否
env,average,输出,env_1_Design/LIN/OutPort/LIN_CH2.Statistic.Error.Y_LIN_Ch2_SyncErrors,0,0,0,,{0},否
env,average,输出,env_1_Design/LIN/OutPort/LIN_CH2.Statistic.Error.Y_LIN_Ch2_PidDetected,0,0,0,,{0},否
env,average,输出,env_1_Design/LIN/OutPort/LIN_CH2.Statistic.Error.Y_LIN_Ch2_NoRespErrors,0,0,0,,{0},否
env,average,输出,env_1_Design/LIN/OutPort/LIN_CH2.Statistic.Error.Y_LIN_Ch2_DataErrors,0,0,0,,{0},否
env,average,输出,env_1_Design/LIN/OutPort/LIN_CH2.Statistic.Error.Y_LIN_Ch2_CrcErrors,0,0,0,,{0},否
env,average,输出,env_1_Design/LIN/OutPort/LIN_CH2.Statistic.AllFrame.Y_LIN_Ch2_TotalFramesCnt,0,0,0,,{0},否
env,average,输出,env_1_Design/LIN/OutPort/LIN_CH2.Statistic.AllFrame.Y_LIN_Ch2_FramesCnt,0,0,0,,{0},否
env,average,输出,env_1_Design/LIN/OutPort/LIN_CH2.Statistic.AllFrame.Y_LIN_Ch2_FrameCycleTime,0,0,0,,{0},否
env,average,输出,env_1_Design/LIN/OutPort/LIN_CH2.Statistic.AllFrame.Y_LIN_Ch2_HeaderDurationTime,0,0,0,,{0},否
env,average,输出,env_1_Design/LIN/OutPort/LIN_CH2.Statistic.AllFrame.Y_LIN_Ch2_RespDurationTime,0,0,0,,{0},否
env,average,输出,env_1_Design/LIN/OutPort/LIN_CH2.Statistic.Wakeup.Y_LIN_Ch2_WakeupsDurationTime,0,0,0,,{0},否
env,average,输出,env_1_Design/LIN/OutPort/LIN_CH2.Statistic.Wakeup.Y_LIN_Ch2_WakeupsCommandsCnt,0,0,0,,{0},否
env,average,输出,env_1_Design/LIN/OutPort/LIN_CH2.Statistic.Sleep.Y_LIN_Ch2_SleepCommandsCnt,0,0,0,,{0},否
env,average,输出,env_1_Design/LIN/OutPort/LIN_CH3.Y_CurrentSchedule,0,0,0,,{0},是
env,average,输出,env_1_Design/LIN/OutPort/LIN_CH3.Valid,0,0,0,,{0},否
env,average,输出,env_1_Design/LIN/OutPort/LIN_CH3.Config.Y_LIN_Ch3_WorkMode,0,0,0,,{0},否
env,average,输出,env_1_Design/LIN/OutPort/LIN_CH3.Config.Y_LIN_Ch3_Bitrate,4800,4800,0,,{4800},否
env,average,输出,env_1_Design/LIN/OutPort/LIN_CH3.Statistic.Y_LIN_Ch3_Busload,0,0,0,,{0},否
env,average,输出,env_1_Design/LIN/OutPort/LIN_CH3.Statistic.Error.Y_LIN_Ch3_TotalBreakErrors,0,0,0,,{0},否
env,average,输出,env_1_Design/LIN/OutPort/LIN_CH3.Statistic.Error.Y_LIN_Ch3_TotalSyncErrors,0,0,0,,{0},否
env,average,输出,env_1_Design/LIN/OutPort/LIN_CH3.Statistic.Error.Y_LIN_Ch3_TotalPidDetected,0,0,0,,{0},否
env,average,输出,env_1_Design/LIN/OutPort/LIN_CH3.Statistic.Error.Y_LIN_Ch3_TotalNoRespErrors,0,0,0,,{0},否
env,average,输出,env_1_Design/LIN/OutPort/LIN_CH3.Statistic.Error.Y_LIN_Ch3_TotalDataErrors,0,0,0,,{0},否
env,average,输出,env_1_Design/LIN/OutPort/LIN_CH3.Statistic.Error.Y_LIN_Ch3_TotalCrcErrors,0,0,0,,{0},否
env,average,输出,env_1_Design/LIN/OutPort/LIN_CH3.Statistic.Error.Y_LIN_Ch3_BreakErrors,0,0,0,,{0},否
env,average,输出,env_1_Design/LIN/OutPort/LIN_CH3.Statistic.Error.Y_LIN_Ch3_SyncErrors,0,0,0,,{0},否
env,average,输出,env_1_Design/LIN/OutPort/LIN_CH3.Statistic.Error.Y_LIN_Ch3_PidDetected,0,0,0,,{0},否
env,average,输出,env_1_Design/LIN/OutPort/LIN_CH3.Statistic.Error.Y_LIN_Ch3_NoRespErrors,0,0,0,,{0},否
env,average,输出,env_1_Design/LIN/OutPort/LIN_CH3.Statistic.Error.Y_LIN_Ch3_DataErrors,0,0,0,,{0},否
env,average,输出,env_1_Design/LIN/OutPort/LIN_CH3.Statistic.Error.Y_LIN_Ch3_CrcErrors,0,0,0,,{0},否
env,average,输出,env_1_Design/LIN/OutPort/LIN_CH3.Statistic.AllFrame.Y_LIN_Ch3_TotalFramesCnt,0,0,0,,{0},否
env,average,输出,env_1_Design/LIN/OutPort/LIN_CH3.Statistic.AllFrame.Y_LIN_Ch3_FramesCnt,0,0,0,,{0},否
env,average,输出,env_1_Design/LIN/OutPort/LIN_CH3.Statistic.AllFrame.Y_LIN_Ch3_FrameCycleTime,0,0,0,,{0},否
env,average,输出,env_1_Design/LIN/OutPort/LIN_CH3.Statistic.AllFrame.Y_LIN_Ch3_HeaderDurationTime,0,0,0,,{0},否
env,average,输出,env_1_Design/LIN/OutPort/LIN_CH3.Statistic.AllFrame.Y_LIN_Ch3_RespDurationTime,0,0,0,,{0},否
env,average,输出,env_1_Design/LIN/OutPort/LIN_CH3.Statistic.Wakeup.Y_LIN_Ch3_WakeupsDurationTime,0,0,0,,{0},否
env,average,输出,env_1_Design/LIN/OutPort/LIN_CH3.Statistic.Wakeup.Y_LIN_Ch3_WakeupsCommandsCnt,0,0,0,,{0},否
env,average,输出,env_1_Design/LIN/OutPort/LIN_CH3.Statistic.Sleep.Y_LIN_Ch3_SleepCommandsCnt,0,0,0,,{0},否
env,average,输出,env_1_Design/LIN/OutPort/LIN_CH4.Y_CurrentSchedule,0,0,0,,{0},是
env,average,输出,env_1_Design/LIN/OutPort/LIN_CH4.Valid,0,0,0,,{0},否
env,average,输出,env_1_Design/LIN/OutPort/LIN_CH4.Config.Y_LIN_Ch4_WorkMode,0,0,0,,{0},否
env,average,输出,env_1_Design/LIN/OutPort/LIN_CH4.Config.Y_LIN_Ch4_Bitrate,4800,4800,0,,{4800},否
env,average,输出,env_1_Design/LIN/OutPort/LIN_CH4.Statistic.Y_LIN_Ch4_Busload,0,0,0,,{0},否
env,average,输出,env_1_Design/LIN/OutPort/LIN_CH4.Statistic.Error.Y_LIN_Ch4_TotalBreakErrors,0,0,0,,{0},否
env,average,输出,env_1_Design/LIN/OutPort/LIN_CH4.Statistic.Error.Y_LIN_Ch4_TotalSyncErrors,0,0,0,,{0},否
env,average,输出,env_1_Design/LIN/OutPort/LIN_CH4.Statistic.Error.Y_LIN_Ch4_TotalPidDetected,0,0,0,,{0},否
env,average,输出,env_1_Design/LIN/OutPort/LIN_CH4.Statistic.Error.Y_LIN_Ch4_TotalNoRespErrors,0,0,0,,{0},否
env,average,输出,env_1_Design/LIN/OutPort/LIN_CH4.Statistic.Error.Y_LIN_Ch4_TotalDataErrors,0,0,0,,{0},否
env,average,输出,env_1_Design/LIN/OutPort/LIN_CH4.Statistic.Error.Y_LIN_Ch4_TotalCrcErrors,0,0,0,,{0},否
env,average,输出,env_1_Design/LIN/OutPort/LIN_CH4.Statistic.Error.Y_LIN_Ch4_BreakErrors,0,0,0,,{0},否
env,average,输出,env_1_Design/LIN/OutPort/LIN_CH4.Statistic.Error.Y_LIN_Ch4_SyncErrors,0,0,0,,{0},否
env,average,输出,env_1_Design/LIN/OutPort/LIN_CH4.Statistic.Error.Y_LIN_Ch4_PidDetected,0,0,0,,{0},否
env,average,输出,env_1_Design/LIN/OutPort/LIN_CH4.Statistic.Error.Y_LIN_Ch4_NoRespErrors,0,0,0,,{0},否
env,average,输出,env_1_Design/LIN/OutPort/LIN_CH4.Statistic.Error.Y_LIN_Ch4_DataErrors,0,0,0,,{0},否
env,average,输出,env_1_Design/LIN/OutPort/LIN_CH4.Statistic.Error.Y_LIN_Ch4_CrcErrors,0,0,0,,{0},否
env,average,输出,env_1_Design/LIN/OutPort/LIN_CH4.Statistic.AllFrame.Y_LIN_Ch4_TotalFramesCnt,0,0,0,,{0},否
env,average,输出,env_1_Design/LIN/OutPort/LIN_CH4.Statistic.AllFrame.Y_LIN_Ch4_FramesCnt,0,0,0,,{0},否
env,average,输出,env_1_Design/LIN/OutPort/LIN_CH4.Statistic.AllFrame.Y_LIN_Ch4_FrameCycleTime,0,0,0,,{0},否
env,average,输出,env_1_Design/LIN/OutPort/LIN_CH4.Statistic.AllFrame.Y_LIN_Ch4_HeaderDurationTime,0,0,0,,{0},否
env,average,输出,env_1_Design/LIN/OutPort/LIN_CH4.Statistic.AllFrame.Y_LIN_Ch4_RespDurationTime,0,0,0,,{0},否
env,average,输出,env_1_Design/LIN/OutPort/LIN_CH4.Statistic.Wakeup.Y_LIN_Ch4_WakeupsDurationTime,0,0,0,,{0},否
env,average,输出,env_1_Design/LIN/OutPort/LIN_CH4.Statistic.Wakeup.Y_LIN_Ch4_WakeupsCommandsCnt,0,0,0,,{0},否
env,average,输出,env_1_Design/LIN/OutPort/LIN_CH4.Statistic.Sleep.Y_LIN_Ch4_SleepCommandsCnt,0,0,0,,{0},否
env,average,输出,env_1_Design/LIN/OutPort/LIN_CH5.Y_CurrentSchedule,0,0,0,,{0},是
env,average,输出,env_1_Design/LIN/OutPort/LIN_CH5.Valid,0,0,0,,{0},否
env,average,输出,env_1_Design/LIN/OutPort/LIN_CH5.Config.Y_LIN_Ch5_WorkMode,0,0,0,,{0},否
env,average,输出,env_1_Design/LIN/OutPort/LIN_CH5.Config.Y_LIN_Ch5_Bitrate,4800,4800,0,,{4800},否
env,average,输出,env_1_Design/LIN/OutPort/LIN_CH5.Statistic.Y_LIN_Ch5_Busload,0,0,0,,{0},否
env,average,输出,env_1_Design/LIN/OutPort/LIN_CH5.Statistic.Error.Y_LIN_Ch5_TotalBreakErrors,0,0,0,,{0},否
env,average,输出,env_1_Design/LIN/OutPort/LIN_CH5.Statistic.Error.Y_LIN_Ch5_TotalSyncErrors,0,0,0,,{0},否
env,average,输出,env_1_Design/LIN/OutPort/LIN_CH5.Statistic.Error.Y_LIN_Ch5_TotalPidDetected,0,0,0,,{0},否
env,average,输出,env_1_Design/LIN/OutPort/LIN_CH5.Statistic.Error.Y_LIN_Ch5_TotalNoRespErrors,0,0,0,,{0},否
env,average,输出,env_1_Design/LIN/OutPort/LIN_CH5.Statistic.Error.Y_LIN_Ch5_TotalDataErrors,0,0,0,,{0},否
env,average,输出,env_1_Design/LIN/OutPort/LIN_CH5.Statistic.Error.Y_LIN_Ch5_TotalCrcErrors,0,0,0,,{0},否
env,average,输出,env_1_Design/LIN/OutPort/LIN_CH5.Statistic.Error.Y_LIN_Ch5_BreakErrors,0,0,0,,{0},否
env,average,输出,env_1_Design/LIN/OutPort/LIN_CH5.Statistic.Error.Y_LIN_Ch5_SyncErrors,0,0,0,,{0},否
env,average,输出,env_1_Design/LIN/OutPort/LIN_CH5.Statistic.Error.Y_LIN_Ch5_PidDetected,0,0,0,,{0},否
env,average,输出,env_1_Design/LIN/OutPort/LIN_CH5.Statistic.Error.Y_LIN_Ch5_NoRespErrors,0,0,0,,{0},否
env,average,输出,env_1_Design/LIN/OutPort/LIN_CH5.Statistic.Error.Y_LIN_Ch5_DataErrors,0,0,0,,{0},否
env,average,输出,env_1_Design/LIN/OutPort/LIN_CH5.Statistic.Error.Y_LIN_Ch5_CrcErrors,0,0,0,,{0},否
env,average,输出,env_1_Design/LIN/OutPort/LIN_CH5.Statistic.AllFrame.Y_LIN_Ch5_TotalFramesCnt,0,0,0,,{0},否
env,average,输出,env_1_Design/LIN/OutPort/LIN_CH5.Statistic.AllFrame.Y_LIN_Ch5_FramesCnt,0,0,0,,{0},否
env,average,输出,env_1_Design/LIN/OutPort/LIN_CH5.Statistic.AllFrame.Y_LIN_Ch5_FrameCycleTime,0,0,0,,{0},否
env,average,输出,env_1_Design/LIN/OutPort/LIN_CH5.Statistic.AllFrame.Y_LIN_Ch5_HeaderDurationTime,0,0,0,,{0},否
env,average,输出,env_1_Design/LIN/OutPort/LIN_CH5.Statistic.AllFrame.Y_LIN_Ch5_RespDurationTime,0,0,0,,{0},否
env,average,输出,env_1_Design/LIN/OutPort/LIN_CH5.Statistic.Wakeup.Y_LIN_Ch5_WakeupsDurationTime,0,0,0,,{0},否
env,average,输出,env_1_Design/LIN/OutPort/LIN_CH5.Statistic.Wakeup.Y_LIN_Ch5_WakeupsCommandsCnt,0,0,0,,{0},否
env,average,输出,env_1_Design/LIN/OutPort/LIN_CH5.Statistic.Sleep.Y_LIN_Ch5_SleepCommandsCnt,0,0,0,,{0},否
env,average,输出,env_1_Design/LIN/OutPort/LIN_CH6.Y_CurrentSchedule,0,0,0,,{0},是
env,average,输出,env_1_Design/LIN/OutPort/LIN_CH6.Valid,0,0,0,,{0},否
env,average,输出,env_1_Design/LIN/OutPort/LIN_CH6.Config.Y_LIN_Ch6_WorkMode,0,0,0,,{0},否
env,average,输出,env_1_Design/LIN/OutPort/LIN_CH6.Config.Y_LIN_Ch6_Bitrate,4800,4800,0,,{4800},否
env,average,输出,env_1_Design/LIN/OutPort/LIN_CH6.Statistic.Y_LIN_Ch6_Busload,0,0,0,,{0},否
env,average,输出,env_1_Design/LIN/OutPort/LIN_CH6.Statistic.Error.Y_LIN_Ch6_TotalBreakErrors,0,0,0,,{0},否
env,average,输出,env_1_Design/LIN/OutPort/LIN_CH6.Statistic.Error.Y_LIN_Ch6_TotalSyncErrors,0,0,0,,{0},否
env,average,输出,env_1_Design/LIN/OutPort/LIN_CH6.Statistic.Error.Y_LIN_Ch6_TotalPidDetected,0,0,0,,{0},否
env,average,输出,env_1_Design/LIN/OutPort/LIN_CH6.Statistic.Error.Y_LIN_Ch6_TotalNoRespErrors,0,0,0,,{0},否
env,average,输出,env_1_Design/LIN/OutPort/LIN_CH6.Statistic.Error.Y_LIN_Ch6_TotalDataErrors,0,0,0,,{0},否
env,average,输出,env_1_Design/LIN/OutPort/LIN_CH6.Statistic.Error.Y_LIN_Ch6_TotalCrcErrors,0,0,0,,{0},否
env,average,输出,env_1_Design/LIN/OutPort/LIN_CH6.Statistic.Error.Y_LIN_Ch6_BreakErrors,0,0,0,,{0},否
env,average,输出,env_1_Design/LIN/OutPort/LIN_CH6.Statistic.Error.Y_LIN_Ch6_SyncErrors,0,0,0,,{0},否
env,average,输出,env_1_Design/LIN/OutPort/LIN_CH6.Statistic.Error.Y_LIN_Ch6_PidDetected,0,0,0,,{0},否
env,average,输出,env_1_Design/LIN/OutPort/LIN_CH6.Statistic.Error.Y_LIN_Ch6_NoRespErrors,0,0,0,,{0},否
env,average,输出,env_1_Design/LIN/OutPort/LIN_CH6.Statistic.Error.Y_LIN_Ch6_DataErrors,0,0,0,,{0},否
env,average,输出,env_1_Design/LIN/OutPort/LIN_CH6.Statistic.Error.Y_LIN_Ch6_CrcErrors,0,0,0,,{0},否
env,average,输出,env_1_Design/LIN/OutPort/LIN_CH6.Statistic.AllFrame.Y_LIN_Ch6_TotalFramesCnt,0,0,0,,{0},否
env,average,输出,env_1_Design/LIN/OutPort/LIN_CH6.Statistic.AllFrame.Y_LIN_Ch6_FramesCnt,0,0,0,,{0},否
env,average,输出,env_1_Design/LIN/OutPort/LIN_CH6.Statistic.AllFrame.Y_LIN_Ch6_FrameCycleTime,0,0,0,,{0},否
env,average,输出,env_1_Design/LIN/OutPort/LIN_CH6.Statistic.AllFrame.Y_LIN_Ch6_HeaderDurationTime,0,0,0,,{0},否
env,average,输出,env_1_Design/LIN/OutPort/LIN_CH6.Statistic.AllFrame.Y_LIN_Ch6_RespDurationTime,0,0,0,,{0},否
env,average,输出,env_1_Design/LIN/OutPort/LIN_CH6.Statistic.Wakeup.Y_LIN_Ch6_WakeupsDurationTime,0,0,0,,{0},否
env,average,输出,env_1_Design/LIN/OutPort/LIN_CH6.Statistic.Wakeup.Y_LIN_Ch6_WakeupsCommandsCnt,0,0,0,,{0},否
env,average,输出,env_1_Design/LIN/OutPort/LIN_CH6.Statistic.Sleep.Y_LIN_Ch6_SleepCommandsCnt,0,0,0,,{0},否
env,average,输出,env_1_Design/LIN/OutPort/LIN_CH7.Y_CurrentSchedule,0,0,0,,{0},是
env,average,输出,env_1_Design/LIN/OutPort/LIN_CH7.Valid,0,0,0,,{0},否
env,average,输出,env_1_Design/LIN/OutPort/LIN_CH7.Config.Y_LIN_Ch7_WorkMode,0,0,0,,{0},否
env,average,输出,env_1_Design/LIN/OutPort/LIN_CH7.Config.Y_LIN_Ch7_Bitrate,4800,4800,0,,{4800},否
env,average,输出,env_1_Design/LIN/OutPort/LIN_CH7.Statistic.Y_LIN_Ch7_Busload,0,0,0,,{0},否
env,average,输出,env_1_Design/LIN/OutPort/LIN_CH7.Statistic.Error.Y_LIN_Ch7_TotalBreakErrors,0,0,0,,{0},否
env,average,输出,env_1_Design/LIN/OutPort/LIN_CH7.Statistic.Error.Y_LIN_Ch7_TotalSyncErrors,0,0,0,,{0},否
env,average,输出,env_1_Design/LIN/OutPort/LIN_CH7.Statistic.Error.Y_LIN_Ch7_TotalPidDetected,0,0,0,,{0},否
env,average,输出,env_1_Design/LIN/OutPort/LIN_CH7.Statistic.Error.Y_LIN_Ch7_TotalNoRespErrors,0,0,0,,{0},否
env,average,输出,env_1_Design/LIN/OutPort/LIN_CH7.Statistic.Error.Y_LIN_Ch7_TotalDataErrors,0,0,0,,{0},否
env,average,输出,env_1_Design/LIN/OutPort/LIN_CH7.Statistic.Error.Y_LIN_Ch7_TotalCrcErrors,0,0,0,,{0},否
env,average,输出,env_1_Design/LIN/OutPort/LIN_CH7.Statistic.Error.Y_LIN_Ch7_BreakErrors,0,0,0,,{0},否
env,average,输出,env_1_Design/LIN/OutPort/LIN_CH7.Statistic.Error.Y_LIN_Ch7_SyncErrors,0,0,0,,{0},否
env,average,输出,env_1_Design/LIN/OutPort/LIN_CH7.Statistic.Error.Y_LIN_Ch7_PidDetected,0,0,0,,{0},否
env,average,输出,env_1_Design/LIN/OutPort/LIN_CH7.Statistic.Error.Y_LIN_Ch7_NoRespErrors,0,0,0,,{0},否
env,average,输出,env_1_Design/LIN/OutPort/LIN_CH7.Statistic.Error.Y_LIN_Ch7_DataErrors,0,0,0,,{0},否
env,average,输出,env_1_Design/LIN/OutPort/LIN_CH7.Statistic.Error.Y_LIN_Ch7_CrcErrors,0,0,0,,{0},否
env,average,输出,env_1_Design/LIN/OutPort/LIN_CH7.Statistic.AllFrame.Y_LIN_Ch7_TotalFramesCnt,0,0,0,,{0},否
env,average,输出,env_1_Design/LIN/OutPort/LIN_CH7.Statistic.AllFrame.Y_LIN_Ch7_FramesCnt,0,0,0,,{0},否
env,average,输出,env_1_Design/LIN/OutPort/LIN_CH7.Statistic.AllFrame.Y_LIN_Ch7_FrameCycleTime,0,0,0,,{0},否
env,average,输出,env_1_Design/LIN/OutPort/LIN_CH7.Statistic.AllFrame.Y_LIN_Ch7_HeaderDurationTime,0,0,0,,{0},否
env,average,输出,env_1_Design/LIN/OutPort/LIN_CH7.Statistic.AllFrame.Y_LIN_Ch7_RespDurationTime,0,0,0,,{0},否
env,average,输出,env_1_Design/LIN/OutPort/LIN_CH7.Statistic.Wakeup.Y_LIN_Ch7_WakeupsDurationTime,0,0,0,,{0},否
env,average,输出,env_1_Design/LIN/OutPort/LIN_CH7.Statistic.Wakeup.Y_LIN_Ch7_WakeupsCommandsCnt,0,0,0,,{0},否
env,average,输出,env_1_Design/LIN/OutPort/LIN_CH7.Statistic.Sleep.Y_LIN_Ch7_SleepCommandsCnt,0,0,0,,{0},否
env,average,输出,env_1_Design/LIN/OutPort/LIN_CH8.Y_CurrentSchedule,0,0,0,,{0},是
env,average,输出,env_1_Design/LIN/OutPort/LIN_CH8.Valid,0,0,0,,{0},否
env,average,输出,env_1_Design/LIN/OutPort/LIN_CH8.Config.Y_LIN_Ch8_WorkMode,0,0,0,,{0},否
env,average,输出,env_1_Design/LIN/OutPort/LIN_CH8.Config.Y_LIN_Ch8_Bitrate,4800,4800,0,,{4800},否
env,average,输出,env_1_Design/LIN/OutPort/LIN_CH8.Statistic.Y_LIN_Ch8_Busload,0,0,0,,{0},否
env,average,输出,env_1_Design/LIN/OutPort/LIN_CH8.Statistic.Error.Y_LIN_Ch8_TotalBreakErrors,0,0,0,,{0},否
env,average,输出,env_1_Design/LIN/OutPort/LIN_CH8.Statistic.Error.Y_LIN_Ch8_TotalSyncErrors,0,0,0,,{0},否
env,average,输出,env_1_Design/LIN/OutPort/LIN_CH8.Statistic.Error.Y_LIN_Ch8_TotalPidDetected,0,0,0,,{0},否
env,average,输出,env_1_Design/LIN/OutPort/LIN_CH8.Statistic.Error.Y_LIN_Ch8_TotalNoRespErrors,0,0,0,,{0},否
env,average,输出,env_1_Design/LIN/OutPort/LIN_CH8.Statistic.Error.Y_LIN_Ch8_TotalDataErrors,0,0,0,,{0},否
env,average,输出,env_1_Design/LIN/OutPort/LIN_CH8.Statistic.Error.Y_LIN_Ch8_TotalCrcErrors,0,0,0,,{0},否
env,average,输出,env_1_Design/LIN/OutPort/LIN_CH8.Statistic.Error.Y_LIN_Ch8_BreakErrors,0,0,0,,{0},否
env,average,输出,env_1_Design/LIN/OutPort/LIN_CH8.Statistic.Error.Y_LIN_Ch8_SyncErrors,0,0,0,,{0},否
env,average,输出,env_1_Design/LIN/OutPort/LIN_CH8.Statistic.Error.Y_LIN_Ch8_PidDetected,0,0,0,,{0},否
env,average,输出,env_1_Design/LIN/OutPort/LIN_CH8.Statistic.Error.Y_LIN_Ch8_NoRespErrors,0,0,0,,{0},否
env,average,输出,env_1_Design/LIN/OutPort/LIN_CH8.Statistic.Error.Y_LIN_Ch8_DataErrors,0,0,0,,{0},否
env,average,输出,env_1_Design/LIN/OutPort/LIN_CH8.Statistic.Error.Y_LIN_Ch8_CrcErrors,0,0,0,,{0},否
env,average,输出,env_1_Design/LIN/OutPort/LIN_CH8.Statistic.AllFrame.Y_LIN_Ch8_TotalFramesCnt,0,0,0,,{0},否
env,average,输出,env_1_Design/LIN/OutPort/LIN_CH8.Statistic.AllFrame.Y_LIN_Ch8_FramesCnt,0,0,0,,{0},否
env,average,输出,env_1_Design/LIN/OutPort/LIN_CH8.Statistic.AllFrame.Y_LIN_Ch8_FrameCycleTime,0,0,0,,{0},否
env,average,输出,env_1_Design/LIN/OutPort/LIN_CH8.Statistic.AllFrame.Y_LIN_Ch8_HeaderDurationTime,0,0,0,,{0},否
env,average,输出,env_1_Design/LIN/OutPort/LIN_CH8.Statistic.AllFrame.Y_LIN_Ch8_RespDurationTime,0,0,0,,{0},否
env,average,输出,env_1_Design/LIN/OutPort/LIN_CH8.Statistic.Wakeup.Y_LIN_Ch8_WakeupsDurationTime,0,0,0,,{0},否
env,average,输入,env_1_Design/Voltage Encoder Output/InPort/U_Ch6_Voltage_Encoder_Out_DutyRadio,0,0,0,,{0},是
env,average,输入,env_1_Design/Voltage Encoder Output/InPort/U_Ch6_Voltage_Encoder_Out_ValueLevel,0,0,0,,{0},是
env,average,输入,env_1_Design/Voltage Encoder Output/InPort/U_Ch6_Voltage_Encoder_Out_PulseOnTime,0,0,0,,{0},是
env,average,输入,env_1_Design/Voltage Encoder Output/InPort/U_Ch6_Voltage_Encoder_Out_PulseOffTime,0,0,0,,{0},是
env,average,输入,env_1_Design/Voltage Encoder Output/InPort/U_Ch7_Voltage_Encoder_Out_Enable,0,0,0,,{0},是
env,average,输入,env_1_Design/Voltage Encoder Output/InPort/U_Ch7_Voltage_Encoder_Out_FIU,0,0,0,,{0},是
env,average,输入,env_1_Design/Voltage Encoder Output/InPort/U_Ch7_Voltage_Encoder_Out_RotateSpeed,0,0,0,,{0},是
env,average,输入,env_1_Design/Voltage Encoder Output/InPort/U_Ch7_Voltage_Encoder_Out_Frequency,0,0,0,,{0},是
env,average,输入,env_1_Design/Voltage Encoder Output/InPort/U_Ch7_Voltage_Encoder_Out_DutyRadio,0,0,0,,{0},是
env,average,输入,env_1_Design/Voltage Encoder Output/InPort/U_Ch7_Voltage_Encoder_Out_ValueLevel,0,0,0,,{0},是
env,average,输入,env_1_Design/Voltage Encoder Output/InPort/U_Ch7_Voltage_Encoder_Out_PulseOnTime,0,0,0,,{0},是
env,average,输入,env_1_Design/Voltage Encoder Output/InPort/U_Ch7_Voltage_Encoder_Out_PulseOffTime,0,0,0,,{0},是
env,average,输入,env_1_Design/Voltage Encoder Output/InPort/U_Ch8_Voltage_Encoder_Out_Enable,0,0,0,,{0},是
env,average,输入,env_1_Design/Voltage Encoder Output/InPort/U_Ch8_Voltage_Encoder_Out_FIU,0,0,0,,{0},是
env,average,输入,env_1_Design/Voltage Encoder Output/InPort/U_Ch8_Voltage_Encoder_Out_RotateSpeed,0,0,0,,{0},是
env,average,输入,env_1_Design/Voltage Encoder Output/InPort/U_Ch8_Voltage_Encoder_Out_Frequency,0,0,0,,{0},是
env,average,输入,env_1_Design/Voltage Encoder Output/InPort/U_Ch8_Voltage_Encoder_Out_DutyRadio,0,0,0,,{0},是
env,average,输入,env_1_Design/Voltage Encoder Output/InPort/U_Ch8_Voltage_Encoder_Out_ValueLevel,0,0,0,,{0},是
env,average,输入,env_1_Design/Voltage Encoder Output/InPort/U_Ch8_Voltage_Encoder_Out_PulseOnTime,0,0,0,,{0},是
env,average,输入,env_1_Design/Voltage Encoder Output/InPort/U_Ch8_Voltage_Encoder_Out_PulseOffTime,0,0,0,,{0},是
env,average,输入,env_1_Design/Voltage Encoder Output/InPort/U_Ch9_Voltage_Encoder_Out_Enable,0,0,0,,{0},是
env,average,输入,env_1_Design/Voltage Encoder Output/InPort/U_Ch9_Voltage_Encoder_Out_FIU,0,0,0,,{0},是
env,average,输入,env_1_Design/Voltage Encoder Output/InPort/U_Ch9_Voltage_Encoder_Out_RotateSpeed,0,0,0,,{0},是
env,average,输入,env_1_Design/Voltage Encoder Output/InPort/U_Ch9_Voltage_Encoder_Out_Frequency,0,0,0,,{0},是
env,average,输入,env_1_Design/Voltage Encoder Output/InPort/U_Ch9_Voltage_Encoder_Out_DutyRadio,0,0,0,,{0},是
env,average,输入,env_1_Design/Voltage Encoder Output/InPort/U_Ch9_Voltage_Encoder_Out_ValueLevel,0,0,0,,{0},是
env,average,输入,env_1_Design/Voltage Encoder Output/InPort/U_Ch9_Voltage_Encoder_Out_PulseOnTime,0,0,0,,{0},是
env,average,输入,env_1_Design/Voltage Encoder Output/InPort/U_Ch9_Voltage_Encoder_Out_PulseOffTime,0,0,0,,{0},是
env,average,输入,env_1_Design/Voltage Encoder Output/InPort/U_Ch10_Voltage_Encoder_Out_Enable,0,0,0,,{0},是
env,average,输入,env_1_Design/Voltage Encoder Output/InPort/U_Ch10_Voltage_Encoder_Out_FIU,0,0,0,,{0},是
env,average,输入,env_1_Design/Voltage Encoder Output/InPort/U_Ch10_Voltage_Encoder_Out_RotateSpeed,0,0,0,,{0},是
env,average,输入,env_1_Design/Voltage Encoder Output/InPort/U_Ch10_Voltage_Encoder_Out_Frequency,0,0,0,,{0},是
env,average,输入,env_1_Design/Voltage Encoder Output/InPort/U_Ch10_Voltage_Encoder_Out_DutyRadio,0,0,0,,{0},是
env,average,输入,env_1_Design/Voltage Encoder Output/InPort/U_Ch10_Voltage_Encoder_Out_ValueLevel,0,0,0,,{0},是
env,average,输入,env_1_Design/Voltage Encoder Output/InPort/U_Ch10_Voltage_Encoder_Out_PulseOnTime,0,0,0,,{0},是
env,average,输入,env_1_Design/Voltage Encoder Output/InPort/U_Ch10_Voltage_Encoder_Out_PulseOffTime,0,0,0,,{0},是
env,average,输入,env_1_Design/Voltage Encoder Output/InPort/U_Ch11_Voltage_Encoder_Out_Enable,0,0,0,,{0},是
env,average,输入,env_1_Design/Voltage Encoder Output/InPort/U_Ch11_Voltage_Encoder_Out_FIU,0,0,0,,{0},是
env,average,输入,env_1_Design/Voltage Encoder Output/InPort/U_Ch11_Voltage_Encoder_Out_RotateSpeed,0,0,0,,{0},是
env,average,输入,env_1_Design/Voltage Encoder Output/InPort/U_Ch11_Voltage_Encoder_Out_Frequency,0,0,0,,{0},是
env,average,输入,env_1_Design/Voltage Encoder Output/InPort/U_Ch11_Voltage_Encoder_Out_DutyRadio,0,0,0,,{0},是
env,average,输入,env_1_Design/Voltage Encoder Output/InPort/U_Ch11_Voltage_Encoder_Out_ValueLevel,0,0,0,,{0},是
env,average,输入,env_1_Design/Voltage Encoder Output/InPort/U_Ch11_Voltage_Encoder_Out_PulseOnTime,0,0,0,,{0},是
env,average,输入,env_1_Design/Voltage Encoder Output/InPort/U_Ch11_Voltage_Encoder_Out_PulseOffTime,0,0,0,,{0},是
env,average,输入,env_1_Design/Voltage Encoder Output/InPort/U_Ch12_Voltage_Encoder_Out_Enable,0,0,0,,{0},是
env,average,输入,env_1_Design/Voltage Encoder Output/InPort/U_Ch12_Voltage_Encoder_Out_FIU,0,0,0,,{0},是
env,average,输入,env_1_Design/Voltage Encoder Output/InPort/U_Ch12_Voltage_Encoder_Out_RotateSpeed,0,0,0,,{0},是
env,average,输入,env_1_Design/Voltage Encoder Output/InPort/U_Ch12_Voltage_Encoder_Out_Frequency,0,0,0,,{0},是
env,average,输入,env_1_Design/Voltage Encoder Output/InPort/U_Ch12_Voltage_Encoder_Out_DutyRadio,0,0,0,,{0},是
env,average,输入,env_1_Design/Voltage Encoder Output/InPort/U_Ch12_Voltage_Encoder_Out_ValueLevel,0,0,0,,{0},是
env,average,输入,env_1_Design/Voltage Encoder Output/InPort/U_Ch12_Voltage_Encoder_Out_PulseOnTime,0,0,0,,{0},是
env,average,输入,env_1_Design/Voltage Encoder Output/InPort/U_Ch12_Voltage_Encoder_Out_PulseOffTime,0,0,0,,{0},是
env,average,输入,env_1_Design/Voltage Encoder Output/InPort/U_Ch13_Voltage_Encoder_Out_Enable,0,0,0,,{0},是
env,average,输入,env_1_Design/Voltage Encoder Output/InPort/U_Ch13_Voltage_Encoder_Out_FIU,0,0,0,,{0},是
env,average,输入,env_1_Design/Voltage Encoder Output/InPort/U_Ch13_Voltage_Encoder_Out_RotateSpeed,0,0,0,,{0},是
env,average,输入,env_1_Design/Voltage Encoder Output/InPort/U_Ch13_Voltage_Encoder_Out_Frequency,0,0,0,,{0},是
env,average,输入,env_1_Design/Voltage Encoder Output/InPort/U_Ch13_Voltage_Encoder_Out_DutyRadio,0,0,0,,{0},是
env,average,输入,env_1_Design/Voltage Encoder Output/InPort/U_Ch13_Voltage_Encoder_Out_ValueLevel,0,0,0,,{0},是
env,average,输入,env_1_Design/Voltage Encoder Output/InPort/U_Ch13_Voltage_Encoder_Out_PulseOnTime,0,0,0,,{0},是
env,average,输入,env_1_Design/Voltage Encoder Output/InPort/U_Ch13_Voltage_Encoder_Out_PulseOffTime,0,0,0,,{0},是
env,average,输入,env_1_Design/Voltage Encoder Output/InPort/U_Ch14_Voltage_Encoder_Out_Enable,0,0,0,,{0},是
env,average,输入,env_1_Design/Voltage Encoder Output/InPort/U_Ch14_Voltage_Encoder_Out_FIU,0,0,0,,{0},是
env,average,输入,env_1_Design/Voltage Encoder Output/InPort/U_Ch14_Voltage_Encoder_Out_RotateSpeed,0,0,0,,{0},是
env,average,输入,env_1_Design/Voltage Encoder Output/InPort/U_Ch14_Voltage_Encoder_Out_Frequency,0,0,0,,{0},是
env,average,输入,env_1_Design/Voltage Encoder Output/InPort/U_Ch14_Voltage_Encoder_Out_DutyRadio,0,0,0,,{0},是
env,average,输入,env_1_Design/Voltage Encoder Output/InPort/U_Ch14_Voltage_Encoder_Out_ValueLevel,0,0,0,,{0},是
env,average,输入,env_1_Design/Voltage Encoder Output/InPort/U_Ch14_Voltage_Encoder_Out_PulseOnTime,0,0,0,,{0},是
env,average,输入,env_1_Design/Voltage Encoder Output/InPort/U_Ch14_Voltage_Encoder_Out_PulseOffTime,0,0,0,,{0},是
env,average,输入,env_1_Design/Voltage Encoder Output/InPort/U_Ch15_Voltage_Encoder_Out_Enable,0,0,0,,{0},是
env,average,输入,env_1_Design/Voltage Encoder Output/InPort/U_Ch15_Voltage_Encoder_Out_FIU,0,0,0,,{0},是
env,average,输入,env_1_Design/Voltage Encoder Output/InPort/U_Ch15_Voltage_Encoder_Out_RotateSpeed,0,0,0,,{0},是
env,average,输入,env_1_Design/Voltage Encoder Output/InPort/U_Ch15_Voltage_Encoder_Out_Frequency,0,0,0,,{0},是
env,average,输入,env_1_Design/Voltage Encoder Output/InPort/U_Ch15_Voltage_Encoder_Out_DutyRadio,0,0,0,,{0},是
env,average,输入,env_1_Design/Voltage Encoder Output/InPort/U_Ch15_Voltage_Encoder_Out_ValueLevel,0,0,0,,{0},是
env,average,输入,env_1_Design/Voltage Encoder Output/InPort/U_Ch15_Voltage_Encoder_Out_PulseOnTime,0,0,0,,{0},是
env,average,输入,env_1_Design/Voltage Encoder Output/InPort/U_Ch15_Voltage_Encoder_Out_PulseOffTime,0,0,0,,{0},是
env,average,输入,env_1_Design/Voltage Encoder Output/InPort/U_Ch16_Voltage_Encoder_Out_Enable,0,0,0,,{0},是
env,average,输入,env_1_Design/Voltage Encoder Output/InPort/U_Ch16_Voltage_Encoder_Out_FIU,0,0,0,,{0},是
env,average,输入,env_1_Design/Voltage Encoder Output/InPort/U_Ch16_Voltage_Encoder_Out_RotateSpeed,0,0,0,,{0},是
env,average,输入,env_1_Design/Voltage Encoder Output/InPort/U_Ch16_Voltage_Encoder_Out_Frequency,0,0,0,,{0},是
env,average,输入,env_1_Design/Voltage Encoder Output/InPort/U_Ch16_Voltage_Encoder_Out_DutyRadio,0,0,0,,{0},是
env,average,输入,env_1_Design/Voltage Encoder Output/InPort/U_Ch16_Voltage_Encoder_Out_ValueLevel,0,0,0,,{0},是
env,average,输入,env_1_Design/Voltage Encoder Output/InPort/U_Ch16_Voltage_Encoder_Out_PulseOnTime,0,0,0,,{0},是
env,average,输入,env_1_Design/Voltage Encoder Output/InPort/U_Ch16_Voltage_Encoder_Out_PulseOffTime,0,0,0,,{0},是
env,average,输入,env_1_Design/Voltage Encoder Output/InPort/U_Ch17_Voltage_Encoder_Out_Enable,0,0,0,,{0},是
env,average,输入,env_1_Design/Voltage Encoder Output/InPort/U_Ch17_Voltage_Encoder_Out_FIU,0,0,0,,{0},是
env,average,输入,env_1_Design/Voltage Encoder Output/InPort/U_Ch17_Voltage_Encoder_Out_RotateSpeed,0,0,0,,{0},是
env,average,输入,env_1_Design/Voltage Encoder Output/InPort/U_Ch17_Voltage_Encoder_Out_Frequency,0,0,0,,{0},是
env,average,输入,env_1_Design/Voltage Encoder Output/InPort/U_Ch17_Voltage_Encoder_Out_DutyRadio,0,0,0,,{0},是
env,average,输入,env_1_Design/Voltage Encoder Output/InPort/U_Ch17_Voltage_Encoder_Out_ValueLevel,0,0,0,,{0},是
env,average,输入,env_1_Design/Voltage Encoder Output/InPort/U_Ch17_Voltage_Encoder_Out_PulseOnTime,0,0,0,,{0},是
env,average,输入,env_1_Design/Voltage Encoder Output/InPort/U_Ch17_Voltage_Encoder_Out_PulseOffTime,0,0,0,,{0},是
env,average,输入,env_1_Design/Voltage Encoder Output/InPort/U_Ch18_Voltage_Encoder_Out_Enable,0,0,0,,{0},是
env,average,输入,env_1_Design/Voltage Encoder Output/InPort/U_Ch18_Voltage_Encoder_Out_FIU,0,0,0,,{0},是
env,average,输入,env_1_Design/Voltage Encoder Output/InPort/U_Ch18_Voltage_Encoder_Out_RotateSpeed,0,0,0,,{0},是
env,average,输入,env_1_Design/Voltage Encoder Output/InPort/U_Ch18_Voltage_Encoder_Out_Frequency,0,0,0,,{0},是
env,average,输入,env_1_Design/Voltage Encoder Output/InPort/U_Ch18_Voltage_Encoder_Out_DutyRadio,0,0,0,,{0},是
env,average,输入,env_1_Design/Voltage Encoder Output/InPort/U_Ch18_Voltage_Encoder_Out_ValueLevel,0,0,0,,{0},是
env,average,输入,env_1_Design/Voltage Encoder Output/InPort/U_Ch18_Voltage_Encoder_Out_PulseOnTime,0,0,0,,{0},是
env,average,输入,env_1_Design/Voltage Encoder Output/InPort/U_Ch18_Voltage_Encoder_Out_PulseOffTime,0,0,0,,{0},是
env,average,输入,env_1_Design/Voltage Encoder Output/InPort/U_Ch19_Voltage_Encoder_Out_Enable,0,0,0,,{0},是
env,average,输入,env_1_Design/Voltage Encoder Output/InPort/U_Ch19_Voltage_Encoder_Out_FIU,0,0,0,,{0},是
env,average,输入,env_1_Design/Voltage Encoder Output/InPort/U_Ch19_Voltage_Encoder_Out_RotateSpeed,0,0,0,,{0},是
env,average,输入,env_1_Design/Voltage Encoder Output/InPort/U_Ch19_Voltage_Encoder_Out_Frequency,0,0,0,,{0},是
env,average,输入,env_1_Design/Voltage Encoder Output/InPort/U_Ch19_Voltage_Encoder_Out_DutyRadio,0,0,0,,{0},是
env,average,输入,env_1_Design/Voltage Encoder Output/InPort/U_Ch19_Voltage_Encoder_Out_ValueLevel,0,0,0,,{0},是
env,average,输入,env_1_Design/Voltage Encoder Output/InPort/U_Ch19_Voltage_Encoder_Out_PulseOnTime,0,0,0,,{0},是
env,average,输入,env_1_Design/Voltage Encoder Output/InPort/U_Ch19_Voltage_Encoder_Out_PulseOffTime,0,0,0,,{0},是
env,average,输入,env_1_Design/Voltage Encoder Output/InPort/U_Ch20_Voltage_Encoder_Out_Enable,0,0,0,,{0},是
env,average,输入,env_1_Design/Voltage Encoder Output/InPort/U_Ch20_Voltage_Encoder_Out_FIU,0,0,0,,{0},是
env,average,输入,env_1_Design/Voltage Encoder Output/InPort/U_Ch20_Voltage_Encoder_Out_RotateSpeed,0,0,0,,{0},是
env,average,输入,env_1_Design/Voltage Encoder Output/InPort/U_Ch20_Voltage_Encoder_Out_Frequency,0,0,0,,{0},是
env,average,输入,env_1_Design/Voltage Encoder Output/InPort/U_Ch20_Voltage_Encoder_Out_DutyRadio,0,0,0,,{0},是
env,average,输入,env_1_Design/Voltage Encoder Output/InPort/U_Ch20_Voltage_Encoder_Out_ValueLevel,0,0,0,,{0},是
env,average,输入,env_1_Design/Voltage Encoder Output/InPort/U_Ch20_Voltage_Encoder_Out_PulseOnTime,0,0,0,,{0},是
env,average,输入,env_1_Design/Voltage Encoder Output/InPort/U_Ch20_Voltage_Encoder_Out_PulseOffTime,0,0,0,,{0},是
env,average,输入,env_1_Design/Voltage Encoder Output/InPort/U_Ch21_Voltage_Encoder_Out_Enable,0,0,0,,{0},是
env,average,输入,env_1_Design/Voltage Encoder Output/InPort/U_Ch21_Voltage_Encoder_Out_FIU,0,0,0,,{0},是
env,average,输入,env_1_Design/Voltage Encoder Output/InPort/U_Ch21_Voltage_Encoder_Out_RotateSpeed,0,0,0,,{0},是
env,average,输入,env_1_Design/Voltage Encoder Output/InPort/U_Ch21_Voltage_Encoder_Out_Frequency,0,0,0,,{0},是
env,average,输入,env_1_Design/Voltage Encoder Output/InPort/U_Ch21_Voltage_Encoder_Out_DutyRadio,0,0,0,,{0},是
env,average,输入,env_1_Design/Voltage Encoder Output/InPort/U_Ch21_Voltage_Encoder_Out_ValueLevel,0,0,0,,{0},是
env,average,输入,env_1_Design/Voltage Encoder Output/InPort/U_Ch21_Voltage_Encoder_Out_PulseOnTime,0,0,0,,{0},是
env,average,输入,env_1_Design/Voltage Encoder Output/InPort/U_Ch21_Voltage_Encoder_Out_PulseOffTime,0,0,0,,{0},是
env,average,输入,env_1_Design/Voltage Encoder Output/InPort/U_Ch22_Voltage_Encoder_Out_Enable,0,0,0,,{0},是
env,average,输入,env_1_Design/Voltage Encoder Output/InPort/U_Ch22_Voltage_Encoder_Out_FIU,0,0,0,,{0},是
env,average,输入,env_1_Design/Voltage Encoder Output/InPort/U_Ch22_Voltage_Encoder_Out_RotateSpeed,0,0,0,,{0},是
env,average,输入,env_1_Design/Voltage Encoder Output/InPort/U_Ch22_Voltage_Encoder_Out_Frequency,0,0,0,,{0},是
env,average,输入,env_1_Design/Voltage Encoder Output/InPort/U_Ch22_Voltage_Encoder_Out_DutyRadio,0,0,0,,{0},是
env,average,输入,env_1_Design/Voltage Encoder Output/InPort/U_Ch22_Voltage_Encoder_Out_ValueLevel,0,0,0,,{0},是
env,average,输入,env_1_Design/Voltage Encoder Output/InPort/U_Ch22_Voltage_Encoder_Out_PulseOnTime,0,0,0,,{0},是
env,average,输入,env_1_Design/Voltage Encoder Output/InPort/U_Ch22_Voltage_Encoder_Out_PulseOffTime,0,0,0,,{0},是
env,average,输入,env_1_Design/Voltage Encoder Output/InPort/U_Ch23_Voltage_Encoder_Out_Enable,0,0,0,,{0},是
env,average,输入,env_1_Design/Voltage Encoder Output/InPort/U_Ch23_Voltage_Encoder_Out_FIU,0,0,0,,{0},是
env,average,输入,env_1_Design/Voltage Encoder Output/InPort/U_Ch23_Voltage_Encoder_Out_RotateSpeed,0,0,0,,{0},是
env,average,输入,env_1_Design/Voltage Encoder Output/InPort/U_Ch23_Voltage_Encoder_Out_Frequency,0,0,0,,{0},是
env,average,输入,env_1_Design/Voltage Encoder Output/InPort/U_Ch23_Voltage_Encoder_Out_DutyRadio,0,0,0,,{0},是
env,average,输入,env_1_Design/Voltage Encoder Output/InPort/U_Ch23_Voltage_Encoder_Out_ValueLevel,0,0,0,,{0},是
env,average,输入,env_1_Design/Voltage Encoder Output/InPort/U_Ch23_Voltage_Encoder_Out_PulseOnTime,0,0,0,,{0},是
env,average,输入,env_1_Design/Voltage Encoder Output/InPort/U_Ch23_Voltage_Encoder_Out_PulseOffTime,0,0,0,,{0},是
env,average,输入,env_1_Design/Voltage Encoder Output/InPort/U_Ch24_Voltage_Encoder_Out_Enable,0,0,0,,{0},是
env,average,输入,env_1_Design/Voltage Encoder Output/InPort/U_Ch24_Voltage_Encoder_Out_FIU,0,0,0,,{0},是
env,average,输入,env_1_Design/Voltage Encoder Output/InPort/U_Ch24_Voltage_Encoder_Out_RotateSpeed,0,0,0,,{0},是
env,average,输入,env_1_Design/Voltage Encoder Output/InPort/U_Ch24_Voltage_Encoder_Out_Frequency,0,0,0,,{0},是
env,average,输入,env_1_Design/Voltage Encoder Output/InPort/U_Ch24_Voltage_Encoder_Out_DutyRadio,0,0,0,,{0},是
env,average,输入,env_1_Design/Voltage Encoder Output/InPort/U_Ch24_Voltage_Encoder_Out_ValueLevel,0,0,0,,{0},是
env,average,输入,env_1_Design/Voltage Encoder Output/InPort/U_Ch24_Voltage_Encoder_Out_PulseOnTime,0,0,0,,{0},是
env,average,输入,env_1_Design/Voltage Encoder Output/InPort/U_Ch24_Voltage_Encoder_Out_PulseOffTime,0,0,0,,{0},是
env,average,输入,env_1_Design/Voltage Encoder Output/InPort/Model_Disabled,0,0,0,,{0},是
env,average,输入,env_1_Design/Voltage Encoder Output/InPort/Model_Reset,0,0,0,,{0},是
env,average,输出,env_1_Design/Voltage Encoder Output/OutPort/Y_Ch1_Voltage_Encoder_Out_Angle,0,0,0,,{0},是
env,average,输出,env_1_Design/Voltage Encoder Output/OutPort/Y_Ch1_Support_Features,0,0,0,,{0},是
env,average,输出,env_1_Design/Voltage Encoder Output/OutPort/Y_Ch1.Valid,0,0,0,,{0},是
env,average,输出,env_1_Design/Voltage Encoder Output/OutPort/Y_Ch2_Voltage_Encoder_Out_Angle,0,0,0,,{0},是
env,average,输出,env_1_Design/Voltage Encoder Output/OutPort/Y_Ch2_Support_Features,0,0,0,,{0},是
env,average,输出,env_1_Design/Voltage Encoder Output/OutPort/Y_Ch2.Valid,0,0,0,,{0},是
env,average,输出,env_1_Design/Voltage Encoder Output/OutPort/Y_Ch3_Voltage_Encoder_Out_Angle,0,0,0,,{0},是
env,average,输出,env_1_Design/Voltage Encoder Output/OutPort/Y_Ch3_Support_Features,0,0,0,,{0},是
env,average,输出,env_1_Design/Voltage Encoder Output/OutPort/Y_Ch3.Valid,0,0,0,,{0},是
env,average,输出,env_1_Design/Voltage Encoder Output/OutPort/Y_Ch4_Voltage_Encoder_Out_Angle,0,0,0,,{0},是
env,average,输出,env_1_Design/Voltage Encoder Output/OutPort/Y_Ch4_Support_Features,0,0,0,,{0},是
env,average,输出,env_1_Design/Voltage Encoder Output/OutPort/Y_Ch4.Valid,0,0,0,,{0},是
env,average,输出,env_1_Design/Voltage Encoder Output/OutPort/Y_Ch5_Voltage_Encoder_Out_Angle,0,0,0,,{0},是
env,average,输出,env_1_Design/Voltage Encoder Output/OutPort/Y_Ch5_Support_Features,0,0,0,,{0},是
env,average,输出,env_1_Design/Voltage Encoder Output/OutPort/Y_Ch5.Valid,0,0,0,,{0},是
env,average,输出,env_1_Design/Voltage Encoder Output/OutPort/Y_Ch6_Voltage_Encoder_Out_Angle,0,0,0,,{0},是
env,average,输出,env_1_Design/Voltage Encoder Output/OutPort/Y_Ch6_Support_Features,0,0,0,,{0},是
env,average,输出,env_1_Design/Voltage Encoder Output/OutPort/Y_Ch6.Valid,0,0,0,,{0},是
env,average,输出,env_1_Design/Voltage Encoder Output/OutPort/Y_Ch7_Voltage_Encoder_Out_Angle,0,0,0,,{0},是
env,average,输出,env_1_Design/Voltage Encoder Output/OutPort/Y_Ch7_Support_Features,0,0,0,,{0},是
env,average,输出,env_1_Design/Voltage Encoder Output/OutPort/Y_Ch7.Valid,0,0,0,,{0},是
env,average,输出,env_1_Design/Voltage Encoder Output/OutPort/Y_Ch8_Voltage_Encoder_Out_Angle,0,0,0,,{0},是
env,average,输出,env_1_Design/Voltage Encoder Output/OutPort/Y_Ch8_Support_Features,0,0,0,,{0},是
env,average,输出,env_1_Design/Voltage Encoder Output/OutPort/Y_Ch8.Valid,0,0,0,,{0},是
env,average,输出,env_1_Design/Voltage Encoder Output/OutPort/Y_Ch9_Voltage_Encoder_Out_Angle,0,0,0,,{0},是
env,average,输出,env_1_Design/Voltage Encoder Output/OutPort/Y_Ch9_Support_Features,0,0,0,,{0},是
env,average,输出,env_1_Design/Voltage Encoder Output/OutPort/Y_Ch9.Valid,0,0,0,,{0},是
env,average,输出,env_1_Design/Voltage Encoder Output/OutPort/Y_Ch10_Voltage_Encoder_Out_Angle,0,0,0,,{0},是
env,average,输出,env_1_Design/Voltage Encoder Output/OutPort/Y_Ch10_Support_Features,0,0,0,,{0},是
env,average,输出,env_1_Design/Voltage Encoder Output/OutPort/Y_Ch10.Valid,0,0,0,,{0},是
env,average,输出,env_1_Design/Voltage Encoder Output/OutPort/Y_Ch11_Voltage_Encoder_Out_Angle,0,0,0,,{0},是
env,average,输出,env_1_Design/Voltage Encoder Output/OutPort/Y_Ch11_Support_Features,0,0,0,,{0},是
env,average,输出,env_1_Design/Voltage Encoder Output/OutPort/Y_Ch11.Valid,0,0,0,,{0},是
env,average,输出,env_1_Design/Voltage Encoder Output/OutPort/Y_Ch12_Voltage_Encoder_Out_Angle,0,0,0,,{0},是
env,average,输出,env_1_Design/Voltage Encoder Output/OutPort/Y_Ch12_Support_Features,0,0,0,,{0},是
env,average,输出,env_1_Design/Voltage Encoder Output/OutPort/Y_Ch12.Valid,0,0,0,,{0},是
env,average,输出,env_1_Design/Voltage Encoder Output/OutPort/Y_Ch13_Voltage_Encoder_Out_Angle,0,0,0,,{0},是
env,average,输出,env_1_Design/Voltage Encoder Output/OutPort/Y_Ch13_Support_Features,0,0,0,,{0},是
env,average,输出,env_1_Design/Voltage Encoder Output/OutPort/Y_Ch13.Valid,0,0,0,,{0},是
env,average,输出,env_1_Design/Voltage Encoder Output/OutPort/Y_Ch14_Voltage_Encoder_Out_Angle,0,0,0,,{0},是
env,average,输出,env_1_Design/Voltage Encoder Output/OutPort/Y_Ch14_Support_Features,0,0,0,,{0},是
env,average,输出,env_1_Design/Voltage Encoder Output/OutPort/Y_Ch14.Valid,0,0,0,,{0},是
env,average,输出,env_1_Design/Voltage Encoder Output/OutPort/Y_Ch15_Voltage_Encoder_Out_Angle,0,0,0,,{0},是
env,average,输出,env_1_Design/Voltage Encoder Output/OutPort/Y_Ch15_Support_Features,0,0,0,,{0},是
env,average,输出,env_1_Design/Voltage Encoder Output/OutPort/Y_Ch15.Valid,0,0,0,,{0},是
env,average,输出,env_1_Design/Voltage Encoder Output/OutPort/Y_Ch16_Voltage_Encoder_Out_Angle,0,0,0,,{0},是
env,average,输出,env_1_Design/Voltage Encoder Output/OutPort/Y_Ch16_Support_Features,0,0,0,,{0},是
env,average,输出,env_1_Design/Voltage Encoder Output/OutPort/Y_Ch16.Valid,0,0,0,,{0},是
env,average,输出,env_1_Design/Voltage Encoder Output/OutPort/Y_Ch17_Voltage_Encoder_Out_Angle,0,0,0,,{0},是
env,average,输出,env_1_Design/Voltage Encoder Output/OutPort/Y_Ch17_Support_Features,0,0,0,,{0},是
env,average,输出,env_1_Design/Voltage Encoder Output/OutPort/Y_Ch17.Valid,0,0,0,,{0},是
env,average,输出,env_1_Design/Voltage Encoder Output/OutPort/Y_Ch18_Voltage_Encoder_Out_Angle,0,0,0,,{0},是
env,average,输出,env_1_Design/Voltage Encoder Output/OutPort/Y_Ch18_Support_Features,0,0,0,,{0},是
env,average,输出,env_1_Design/Voltage Encoder Output/OutPort/Y_Ch18.Valid,0,0,0,,{0},是
env,average,输出,env_1_Design/Voltage Encoder Output/OutPort/Y_Ch19_Voltage_Encoder_Out_Angle,0,0,0,,{0},是
env,average,输出,env_1_Design/Voltage Encoder Output/OutPort/Y_Ch19_Support_Features,0,0,0,,{0},是
env,average,输出,env_1_Design/Voltage Encoder Output/OutPort/Y_Ch19.Valid,0,0,0,,{0},是
env,average,输出,env_1_Design/Voltage Encoder Output/OutPort/Y_Ch20_Voltage_Encoder_Out_Angle,0,0,0,,{0},是
env,average,输出,env_1_Design/Voltage Encoder Output/OutPort/Y_Ch20_Support_Features,0,0,0,,{0},是
env,average,输出,env_1_Design/Voltage Encoder Output/OutPort/Y_Ch20.Valid,0,0,0,,{0},是
env,average,输出,env_1_Design/Voltage Encoder Output/OutPort/Y_Ch21_Voltage_Encoder_Out_Angle,0,0,0,,{0},是
env,average,输出,env_1_Design/Voltage Encoder Output/OutPort/Y_Ch21_Support_Features,0,0,0,,{0},是
env,average,输出,env_1_Design/Voltage Encoder Output/OutPort/Y_Ch21.Valid,0,0,0,,{0},是
env,average,输出,env_1_Design/Voltage Encoder Output/OutPort/Y_Ch22_Voltage_Encoder_Out_Angle,0,0,0,,{0},是
env,average,输出,env_1_Design/Voltage Encoder Output/OutPort/Y_Ch22_Support_Features,0,0,0,,{0},是
env,average,输出,env_1_Design/Voltage Encoder Output/OutPort/Y_Ch22.Valid,0,0,0,,{0},是
env,average,输出,env_1_Design/Voltage Encoder Output/OutPort/Y_Ch23_Voltage_Encoder_Out_Angle,0,0,0,,{0},是
env,average,输出,env_1_Design/Voltage Encoder Output/OutPort/Y_Ch23_Support_Features,0,0,0,,{0},是
env,average,输出,env_1_Design/Voltage Encoder Output/OutPort/Y_Ch23.Valid,0,0,0,,{0},是
env,average,输出,env_1_Design/Voltage Encoder Output/OutPort/Y_Ch24_Voltage_Encoder_Out_Angle,0,0,0,,{0},是
env,average,输出,env_1_Design/Voltage Encoder Output/OutPort/Y_Ch24_Support_Features,0,0,0,,{0},是
env,average,输出,env_1_Design/Voltage Encoder Output/OutPort/Y_Ch24.Valid,0,0,0,,{0},是
env,average,内部/未标记,env_1_Design/Voltage Encoder Output/Measurement/Runtime(us),2,14,480,"1.128, 1.328, 1.728, 1.928, 2.128, 2.328, 2.528, 2.728, 2.928, 3.128 …",min=2; max=14; distinct=10,是
env,average,内部/未标记,env_1_Design/Voltage Encoder Output/Measurement/Runtime_Min(us),2,2,0,,{2},是
env,average,内部/未标记,env_1_Design/Voltage Encoder Output/Measurement/Runtime_Max(us),13,14,1,33.728,"{13, 14}",是
env,average,内部/未标记,env_1_Design/Voltage Encoder Output/Measurement/Schedule_Interval(us),4865,5130,620,"1.128, 1.328, 1.528, 1.928, 2.128, 2.328, 2.528, 2.728, 2.928, 3.128 …",min=4865; max=5130; distinct=41,是
env,average,内部/未标记,env_1_Design/Voltage Encoder Output/Measurement/Schedule_Interval_Min(us),4659,4959,1,35.528,"{4659, 4959}",是
env,average,内部/未标记,env_1_Design/Voltage Encoder Output/Measurement/Schedule_Interval_Max(us),5041,5340,1,35.528,"{5041, 5340}",是
env,average,内部/未标记,env_1_Design/Voltage Encoder Output/Measurement/Schedule_Count,16687,42887,655,"1.128, 1.328, 1.528, 1.728, 1.928, 2.128, 2.328, 2.528, 2.728, 2.928 …",min=16687; max=42887; distinct=656,是
env,average,内部/未标记,env_1_Design/Voltage Encoder Output/Measurement/Activate_Fail_Count,0,0,0,,{0},是
env,average,内部/未标记,env_1_Design/Voltage Encoder Output/Measurement/Processor,5,15,607,"1.128, 1.328, 1.728, 1.928, 2.128, 2.328, 2.528, 2.728, 3.128, 3.328 …",min=5; max=15; distinct=11,是
env,average,输入,env_1_Design/Voltage Input/InPort/U_Ch1_Enable,0,0,0,,{0},是
env,average,输入,env_1_Design/Voltage Input/InPort/U_Ch1_FIU_Value,0,0,0,,{0},是
env,average,输入,env_1_Design/Voltage Input/InPort/U_Ch1_SafetySwitch,0,0,0,,{0},是
env,average,输入,env_1_Design/Voltage Input/InPort/U_Ch2_Enable,0,0,0,,{0},是
env,average,输入,env_1_Design/Voltage Input/InPort/U_Ch2_FIU_Value,0,0,0,,{0},是
env,average,输入,env_1_Design/Voltage Input/InPort/U_Ch2_SafetySwitch,0,0,0,,{0},是
env,average,输入,env_1_Design/Voltage Input/InPort/U_Ch3_Enable,0,0,0,,{0},是
env,average,输入,env_1_Design/Voltage Input/InPort/U_Ch3_FIU_Value,0,0,0,,{0},是
env,average,输入,env_1_Design/Voltage Input/InPort/U_Ch3_SafetySwitch,0,0,0,,{0},是
env,average,输入,env_1_Design/Voltage Input/InPort/U_Ch4_Enable,0,0,0,,{0},是
env,average,输入,env_1_Design/Voltage Input/InPort/U_Ch4_FIU_Value,0,0,0,,{0},是
env,average,输入,env_1_Design/Voltage Input/InPort/U_Ch4_SafetySwitch,0,0,0,,{0},是
env,average,输入,env_1_Design/Voltage Input/InPort/U_Ch5_Enable,0,0,0,,{0},是
env,average,输入,env_1_Design/Voltage Input/InPort/U_Ch5_FIU_Value,0,0,0,,{0},是
env,average,输入,env_1_Design/Voltage Input/InPort/U_Ch5_SafetySwitch,0,0,0,,{0},是
env,average,输入,env_1_Design/Voltage Input/InPort/U_Ch6_Enable,0,0,0,,{0},是
env,average,输入,env_1_Design/Voltage Input/InPort/U_Ch6_FIU_Value,0,0,0,,{0},是
env,average,输入,env_1_Design/Voltage Input/InPort/U_Ch6_SafetySwitch,0,0,0,,{0},是
env,average,输入,env_1_Design/Voltage Input/InPort/U_Ch7_Enable,0,0,0,,{0},是
env,average,输入,env_1_Design/Voltage Input/InPort/U_Ch7_FIU_Value,0,0,0,,{0},是
env,average,输入,env_1_Design/Voltage Input/InPort/U_Ch7_SafetySwitch,0,0,0,,{0},是
env,average,输入,env_1_Design/Voltage Input/InPort/U_Ch8_Enable,0,0,0,,{0},是
env,average,输入,env_1_Design/Voltage Input/InPort/U_Ch8_FIU_Value,0,0,0,,{0},是
env,average,输入,env_1_Design/Voltage Input/InPort/U_Ch8_SafetySwitch,0,0,0,,{0},是
env,average,输入,env_1_Design/Voltage Input/InPort/U_Ch9_Enable,0,0,0,,{0},是
env,average,输入,env_1_Design/Voltage Input/InPort/U_Ch9_FIU_Value,0,0,0,,{0},是
env,average,输入,env_1_Design/Voltage Input/InPort/U_Ch9_SafetySwitch,0,0,0,,{0},是
env,average,输入,env_1_Design/Voltage Input/InPort/U_Ch10_Enable,0,0,0,,{0},是
env,average,输入,env_1_Design/Voltage Input/InPort/U_Ch10_FIU_Value,0,0,0,,{0},是
env,average,输入,env_1_Design/Voltage Input/InPort/U_Ch10_SafetySwitch,0,0,0,,{0},是
env,average,输入,env_1_Design/Voltage Input/InPort/U_Ch11_Enable,0,0,0,,{0},是
env,average,输入,env_1_Design/Voltage Input/InPort/U_Ch11_FIU_Value,0,0,0,,{0},是
env,average,输入,env_1_Design/Voltage Input/InPort/U_Ch11_SafetySwitch,0,0,0,,{0},是
env,average,输入,env_1_Design/Voltage Input/InPort/U_Ch12_Enable,0,0,0,,{0},是
env,average,输入,env_1_Design/Voltage Input/InPort/U_Ch12_FIU_Value,0,0,0,,{0},是
env,average,输入,env_1_Design/Voltage Input/InPort/U_Ch12_SafetySwitch,0,0,0,,{0},是
env,average,输入,env_1_Design/Voltage Input/InPort/U_Ch13_Enable,0,0,0,,{0},是
env,average,输入,env_1_Design/Voltage Input/InPort/U_Ch13_FIU_Value,0,0,0,,{0},是
env,average,输入,env_1_Design/Voltage Input/InPort/U_Ch13_SafetySwitch,0,0,0,,{0},是
env,average,输入,env_1_Design/Voltage Input/InPort/U_Ch14_Enable,0,0,0,,{0},是
env,average,输入,env_1_Design/Voltage Input/InPort/U_Ch14_FIU_Value,0,0,0,,{0},是
env,average,输入,env_1_Design/Voltage Input/InPort/U_Ch14_SafetySwitch,0,0,0,,{0},是
env,average,输入,env_1_Design/Voltage Input/InPort/U_Ch15_Enable,0,0,0,,{0},是
env,average,输入,env_1_Design/Voltage Input/InPort/U_Ch15_FIU_Value,0,0,0,,{0},是
env,average,输入,env_1_Design/Voltage Input/InPort/U_Ch15_SafetySwitch,0,0,0,,{0},是
env,average,输入,env_1_Design/Voltage Input/InPort/U_Ch16_Enable,0,0,0,,{0},是
env,average,输入,env_1_Design/Voltage Input/InPort/U_Ch16_FIU_Value,0,0,0,,{0},是
env,average,输入,env_1_Design/Voltage Input/InPort/U_Ch16_SafetySwitch,0,0,0,,{0},是
env,average,输入,env_1_Design/Voltage Input/InPort/U_Ch17_Enable,0,0,0,,{0},是
env,average,输入,env_1_Design/Voltage Input/InPort/U_Ch17_FIU_Value,0,0,0,,{0},是
env,average,输入,env_1_Design/Voltage Input/InPort/U_Ch17_SafetySwitch,0,0,0,,{0},是
env,average,输入,env_1_Design/Voltage Input/InPort/U_Ch18_Enable,0,0,0,,{0},是
env,average,输入,env_1_Design/Voltage Input/InPort/U_Ch18_FIU_Value,0,0,0,,{0},是
env,average,输入,env_1_Design/Voltage Input/InPort/U_Ch18_SafetySwitch,0,0,0,,{0},是
env,average,输入,env_1_Design/Voltage Input/InPort/U_Ch19_Enable,0,0,0,,{0},是
env,average,输入,env_1_Design/Voltage Input/InPort/U_Ch19_FIU_Value,0,0,0,,{0},是
env,average,输入,env_1_Design/Voltage Input/InPort/U_Ch19_SafetySwitch,0,0,0,,{0},是
env,average,输入,env_1_Design/Voltage Input/InPort/U_Ch20_Enable,0,0,0,,{0},是
env,average,输入,env_1_Design/Voltage Input/InPort/U_Ch20_FIU_Value,0,0,0,,{0},是
env,average,输入,env_1_Design/Voltage Input/InPort/U_Ch20_SafetySwitch,0,0,0,,{0},是
env,average,输入,env_1_Design/Voltage Input/InPort/U_Ch21_Enable,0,0,0,,{0},是
env,average,输入,env_1_Design/Voltage Input/InPort/U_Ch21_FIU_Value,0,0,0,,{0},是
env,average,输入,env_1_Design/Voltage Input/InPort/U_Ch21_SafetySwitch,0,0,0,,{0},是
env,average,输入,env_1_Design/Voltage Input/InPort/U_Ch22_Enable,0,0,0,,{0},是
env,average,输入,env_1_Design/Voltage Input/InPort/U_Ch22_FIU_Value,0,0,0,,{0},是
env,average,输入,env_1_Design/Voltage Input/InPort/U_Ch22_SafetySwitch,0,0,0,,{0},是
env,average,输入,env_1_Design/Voltage Input/InPort/U_Ch23_Enable,0,0,0,,{0},是
env,average,输入,env_1_Design/Voltage Input/InPort/U_Ch23_FIU_Value,0,0,0,,{0},是
env,average,输入,env_1_Design/Voltage Input/InPort/U_Ch23_SafetySwitch,0,0,0,,{0},是
env,average,输入,env_1_Design/Voltage Input/InPort/U_Ch24_Enable,0,0,0,,{0},是
env,average,输入,env_1_Design/Voltage Input/InPort/U_Ch24_FIU_Value,0,0,0,,{0},是
env,average,输入,env_1_Design/Voltage Input/InPort/U_Ch24_SafetySwitch,0,0,0,,{0},是
env,average,输入,env_1_Design/Voltage Input/InPort/U_Ch25_Enable,0,0,0,,{0},是
env,average,输入,env_1_Design/Voltage Input/InPort/U_Ch25_FIU_Value,0,0,0,,{0},是
env,average,输入,env_1_Design/Voltage Input/InPort/U_Ch25_SafetySwitch,0,0,0,,{0},是
env,average,输入,env_1_Design/Voltage Input/InPort/U_Ch26_Enable,0,0,0,,{0},是
env,average,输入,env_1_Design/Voltage Input/InPort/U_Ch26_FIU_Value,0,0,0,,{0},是
env,average,输入,env_1_Design/Voltage Input/InPort/U_Ch26_SafetySwitch,0,0,0,,{0},是
env,average,输入,env_1_Design/Voltage Input/InPort/U_Ch27_Enable,0,0,0,,{0},是
env,average,输入,env_1_Design/Voltage Input/InPort/U_Ch27_FIU_Value,0,0,0,,{0},是
env,average,输入,env_1_Design/Voltage Input/InPort/U_Ch27_SafetySwitch,0,0,0,,{0},是
env,average,输入,env_1_Design/Voltage Input/InPort/U_Ch28_Enable,0,0,0,,{0},是
env,average,输入,env_1_Design/Voltage Input/InPort/U_Ch28_FIU_Value,0,0,0,,{0},是
env,average,输入,env_1_Design/Voltage Input/InPort/U_Ch28_SafetySwitch,0,0,0,,{0},是
env,average,输入,env_1_Design/Voltage Input/InPort/U_Ch29_Enable,0,0,0,,{0},是
env,average,输入,env_1_Design/Voltage Input/InPort/U_Ch29_FIU_Value,0,0,0,,{0},是
env,average,输入,env_1_Design/Voltage Input/InPort/U_Ch29_SafetySwitch,0,0,0,,{0},是
env,average,输入,env_1_Design/Voltage Input/InPort/U_Ch30_Enable,0,0,0,,{0},是
env,average,输入,env_1_Design/Voltage Input/InPort/U_Ch30_FIU_Value,0,0,0,,{0},是
env,average,输入,env_1_Design/Voltage Input/InPort/U_Ch30_SafetySwitch,0,0,0,,{0},是
env,average,输入,env_1_Design/Voltage Input/InPort/U_Ch31_Enable,0,0,0,,{0},是
env,average,输入,env_1_Design/Voltage Input/InPort/U_Ch31_FIU_Value,0,0,0,,{0},是
env,average,输入,env_1_Design/Voltage Input/InPort/U_Ch31_SafetySwitch,0,0,0,,{0},是
env,average,输入,env_1_Design/Voltage Input/InPort/U_Ch32_Enable,0,0,0,,{0},是
env,average,输入,env_1_Design/Voltage Input/InPort/U_Ch32_FIU_Value,0,0,0,,{0},是
env,average,输入,env_1_Design/Voltage Input/InPort/U_Ch32_SafetySwitch,0,0,0,,{0},是
env,average,输入,env_1_Design/Voltage Input/InPort/U_Ch33_Enable,0,0,0,,{0},是
env,average,输入,env_1_Design/Voltage Input/InPort/U_Ch33_FIU_Value,0,0,0,,{0},是
env,average,输入,env_1_Design/Voltage Input/InPort/U_Ch33_SafetySwitch,0,0,0,,{0},是
env,average,输入,env_1_Design/Voltage Input/InPort/U_Ch34_Enable,0,0,0,,{0},是
env,average,输入,env_1_Design/Voltage Input/InPort/U_Ch34_FIU_Value,0,0,0,,{0},是
env,average,输入,env_1_Design/Voltage Input/InPort/U_Ch34_SafetySwitch,0,0,0,,{0},是
env,average,输入,env_1_Design/Voltage Input/InPort/U_Ch35_Enable,0,0,0,,{0},是
env,average,输入,env_1_Design/Voltage Input/InPort/U_Ch35_FIU_Value,0,0,0,,{0},是
env,average,输入,env_1_Design/Voltage Input/InPort/U_Ch35_SafetySwitch,0,0,0,,{0},是
env,average,输入,env_1_Design/Voltage Input/InPort/U_Ch36_Enable,0,0,0,,{0},是
env,average,输入,env_1_Design/Voltage Input/InPort/U_Ch36_FIU_Value,0,0,0,,{0},是
env,average,输入,env_1_Design/Voltage Input/InPort/U_Ch36_SafetySwitch,0,0,0,,{0},是
env,average,输入,env_1_Design/Voltage Input/InPort/U_Ch37_Enable,0,0,0,,{0},是
env,average,输入,env_1_Design/Voltage Input/InPort/U_Ch37_FIU_Value,0,0,0,,{0},是
env,average,输入,env_1_Design/Voltage Input/InPort/U_Ch37_SafetySwitch,0,0,0,,{0},是
env,average,输入,env_1_Design/Voltage Input/InPort/U_Ch38_Enable,0,0,0,,{0},是
env,average,输入,env_1_Design/Voltage Input/InPort/U_Ch38_FIU_Value,0,0,0,,{0},是
env,average,输入,env_1_Design/Voltage Input/InPort/U_Ch38_SafetySwitch,0,0,0,,{0},是
env,average,输入,env_1_Design/Voltage Input/InPort/U_Ch39_Enable,0,0,0,,{0},是
env,average,输入,env_1_Design/Voltage Input/InPort/U_Ch39_FIU_Value,0,0,0,,{0},是
env,average,输入,env_1_Design/Voltage Input/InPort/U_Ch39_SafetySwitch,0,0,0,,{0},是
env,average,输入,env_1_Design/Voltage Input/InPort/U_Ch40_Enable,0,0,0,,{0},是
env,average,输入,env_1_Design/Voltage Input/InPort/U_Ch40_FIU_Value,0,0,0,,{0},是
env,average,输入,env_1_Design/Voltage Input/InPort/U_Ch40_SafetySwitch,0,0,0,,{0},是
env,average,输入,env_1_Design/Voltage Input/InPort/U_Ch41_Enable,0,0,0,,{0},是
env,average,输入,env_1_Design/Voltage Input/InPort/U_Ch41_FIU_Value,0,0,0,,{0},是
env,average,输入,env_1_Design/Voltage Input/InPort/U_Ch41_SafetySwitch,0,0,0,,{0},是
env,average,输入,env_1_Design/Voltage Input/InPort/U_Ch42_Enable,0,0,0,,{0},是
env,average,输入,env_1_Design/Voltage Input/InPort/U_Ch42_FIU_Value,0,0,0,,{0},是
env,average,输入,env_1_Design/Voltage Input/InPort/U_Ch42_SafetySwitch,0,0,0,,{0},是
env,average,输入,env_1_Design/Voltage Input/InPort/U_Ch43_Enable,0,0,0,,{0},是
env,average,输入,env_1_Design/Voltage Input/InPort/U_Ch43_FIU_Value,0,0,0,,{0},是
env,average,输入,env_1_Design/Voltage Input/InPort/U_Ch43_SafetySwitch,0,0,0,,{0},是
env,average,输入,env_1_Design/Voltage Input/InPort/U_Ch44_Enable,0,0,0,,{0},是
env,average,输入,env_1_Design/Voltage Input/InPort/U_Ch44_FIU_Value,0,0,0,,{0},是
env,average,输入,env_1_Design/Voltage Input/InPort/U_Ch44_SafetySwitch,0,0,0,,{0},是
env,average,输入,env_1_Design/Voltage Input/InPort/U_Ch45_Enable,0,0,0,,{0},是
env,average,输入,env_1_Design/Voltage Input/InPort/U_Ch45_FIU_Value,0,0,0,,{0},是
env,average,输入,env_1_Design/Voltage Input/InPort/U_Ch45_SafetySwitch,0,0,0,,{0},是
env,average,输入,env_1_Design/Voltage Input/InPort/U_Ch46_Enable,0,0,0,,{0},是
env,average,输入,env_1_Design/Voltage Input/InPort/U_Ch46_FIU_Value,0,0,0,,{0},是
env,average,输入,env_1_Design/Voltage Input/InPort/U_Ch46_SafetySwitch,0,0,0,,{0},是
env,average,输入,env_1_Design/Voltage Input/InPort/U_Ch47_Enable,0,0,0,,{0},是
env,average,输入,env_1_Design/Voltage Input/InPort/U_Ch47_FIU_Value,0,0,0,,{0},是
env,average,输入,env_1_Design/Voltage Input/InPort/U_Ch47_SafetySwitch,0,0,0,,{0},是
env,average,输入,env_1_Design/Voltage Input/InPort/U_Ch48_Enable,0,0,0,,{0},是
env,average,输入,env_1_Design/Voltage Input/InPort/U_Ch48_FIU_Value,0,0,0,,{0},是
env,average,输入,env_1_Design/Voltage Input/InPort/U_Ch48_SafetySwitch,0,0,0,,{0},是
env,average,输入,env_1_Design/Voltage Input/InPort/Model_Disabled,0,0,0,,{0},是
env,average,输入,env_1_Design/Voltage Input/InPort/Model_Reset,0,0,0,,{0},是
env,average,输出,env_1_Design/Voltage Input/OutPort/Y_Ch1_Present_Voltage,-0.01,0.012,196,"1.328, 1.528, 1.928, 2.128, 2.528, 2.928, 3.128, 3.528, 3.728, 4.328 …",min=-0.01; max=0.012; distinct=11,是
env,average,输出,env_1_Design/Voltage Input/OutPort/Y_Ch1_Average_Voltage,0.000304,0.00048,425,"1.128, 1.328, 1.728, 1.928, 2.328, 2.528, 2.928, 3.128, 3.528, 3.728 …",min=0.000304; max=0.00048; distinct=44,是
env,average,输出,env_1_Design/Voltage Input/OutPort/Y_Ch1_Support_Features,0,0,0,,{0},是
env,average,输出,env_1_Design/Voltage Input/OutPort/Y_Ch1.Valid,0,1,2,"104.128, 104.328","{0, 1}",是
env,average,输出,env_1_Design/Voltage Input/OutPort/Y_Ch2_Present_Voltage,-0.004,0.004,103,"4.328, 4.528, 5.928, 6.328, 7.728, 22.328, 22.528, 24.528, 24.728, 25.128 …","{-0.004, -0.002, 0, 0.004}",是
env,average,输出,env_1_Design/Voltage Input/OutPort/Y_Ch2_Average_Voltage,-0.001592,-0.001424,408,"1.128, 1.328, 1.728, 1.928, 2.328, 2.928, 3.128, 3.528, 3.728, 4.128 …",min=-0.001592; max=-0.001424; distinct=35,是
env,average,输出,env_1_Design/Voltage Input/OutPort/Y_Ch2_Support_Features,0,0,0,,{0},是
env,average,输出,env_1_Design/Voltage Input/OutPort/Y_Ch2.Valid,0,1,2,"104.128, 104.328","{0, 1}",是
env,average,输出,env_1_Design/Voltage Input/OutPort/Y_Ch3_Present_Voltage,-0.01,0.01,168,"1.728, 1.928, 3.128, 3.328, 4.328, 4.528, 8.128, 8.528, 8.728, 8.928 …",min=-0.01; max=0.01; distinct=10,是
env,average,输出,env_1_Design/Voltage Input/OutPort/Y_Ch3_Average_Voltage,0.000512,0.000656,414,"1.128, 1.328, 1.728, 1.928, 2.328, 2.528, 3.128, 3.528, 3.728, 4.128 …",min=0.000512; max=0.000656; distinct=35,是
env,average,输出,env_1_Design/Voltage Input/OutPort/Y_Ch3_Support_Features,0,0,0,,{0},是
env,average,输出,env_1_Design/Voltage Input/OutPort/Y_Ch3.Valid,0,1,2,"104.128, 104.328","{0, 1}",是
env,average,输出,env_1_Design/Voltage Input/OutPort/Y_Ch4_Present_Voltage,-0.008,0.01,250,"1.728, 1.928, 4.328, 4.528, 5.928, 6.128, 7.128, 7.328, 8.128, 8.328 …",min=-0.008; max=0.01; distinct=10,是
env,average,输出,env_1_Design/Voltage Input/OutPort/Y_Ch4_Average_Voltage,-0.001552,-0.001356,418,"1.128, 1.328, 1.728, 1.928, 2.328, 2.528, 2.928, 3.128, 3.528, 3.728 …",min=-0.001552; max=-0.001356; distinct=47,是
env,average,输出,env_1_Design/Voltage Input/OutPort/Y_Ch4_Support_Features,0,0,0,,{0},是
env,average,输出,env_1_Design/Voltage Input/OutPort/Y_Ch4.Valid,0,1,2,"104.128, 104.328","{0, 1}",是
env,average,输出,env_1_Design/Voltage Input/OutPort/Y_Ch5_Present_Voltage,0,0.004,60,"13.528, 13.728, 13.928, 14.128, 14.528, 14.928, 15.128, 15.528, 16.128, 16.328 …","{0, 0.002, 0.004}",是
env,average,输出,env_1_Design/Voltage Input/OutPort/Y_Ch5_Average_Voltage,0.001904,0.002004,408,"1.128, 1.328, 1.728, 1.928, 2.328, 2.528, 2.928, 3.128, 3.528, 3.728 …",min=0.001904; max=0.002004; distinct=24,是
env,average,输出,env_1_Design/Voltage Input/OutPort/Y_Ch5_Support_Features,0,0,0,,{0},是
env,average,输出,env_1_Design/Voltage Input/OutPort/Y_Ch5.Valid,0,1,2,"104.128, 104.328","{0, 1}",是
env,average,输出,env_1_Design/Voltage Input/OutPort/Y_Ch6_Present_Voltage,-0.006,0.008,101,"1.928, 2.128, 2.528, 2.728, 3.328, 3.928, 4.328, 4.528, 5.128, 5.528 …","{-0.006, -0.004, -0.002, 0, 0.002, 0.004, 0.008}",是
env,average,输出,env_1_Design/Voltage Input/OutPort/Y_Ch6_Average_Voltage,-0.000296,-0.000128,419,"1.128, 1.328, 1.728, 1.928, 2.328, 2.528, 2.928, 3.128, 3.528, 3.728 …",min=-0.000296; max=-0.000128; distinct=37,是
env,average,输出,env_1_Design/Voltage Input/OutPort/Y_Ch6_Support_Features,0,0,0,,{0},是
env,average,输入,env_1_Design/Battery Cell Simulator/InPort/U_Battery_Cell_Ch1_Output_voltage,0,0,0,,{0},是
env,average,输入,env_1_Design/Battery Cell Simulator/InPort/U_Battery_Cell_Ch1_Enable,0,0,0,,{0},否
env,average,输入,env_1_Design/Battery Cell Simulator/InPort/U_Battery_Cell_Ch1_Polar_Over_Turn,0,0,0,,{0},否
env,average,输入,env_1_Design/Battery Cell Simulator/InPort/U_Battery_Cell_Ch2_Output_voltage,0,0,0,,{0},是
env,average,输入,env_1_Design/Battery Cell Simulator/InPort/U_Battery_Cell_Ch2_Enable,0,0,0,,{0},否
env,average,输入,env_1_Design/Battery Cell Simulator/InPort/U_Battery_Cell_Ch2_Polar_Over_Turn,0,0,0,,{0},否
env,average,输入,env_1_Design/Battery Cell Simulator/InPort/U_Battery_Cell_Ch3_Output_voltage,0,0,0,,{0},是
env,average,输入,env_1_Design/Battery Cell Simulator/InPort/U_Battery_Cell_Ch3_Enable,0,0,0,,{0},否
env,average,输入,env_1_Design/Battery Cell Simulator/InPort/U_Battery_Cell_Ch3_Polar_Over_Turn,0,0,0,,{0},否
env,average,输入,env_1_Design/Battery Cell Simulator/InPort/U_Battery_Cell_Ch4_Output_voltage,0,0,0,,{0},是
env,average,输入,env_1_Design/Battery Cell Simulator/InPort/U_Battery_Cell_Ch4_Enable,0,0,0,,{0},否
env,average,输入,env_1_Design/Battery Cell Simulator/InPort/U_Battery_Cell_Ch4_Polar_Over_Turn,0,0,0,,{0},否
env,average,输入,env_1_Design/Battery Cell Simulator/InPort/U_Battery_Cell_Ch5_Output_voltage,0,0,0,,{0},是
env,average,输入,env_1_Design/Battery Cell Simulator/InPort/U_Battery_Cell_Ch5_Enable,0,0,0,,{0},否
env,average,输入,env_1_Design/Battery Cell Simulator/InPort/U_Battery_Cell_Ch5_Polar_Over_Turn,0,0,0,,{0},否
env,average,输入,env_1_Design/Battery Cell Simulator/InPort/U_Battery_Cell_Ch6_Output_voltage,0,0,0,,{0},是
env,average,输入,env_1_Design/Battery Cell Simulator/InPort/U_Battery_Cell_Ch6_Enable,0,0,0,,{0},否
env,average,输入,env_1_Design/Battery Cell Simulator/InPort/U_Battery_Cell_Ch6_Polar_Over_Turn,0,0,0,,{0},否
env,average,输入,env_1_Design/Battery Cell Simulator/InPort/Model_Disabled,0,0,0,,{0},否
env,average,输入,env_1_Design/Battery Cell Simulator/InPort/Model_Reset,0,0,0,,{0},否
env,average,输出,env_1_Design/Battery Cell Simulator/OutPort/Y_Battery_Cell_Ch1_Voltage_Feedback,0,0,0,,{0},是
env,average,输出,env_1_Design/Battery Cell Simulator/OutPort/Y_Battery_Cell_Ch1_Current_Feedback,0,0,0,,{0},是
env,average,输出,env_1_Design/Battery Cell Simulator/OutPort/Y_Battery_Cell_Ch1_CV_State,0,0,0,,{0},否
env,average,输出,env_1_Design/Battery Cell Simulator/OutPort/Y_Battery_Cell_Ch1_CC_State,0,0,0,,{0},否
env,average,输出,env_1_Design/Battery Cell Simulator/OutPort/Y_Battery_Cell_Ch1_NEGCC_State,0,0,0,,{0},否
env,average,输出,env_1_Design/Battery Cell Simulator/OutPort/Y_Battery_Cell_Ch1_OV_State,0,0,0,,{0},否
env,average,输出,env_1_Design/Battery Cell Simulator/OutPort/Y_Ch1.Valid,0,0,0,,{0},否
env,average,输出,env_1_Design/Battery Cell Simulator/OutPort/Y_Battery_Cell_Ch2_Voltage_Feedback,0,0,0,,{0},是
env,average,输出,env_1_Design/Battery Cell Simulator/OutPort/Y_Battery_Cell_Ch2_Current_Feedback,0,0,0,,{0},是
env,average,输出,env_1_Design/Battery Cell Simulator/OutPort/Y_Battery_Cell_Ch2_CV_State,0,0,0,,{0},否
env,average,输出,env_1_Design/Battery Cell Simulator/OutPort/Y_Battery_Cell_Ch2_CC_State,0,0,0,,{0},否
env,average,输出,env_1_Design/Battery Cell Simulator/OutPort/Y_Battery_Cell_Ch2_NEGCC_State,0,0,0,,{0},否
env,average,输出,env_1_Design/Battery Cell Simulator/OutPort/Y_Battery_Cell_Ch2_OV_State,0,0,0,,{0},否
env,average,输出,env_1_Design/Battery Cell Simulator/OutPort/Y_Ch2.Valid,0,0,0,,{0},否
env,average,输出,env_1_Design/Battery Cell Simulator/OutPort/Y_Battery_Cell_Ch3_Voltage_Feedback,0,0,0,,{0},是
env,average,输出,env_1_Design/Battery Cell Simulator/OutPort/Y_Battery_Cell_Ch3_Current_Feedback,0,0,0,,{0},是
env,average,输出,env_1_Design/Battery Cell Simulator/OutPort/Y_Battery_Cell_Ch3_CV_State,0,0,0,,{0},否
env,average,输出,env_1_Design/Battery Cell Simulator/OutPort/Y_Battery_Cell_Ch3_CC_State,0,0,0,,{0},否
env,average,输出,env_1_Design/Battery Cell Simulator/OutPort/Y_Battery_Cell_Ch3_NEGCC_State,0,0,0,,{0},否
env,average,输出,env_1_Design/Battery Cell Simulator/OutPort/Y_Battery_Cell_Ch3_OV_State,0,0,0,,{0},否
env,average,输出,env_1_Design/Battery Cell Simulator/OutPort/Y_Ch3.Valid,0,0,0,,{0},否
env,average,输出,env_1_Design/Battery Cell Simulator/OutPort/Y_Battery_Cell_Ch4_Voltage_Feedback,0,0,0,,{0},是
env,average,输出,env_1_Design/Battery Cell Simulator/OutPort/Y_Battery_Cell_Ch4_Current_Feedback,0,0,0,,{0},是
env,average,输出,env_1_Design/Battery Cell Simulator/OutPort/Y_Battery_Cell_Ch4_CV_State,0,0,0,,{0},否
env,average,输出,env_1_Design/Battery Cell Simulator/OutPort/Y_Battery_Cell_Ch4_CC_State,0,0,0,,{0},否
env,average,输出,env_1_Design/Battery Cell Simulator/OutPort/Y_Battery_Cell_Ch4_NEGCC_State,0,0,0,,{0},否
env,average,输出,env_1_Design/Battery Cell Simulator/OutPort/Y_Battery_Cell_Ch4_OV_State,0,0,0,,{0},否
env,average,输出,env_1_Design/Battery Cell Simulator/OutPort/Y_Ch4.Valid,0,0,0,,{0},否
env,average,输出,env_1_Design/Battery Cell Simulator/OutPort/Y_Battery_Cell_Ch5_Voltage_Feedback,0,0,0,,{0},是
env,average,输出,env_1_Design/Battery Cell Simulator/OutPort/Y_Battery_Cell_Ch5_Current_Feedback,0,0,0,,{0},是
env,average,输出,env_1_Design/Battery Cell Simulator/OutPort/Y_Battery_Cell_Ch5_CV_State,0,0,0,,{0},否
env,average,输出,env_1_Design/Battery Cell Simulator/OutPort/Y_Battery_Cell_Ch5_CC_State,0,0,0,,{0},否
env,average,输出,env_1_Design/Battery Cell Simulator/OutPort/Y_Battery_Cell_Ch5_NEGCC_State,0,0,0,,{0},否
env,average,输出,env_1_Design/Battery Cell Simulator/OutPort/Y_Battery_Cell_Ch5_OV_State,0,0,0,,{0},否
env,average,输出,env_1_Design/Battery Cell Simulator/OutPort/Y_Ch5.Valid,0,0,0,,{0},否
env,average,输出,env_1_Design/Battery Cell Simulator/OutPort/Y_Battery_Cell_Ch6_Voltage_Feedback,0,0,0,,{0},是
env,average,输出,env_1_Design/Battery Cell Simulator/OutPort/Y_Battery_Cell_Ch6_Current_Feedback,0,0,0,,{0},是
env,average,输出,env_1_Design/Battery Cell Simulator/OutPort/Y_Battery_Cell_Ch6_CV_State,0,0,0,,{0},否
env,average,输出,env_1_Design/Battery Cell Simulator/OutPort/Y_Battery_Cell_Ch6_CC_State,0,0,0,,{0},否
env,average,输出,env_1_Design/Battery Cell Simulator/OutPort/Y_Battery_Cell_Ch6_NEGCC_State,0,0,0,,{0},否
env,average,输出,env_1_Design/Battery Cell Simulator/OutPort/Y_Battery_Cell_Ch6_OV_State,0,0,0,,{0},否
env,average,输出,env_1_Design/Battery Cell Simulator/OutPort/Y_Ch6.Valid,0,0,0,,{0},否
env,average,内部/未标记,env_1_Design/Battery Cell Simulator/Measurement/Runtime(us),1,9,362,"1.268, 1.468, 1.868, 2.068, 2.668, 3.068, 4.468, 4.868, 5.068, 5.268 …","{1, 2, 3, 4, 5, 6, 7, 9}",否
env,average,内部/未标记,env_1_Design/Battery Cell Simulator/Measurement/Runtime_Min(us),1,1,0,,{1},否
env,average,内部/未标记,env_1_Design/Battery Cell Simulator/Measurement/Runtime_Max(us),13,16,1,57.068,"{13, 16}",否
env,average,内部/未标记,env_1_Design/Battery Cell Simulator/Measurement/Schedule_Interval(us),4814,5165,643,"1.268, 1.468, 1.668, 1.868, 2.068, 2.268, 2.468, 2.668, 2.868, 3.068 …",min=4814; max=5165; distinct=177,否
env,average,内部/未标记,env_1_Design/Battery Cell Simulator/Measurement/Schedule_Interval_Min(us),4757,4777,1,35.668,"{4757, 4777}",否
env,average,内部/未标记,env_1_Design/Battery Cell Simulator/Measurement/Schedule_Interval_Max(us),5207,5317,1,35.668,"{5207, 5317}",否
env,average,内部/未标记,env_1_Design/Battery Cell Simulator/Measurement/Schedule_Count,16716,42876,654,"1.268, 1.468, 1.668, 1.868, 2.068, 2.268, 2.468, 2.668, 2.868, 3.068 …",min=16716; max=42876; distinct=655,否
env,average,内部/未标记,env_1_Design/Battery Cell Simulator/Measurement/Activate_Fail_Count,0,0,0,,{0},否
env,average,内部/未标记,env_1_Design/Battery Cell Simulator/Measurement/Processor,5,15,601,"1.268, 1.468, 1.668, 1.868, 2.268, 2.668, 2.868, 3.068, 3.268, 3.468 …",min=5; max=15; distinct=11,否
env,average,输入,env_1_Design/CAN/InPort/CAN_CH1.U_CAN_Ch1_TxDisable,0,0,0,,{0},否
env,average,输入,env_1_Design/CAN/InPort/CAN_CH1.U_J1939_Ch1_TxDisable,0,0,0,,{0},否
env,average,输入,env_1_Design/CAN/InPort/CAN_CH1.U_CAN_Ch1_RxDisable,0,0,0,,{0},否
env,average,输入,env_1_Design/CAN/InPort/CAN_CH1.U_J1939_Ch1_RxDisable,0,0,0,,{0},否
env,average,输入,env_1_Design/CAN/InPort/CAN_CH1.Sample_Point_Test.Enable,0,0,0,,{0},否
env,average,输入,env_1_Design/CAN/InPort/CAN_CH2.U_CAN_Ch2_TxDisable,0,0,0,,{0},否
env,average,输入,env_1_Design/CAN/InPort/CAN_CH2.U_J1939_Ch2_TxDisable,0,0,0,,{0},否
env,average,输入,env_1_Design/CAN/InPort/CAN_CH2.U_CAN_Ch2_RxDisable,0,0,0,,{0},否
env,average,输入,env_1_Design/CAN/InPort/CAN_CH2.U_J1939_Ch2_RxDisable,0,0,0,,{0},否
env,average,输入,env_1_Design/CAN/InPort/CAN_CH2.Sample_Point_Test.Enable,0,0,0,,{0},否
env,average,输入,env_1_Design/CAN/InPort/CAN_CH3.U_CAN_Ch3_TxDisable,0,0,0,,{0},否
env,average,输入,env_1_Design/CAN/InPort/CAN_CH3.U_J1939_Ch3_TxDisable,0,0,0,,{0},否
env,average,输入,env_1_Design/CAN/InPort/CAN_CH3.U_CAN_Ch3_RxDisable,0,0,0,,{0},否
env,average,输入,env_1_Design/CAN/InPort/CAN_CH3.U_J1939_Ch3_RxDisable,0,0,0,,{0},否
env,average,输入,env_1_Design/CAN/InPort/CAN_CH3.Sample_Point_Test.Enable,0,0,0,,{0},否
env,average,输入,env_1_Design/CAN/InPort/CAN_CH4.U_CAN_Ch4_TxDisable,0,0,0,,{0},否
env,average,输入,env_1_Design/CAN/InPort/CAN_CH4.U_J1939_Ch4_TxDisable,0,0,0,,{0},否
env,average,输入,env_1_Design/CAN/InPort/CAN_CH4.U_CAN_Ch4_RxDisable,0,0,0,,{0},否
env,average,输入,env_1_Design/CAN/InPort/CAN_CH4.U_J1939_Ch4_RxDisable,0,0,0,,{0},否
env,average,输入,env_1_Design/CAN/InPort/CAN_CH4.Sample_Point_Test.Enable,0,0,0,,{0},否
env,average,输入,env_1_Design/CAN/InPort/CAN_CH5.U_CAN_Ch5_TxDisable,0,0,0,,{0},否
env,average,输入,env_1_Design/CAN/InPort/CAN_CH5.U_J1939_Ch5_TxDisable,0,0,0,,{0},否
env,average,输入,env_1_Design/CAN/InPort/CAN_CH5.U_CAN_Ch5_RxDisable,0,0,0,,{0},否
env,average,输入,env_1_Design/CAN/InPort/CAN_CH5.U_J1939_Ch5_RxDisable,0,0,0,,{0},否
env,average,输入,env_1_Design/CAN/InPort/CAN_CH5.Sample_Point_Test.Enable,0,0,0,,{0},否
env,average,输入,env_1_Design/CAN/InPort/CAN_CH6.U_CAN_Ch6_TxDisable,0,0,0,,{0},否
env,average,输入,env_1_Design/CAN/InPort/CAN_CH6.U_J1939_Ch6_TxDisable,0,0,0,,{0},否
env,average,输入,env_1_Design/CAN/InPort/CAN_CH6.U_CAN_Ch6_RxDisable,0,0,0,,{0},否
env,average,输入,env_1_Design/CAN/InPort/CAN_CH6.U_J1939_Ch6_RxDisable,0,0,0,,{0},否
env,average,输入,env_1_Design/CAN/InPort/CAN_CH6.Sample_Point_Test.Enable,0,0,0,,{0},否
env,average,输入,env_1_Design/CAN/InPort/CAN_CH7.U_CAN_Ch7_TxDisable,0,0,0,,{0},否
env,average,输入,env_1_Design/CAN/InPort/CAN_CH7.U_J1939_Ch7_TxDisable,0,0,0,,{0},否
env,average,输入,env_1_Design/CAN/InPort/CAN_CH7.U_CAN_Ch7_RxDisable,0,0,0,,{0},否
env,average,输入,env_1_Design/CAN/InPort/CAN_CH7.U_J1939_Ch7_RxDisable,0,0,0,,{0},否
env,average,输入,env_1_Design/CAN/InPort/CAN_CH7.Sample_Point_Test.Enable,0,0,0,,{0},否
env,average,输入,env_1_Design/CAN/InPort/CAN_CH8.U_CAN_Ch8_TxDisable,0,0,0,,{0},否
env,average,输入,env_1_Design/CAN/InPort/CAN_CH8.U_J1939_Ch8_TxDisable,0,0,0,,{0},否
env,average,输入,env_1_Design/CAN/InPort/CAN_CH8.U_CAN_Ch8_RxDisable,0,0,0,,{0},否
env,average,输入,env_1_Design/CAN/InPort/CAN_CH8.U_J1939_Ch8_RxDisable,0,0,0,,{0},否
env,average,输入,env_1_Design/CAN/InPort/CAN_CH8.Sample_Point_Test.Enable,0,0,0,,{0},否
env,average,输入,env_1_Design/CAN/InPort/Model_Disabled,0,0,0,,{0},否
env,average,输入,env_1_Design/CAN/InPort/Model_Reset,0,0,0,,{0},否
env,average,输出,env_1_Design/CAN/OutPort/CAN_CH1.Config.Y_CAN_Ch1_Mode,2,2,0,,{2},否
env,average,输出,env_1_Design/CAN/OutPort/CAN_CH1.Config.Y_CAN_Ch1_Bitrate,500000,500000,0,,{500000},否
env,average,输出,env_1_Design/CAN/OutPort/CAN_CH1.Config.Y_CAN_Ch1_SamplePoint,0.75,0.75,0,,{0.75},否
env,average,输出,env_1_Design/CAN/OutPort/CAN_CH1.Config.Y_CAN_Ch1_DataBitrate,2e+06,2e+06,0,,{2e+06},否
env,average,输出,env_1_Design/CAN/OutPort/CAN_CH1.Config.Y_CAN_Ch1_DataSamplePoint,0.75,0.75,0,,{0.75},否
env,average,输出,env_1_Design/CAN/OutPort/CAN_CH1.Statistic.Y_CAN_Ch1_Busload,23.239,24.161,131,"1.268, 2.068, 3.268, 4.268, 5.068, 6.268, 7.268, 8.068, 9.268, 10.268 …",min=23.239; max=24.161; distinct=107,否
env,average,输出,env_1_Design/CAN/OutPort/CAN_CH1.Statistic.Chip State.Y_CAN_Ch1_ChipState,1,1,0,,{1},否
env,average,输出,env_1_Design/CAN/OutPort/CAN_CH1.Statistic.Chip State.Y_CAN_Ch1_TransmitErrorCount,128,128,0,,{128},否
env,average,输出,env_1_Design/CAN/OutPort/CAN_CH1.Statistic.Chip State.Y_CAN_Ch1_ReceiveErrorCount,0,0,0,,{0},否
env,average,输出,env_1_Design/CAN/OutPort/CAN_CH1.Statistic.Transmit.Y_CAN_Ch1_TotalTxFramesCnt,50478,129569,654,"1.268, 1.468, 1.668, 1.868, 2.068, 2.268, 2.468, 2.668, 2.868, 3.068 …",min=50478; max=129569; distinct=655,否
env,average,输出,env_1_Design/CAN/OutPort/CAN_CH1.Statistic.Transmit.Y_CAN_Ch1_TxFramesCnt,612,643,125,"2.268, 3.268, 4.268, 5.268, 6.268, 7.268, 8.468, 9.468, 10.468, 11.468 …",min=612; max=643; distinct=28,否
env,average,输出,env_1_Design/CAN/OutPort/CAN_CH1.Statistic.Transmit.Y_CAN_Ch1_TotalTxStdFramesCnt,50497,129574,654,"1.268, 1.468, 1.668, 1.868, 2.068, 2.268, 2.468, 2.668, 2.868, 3.068 …",min=50497; max=129574; distinct=655,否
env,average,输出,env_1_Design/CAN/OutPort/CAN_CH1.Statistic.Transmit.Y_CAN_Ch1_TxStdFramesCnt,612,643,123,"2.268, 3.268, 4.268, 5.268, 6.268, 7.268, 8.468, 9.468, 10.468, 11.468 …",min=612; max=643; distinct=29,否
env,average,输出,env_1_Design/CAN/OutPort/CAN_CH1.Statistic.Transmit.Y_CAN_Ch1_TotalTxExtFramesCnt,0,0,0,,{0},否
env,average,输出,env_1_Design/CAN/OutPort/CAN_CH1.Statistic.Transmit.Y_CAN_Ch1_TxExtFramesCnt,0,0,0,,{0},否
env,average,输出,env_1_Design/CAN/OutPort/CAN_CH1.Statistic.Transmit.Y_CAN_Ch1_TotalTxStdRemoteFramesCnt,0,0,0,,{0},否
env,average,输出,env_1_Design/CAN/OutPort/CAN_CH1.Statistic.Transmit.Y_CAN_Ch1_TxStdRemoteFramesCnt,0,0,0,,{0},否
env,average,输出,env_1_Design/CAN/OutPort/CAN_CH1.Statistic.Transmit.Y_CAN_Ch1_TotalTxExtRemoteFramesCnt,0,0,0,,{0},否
env,average,输出,env_1_Design/CAN/OutPort/CAN_CH1.Statistic.Transmit.Y_CAN_Ch1_TxExtRemoteFramesCnt,0,0,0,,{0},否
env,average,输出,env_1_Design/CAN/OutPort/CAN_CH1.Statistic.Receive.Y_CAN_Ch1_TotalRxFramesCnt,26733,68600,654,"1.268, 1.468, 1.668, 1.868, 2.068, 2.268, 2.468, 2.668, 2.868, 3.068 …",min=26733; max=68600; distinct=655,否
env,average,输出,env_1_Design/CAN/OutPort/CAN_CH1.Statistic.Receive.Y_CAN_Ch1_RxFramesCnt,327,335,105,"2.268, 3.268, 4.268, 5.268, 6.268, 7.268, 8.468, 9.468, 11.468, 12.468 …",min=327; max=335; distinct=9,否
env,average,输出,env_1_Design/CAN/OutPort/CAN_CH1.Statistic.Receive.Y_CAN_Ch1_TotalRxStdFramesCnt,26745,68601,654,"1.268, 1.468, 1.668, 1.868, 2.068, 2.268, 2.468, 2.668, 2.868, 3.068 …",min=26745; max=68601; distinct=655,否
env,average,输出,env_1_Design/CAN/OutPort/CAN_CH1.Statistic.Receive.Y_CAN_Ch1_RxStdFramesCnt,328,335,109,"2.268, 3.268, 4.268, 6.268, 7.268, 8.468, 9.468, 10.468, 11.468, 12.468 …","{328, 329, 330, 331, 332, 333, 334, 335}",否
env,average,输出,env_1_Design/CAN/OutPort/CAN_CH1.Statistic.Receive.Y_CAN_Ch1_TotalRxExtFramesCnt,0,0,0,,{0},否
env,average,输出,env_1_Design/CAN/OutPort/CAN_CH1.Statistic.Receive.Y_CAN_Ch1_RxExtFramesCnt,0,0,0,,{0},否
env,average,输出,env_1_Design/CAN/OutPort/CAN_CH1.Statistic.Receive.Y_CAN_Ch1_TotalRxStdRemoteFramesCnt,0,0,0,,{0},否
env,average,输出,env_1_Design/CAN/OutPort/CAN_CH1.Statistic.Receive.Y_CAN_Ch1_RxStdRemoteFramesCnt,0,0,0,,{0},否
env,average,输出,env_1_Design/CAN/OutPort/CAN_CH1.Statistic.Receive.Y_CAN_Ch1_TotalRxExtRemoteFramesCnt,0,0,0,,{0},否
env,average,输出,env_1_Design/CAN/OutPort/CAN_CH1.Statistic.Receive.Y_CAN_Ch1_RxExtRemoteFramesCnt,0,0,0,,{0},否
env,average,输出,env_1_Design/CAN/OutPort/CAN_CH1.Statistic.ErrorFrame.Y_CAN_Ch1_TotalTxErrorsCnt,0,0,0,,{0},否
env,average,输出,env_1_Design/CAN/OutPort/CAN_CH1.Statistic.ErrorFrame.Y_CAN_Ch1_TotalRxErrorsCnt,0,0,0,,{0},否
env,average,输出,env_1_Design/CAN/OutPort/CAN_CH1.Statistic.ErrorFrame.Y_CAN_Ch1_TotalErrorsCnt,0,0,0,,{0},否
env,average,输出,env_1_Design/CAN/OutPort/CAN_CH1.Statistic.ErrorFrame.Y_CAN_Ch1_TxErrorsCnt,0,0,0,,{0},否
env,average,输出,env_1_Design/CAN/OutPort/CAN_CH1.Statistic.ErrorFrame.Y_CAN_Ch1_RxErrorsCnt,0,0,0,,{0},否
env,average,输出,env_1_Design/CAN/OutPort/CAN_CH1.Statistic.ErrorFrame.Y_CAN_Ch1_ErrorsCnt,0,0,0,,{0},否
env,average,输出,env_1_Design/CAN/OutPort/CAN_CH1.Statistic.ErrorFrame.Y_CAN_Ch1_TotalNackErrorsCnt,0,0,0,,{0},否
env,average,输出,env_1_Design/CAN/OutPort/CAN_CH1.Statistic.ErrorFrame.Y_CAN_Ch1_TotalSufferErrorsCnt,0,0,0,,{0},否
env,average,输出,env_1_Design/CAN/OutPort/CAN_CH1.Statistic.ErrorFrame.Y_CAN_Ch1_TotalBit0ErrorsCnt,0,0,0,,{0},否
env,average,输出,env_1_Design/CAN/OutPort/CAN_CH1.Statistic.ErrorFrame.Y_CAN_Ch1_TotalBit1ErrorsCnt,0,0,0,,{0},否
env,average,输出,env_1_Design/CAN/OutPort/CAN_CH1.Statistic.ErrorFrame.Y_CAN_Ch1_TotalCrcErrorsCnt,0,0,0,,{0},否
env,average,输出,env_1_Design/CAN/OutPort/CAN_CH1.Statistic.ErrorFrame.Y_CAN_Ch1_TotalFormErrorsCnt,0,0,0,,{0},否
env,average,输出,env_1_Design/CAN/OutPort/CAN_CH1.Statistic.ErrorFrame.Y_CAN_Ch1_NackErrorsCnt,0,0,0,,{0},否
env,average,输出,env_1_Design/CAN/OutPort/CAN_CH1.Statistic.ErrorFrame.Y_CAN_Ch1_SufferErrorsCnt,0,0,0,,{0},否
env,average,输出,env_1_Design/CAN/OutPort/CAN_CH1.Statistic.ErrorFrame.Y_CAN_Ch1_Bit0ErrorsCnt,0,0,0,,{0},否
env,average,输出,env_1_Design/CAN/OutPort/CAN_CH1.Statistic.ErrorFrame.Y_CAN_Ch1_Bit1ErrorsCnt,0,0,0,,{0},否
env,average,输出,env_1_Design/CAN/OutPort/CAN_CH1.Statistic.ErrorFrame.Y_CAN_Ch1_CrcErrorsCnt,0,0,0,,{0},否
env,average,输出,env_1_Design/CAN/OutPort/CAN_CH1.Statistic.ErrorFrame.Y_CAN_Ch1_FormErrorsCnt,0,0,0,,{0},否
env,average,输出,env_1_Design/CAN/OutPort/CAN_CH1.Statistic.AllFrame.Y_CAN_Ch1_TotalFramesCnt,77211,198169,654,"1.268, 1.468, 1.668, 1.868, 2.068, 2.268, 2.468, 2.668, 2.868, 3.068 …",min=77211; max=198169; distinct=655,否
env,average,输出,env_1_Design/CAN/OutPort/CAN_CH1.Statistic.AllFrame.Y_CAN_Ch1_FramesCnt,940,975,125,"2.268, 3.268, 4.268, 5.268, 6.268, 7.268, 8.468, 9.468, 10.468, 11.468 …",min=940; max=975; distinct=32,否
env,average,输出,env_1_Design/CAN/OutPort/CAN_CH1.Statistic.AllFrame.Y_CAN_Ch1_TotalStdFramesCnt,77242,198175,654,"1.268, 1.468, 1.668, 1.868, 2.068, 2.268, 2.468, 2.668, 2.868, 3.068 …",min=77242; max=198175; distinct=655,否
env,average,输出,env_1_Design/CAN/OutPort/CAN_CH1.Statistic.AllFrame.Y_CAN_Ch1_StdFramesCnt,940,975,123,"2.268, 3.268, 4.268, 5.268, 6.268, 7.268, 8.468, 9.468, 10.468, 11.468 …",min=940; max=975; distinct=33,否
env,average,输出,env_1_Design/CAN/OutPort/CAN_CH1.Statistic.AllFrame.Y_CAN_Ch1_TotalExtFramesCnt,0,0,0,,{0},否
env,average,输出,env_1_Design/CAN/OutPort/CAN_CH1.Statistic.AllFrame.Y_CAN_Ch1_ExtFramesCnt,0,0,0,,{0},否
env,average,输出,env_1_Design/CAN/OutPort/CAN_CH1.Statistic.AllFrame.Y_CAN_Ch1_TotalStdRemoteFramesCnt,0,0,0,,{0},否
env,average,输出,env_1_Design/CAN/OutPort/CAN_CH1.Statistic.AllFrame.Y_CAN_Ch1_StdRemoteFramesCnt,0,0,0,,{0},否
env,average,输出,env_1_Design/CAN/OutPort/CAN_CH1.Statistic.AllFrame.Y_CAN_Ch1_TotalExtRemoteFramesCnt,0,0,0,,{0},否
env,average,输出,env_1_Design/CAN/OutPort/CAN_CH1.Statistic.AllFrame.Y_CAN_Ch1_ExtRemoteFramesCnt,0,0,0,,{0},否
env,average,输出,env_1_Design/CAN/OutPort/CAN_CH1.Statistic.Y_CAN_Ch1_BurstTime,0,0,0,,{0},否
env,average,输出,env_1_Design/CAN/OutPort/CAN_CH1.Valid,0,0,0,,{0},否
env,average,输出,env_1_Design/CAN/OutPort/CAN_CH1.Background_Traffic.Valid,0,0,0,,{0},否
env,average,输出,env_1_Design/CAN/OutPort/CAN_CH1.Sample_Point_Test.Result,0,0,0,,{0},否
env,average,输出,env_1_Design/CAN/OutPort/CAN_CH1.Sample_Point_Test.Arbitration_Phase.Measeure_Sample_Ponit,0,0,0,,{0},否
env,average,输出,env_1_Design/CAN/OutPort/CAN_CH1.Sample_Point_Test.Data_Phase.Measeure_Sample_Ponit,0,0,0,,{0},否
env,average,输出,env_1_Design/CAN/OutPort/CAN_CH1.Sample_Point_Test.Valid,0,0,0,,{0},否
env,average,输出,env_1_Design/CAN/OutPort/CAN_CH1.Error_Inject.Valid,0,0,0,,{0},否
env,average,输出,env_1_Design/CAN/OutPort/CAN_CH1.Custom_Sequence.Valid,0,0,0,,{0},否
env,average,输出,env_1_Design/CAN/OutPort/CAN_CH2.Config.Y_CAN_Ch2_Mode,2,2,0,,{2},否
env,average,输出,env_1_Design/CAN/OutPort/CAN_CH2.Config.Y_CAN_Ch2_Bitrate,500000,500000,0,,{500000},否
env,average,输出,env_1_Design/CAN/OutPort/CAN_CH2.Config.Y_CAN_Ch2_SamplePoint,0.75,0.75,0,,{0.75},否
env,average,输出,env_1_Design/CAN/OutPort/CAN_CH2.Config.Y_CAN_Ch2_DataBitrate,2e+06,2e+06,0,,{2e+06},否
env,average,输出,env_1_Design/CAN/OutPort/CAN_CH2.Config.Y_CAN_Ch2_DataSamplePoint,0.75,0.75,0,,{0.75},否
env,average,输出,env_1_Design/CAN/OutPort/CAN_CH2.Statistic.Y_CAN_Ch2_Busload,11.091,11.724,131,"1.268, 2.068, 3.268, 4.268, 5.068, 6.268, 7.268, 8.068, 9.268, 10.268 …",min=11.091; max=11.724; distinct=87,否
env,average,输出,env_1_Design/CAN/OutPort/CAN_CH2.Statistic.Chip State.Y_CAN_Ch2_ChipState,1,1,0,,{1},否
env,average,输出,env_1_Design/CAN/OutPort/CAN_CH2.Statistic.Chip State.Y_CAN_Ch2_TransmitErrorCount,128,128,0,,{128},否
env,average,输出,env_1_Design/CAN/OutPort/CAN_CH2.Statistic.Chip State.Y_CAN_Ch2_ReceiveErrorCount,0,0,0,,{0},否
env,average,输出,env_1_Design/CAN/OutPort/CAN_CH2.Statistic.Transmit.Y_CAN_Ch2_TotalTxFramesCnt,5010,12858,654,"1.268, 1.468, 1.668, 1.868, 2.068, 2.268, 2.468, 2.668, 2.868, 3.068 …",min=5010; max=12858; distinct=655,否
env,average,输出,env_1_Design/CAN/OutPort/CAN_CH2.Statistic.Transmit.Y_CAN_Ch2_TxFramesCnt,60,66,84,"2.268, 4.268, 5.268, 7.268, 8.468, 10.468, 11.468, 13.468, 14.468, 16.668 …","{60, 66}",否
env,average,输出,env_1_Design/CAN/OutPort/CAN_CH2.Statistic.Transmit.Y_CAN_Ch2_TotalTxStdFramesCnt,5010,12858,654,"1.268, 1.468, 1.668, 1.868, 2.068, 2.268, 2.468, 2.668, 2.868, 3.068 …",min=5010; max=12858; distinct=655,否
env,average,输出,env_1_Design/CAN/OutPort/CAN_CH2.Statistic.Transmit.Y_CAN_Ch2_TxStdFramesCnt,60,66,85,"2.268, 4.268, 5.268, 7.268, 8.468, 10.468, 11.468, 13.468, 14.468, 16.668 …","{60, 61, 65, 66}",否
env,average,输出,env_1_Design/CAN/OutPort/CAN_CH2.Statistic.Transmit.Y_CAN_Ch2_TotalTxExtFramesCnt,0,0,0,,{0},否
env,average,输出,env_1_Design/CAN/OutPort/CAN_CH2.Statistic.Transmit.Y_CAN_Ch2_TxExtFramesCnt,0,0,0,,{0},否
env,average,输出,env_1_Design/CAN/OutPort/CAN_CH2.Statistic.Transmit.Y_CAN_Ch2_TotalTxStdRemoteFramesCnt,0,0,0,,{0},否
env,average,输出,env_1_Design/CAN/OutPort/CAN_CH2.Statistic.Transmit.Y_CAN_Ch2_TxStdRemoteFramesCnt,0,0,0,,{0},否
env,average,输出,env_1_Design/CAN/OutPort/CAN_CH2.Statistic.Transmit.Y_CAN_Ch2_TotalTxExtRemoteFramesCnt,0,0,0,,{0},否
env,average,输出,env_1_Design/CAN/OutPort/CAN_CH2.Statistic.Transmit.Y_CAN_Ch2_TxExtRemoteFramesCnt,0,0,0,,{0},否
env,average,输出,env_1_Design/CAN/OutPort/CAN_CH2.Statistic.Receive.Y_CAN_Ch2_TotalRxFramesCnt,35084,90037,654,"1.268, 1.468, 1.668, 1.868, 2.068, 2.268, 2.468, 2.668, 2.868, 3.068 …",min=35084; max=90037; distinct=655,否
env,average,输出,env_1_Design/CAN/OutPort/CAN_CH2.Statistic.Receive.Y_CAN_Ch2_RxFramesCnt,420,448,120,"2.268, 3.268, 4.268, 5.268, 6.268, 8.468, 9.468, 10.468, 11.468, 12.468 …",min=420; max=448; distinct=24,否
env,average,输出,env_1_Design/PWM Input/OutPort/Y_Ch8_PWM_In_Period,0,0,0,,{0},否
env,average,输出,env_1_Design/PWM Input/OutPort/Y_Ch8_PWM_In_Duty_Ratio,0,0,0,,{0},否
env,average,输出,env_1_Design/PWM Input/OutPort/Y_Ch8_PWM_In_Amplitude,0,0,0,,{0},否
env,average,输出,env_1_Design/PWM Input/OutPort/Y_Ch8_Support_Features,0,0,0,,{0},否
env,average,输出,env_1_Design/PWM Input/OutPort/Y_Ch8.Valid,0,0,0,,{0},否
env,average,输出,env_1_Design/PWM Input/OutPort/Y_Ch9_PWM_In_Frequency,0,0,0,,{0},否
env,average,输出,env_1_Design/PWM Input/OutPort/Y_Ch9_PWM_In_Period,0,0,0,,{0},否
env,average,输出,env_1_Design/PWM Input/OutPort/Y_Ch9_PWM_In_Duty_Ratio,0,0,0,,{0},否
env,average,输出,env_1_Design/PWM Input/OutPort/Y_Ch9_PWM_In_Amplitude,0,0,0,,{0},否
env,average,输出,env_1_Design/PWM Input/OutPort/Y_Ch9_Support_Features,0,0,0,,{0},否
env,average,输出,env_1_Design/PWM Input/OutPort/Y_Ch9.Valid,0,0,0,,{0},否
env,average,输出,env_1_Design/PWM Input/OutPort/Y_Ch10_PWM_In_Frequency,0,0,0,,{0},否
env,average,输出,env_1_Design/PWM Input/OutPort/Y_Ch10_PWM_In_Period,0,0,0,,{0},否
env,average,输出,env_1_Design/PWM Input/OutPort/Y_Ch10_PWM_In_Duty_Ratio,0,0,0,,{0},否
env,average,输出,env_1_Design/PWM Input/OutPort/Y_Ch10_PWM_In_Amplitude,0,0,0,,{0},否
env,average,输出,env_1_Design/PWM Input/OutPort/Y_Ch10_Support_Features,0,0,0,,{0},否
env,average,输出,env_1_Design/PWM Input/OutPort/Y_Ch10.Valid,0,0,0,,{0},否
env,average,输出,env_1_Design/PWM Input/OutPort/Y_Ch11_PWM_In_Frequency,0,0,0,,{0},否
env,average,输出,env_1_Design/PWM Input/OutPort/Y_Ch11_PWM_In_Period,0,0,0,,{0},否
env,average,输出,env_1_Design/PWM Input/OutPort/Y_Ch11_PWM_In_Duty_Ratio,0,0,0,,{0},否
env,average,输出,env_1_Design/PWM Input/OutPort/Y_Ch11_PWM_In_Amplitude,0,0,0,,{0},否
env,average,输出,env_1_Design/PWM Input/OutPort/Y_Ch11_Support_Features,0,0,0,,{0},否
env,average,输出,env_1_Design/PWM Input/OutPort/Y_Ch11.Valid,0,0,0,,{0},否
env,average,输出,env_1_Design/PWM Input/OutPort/Y_Ch12_PWM_In_Frequency,0,0,0,,{0},否
env,average,输出,env_1_Design/PWM Input/OutPort/Y_Ch12_PWM_In_Period,0,0,0,,{0},否
env,average,输出,env_1_Design/PWM Input/OutPort/Y_Ch12_PWM_In_Duty_Ratio,0,0,0,,{0},否
env,average,输出,env_1_Design/PWM Input/OutPort/Y_Ch12_PWM_In_Amplitude,0,0,0,,{0},否
env,average,输出,env_1_Design/PWM Input/OutPort/Y_Ch12_Support_Features,0,0,0,,{0},否
env,average,输出,env_1_Design/PWM Input/OutPort/Y_Ch12.Valid,0,0,0,,{0},否
env,average,输出,env_1_Design/PWM Input/OutPort/Y_Ch13_PWM_In_Frequency,0,0,0,,{0},否
env,average,输出,env_1_Design/PWM Input/OutPort/Y_Ch13_PWM_In_Period,0,0,0,,{0},否
env,average,输出,env_1_Design/PWM Input/OutPort/Y_Ch13_PWM_In_Duty_Ratio,0,0,0,,{0},否
env,average,输出,env_1_Design/PWM Input/OutPort/Y_Ch13_PWM_In_Amplitude,0,0,0,,{0},否
env,average,输出,env_1_Design/PWM Input/OutPort/Y_Ch13_Support_Features,0,0,0,,{0},否
env,average,输出,env_1_Design/PWM Input/OutPort/Y_Ch13.Valid,0,0,0,,{0},否
env,average,输出,env_1_Design/PWM Input/OutPort/Y_Ch14_PWM_In_Frequency,0,0,0,,{0},否
env,average,输出,env_1_Design/PWM Input/OutPort/Y_Ch14_PWM_In_Period,0,0,0,,{0},否
env,average,输出,env_1_Design/PWM Input/OutPort/Y_Ch14_PWM_In_Duty_Ratio,0,0,0,,{0},否
env,average,输出,env_1_Design/PWM Input/OutPort/Y_Ch14_PWM_In_Amplitude,0,0,0,,{0},否
env,average,输出,env_1_Design/PWM Input/OutPort/Y_Ch14_Support_Features,0,0,0,,{0},否
env,average,输出,env_1_Design/PWM Input/OutPort/Y_Ch14.Valid,0,0,0,,{0},否
env,average,输出,env_1_Design/PWM Input/OutPort/Y_Ch15_PWM_In_Frequency,0,0,0,,{0},否
env,average,输出,env_1_Design/PWM Input/OutPort/Y_Ch15_PWM_In_Period,0,0,0,,{0},否
env,average,输出,env_1_Design/PWM Input/OutPort/Y_Ch15_PWM_In_Duty_Ratio,0,0,0,,{0},否
env,average,输出,env_1_Design/PWM Input/OutPort/Y_Ch15_PWM_In_Amplitude,0,0,0,,{0},否
env,average,输出,env_1_Design/PWM Input/OutPort/Y_Ch15_Support_Features,0,0,0,,{0},否
env,average,输出,env_1_Design/PWM Input/OutPort/Y_Ch15.Valid,0,0,0,,{0},否
env,average,输出,env_1_Design/PWM Input/OutPort/Y_Ch16_PWM_In_Frequency,0,0,0,,{0},否
env,average,输出,env_1_Design/PWM Input/OutPort/Y_Ch16_PWM_In_Period,0,0,0,,{0},否
env,average,输出,env_1_Design/PWM Input/OutPort/Y_Ch16_PWM_In_Duty_Ratio,0,0,0,,{0},否
env,average,输出,env_1_Design/PWM Input/OutPort/Y_Ch16_PWM_In_Amplitude,0,0,0,,{0},否
env,average,输出,env_1_Design/PWM Input/OutPort/Y_Ch16_Support_Features,0,0,0,,{0},否
env,average,输出,env_1_Design/PWM Input/OutPort/Y_Ch16.Valid,0,0,0,,{0},否
env,average,输出,env_1_Design/PWM Input/OutPort/Y_Ch17_PWM_In_Frequency,0,0,0,,{0},否
env,average,输出,env_1_Design/PWM Input/OutPort/Y_Ch17_PWM_In_Period,0,0,0,,{0},否
env,average,输出,env_1_Design/PWM Input/OutPort/Y_Ch17_PWM_In_Duty_Ratio,0,0,0,,{0},否
env,average,输出,env_1_Design/PWM Input/OutPort/Y_Ch17_PWM_In_Amplitude,0,0,0,,{0},否
env,average,输出,env_1_Design/PWM Input/OutPort/Y_Ch17_Support_Features,0,0,0,,{0},否
env,average,输出,env_1_Design/PWM Input/OutPort/Y_Ch17.Valid,0,0,0,,{0},否
env,average,输出,env_1_Design/PWM Input/OutPort/Y_Ch18_PWM_In_Frequency,0,0,0,,{0},否
env,average,输出,env_1_Design/PWM Input/OutPort/Y_Ch18_PWM_In_Period,0,0,0,,{0},否
env,average,输出,env_1_Design/PWM Input/OutPort/Y_Ch18_PWM_In_Duty_Ratio,0,0,0,,{0},否
env,average,输出,env_1_Design/PWM Input/OutPort/Y_Ch18_PWM_In_Amplitude,0,0,0,,{0},否
env,average,输出,env_1_Design/PWM Input/OutPort/Y_Ch18_Support_Features,0,0,0,,{0},否
env,average,输出,env_1_Design/PWM Input/OutPort/Y_Ch18.Valid,0,0,0,,{0},否
env,average,输出,env_1_Design/PWM Input/OutPort/Y_Ch19_PWM_In_Frequency,0,0,0,,{0},否
env,average,输出,env_1_Design/PWM Input/OutPort/Y_Ch19_PWM_In_Period,0,0,0,,{0},否
env,average,输出,env_1_Design/PWM Input/OutPort/Y_Ch19_PWM_In_Duty_Ratio,0,0,0,,{0},否
env,average,输出,env_1_Design/PWM Input/OutPort/Y_Ch19_PWM_In_Amplitude,0,0,0,,{0},否
env,average,输出,env_1_Design/PWM Input/OutPort/Y_Ch19_Support_Features,0,0,0,,{0},否
env,average,输出,env_1_Design/PWM Input/OutPort/Y_Ch19.Valid,0,0,0,,{0},否
env,average,输出,env_1_Design/PWM Input/OutPort/Y_Ch20_PWM_In_Frequency,0,0,0,,{0},否
env,average,输出,env_1_Design/PWM Input/OutPort/Y_Ch20_PWM_In_Period,0,0,0,,{0},否
env,average,输出,env_1_Design/PWM Input/OutPort/Y_Ch20_PWM_In_Duty_Ratio,0,0,0,,{0},否
env,average,输出,env_1_Design/PWM Input/OutPort/Y_Ch20_PWM_In_Amplitude,0,0,0,,{0},否
env,average,输出,env_1_Design/PWM Input/OutPort/Y_Ch20_Support_Features,0,0,0,,{0},否
env,average,输出,env_1_Design/PWM Input/OutPort/Y_Ch20.Valid,0,0,0,,{0},否
env,average,输出,env_1_Design/PWM Input/OutPort/Y_Ch21_PWM_In_Frequency,0,0,0,,{0},否
env,average,输出,env_1_Design/PWM Input/OutPort/Y_Ch21_PWM_In_Period,0,0,0,,{0},否
env,average,输出,env_1_Design/PWM Input/OutPort/Y_Ch21_PWM_In_Duty_Ratio,0,0,0,,{0},否
env,average,输出,env_1_Design/PWM Input/OutPort/Y_Ch21_PWM_In_Amplitude,0,0,0,,{0},否
env,average,输出,env_1_Design/PWM Input/OutPort/Y_Ch21_Support_Features,0,0,0,,{0},否
env,average,输出,env_1_Design/PWM Input/OutPort/Y_Ch21.Valid,0,0,0,,{0},否
env,average,输出,env_1_Design/PWM Input/OutPort/Y_Ch22_PWM_In_Frequency,0,0,0,,{0},否
env,average,输出,env_1_Design/PWM Input/OutPort/Y_Ch22_PWM_In_Period,0,0,0,,{0},否
env,average,输出,env_1_Design/PWM Input/OutPort/Y_Ch22_PWM_In_Duty_Ratio,0,0,0,,{0},否
env,average,输出,env_1_Design/PWM Input/OutPort/Y_Ch22_PWM_In_Amplitude,0,0,0,,{0},否
env,average,输出,env_1_Design/PWM Input/OutPort/Y_Ch22_Support_Features,0,0,0,,{0},否
env,average,输出,env_1_Design/PWM Input/OutPort/Y_Ch22.Valid,0,0,0,,{0},否
env,average,输出,env_1_Design/PWM Input/OutPort/Y_Ch23_PWM_In_Frequency,0,0,0,,{0},否
env,average,输出,env_1_Design/PWM Input/OutPort/Y_Ch23_PWM_In_Period,0,0,0,,{0},否
env,average,输出,env_1_Design/PWM Input/OutPort/Y_Ch23_PWM_In_Duty_Ratio,0,0,0,,{0},否
env,average,输出,env_1_Design/PWM Input/OutPort/Y_Ch23_PWM_In_Amplitude,0,0,0,,{0},否
env,average,输出,env_1_Design/PWM Input/OutPort/Y_Ch23_Support_Features,0,0,0,,{0},否
env,average,输出,env_1_Design/PWM Input/OutPort/Y_Ch23.Valid,0,0,0,,{0},否
env,average,输出,env_1_Design/PWM Input/OutPort/Y_Ch24_PWM_In_Frequency,0,0,0,,{0},否
env,average,输出,env_1_Design/PWM Input/OutPort/Y_Ch24_PWM_In_Period,0,0,0,,{0},否
env,average,输出,env_1_Design/PWM Input/OutPort/Y_Ch24_PWM_In_Duty_Ratio,0,0,0,,{0},否
env,average,输出,env_1_Design/PWM Input/OutPort/Y_Ch24_PWM_In_Amplitude,0,0,0,,{0},否
env,average,输出,env_1_Design/PWM Input/OutPort/Y_Ch24_Support_Features,0,0,0,,{0},否
env,average,输出,env_1_Design/PWM Input/OutPort/Y_Ch24.Valid,0,0,0,,{0},否
env,average,输出,env_1_Design/PWM Input/OutPort/Y_Ch25_PWM_In_Frequency,0,0,0,,{0},否
env,average,输出,env_1_Design/PWM Input/OutPort/Y_Ch25_PWM_In_Period,0,0,0,,{0},否
env,average,输出,env_1_Design/PWM Input/OutPort/Y_Ch25_PWM_In_Duty_Ratio,0,0,0,,{0},否
env,average,输出,env_1_Design/PWM Input/OutPort/Y_Ch25_PWM_In_Amplitude,0,0,0,,{0},否
env,average,输出,env_1_Design/PWM Input/OutPort/Y_Ch25_Support_Features,0,0,0,,{0},否
env,average,输出,env_1_Design/PWM Input/OutPort/Y_Ch25.Valid,0,0,0,,{0},否
env,average,输出,env_1_Design/PWM Input/OutPort/Y_Ch26_PWM_In_Frequency,0,0,0,,{0},否
env,average,输出,env_1_Design/PWM Input/OutPort/Y_Ch26_PWM_In_Period,0,0,0,,{0},否
env,average,输出,env_1_Design/PWM Input/OutPort/Y_Ch26_PWM_In_Duty_Ratio,0,0,0,,{0},否
env,average,输出,env_1_Design/PWM Input/OutPort/Y_Ch26_PWM_In_Amplitude,0,0,0,,{0},否
env,average,输出,env_1_Design/PWM Input/OutPort/Y_Ch26_Support_Features,0,0,0,,{0},否
env,average,输出,env_1_Design/PWM Input/OutPort/Y_Ch26.Valid,0,0,0,,{0},否
env,average,输出,env_1_Design/PWM Input/OutPort/Y_Ch27_PWM_In_Frequency,0,0,0,,{0},否
env,average,输出,env_1_Design/PWM Input/OutPort/Y_Ch27_PWM_In_Period,0,0,0,,{0},否
env,average,输出,env_1_Design/PWM Input/OutPort/Y_Ch27_PWM_In_Duty_Ratio,0,0,0,,{0},否
env,average,输出,env_1_Design/PWM Input/OutPort/Y_Ch27_PWM_In_Amplitude,0,0,0,,{0},否
env,average,输出,env_1_Design/PWM Input/OutPort/Y_Ch27_Support_Features,0,0,0,,{0},否
env,average,输出,env_1_Design/PWM Input/OutPort/Y_Ch27.Valid,0,0,0,,{0},否
env,average,输出,env_1_Design/PWM Input/OutPort/Y_Ch28_PWM_In_Frequency,0,0,0,,{0},否
env,average,输出,env_1_Design/PWM Input/OutPort/Y_Ch28_PWM_In_Period,0,0,0,,{0},否
env,average,输出,env_1_Design/PWM Input/OutPort/Y_Ch28_PWM_In_Duty_Ratio,0,0,0,,{0},否
env,average,输出,env_1_Design/PWM Input/OutPort/Y_Ch28_PWM_In_Amplitude,0,0,0,,{0},否
env,average,输出,env_1_Design/PWM Input/OutPort/Y_Ch28_Support_Features,0,0,0,,{0},否
env,average,输出,env_1_Design/PWM Input/OutPort/Y_Ch28.Valid,0,0,0,,{0},否
env,average,输出,env_1_Design/PWM Input/OutPort/Y_Ch29_PWM_In_Frequency,0,0,0,,{0},否
env,average,输出,env_1_Design/PWM Input/OutPort/Y_Ch29_PWM_In_Period,0,0,0,,{0},否
env,average,输出,env_1_Design/PWM Input/OutPort/Y_Ch29_PWM_In_Duty_Ratio,0,0,0,,{0},否
env,average,输出,env_1_Design/PWM Input/OutPort/Y_Ch29_PWM_In_Amplitude,0,0,0,,{0},否
env,average,输出,env_1_Design/PWM Input/OutPort/Y_Ch29_Support_Features,0,0,0,,{0},否
env,average,输出,env_1_Design/PWM Input/OutPort/Y_Ch29.Valid,0,0,0,,{0},否
env,average,输出,env_1_Design/PWM Input/OutPort/Y_Ch30_PWM_In_Frequency,0,0,0,,{0},否
env,average,输出,env_1_Design/PWM Input/OutPort/Y_Ch30_PWM_In_Period,0,0,0,,{0},否
env,average,输出,env_1_Design/PWM Input/OutPort/Y_Ch30_PWM_In_Duty_Ratio,0,0,0,,{0},否
env,average,输出,env_1_Design/PWM Input/OutPort/Y_Ch30_PWM_In_Amplitude,0,0,0,,{0},否
env,average,输出,env_1_Design/PWM Input/OutPort/Y_Ch30_Support_Features,0,0,0,,{0},否
env,average,输出,env_1_Design/PWM Input/OutPort/Y_Ch30.Valid,0,0,0,,{0},否
env,average,输出,env_1_Design/PWM Input/OutPort/Y_Ch31_PWM_In_Frequency,0,0,0,,{0},否
env,average,输出,env_1_Design/PWM Input/OutPort/Y_Ch31_PWM_In_Period,0,0,0,,{0},否
env,average,输出,env_1_Design/PWM Input/OutPort/Y_Ch31_PWM_In_Duty_Ratio,0,0,0,,{0},否
env,average,输出,env_1_Design/PWM Input/OutPort/Y_Ch31_PWM_In_Amplitude,0,0,0,,{0},否
env,average,输出,env_1_Design/PWM Input/OutPort/Y_Ch31_Support_Features,0,0,0,,{0},否
env,average,输出,env_1_Design/PWM Input/OutPort/Y_Ch31.Valid,0,0,0,,{0},否
env,average,输出,env_1_Design/PWM Input/OutPort/Y_Ch32_PWM_In_Frequency,0,0,0,,{0},否
env,average,输出,env_1_Design/PWM Input/OutPort/Y_Ch32_PWM_In_Period,0,0,0,,{0},否
env,average,输出,env_1_Design/PWM Input/OutPort/Y_Ch32_PWM_In_Duty_Ratio,0,0,0,,{0},否
env,average,输出,env_1_Design/PWM Input/OutPort/Y_Ch32_PWM_In_Amplitude,0,0,0,,{0},否
env,average,输出,env_1_Design/PWM Input/OutPort/Y_Ch32_Support_Features,0,0,0,,{0},否
env,average,输出,env_1_Design/PWM Input/OutPort/Y_Ch32.Valid,0,0,0,,{0},否
env,average,输出,env_1_Design/PWM Input/OutPort/Y_Ch33_PWM_In_Frequency,0,0,0,,{0},否
env,average,输出,env_1_Design/PWM Input/OutPort/Y_Ch33_PWM_In_Period,0,0,0,,{0},否
env,average,输出,env_1_Design/PWM Input/OutPort/Y_Ch33_PWM_In_Duty_Ratio,0,0,0,,{0},否
env,average,输出,env_1_Design/PWM Input/OutPort/Y_Ch33_PWM_In_Amplitude,0,0,0,,{0},否
env,average,输出,env_1_Design/PWM Input/OutPort/Y_Ch33_Support_Features,0,0,0,,{0},否
env,average,输出,env_1_Design/PWM Input/OutPort/Y_Ch33.Valid,0,0,0,,{0},否
env,average,输出,env_1_Design/PWM Input/OutPort/Y_Ch34_PWM_In_Frequency,0,0,0,,{0},否
env,average,输出,env_1_Design/PWM Input/OutPort/Y_Ch34_PWM_In_Period,0,0,0,,{0},否
env,average,输出,env_1_Design/PWM Input/OutPort/Y_Ch34_PWM_In_Duty_Ratio,0,0,0,,{0},否
env,average,输出,env_1_Design/PWM Input/OutPort/Y_Ch34_PWM_In_Amplitude,0,0,0,,{0},否
env,average,输出,env_1_Design/PWM Input/OutPort/Y_Ch34_Support_Features,0,0,0,,{0},否
env,average,输出,env_1_Design/PWM Input/OutPort/Y_Ch34.Valid,0,0,0,,{0},否
env,average,输出,env_1_Design/PWM Input/OutPort/Y_Ch35_PWM_In_Frequency,0,0,0,,{0},否
env,average,输出,env_1_Design/PWM Input/OutPort/Y_Ch35_PWM_In_Period,0,0,0,,{0},否
env,average,输出,env_1_Design/PWM Input/OutPort/Y_Ch35_PWM_In_Duty_Ratio,0,0,0,,{0},否
env,average,输出,env_1_Design/PWM Input/OutPort/Y_Ch35_PWM_In_Amplitude,0,0,0,,{0},否
env,average,输出,env_1_Design/PWM Input/OutPort/Y_Ch35_Support_Features,0,0,0,,{0},否
env,average,输出,env_1_Design/PWM Input/OutPort/Y_Ch35.Valid,0,0,0,,{0},否
env,average,输出,env_1_Design/PWM Input/OutPort/Y_Ch36_PWM_In_Frequency,0,0,0,,{0},否
env,average,输出,env_1_Design/PWM Input/OutPort/Y_Ch36_PWM_In_Period,0,0,0,,{0},否
env,average,输出,env_1_Design/PWM Input/OutPort/Y_Ch36_PWM_In_Duty_Ratio,0,0,0,,{0},否
env,average,输出,env_1_Design/PWM Input/OutPort/Y_Ch36_PWM_In_Amplitude,0,0,0,,{0},否
env,average,输出,env_1_Design/PWM Input/OutPort/Y_Ch36_Support_Features,0,0,0,,{0},否
env,average,输出,env_1_Design/PWM Input/OutPort/Y_Ch36.Valid,0,0,0,,{0},否
env,average,输出,env_1_Design/PWM Input/OutPort/Y_Ch37_PWM_In_Frequency,0,0,0,,{0},否
env,average,输出,env_1_Design/PWM Input/OutPort/Y_Ch37_PWM_In_Period,0,0,0,,{0},否
env,average,输出,env_1_Design/PWM Input/OutPort/Y_Ch37_PWM_In_Duty_Ratio,0,0,0,,{0},否
env,average,输出,env_1_Design/PWM Input/OutPort/Y_Ch37_PWM_In_Amplitude,0,0,0,,{0},否
env,average,输出,env_1_Design/PWM Input/OutPort/Y_Ch37_Support_Features,0,0,0,,{0},否
env,average,输出,env_1_Design/PWM Input/OutPort/Y_Ch37.Valid,0,0,0,,{0},否
env,average,输出,env_1_Design/PWM Input/OutPort/Y_Ch38_PWM_In_Frequency,0,0,0,,{0},否
env,average,输出,env_1_Design/PWM Input/OutPort/Y_Ch38_PWM_In_Period,0,0,0,,{0},否
env,average,输出,env_1_Design/PWM Input/OutPort/Y_Ch38_PWM_In_Duty_Ratio,0,0,0,,{0},否
env,average,输出,env_1_Design/PWM Input/OutPort/Y_Ch38_PWM_In_Amplitude,0,0,0,,{0},否
env,average,输出,env_1_Design/PWM Input/OutPort/Y_Ch38_Support_Features,0,0,0,,{0},否
env,average,输出,env_1_Design/PWM Input/OutPort/Y_Ch38.Valid,0,0,0,,{0},否
env,average,输出,env_1_Design/PWM Input/OutPort/Y_Ch39_PWM_In_Frequency,0,0,0,,{0},否
env,average,输出,env_1_Design/PWM Input/OutPort/Y_Ch39_PWM_In_Period,0,0,0,,{0},否
env,average,输出,env_1_Design/PWM Input/OutPort/Y_Ch39_PWM_In_Duty_Ratio,0,0,0,,{0},否
env,average,输出,env_1_Design/PWM Input/OutPort/Y_Ch39_PWM_In_Amplitude,0,0,0,,{0},否
env,average,输出,env_1_Design/PWM Input/OutPort/Y_Ch39_Support_Features,0,0,0,,{0},否
env,average,输出,env_1_Design/PWM Input/OutPort/Y_Ch39.Valid,0,0,0,,{0},否
env,average,输出,env_1_Design/PWM Input/OutPort/Y_Ch40_PWM_In_Frequency,0,0,0,,{0},否
env,average,输出,env_1_Design/PWM Input/OutPort/Y_Ch40_PWM_In_Period,0,0,0,,{0},否
env,average,输出,env_1_Design/PWM Input/OutPort/Y_Ch40_PWM_In_Duty_Ratio,0,0,0,,{0},否
env,average,输出,env_1_Design/PWM Input/OutPort/Y_Ch40_PWM_In_Amplitude,0,0,0,,{0},否
env,average,输出,env_1_Design/PWM Input/OutPort/Y_Ch40_Support_Features,0,0,0,,{0},否
env,average,输出,env_1_Design/PWM Input/OutPort/Y_Ch40.Valid,0,0,0,,{0},否
env,average,输出,env_1_Design/PWM Input/OutPort/Y_Ch41_PWM_In_Frequency,0,0,0,,{0},否
env,average,输出,env_1_Design/PWM Input/OutPort/Y_Ch41_PWM_In_Period,0,0,0,,{0},否
env,average,输出,env_1_Design/PWM Input/OutPort/Y_Ch41_PWM_In_Duty_Ratio,0,0,0,,{0},否
env,average,输出,env_1_Design/Voltage Output/OutPort/Y_Ch39_Support_Features,0,0,0,,{0},是
env,average,输出,env_1_Design/Voltage Output/OutPort/Y_Ch39.Valid,0,0,0,,{0},是
env,average,输出,env_1_Design/Voltage Output/OutPort/Y_Ch40_Support_Features,0,0,0,,{0},是
env,average,输出,env_1_Design/Voltage Output/OutPort/Y_Ch40.Valid,0,0,0,,{0},是
env,average,输出,env_1_Design/Voltage Output/OutPort/Y_Ch41_Support_Features,0,0,0,,{0},是
env,average,输出,env_1_Design/Voltage Output/OutPort/Y_Ch41.Valid,0,0,0,,{0},是
env,average,输出,env_1_Design/Voltage Output/OutPort/Y_Ch42_Support_Features,0,0,0,,{0},是
env,average,输出,env_1_Design/Voltage Output/OutPort/Y_Ch42.Valid,0,0,0,,{0},是
env,average,输出,env_1_Design/Voltage Output/OutPort/Y_Ch43_Support_Features,0,0,0,,{0},是
env,average,输出,env_1_Design/Voltage Output/OutPort/Y_Ch43.Valid,0,0,0,,{0},是
env,average,输出,env_1_Design/Voltage Output/OutPort/Y_Ch44_Support_Features,0,0,0,,{0},是
env,average,输出,env_1_Design/Voltage Output/OutPort/Y_Ch44.Valid,0,0,0,,{0},是
env,average,输出,env_1_Design/Voltage Output/OutPort/Y_Ch45_Support_Features,0,0,0,,{0},是
env,average,输出,env_1_Design/Voltage Output/OutPort/Y_Ch45.Valid,0,0,0,,{0},是
env,average,输出,env_1_Design/Voltage Output/OutPort/Y_Ch46_Support_Features,0,0,0,,{0},是
env,average,输出,env_1_Design/Voltage Output/OutPort/Y_Ch46.Valid,0,0,0,,{0},是
env,average,输出,env_1_Design/Voltage Output/OutPort/Y_Ch47_Support_Features,0,0,0,,{0},是
env,average,输出,env_1_Design/Voltage Output/OutPort/Y_Ch47.Valid,0,0,0,,{0},是
env,average,输出,env_1_Design/Voltage Output/OutPort/Y_Ch48_Support_Features,0,0,0,,{0},是
env,average,输出,env_1_Design/Voltage Output/OutPort/Y_Ch48.Valid,0,0,0,,{0},是
env,average,内部/未标记,env_1_Design/Voltage Output/Measurement/Runtime(us),1,15,523,"1.589, 1.789, 1.989, 2.189, 2.789, 2.989, 3.189, 3.389, 3.589, 3.789 …",min=1; max=15; distinct=15,是
env,average,内部/未标记,env_1_Design/Voltage Output/Measurement/Runtime_Min(us),1,1,0,,{1},是
env,average,内部/未标记,env_1_Design/Voltage Output/Measurement/Runtime_Max(us),53,53,0,,{53},是
env,average,内部/未标记,env_1_Design/Voltage Output/Measurement/Schedule_Interval(us),2,623,619,"1.589, 1.789, 1.989, 2.189, 2.389, 2.589, 2.789, 2.989, 3.189, 3.389 …",min=2; max=623; distinct=45,是
env,average,内部/未标记,env_1_Design/Voltage Output/Measurement/Schedule_Interval_Min(us),1,1,0,,{1},是
env,average,内部/未标记,env_1_Design/Voltage Output/Measurement/Schedule_Interval_Max(us),1193,1668,1,35.589,"{1193, 1668}",是
env,average,内部/未标记,env_1_Design/Voltage Output/Measurement/Schedule_Count,499819,1.27076e+06,652,"1.589, 1.789, 1.989, 2.189, 2.389, 2.589, 2.789, 2.989, 3.189, 3.389 …",min=499819; max=1.27076e+06; distinct=653,是
env,average,内部/未标记,env_1_Design/Voltage Output/Measurement/Activate_Fail_Count,0,0,0,,{0},是
env,average,内部/未标记,env_1_Design/Voltage Output/Measurement/Processor,5,15,592,"1.589, 1.789, 1.989, 2.389, 2.589, 2.989, 3.189, 3.389, 3.589, 3.789 …",min=5; max=15; distinct=11,是
env,average,输出,env_1_Design/Voltage Input/OutPort/Y_Ch6.Valid,0,0,0,,{0},是
env,average,输出,env_1_Design/Voltage Input/OutPort/Y_Ch7_Present_Voltage,-0.008,0.01,192,"1.717, 1.917, 8.717, 8.917, 13.717, 13.917, 15.917, 16.117, 22.917, 23.117 …",min=-0.008; max=0.01; distinct=9,是
env,average,输出,env_1_Design/Voltage Input/OutPort/Y_Ch7_Average_Voltage,9.2e-05,0.000232,408,"1.717, 1.917, 2.317, 2.517, 2.917, 3.117, 3.517, 3.717, 4.117, 4.317 …",min=9.2e-05; max=0.000232; distinct=35,是
env,average,输出,env_1_Design/Voltage Input/OutPort/Y_Ch7_Support_Features,0,0,0,,{0},是
env,average,输出,env_1_Design/Voltage Input/OutPort/Y_Ch7.Valid,0,0,0,,{0},是
env,average,输出,env_1_Design/Voltage Input/OutPort/Y_Ch8_Present_Voltage,-0.002,0.002,20,"31.317, 31.517, 34.517, 34.717, 60.517, 60.717, 61.117, 61.317, 90.917, 91.117 …","{-0.002, 0, 0.002}",是
env,average,输出,env_1_Design/Voltage Input/OutPort/Y_Ch8_Average_Voltage,-0.000204,-0.00014,392,"1.717, 1.917, 2.317, 2.517, 2.917, 3.117, 3.517, 3.717, 4.317, 4.717 …",min=-0.000204; max=-0.00014; distinct=17,是
env,average,输出,env_1_Design/Voltage Input/OutPort/Y_Ch8_Support_Features,0,0,0,,{0},是
env,average,输出,env_1_Design/Voltage Input/OutPort/Y_Ch8.Valid,0,0,0,,{0},是
env,average,输出,env_1_Design/Voltage Input/OutPort/Y_Ch9_Present_Voltage,4.944,4.952,392,"1.717, 1.917, 2.117, 2.317, 2.517, 3.117, 3.317, 3.917, 4.117, 4.517 …","{4.944, 4.946, 4.948, 4.95, 4.952}",是
env,average,输出,env_1_Design/Voltage Input/OutPort/Y_Ch9_Average_Voltage,4.94774,4.94825,432,"1.717, 1.917, 2.317, 2.517, 2.917, 3.117, 3.517, 3.717, 4.117, 4.317 …",min=4.94774; max=4.94825; distinct=88,是
env,average,输出,env_1_Design/Voltage Input/OutPort/Y_Ch9_Support_Features,0,0,0,,{0},是
env,average,输出,env_1_Design/Voltage Input/OutPort/Y_Ch9.Valid,0,0,0,,{0},是
env,average,输出,env_1_Design/Voltage Input/OutPort/Y_Ch10_Present_Voltage,4.956,4.966,398,"1.717, 1.917, 2.117, 2.517, 3.117, 3.317, 3.717, 3.917, 4.317, 4.717 …","{4.956, 4.958, 4.96, 4.962, 4.964, 4.966}",是
env,average,输出,env_1_Design/Voltage Input/OutPort/Y_Ch10_Average_Voltage,4.96066,4.96113,428,"1.717, 1.917, 2.317, 2.917, 3.117, 3.517, 3.717, 4.117, 4.317, 4.717 …",min=4.96066; max=4.96113; distinct=88,是
env,average,输出,env_1_Design/Voltage Input/OutPort/Y_Ch10_Support_Features,0,0,0,,{0},是
env,average,输出,env_1_Design/Voltage Input/OutPort/Y_Ch10.Valid,0,0,0,,{0},是
env,average,输出,env_1_Design/Voltage Input/OutPort/Y_Ch11_Present_Voltage,4.944,4.952,409,"1.717, 1.917, 2.117, 2.517, 2.717, 2.917, 3.317, 3.517, 3.717, 3.917 …","{4.944, 4.946, 4.948, 4.95, 4.952}",是
env,average,输出,env_1_Design/Voltage Input/OutPort/Y_Ch11_Average_Voltage,4.94851,4.94897,430,"1.717, 1.917, 2.317, 2.517, 2.917, 3.117, 3.517, 3.717, 4.117, 4.317 …",min=4.94851; max=4.94897; distinct=89,是
env,average,输出,env_1_Design/Voltage Input/OutPort/Y_Ch11_Support_Features,0,0,0,,{0},是
env,average,输出,env_1_Design/Voltage Input/OutPort/Y_Ch11.Valid,0,0,0,,{0},是
env,average,输出,env_1_Design/Voltage Input/OutPort/Y_Ch12_Present_Voltage,-0.004,0.016,233,"1.717, 1.917, 2.317, 2.517, 3.317, 3.517, 4.317, 4.517, 6.317, 6.717 …","{-0.004, 0.002, 0.004, 0.006, 0.008, 0.01, 0.014, 0.016}",是
env,average,输出,env_1_Design/Voltage Input/OutPort/Y_Ch12_Average_Voltage,0.006328,0.00662,426,"1.717, 1.917, 2.317, 2.517, 2.917, 3.117, 3.517, 3.717, 4.117, 4.317 …",min=0.006328; max=0.00662; distinct=63,是
env,average,输出,env_1_Design/Voltage Input/OutPort/Y_Ch12_Support_Features,0,0,0,,{0},是
env,average,输出,env_1_Design/Voltage Input/OutPort/Y_Ch12.Valid,0,0,0,,{0},是
env,average,输出,env_1_Design/Voltage Input/OutPort/Y_Ch13_Present_Voltage,0,0.002,178,"1.917, 2.917, 3.317, 3.517, 3.717, 3.917, 4.717, 5.117, 5.317, 5.517 …","{0, 0.002}",是
env,average,输出,env_1_Design/Voltage Input/OutPort/Y_Ch13_Average_Voltage,0.000784,0.001164,421,"1.717, 1.917, 2.317, 2.517, 2.917, 3.117, 3.517, 3.717, 4.117, 4.317 …",min=0.000784; max=0.001164; distinct=68,是
env,average,输出,env_1_Design/Voltage Input/OutPort/Y_Ch13_Support_Features,0,0,0,,{0},是
env,average,输出,env_1_Design/Voltage Input/OutPort/Y_Ch13.Valid,0,0,0,,{0},是
env,average,输出,env_1_Design/Voltage Input/OutPort/Y_Ch14_Present_Voltage,-0.006,-0.002,58,"1.917, 2.117, 2.717, 2.917, 5.517, 5.717, 7.317, 7.517, 9.117, 9.317 …","{-0.006, -0.004, -0.002}",是
env,average,输出,env_1_Design/Voltage Input/OutPort/Y_Ch14_Average_Voltage,-0.004576,-0.004372,423,"1.717, 1.917, 2.317, 2.517, 2.917, 3.117, 3.517, 3.717, 4.117, 4.317 …",min=-0.004576; max=-0.004372; distinct=44,是
env,average,输出,env_1_Design/Voltage Input/OutPort/Y_Ch14_Support_Features,0,0,0,,{0},是
env,average,输出,env_1_Design/Voltage Input/OutPort/Y_Ch14.Valid,0,0,0,,{0},是
env,average,输出,env_1_Design/Voltage Input/OutPort/Y_Ch15_Present_Voltage,-0.002,0,130,"7.717, 7.917, 10.917, 11.117, 19.717, 19.917, 24.317, 24.517, 25.117, 25.517 …","{-0.002, 0}",是
env,average,输出,env_1_Design/Voltage Input/OutPort/Y_Ch15_Average_Voltage,-0.0017,-0.001492,418,"1.717, 1.917, 2.317, 2.517, 2.917, 3.117, 3.517, 3.717, 4.117, 4.317 …",min=-0.0017; max=-0.001492; distinct=45,是
env,average,输出,env_1_Design/Voltage Input/OutPort/Y_Ch15_Support_Features,0,0,0,,{0},是
env,average,输出,env_1_Design/Voltage Input/OutPort/Y_Ch15.Valid,0,0,0,,{0},是
env,average,输出,env_1_Design/Voltage Input/OutPort/Y_Ch16_Present_Voltage,-0.002,0,28,"10.117, 10.317, 73.317, 73.517, 86.517, 86.717, 87.917, 88.117, 89.917, 90.117 …","{-0.002, 0}",是
env,average,输出,env_1_Design/Voltage Input/OutPort/Y_Ch16_Average_Voltage,-0.0004,-0.000236,402,"1.717, 2.517, 2.917, 3.117, 3.517, 3.717, 4.117, 4.317, 4.717, 4.917 …",min=-0.0004; max=-0.000236; distinct=41,是
env,average,输出,env_1_Design/Voltage Input/OutPort/Y_Ch16_Support_Features,0,0,0,,{0},是
env,average,输出,env_1_Design/Voltage Input/OutPort/Y_Ch16.Valid,0,0,0,,{0},是
env,average,输出,env_1_Design/Voltage Input/OutPort/Y_Ch17_Present_Voltage,0.002,0.006,26,"57.317, 57.517, 88.717, 88.917, 90.117, 90.317, 91.317, 91.517, 92.117, 92.517 …","{0.002, 0.004, 0.006}",是
env,average,输出,env_1_Design/Voltage Input/OutPort/Y_Ch17_Average_Voltage,0.00384,0.003952,418,"1.717, 1.917, 2.317, 2.517, 2.917, 3.117, 3.517, 3.717, 4.117, 4.317 …",min=0.00384; max=0.003952; distinct=28,是
env,average,输出,env_1_Design/Voltage Input/OutPort/Y_Ch17_Support_Features,0,0,0,,{0},是
env,average,输出,env_1_Design/Voltage Input/OutPort/Y_Ch17.Valid,0,0,0,,{0},是
env,average,输出,env_1_Design/Voltage Input/OutPort/Y_Ch18_Present_Voltage,-0.006,-0.004,171,"1.717, 1.917, 2.717, 2.917, 3.517, 3.717, 4.117, 4.517, 4.917, 5.317 …","{-0.006, -0.004}",是
env,average,输出,env_1_Design/Voltage Input/OutPort/Y_Ch18_Average_Voltage,-0.005088,-0.004772,423,"1.717, 1.917, 2.517, 2.917, 3.517, 3.717, 4.117, 4.317, 4.717, 4.917 …",min=-0.005088; max=-0.004772; distinct=75,是
env,average,输出,env_1_Design/Voltage Input/OutPort/Y_Ch18_Support_Features,0,0,0,,{0},是
env,average,输出,env_1_Design/Voltage Input/OutPort/Y_Ch18.Valid,0,0,0,,{0},是
env,average,输出,env_1_Design/Voltage Input/OutPort/Y_Ch19_Present_Voltage,0.002,0.004,38,"4.917, 5.117, 6.517, 6.717, 8.517, 8.717, 15.117, 15.317, 17.917, 18.117 …","{0.002, 0.004}",是
env,average,输出,env_1_Design/Voltage Input/OutPort/Y_Ch19_Average_Voltage,0.00354,0.00372,423,"1.717, 1.917, 2.317, 2.517, 2.917, 3.117, 3.517, 3.717, 4.117, 4.317 …",min=0.00354; max=0.00372; distinct=45,是
env,average,输出,env_1_Design/Voltage Input/OutPort/Y_Ch19_Support_Features,0,0,0,,{0},是
env,average,输出,env_1_Design/Voltage Input/OutPort/Y_Ch19.Valid,0,0,0,,{0},是
env,average,输出,env_1_Design/Voltage Input/OutPort/Y_Ch20_Present_Voltage,-0.002,0,179,"1.717, 2.117, 2.317, 2.517, 2.717, 2.917, 3.117, 3.517, 3.717, 4.117 …","{-0.002, 0}",是
env,average,输出,env_1_Design/Voltage Input/OutPort/Y_Ch20_Average_Voltage,-0.001244,-0.00094,418,"1.717, 1.917, 2.317, 2.517, 2.917, 3.117, 3.517, 3.717, 4.117, 4.317 …",min=-0.001244; max=-0.00094; distinct=69,是
env,average,输出,env_1_Design/Voltage Input/OutPort/Y_Ch20_Support_Features,0,0,0,,{0},是
env,average,输出,env_1_Design/Voltage Input/OutPort/Y_Ch20.Valid,0,0,0,,{0},是
env,average,输出,env_1_Design/Voltage Input/OutPort/Y_Ch21_Present_Voltage,0.004,0.006,114,"27.917, 28.117, 29.717, 29.917, 31.917, 32.317, 32.517, 33.317, 33.517, 33.717 …","{0.004, 0.006}",是
env,average,输出,env_1_Design/Voltage Input/OutPort/Y_Ch21_Average_Voltage,0.004052,0.004188,417,"1.717, 1.917, 2.317, 2.517, 2.917, 3.117, 3.517, 3.717, 4.117, 4.317 …",min=0.004052; max=0.004188; distinct=32,是
env,average,输出,env_1_Design/Voltage Input/OutPort/Y_Ch21_Support_Features,0,0,0,,{0},是
env,average,输出,env_1_Design/Voltage Input/OutPort/Y_Ch21.Valid,0,0,0,,{0},是
env,average,输出,env_1_Design/Voltage Input/OutPort/Y_Ch22_Present_Voltage,0,0.006,100,"27.517, 28.117, 29.517, 29.717, 29.917, 30.117, 31.117, 31.317, 31.917, 32.117 …","{0, 0.002, 0.006}",是
env,average,输出,env_1_Design/Voltage Input/OutPort/Y_Ch22_Average_Voltage,0.002016,0.002236,422,"1.717, 1.917, 2.317, 2.517, 2.917, 3.117, 3.517, 3.717, 4.117, 4.317 …",min=0.002016; max=0.002236; distinct=45,是
env,average,输出,env_1_Design/Voltage Input/OutPort/Y_Ch22_Support_Features,0,0,0,,{0},是
env,average,输出,env_1_Design/Voltage Input/OutPort/Y_Ch22.Valid,0,0,0,,{0},是
env,average,输出,env_1_Design/Voltage Input/OutPort/Y_Ch23_Present_Voltage,0.002,0.006,76,"25.317, 25.517, 28.517, 28.717, 29.517, 29.717, 29.917, 30.517, 30.717, 30.917 …","{0.002, 0.004, 0.006}",是
env,average,输出,env_1_Design/Voltage Input/OutPort/Y_Ch23_Average_Voltage,0.003944,0.004084,408,"1.717, 1.917, 2.317, 2.517, 3.117, 3.517, 3.717, 4.117, 4.317, 4.717 …",min=0.003944; max=0.004084; distinct=35,是
env,average,输出,env_1_Design/Voltage Input/OutPort/Y_Ch23_Support_Features,0,0,0,,{0},是
env,average,输出,env_1_Design/Voltage Input/OutPort/Y_Ch23.Valid,0,0,0,,{0},是
env,average,输出,env_1_Design/Voltage Input/OutPort/Y_Ch24_Present_Voltage,0.004,0.008,121,"4.317, 4.517, 5.317, 5.517, 5.717, 5.917, 6.317, 6.717, 6.917, 7.117 …","{0.004, 0.008}",是
env,average,输出,env_1_Design/Voltage Input/OutPort/Y_Ch24_Average_Voltage,0.00536,0.006064,424,"1.717, 1.917, 2.317, 2.517, 2.917, 3.117, 3.517, 3.717, 4.117, 4.317 …",min=0.00536; max=0.006064; distinct=85,是
env,average,输出,env_1_Design/Voltage Input/OutPort/Y_Ch24_Support_Features,0,0,0,,{0},是
env,average,输出,env_1_Design/Voltage Input/OutPort/Y_Ch24.Valid,0,0,0,,{0},是
env,average,输出,env_1_Design/Voltage Input/OutPort/Y_Ch25_Present_Voltage,0,0,0,,{0},是
env,average,输出,env_1_Design/Voltage Input/OutPort/Y_Ch25_Average_Voltage,0,0,0,,{0},是
env,average,输出,env_1_Design/Voltage Input/OutPort/Y_Ch25_Support_Features,0,0,0,,{0},是
env,average,输出,env_1_Design/Voltage Input/OutPort/Y_Ch25.Valid,0,0,0,,{0},是
env,average,输出,env_1_Design/Voltage Input/OutPort/Y_Ch26_Present_Voltage,0,0,0,,{0},是
env,average,输出,env_1_Design/Voltage Input/OutPort/Y_Ch26_Average_Voltage,0,0,0,,{0},是
env,average,输出,env_1_Design/Voltage Input/OutPort/Y_Ch26_Support_Features,0,0,0,,{0},是
env,average,输出,env_1_Design/Voltage Input/OutPort/Y_Ch26.Valid,0,0,0,,{0},是
env,average,输出,env_1_Design/Voltage Input/OutPort/Y_Ch27_Present_Voltage,0,0,0,,{0},是
env,average,输出,env_1_Design/Voltage Input/OutPort/Y_Ch27_Average_Voltage,0,0,0,,{0},是
env,average,输出,env_1_Design/Voltage Input/OutPort/Y_Ch27_Support_Features,0,0,0,,{0},是
env,average,输出,env_1_Design/Voltage Input/OutPort/Y_Ch27.Valid,0,0,0,,{0},是
env,average,输出,env_1_Design/Voltage Input/OutPort/Y_Ch28_Present_Voltage,0,0,0,,{0},是
env,average,输出,env_1_Design/Voltage Input/OutPort/Y_Ch28_Average_Voltage,0,0,0,,{0},是
env,average,输出,env_1_Design/Voltage Input/OutPort/Y_Ch28_Support_Features,0,0,0,,{0},是
env,average,输出,env_1_Design/Voltage Input/OutPort/Y_Ch28.Valid,0,0,0,,{0},是
env,average,输出,env_1_Design/Voltage Input/OutPort/Y_Ch29_Present_Voltage,0,0,0,,{0},是
env,average,输出,env_1_Design/Voltage Input/OutPort/Y_Ch29_Average_Voltage,0,0,0,,{0},是
env,average,输出,env_1_Design/Voltage Input/OutPort/Y_Ch29_Support_Features,0,0,0,,{0},是
env,average,输出,env_1_Design/Voltage Input/OutPort/Y_Ch29.Valid,0,0,0,,{0},是
env,average,输出,env_1_Design/Voltage Input/OutPort/Y_Ch30_Present_Voltage,0,0,0,,{0},是
env,average,输出,env_1_Design/Voltage Input/OutPort/Y_Ch30_Average_Voltage,0,0,0,,{0},是
env,average,输出,env_1_Design/Voltage Input/OutPort/Y_Ch30_Support_Features,0,0,0,,{0},是
env,average,输出,env_1_Design/Voltage Input/OutPort/Y_Ch30.Valid,0,0,0,,{0},是
env,average,输出,env_1_Design/Voltage Input/OutPort/Y_Ch31_Present_Voltage,0,0,0,,{0},是
env,average,输出,env_1_Design/Voltage Input/OutPort/Y_Ch31_Average_Voltage,0,0,0,,{0},是
env,average,输出,env_1_Design/Voltage Input/OutPort/Y_Ch31_Support_Features,0,0,0,,{0},是
env,average,输出,env_1_Design/Voltage Input/OutPort/Y_Ch31.Valid,0,0,0,,{0},是
env,average,输出,env_1_Design/Voltage Input/OutPort/Y_Ch32_Present_Voltage,0,0,0,,{0},是
env,average,输出,env_1_Design/Voltage Input/OutPort/Y_Ch32_Average_Voltage,0,0,0,,{0},是
env,average,输出,env_1_Design/Voltage Input/OutPort/Y_Ch32_Support_Features,0,0,0,,{0},是
env,average,输出,env_1_Design/Voltage Input/OutPort/Y_Ch32.Valid,0,0,0,,{0},是
env,average,输出,env_1_Design/Voltage Input/OutPort/Y_Ch33_Present_Voltage,0,0,0,,{0},是
env,average,输出,env_1_Design/Voltage Input/OutPort/Y_Ch33_Average_Voltage,0,0,0,,{0},是
env,average,输出,env_1_Design/Voltage Input/OutPort/Y_Ch33_Support_Features,0,0,0,,{0},是
env,average,输出,env_1_Design/Voltage Input/OutPort/Y_Ch33.Valid,0,0,0,,{0},是
env,average,输出,env_1_Design/Voltage Input/OutPort/Y_Ch34_Present_Voltage,0,0,0,,{0},是
env,average,输出,env_1_Design/Voltage Input/OutPort/Y_Ch34_Average_Voltage,0,0,0,,{0},是
env,average,输出,env_1_Design/Voltage Input/OutPort/Y_Ch34_Support_Features,0,0,0,,{0},是
env,average,输出,env_1_Design/Voltage Input/OutPort/Y_Ch34.Valid,0,0,0,,{0},是
env,average,输出,env_1_Design/Voltage Input/OutPort/Y_Ch35_Present_Voltage,0,0,0,,{0},是
env,average,输出,env_1_Design/Voltage Input/OutPort/Y_Ch35_Average_Voltage,0,0,0,,{0},是
env,average,输出,env_1_Design/Voltage Input/OutPort/Y_Ch35_Support_Features,0,0,0,,{0},是
env,average,输出,env_1_Design/Voltage Input/OutPort/Y_Ch35.Valid,0,0,0,,{0},是
env,average,输出,env_1_Design/Voltage Input/OutPort/Y_Ch36_Present_Voltage,0,0,0,,{0},是
env,average,输出,env_1_Design/Voltage Input/OutPort/Y_Ch36_Average_Voltage,0,0,0,,{0},是
env,average,输出,env_1_Design/Voltage Input/OutPort/Y_Ch36_Support_Features,0,0,0,,{0},是
env,average,输出,env_1_Design/Voltage Input/OutPort/Y_Ch36.Valid,0,0,0,,{0},是
env,average,输出,env_1_Design/Voltage Input/OutPort/Y_Ch37_Present_Voltage,0,0,0,,{0},是
env,average,输出,env_1_Design/Voltage Input/OutPort/Y_Ch37_Average_Voltage,0,0,0,,{0},是
env,average,输出,env_1_Design/Voltage Input/OutPort/Y_Ch37_Support_Features,0,0,0,,{0},是
env,average,输出,env_1_Design/Voltage Input/OutPort/Y_Ch37.Valid,0,0,0,,{0},是
env,average,输出,env_1_Design/Voltage Input/OutPort/Y_Ch38_Present_Voltage,0,0,0,,{0},是
env,average,输出,env_1_Design/Voltage Input/OutPort/Y_Ch38_Average_Voltage,0,0,0,,{0},是
env,average,输出,env_1_Design/Voltage Input/OutPort/Y_Ch38_Support_Features,0,0,0,,{0},是
env,average,输出,env_1_Design/Voltage Input/OutPort/Y_Ch38.Valid,0,0,0,,{0},是
env,average,输出,env_1_Design/Voltage Input/OutPort/Y_Ch39_Present_Voltage,0,0,0,,{0},是
env,average,输出,env_1_Design/Voltage Input/OutPort/Y_Ch39_Average_Voltage,0,0,0,,{0},是
env,average,输出,env_1_Design/Voltage Input/OutPort/Y_Ch39_Support_Features,0,0,0,,{0},是
env,average,输出,env_1_Design/Voltage Input/OutPort/Y_Ch39.Valid,0,0,0,,{0},是
env,average,输出,env_1_Design/Voltage Input/OutPort/Y_Ch40_Present_Voltage,0,0,0,,{0},是
env,average,输出,env_1_Design/Voltage Input/OutPort/Y_Ch40_Average_Voltage,0,0,0,,{0},是
env,average,输出,env_1_Design/Voltage Input/OutPort/Y_Ch40_Support_Features,0,0,0,,{0},是
env,average,输出,env_1_Design/Voltage Input/OutPort/Y_Ch40.Valid,0,0,0,,{0},是
env,average,输出,env_1_Design/Voltage Input/OutPort/Y_Ch41_Present_Voltage,0,0,0,,{0},是
env,average,输出,env_1_Design/Voltage Input/OutPort/Y_Ch41_Average_Voltage,0,0,0,,{0},是
env,average,输出,env_1_Design/Voltage Input/OutPort/Y_Ch41_Support_Features,0,0,0,,{0},是
env,average,输出,env_1_Design/Voltage Input/OutPort/Y_Ch41.Valid,0,0,0,,{0},是
env,average,输出,env_1_Design/Voltage Input/OutPort/Y_Ch42_Present_Voltage,0,0,0,,{0},是
env,average,输出,env_1_Design/Voltage Input/OutPort/Y_Ch42_Average_Voltage,0,0,0,,{0},是
env,average,输出,env_1_Design/Voltage Input/OutPort/Y_Ch42_Support_Features,0,0,0,,{0},是
env,average,输出,env_1_Design/Voltage Input/OutPort/Y_Ch42.Valid,0,0,0,,{0},是
env,average,输出,env_1_Design/Voltage Input/OutPort/Y_Ch43_Present_Voltage,0,0,0,,{0},是
env,average,输出,env_1_Design/Voltage Input/OutPort/Y_Ch43_Average_Voltage,0,0,0,,{0},是
env,average,输出,env_1_Design/Voltage Input/OutPort/Y_Ch43_Support_Features,0,0,0,,{0},是
env,average,输出,env_1_Design/Voltage Input/OutPort/Y_Ch43.Valid,0,0,0,,{0},是
env,average,输出,env_1_Design/Voltage Input/OutPort/Y_Ch44_Present_Voltage,0,0,0,,{0},是
env,average,输出,env_1_Design/Voltage Input/OutPort/Y_Ch44_Average_Voltage,0,0,0,,{0},是
env,average,输出,env_1_Design/Voltage Input/OutPort/Y_Ch44_Support_Features,0,0,0,,{0},是
env,average,输出,env_1_Design/Voltage Input/OutPort/Y_Ch44.Valid,0,0,0,,{0},是
env,average,输出,env_1_Design/Voltage Input/OutPort/Y_Ch45_Present_Voltage,0,0,0,,{0},是
env,average,输出,env_1_Design/Voltage Input/OutPort/Y_Ch45_Average_Voltage,0,0,0,,{0},是
env,average,输出,env_1_Design/Voltage Input/OutPort/Y_Ch45_Support_Features,0,0,0,,{0},是
env,average,输出,env_1_Design/Voltage Input/OutPort/Y_Ch45.Valid,0,0,0,,{0},是
env,average,输出,env_1_Design/Voltage Input/OutPort/Y_Ch46_Present_Voltage,0,0,0,,{0},是
env,average,输出,env_1_Design/Voltage Input/OutPort/Y_Ch46_Average_Voltage,0,0,0,,{0},是
env,average,输出,env_1_Design/Voltage Input/OutPort/Y_Ch46_Support_Features,0,0,0,,{0},是
env,average,输出,env_1_Design/Voltage Input/OutPort/Y_Ch46.Valid,0,0,0,,{0},是
env,average,输出,env_1_Design/Voltage Input/OutPort/Y_Ch47_Present_Voltage,0,0,0,,{0},是
env,average,输出,env_1_Design/Voltage Input/OutPort/Y_Ch47_Average_Voltage,0,0,0,,{0},是
env,average,输出,env_1_Design/Voltage Input/OutPort/Y_Ch47_Support_Features,0,0,0,,{0},是
env,average,输出,env_1_Design/Voltage Input/OutPort/Y_Ch47.Valid,0,0,0,,{0},是
env,average,输出,env_1_Design/Voltage Input/OutPort/Y_Ch48_Present_Voltage,0,0,0,,{0},是
env,average,输出,env_1_Design/Voltage Input/OutPort/Y_Ch48_Average_Voltage,0,0,0,,{0},是
env,average,输出,env_1_Design/Voltage Input/OutPort/Y_Ch48_Support_Features,0,0,0,,{0},是
env,average,输出,env_1_Design/Voltage Input/OutPort/Y_Ch48.Valid,0,0,0,,{0},是
env,average,内部/未标记,env_1_Design/Voltage Input/Measurement/Runtime(us),6,25,529,"1.717, 1.917, 2.117, 2.317, 2.517, 2.917, 3.117, 3.317, 3.517, 3.717 …",min=6; max=25; distinct=15,是
env,average,内部/未标记,env_1_Design/Voltage Input/Measurement/Runtime_Min(us),5,5,0,,{5},是
env,average,内部/未标记,env_1_Design/Voltage Input/Measurement/Runtime_Max(us),78,78,0,,{78},是
env,average,内部/未标记,env_1_Design/Voltage Input/Measurement/Schedule_Interval(us),4868,5142,614,"1.717, 1.917, 2.117, 2.317, 2.517, 2.717, 2.917, 3.117, 3.517, 3.717 …",min=4868; max=5142; distinct=44,是
env,average,内部/未标记,env_1_Design/Voltage Input/Measurement/Schedule_Interval_Min(us),4650,4967,1,35.517,"{4650, 4967}",是
env,average,内部/未标记,env_1_Design/Voltage Input/Measurement/Schedule_Interval_Max(us),5035,5346,1,35.517,"{5035, 5346}",是
env,average,内部/未标记,env_1_Design/Voltage Input/Measurement/Schedule_Count,16805,42925,653,"1.717, 1.917, 2.117, 2.317, 2.517, 2.717, 2.917, 3.117, 3.317, 3.517 …",min=16805; max=42925; distinct=654,是
env,average,内部/未标记,env_1_Design/Voltage Input/Measurement/Activate_Fail_Count,0,0,0,,{0},是
env,average,内部/未标记,env_1_Design/Voltage Input/Measurement/Processor,5,15,588,"1.717, 1.917, 2.117, 2.317, 2.517, 2.917, 3.117, 3.317, 3.517, 3.717 …",min=5; max=15; distinct=11,是
env,average,输入,env_1_Design/Voltage Output/InPort/U_Ch1_Voltage_Out,0,0,0,,{0},是
env,average,输入,env_1_Design/Voltage Output/InPort/U_Ch1_Voltage_Out_Enable,0,0,0,,{0},是
env,average,输入,env_1_Design/Voltage Output/InPort/U_Ch1_FIU_Value,0,0,0,,{0},是
env,average,输入,env_1_Design/Voltage Output/InPort/U_Ch2_Voltage_Out,0,0,0,,{0},是
env,average,输入,env_1_Design/Voltage Output/InPort/U_Ch2_Voltage_Out_Enable,0,0,0,,{0},是
env,average,输入,env_1_Design/Voltage Output/InPort/U_Ch2_FIU_Value,0,0,0,,{0},是
env,average,输入,env_1_Design/Voltage Output/InPort/U_Ch3_Voltage_Out,0,0,0,,{0},是
env,average,输入,env_1_Design/Voltage Output/InPort/U_Ch3_Voltage_Out_Enable,0,0,0,,{0},是
env,average,输入,env_1_Design/Voltage Output/InPort/U_Ch3_FIU_Value,0,0,0,,{0},是
env,average,输入,env_1_Design/Voltage Output/InPort/U_Ch4_Voltage_Out,0,0,0,,{0},是
env,average,输入,env_1_Design/Voltage Output/InPort/U_Ch4_Voltage_Out_Enable,1,1,0,,{1},是
env,average,输入,env_1_Design/Voltage Output/InPort/U_Ch4_FIU_Value,0,0,0,,{0},是
env,average,输入,env_1_Design/Voltage Output/InPort/U_Ch5_Voltage_Out,0,0,0,,{0},是
env,average,输入,env_1_Design/Voltage Output/InPort/U_Ch5_Voltage_Out_Enable,0,0,0,,{0},是
env,average,输入,env_1_Design/Voltage Output/InPort/U_Ch5_FIU_Value,0,0,0,,{0},是
env,average,输入,env_1_Design/Voltage Output/InPort/U_Ch6_Voltage_Out,0,0,0,,{0},是
env,average,输入,env_1_Design/Voltage Output/InPort/U_Ch6_Voltage_Out_Enable,0,0,0,,{0},是
env,average,输入,env_1_Design/Voltage Output/InPort/U_Ch6_FIU_Value,0,0,0,,{0},是
env,average,输入,env_1_Design/Voltage Output/InPort/U_Ch7_Voltage_Out,1,1,0,,{1},是
env,average,输入,env_1_Design/Voltage Output/InPort/U_Ch7_Voltage_Out_Enable,1,1,0,,{1},是
env,average,输入,env_1_Design/Voltage Output/InPort/U_Ch7_FIU_Value,0,0,0,,{0},是
env,average,输入,env_1_Design/Voltage Output/InPort/U_Ch8_Voltage_Out,0.5,0.5,0,,{0.5},是
env,average,输出,env_1_Design/LIN/OutPort/LIN_CH8.Statistic.Wakeup.Y_LIN_Ch8_WakeupsCommandsCnt,0,0,0,,{0},否
env,average,输出,env_1_Design/LIN/OutPort/LIN_CH8.Statistic.Sleep.Y_LIN_Ch8_SleepCommandsCnt,0,0,0,,{0},否
env,average,内部/未标记,env_1_Design/LIN/Measurement/Runtime(us),1,14,432,"2.239, 2.439, 2.839, 3.239, 3.639, 3.839, 4.039, 4.239, 4.439, 4.639 …",min=1; max=14; distinct=9,否
env,average,内部/未标记,env_1_Design/LIN/Measurement/Runtime_Min(us),1,1,0,,{1},否
env,average,内部/未标记,env_1_Design/LIN/Measurement/Runtime_Max(us),16,16,0,,{16},否
env,average,内部/未标记,env_1_Design/LIN/Measurement/Schedule_Interval(us),4859,5159,635,"1.839, 2.039, 2.239, 2.439, 2.639, 2.839, 3.039, 3.239, 3.439, 3.639 …",min=4859; max=5159; distinct=97,否
env,average,内部/未标记,env_1_Design/LIN/Measurement/Schedule_Interval_Min(us),4641,4925,1,35.639,"{4641, 4925}",否
env,average,内部/未标记,env_1_Design/LIN/Measurement/Schedule_Interval_Max(us),5068,5358,2,"4.439, 35.639","{5068, 5073, 5358}",否
env,average,内部/未标记,env_1_Design/LIN/Measurement/Schedule_Count,16829,42869,651,"1.839, 2.039, 2.239, 2.439, 2.639, 2.839, 3.039, 3.239, 3.439, 3.639 …",min=16829; max=42869; distinct=652,否
env,average,内部/未标记,env_1_Design/LIN/Measurement/Activate_Fail_Count,0,0,0,,{0},否
env,average,内部/未标记,env_1_Design/LIN/Measurement/Processor,5,15,601,"2.039, 2.239, 2.439, 2.639, 2.839, 3.039, 3.239, 3.439, 3.639, 3.839 …",min=5; max=15; distinct=11,否
env,average,输入,env_1_Design/PWM Input/InPort/U_Ch1_PWM_In_Enable,0,0,0,,{0},否
env,average,输入,env_1_Design/PWM Input/InPort/U_Ch1_PWM_In_FIU,0,0,0,,{0},否
env,average,输入,env_1_Design/PWM Input/InPort/U_Ch1_PWM_In_SafetySwitch,0,0,0,,{0},否
env,average,输入,env_1_Design/PWM Input/InPort/U_Ch2_PWM_In_Enable,0,0,0,,{0},否
env,average,输入,env_1_Design/PWM Input/InPort/U_Ch2_PWM_In_FIU,0,0,0,,{0},否
env,average,输入,env_1_Design/PWM Input/InPort/U_Ch2_PWM_In_SafetySwitch,0,0,0,,{0},否
env,average,输入,env_1_Design/PWM Input/InPort/U_Ch3_PWM_In_Enable,0,0,0,,{0},否
env,average,输入,env_1_Design/PWM Input/InPort/U_Ch3_PWM_In_FIU,0,0,0,,{0},否
env,average,输入,env_1_Design/PWM Input/InPort/U_Ch3_PWM_In_SafetySwitch,0,0,0,,{0},否
env,average,输入,env_1_Design/PWM Input/InPort/U_Ch4_PWM_In_Enable,0,0,0,,{0},否
env,average,输入,env_1_Design/PWM Input/InPort/U_Ch4_PWM_In_FIU,0,0,0,,{0},否
env,average,输入,env_1_Design/PWM Input/InPort/U_Ch4_PWM_In_SafetySwitch,0,0,0,,{0},否
env,average,输入,env_1_Design/PWM Input/InPort/U_Ch5_PWM_In_Enable,0,0,0,,{0},否
env,average,输入,env_1_Design/PWM Input/InPort/U_Ch5_PWM_In_FIU,0,0,0,,{0},否
env,average,输入,env_1_Design/PWM Input/InPort/U_Ch5_PWM_In_SafetySwitch,0,0,0,,{0},否
env,average,输入,env_1_Design/PWM Input/InPort/U_Ch6_PWM_In_Enable,0,0,0,,{0},否
env,average,输入,env_1_Design/PWM Input/InPort/U_Ch6_PWM_In_FIU,0,0,0,,{0},否
env,average,输入,env_1_Design/PWM Input/InPort/U_Ch6_PWM_In_SafetySwitch,0,0,0,,{0},否
env,average,输入,env_1_Design/PWM Input/InPort/U_Ch7_PWM_In_Enable,0,0,0,,{0},否
env,average,输入,env_1_Design/PWM Input/InPort/U_Ch7_PWM_In_FIU,0,0,0,,{0},否
env,average,输入,env_1_Design/PWM Input/InPort/U_Ch7_PWM_In_SafetySwitch,0,0,0,,{0},否
env,average,输入,env_1_Design/PWM Input/InPort/U_Ch8_PWM_In_Enable,0,0,0,,{0},否
env,average,输入,env_1_Design/PWM Input/InPort/U_Ch8_PWM_In_FIU,0,0,0,,{0},否
env,average,输入,env_1_Design/PWM Input/InPort/U_Ch8_PWM_In_SafetySwitch,0,0,0,,{0},否
env,average,输入,env_1_Design/PWM Input/InPort/U_Ch9_PWM_In_Enable,0,0,0,,{0},否
env,average,输入,env_1_Design/PWM Input/InPort/U_Ch9_PWM_In_FIU,0,0,0,,{0},否
env,average,输入,env_1_Design/PWM Input/InPort/U_Ch9_PWM_In_SafetySwitch,0,0,0,,{0},否
env,average,输入,env_1_Design/PWM Input/InPort/U_Ch10_PWM_In_Enable,0,0,0,,{0},否
env,average,输入,env_1_Design/PWM Input/InPort/U_Ch10_PWM_In_FIU,0,0,0,,{0},否
env,average,输入,env_1_Design/PWM Input/InPort/U_Ch10_PWM_In_SafetySwitch,0,0,0,,{0},否
env,average,输入,env_1_Design/PWM Input/InPort/U_Ch11_PWM_In_Enable,0,0,0,,{0},否
env,average,输入,env_1_Design/PWM Input/InPort/U_Ch11_PWM_In_FIU,0,0,0,,{0},否
env,average,输入,env_1_Design/PWM Input/InPort/U_Ch11_PWM_In_SafetySwitch,0,0,0,,{0},否
env,average,输入,env_1_Design/PWM Input/InPort/U_Ch12_PWM_In_Enable,0,0,0,,{0},否
env,average,输入,env_1_Design/PWM Input/InPort/U_Ch12_PWM_In_FIU,0,0,0,,{0},否
env,average,输入,env_1_Design/PWM Input/InPort/U_Ch12_PWM_In_SafetySwitch,0,0,0,,{0},否
env,average,输入,env_1_Design/PWM Input/InPort/U_Ch13_PWM_In_Enable,0,0,0,,{0},否
env,average,输入,env_1_Design/PWM Input/InPort/U_Ch13_PWM_In_FIU,0,0,0,,{0},否
env,average,输入,env_1_Design/PWM Input/InPort/U_Ch13_PWM_In_SafetySwitch,0,0,0,,{0},否
env,average,输入,env_1_Design/PWM Input/InPort/U_Ch14_PWM_In_Enable,0,0,0,,{0},否
env,average,输入,env_1_Design/PWM Input/InPort/U_Ch14_PWM_In_FIU,0,0,0,,{0},否
env,average,输入,env_1_Design/PWM Input/InPort/U_Ch14_PWM_In_SafetySwitch,0,0,0,,{0},否
env,average,输入,env_1_Design/PWM Input/InPort/U_Ch15_PWM_In_Enable,0,0,0,,{0},否
env,average,输入,env_1_Design/PWM Input/InPort/U_Ch15_PWM_In_FIU,0,0,0,,{0},否
env,average,输入,env_1_Design/PWM Input/InPort/U_Ch15_PWM_In_SafetySwitch,0,0,0,,{0},否
env,average,输入,env_1_Design/PWM Input/InPort/U_Ch16_PWM_In_Enable,0,0,0,,{0},否
env,average,输入,env_1_Design/PWM Input/InPort/U_Ch16_PWM_In_FIU,0,0,0,,{0},否
env,average,输入,env_1_Design/PWM Input/InPort/U_Ch16_PWM_In_SafetySwitch,0,0,0,,{0},否
env,average,输入,env_1_Design/PWM Input/InPort/U_Ch17_PWM_In_Enable,0,0,0,,{0},否
env,average,输入,env_1_Design/PWM Input/InPort/U_Ch17_PWM_In_FIU,0,0,0,,{0},否
env,average,输入,env_1_Design/PWM Input/InPort/U_Ch17_PWM_In_SafetySwitch,0,0,0,,{0},否
env,average,输入,env_1_Design/PWM Input/InPort/U_Ch18_PWM_In_Enable,0,0,0,,{0},否
env,average,输入,env_1_Design/PWM Input/InPort/U_Ch18_PWM_In_FIU,0,0,0,,{0},否
env,average,输入,env_1_Design/PWM Input/InPort/U_Ch18_PWM_In_SafetySwitch,0,0,0,,{0},否
env,average,输入,env_1_Design/PWM Input/InPort/U_Ch19_PWM_In_Enable,0,0,0,,{0},否
env,average,输入,env_1_Design/PWM Input/InPort/U_Ch19_PWM_In_FIU,0,0,0,,{0},否
env,average,输入,env_1_Design/PWM Input/InPort/U_Ch19_PWM_In_SafetySwitch,0,0,0,,{0},否
env,average,输入,env_1_Design/PWM Input/InPort/U_Ch20_PWM_In_Enable,0,0,0,,{0},否
env,average,输入,env_1_Design/PWM Input/InPort/U_Ch20_PWM_In_FIU,0,0,0,,{0},否
env,average,输入,env_1_Design/PWM Input/InPort/U_Ch20_PWM_In_SafetySwitch,0,0,0,,{0},否
env,average,输入,env_1_Design/PWM Input/InPort/U_Ch21_PWM_In_Enable,0,0,0,,{0},否
env,average,输入,env_1_Design/PWM Input/InPort/U_Ch21_PWM_In_FIU,0,0,0,,{0},否
env,average,输入,env_1_Design/PWM Input/InPort/U_Ch21_PWM_In_SafetySwitch,0,0,0,,{0},否
env,average,输入,env_1_Design/PWM Input/InPort/U_Ch22_PWM_In_Enable,0,0,0,,{0},否
env,average,输入,env_1_Design/PWM Input/InPort/U_Ch22_PWM_In_FIU,0,0,0,,{0},否
env,average,输入,env_1_Design/PWM Input/InPort/U_Ch22_PWM_In_SafetySwitch,0,0,0,,{0},否
env,average,输入,env_1_Design/PWM Input/InPort/U_Ch23_PWM_In_Enable,0,0,0,,{0},否
env,average,输入,env_1_Design/PWM Input/InPort/U_Ch23_PWM_In_FIU,0,0,0,,{0},否
env,average,输入,env_1_Design/PWM Input/InPort/U_Ch23_PWM_In_SafetySwitch,0,0,0,,{0},否
env,average,输入,env_1_Design/PWM Input/InPort/U_Ch24_PWM_In_Enable,0,0,0,,{0},否
env,average,输入,env_1_Design/PWM Input/InPort/U_Ch24_PWM_In_FIU,0,0,0,,{0},否
env,average,输入,env_1_Design/PWM Input/InPort/U_Ch24_PWM_In_SafetySwitch,0,0,0,,{0},否
env,average,输入,env_1_Design/PWM Input/InPort/U_Ch25_PWM_In_Enable,0,0,0,,{0},否
env,average,输入,env_1_Design/PWM Input/InPort/U_Ch25_PWM_In_FIU,0,0,0,,{0},否
env,average,输入,env_1_Design/PWM Input/InPort/U_Ch25_PWM_In_SafetySwitch,0,0,0,,{0},否
env,average,输入,env_1_Design/PWM Input/InPort/U_Ch26_PWM_In_Enable,0,0,0,,{0},否
env,average,输入,env_1_Design/PWM Input/InPort/U_Ch26_PWM_In_FIU,0,0,0,,{0},否
env,average,输入,env_1_Design/PWM Input/InPort/U_Ch26_PWM_In_SafetySwitch,0,0,0,,{0},否
env,average,输入,env_1_Design/PWM Input/InPort/U_Ch27_PWM_In_Enable,0,0,0,,{0},否
env,average,输入,env_1_Design/PWM Input/InPort/U_Ch27_PWM_In_FIU,0,0,0,,{0},否
env,average,输入,env_1_Design/PWM Input/InPort/U_Ch27_PWM_In_SafetySwitch,0,0,0,,{0},否
env,average,输入,env_1_Design/PWM Input/InPort/U_Ch28_PWM_In_Enable,0,0,0,,{0},否
env,average,输入,env_1_Design/PWM Input/InPort/U_Ch28_PWM_In_FIU,0,0,0,,{0},否
env,average,输入,env_1_Design/PWM Input/InPort/U_Ch28_PWM_In_SafetySwitch,0,0,0,,{0},否
env,average,输入,env_1_Design/PWM Input/InPort/U_Ch29_PWM_In_Enable,0,0,0,,{0},否
env,average,输入,env_1_Design/PWM Input/InPort/U_Ch29_PWM_In_FIU,0,0,0,,{0},否
env,average,输入,env_1_Design/PWM Input/InPort/U_Ch29_PWM_In_SafetySwitch,0,0,0,,{0},否
env,average,输入,env_1_Design/PWM Input/InPort/U_Ch30_PWM_In_Enable,0,0,0,,{0},否
env,average,输入,env_1_Design/PWM Input/InPort/U_Ch30_PWM_In_FIU,0,0,0,,{0},否
env,average,输入,env_1_Design/PWM Input/InPort/U_Ch30_PWM_In_SafetySwitch,0,0,0,,{0},否
env,average,输入,env_1_Design/PWM Input/InPort/U_Ch31_PWM_In_Enable,0,0,0,,{0},否
env,average,输入,env_1_Design/PWM Input/InPort/U_Ch31_PWM_In_FIU,0,0,0,,{0},否
env,average,输入,env_1_Design/PWM Input/InPort/U_Ch31_PWM_In_SafetySwitch,0,0,0,,{0},否
env,average,输入,env_1_Design/PWM Input/InPort/U_Ch32_PWM_In_Enable,0,0,0,,{0},否
env,average,输入,env_1_Design/PWM Input/InPort/U_Ch32_PWM_In_FIU,0,0,0,,{0},否
env,average,输入,env_1_Design/PWM Input/InPort/U_Ch32_PWM_In_SafetySwitch,0,0,0,,{0},否
env,average,输入,env_1_Design/PWM Input/InPort/U_Ch33_PWM_In_Enable,0,0,0,,{0},否
env,average,输入,env_1_Design/PWM Input/InPort/U_Ch33_PWM_In_FIU,0,0,0,,{0},否
env,average,输入,env_1_Design/PWM Input/InPort/U_Ch33_PWM_In_SafetySwitch,0,0,0,,{0},否
env,average,输入,env_1_Design/PWM Input/InPort/U_Ch34_PWM_In_Enable,0,0,0,,{0},否
env,average,输入,env_1_Design/PWM Input/InPort/U_Ch34_PWM_In_FIU,0,0,0,,{0},否
env,average,输入,env_1_Design/PWM Input/InPort/U_Ch34_PWM_In_SafetySwitch,0,0,0,,{0},否
env,average,输入,env_1_Design/PWM Input/InPort/U_Ch35_PWM_In_Enable,0,0,0,,{0},否
env,average,输入,env_1_Design/PWM Input/InPort/U_Ch35_PWM_In_FIU,0,0,0,,{0},否
env,average,输入,env_1_Design/PWM Input/InPort/U_Ch35_PWM_In_SafetySwitch,0,0,0,,{0},否
env,average,输入,env_1_Design/PWM Input/InPort/U_Ch36_PWM_In_Enable,0,0,0,,{0},否
env,average,输入,env_1_Design/PWM Input/InPort/U_Ch36_PWM_In_FIU,0,0,0,,{0},否
env,average,输入,env_1_Design/PWM Input/InPort/U_Ch36_PWM_In_SafetySwitch,0,0,0,,{0},否
env,average,输入,env_1_Design/PWM Input/InPort/U_Ch37_PWM_In_Enable,0,0,0,,{0},否
env,average,输入,env_1_Design/PWM Input/InPort/U_Ch37_PWM_In_FIU,0,0,0,,{0},否
env,average,输入,env_1_Design/PWM Input/InPort/U_Ch37_PWM_In_SafetySwitch,0,0,0,,{0},否
env,average,输入,env_1_Design/PWM Input/InPort/U_Ch38_PWM_In_Enable,0,0,0,,{0},否
env,average,输入,env_1_Design/PWM Input/InPort/U_Ch38_PWM_In_FIU,0,0,0,,{0},否
env,average,输入,env_1_Design/PWM Input/InPort/U_Ch38_PWM_In_SafetySwitch,0,0,0,,{0},否
env,average,输入,env_1_Design/PWM Input/InPort/U_Ch39_PWM_In_Enable,0,0,0,,{0},否
env,average,输入,env_1_Design/PWM Input/InPort/U_Ch39_PWM_In_FIU,0,0,0,,{0},否
env,average,输入,env_1_Design/PWM Input/InPort/U_Ch39_PWM_In_SafetySwitch,0,0,0,,{0},否
env,average,输入,env_1_Design/PWM Input/InPort/U_Ch40_PWM_In_Enable,0,0,0,,{0},否
env,average,输入,env_1_Design/PWM Input/InPort/U_Ch40_PWM_In_FIU,0,0,0,,{0},否
env,average,输入,env_1_Design/PWM Input/InPort/U_Ch40_PWM_In_SafetySwitch,0,0,0,,{0},否
env,average,输入,env_1_Design/PWM Input/InPort/U_Ch41_PWM_In_Enable,0,0,0,,{0},否
env,average,输入,env_1_Design/PWM Input/InPort/U_Ch41_PWM_In_FIU,0,0,0,,{0},否
env,average,输入,env_1_Design/PWM Input/InPort/U_Ch41_PWM_In_SafetySwitch,0,0,0,,{0},否
env,average,输入,env_1_Design/PWM Input/InPort/U_Ch42_PWM_In_Enable,0,0,0,,{0},否
env,average,输入,env_1_Design/PWM Input/InPort/U_Ch42_PWM_In_FIU,0,0,0,,{0},否
env,average,输入,env_1_Design/PWM Input/InPort/U_Ch42_PWM_In_SafetySwitch,0,0,0,,{0},否
env,average,输入,env_1_Design/PWM Input/InPort/U_Ch43_PWM_In_Enable,0,0,0,,{0},否
env,average,输入,env_1_Design/PWM Input/InPort/U_Ch43_PWM_In_FIU,0,0,0,,{0},否
env,average,输入,env_1_Design/PWM Input/InPort/U_Ch43_PWM_In_SafetySwitch,0,0,0,,{0},否
env,average,输入,env_1_Design/PWM Input/InPort/U_Ch44_PWM_In_Enable,0,0,0,,{0},否
env,average,输入,env_1_Design/PWM Input/InPort/U_Ch44_PWM_In_FIU,0,0,0,,{0},否
env,average,输入,env_1_Design/PWM Input/InPort/U_Ch44_PWM_In_SafetySwitch,0,0,0,,{0},否
env,average,输入,env_1_Design/PWM Input/InPort/U_Ch45_PWM_In_Enable,0,0,0,,{0},否
env,average,输入,env_1_Design/PWM Input/InPort/U_Ch45_PWM_In_FIU,0,0,0,,{0},否
env,average,输入,env_1_Design/PWM Input/InPort/U_Ch45_PWM_In_SafetySwitch,0,0,0,,{0},否
env,average,输入,env_1_Design/PWM Input/InPort/U_Ch46_PWM_In_Enable,0,0,0,,{0},否
env,average,输入,env_1_Design/PWM Input/InPort/U_Ch46_PWM_In_FIU,0,0,0,,{0},否
env,average,输入,env_1_Design/PWM Input/InPort/U_Ch46_PWM_In_SafetySwitch,0,0,0,,{0},否
env,average,输入,env_1_Design/PWM Input/InPort/U_Ch47_PWM_In_Enable,0,0,0,,{0},否
env,average,输入,env_1_Design/PWM Input/InPort/U_Ch47_PWM_In_FIU,0,0,0,,{0},否
env,average,输入,env_1_Design/PWM Input/InPort/U_Ch47_PWM_In_SafetySwitch,0,0,0,,{0},否
env,average,输入,env_1_Design/PWM Input/InPort/U_Ch48_PWM_In_Enable,0,0,0,,{0},否
env,average,输入,env_1_Design/PWM Input/InPort/U_Ch48_PWM_In_FIU,0,0,0,,{0},否
env,average,输入,env_1_Design/PWM Input/InPort/U_Ch48_PWM_In_SafetySwitch,0,0,0,,{0},否
env,average,输入,env_1_Design/PWM Input/InPort/Model_Disabled,0,0,0,,{0},否
env,average,输入,env_1_Design/PWM Input/InPort/Model_Reset,0,0,0,,{0},否
env,average,输出,env_1_Design/PWM Input/OutPort/Y_Ch1_PWM_In_Frequency,0,0,0,,{0},否
env,average,输出,env_1_Design/PWM Input/OutPort/Y_Ch1_PWM_In_Period,0,0,0,,{0},否
env,average,输出,env_1_Design/PWM Input/OutPort/Y_Ch1_PWM_In_Duty_Ratio,0,0,0,,{0},否
env,average,输出,env_1_Design/PWM Input/OutPort/Y_Ch1_PWM_In_Amplitude,0,0,0,,{0},否
env,average,输出,env_1_Design/PWM Input/OutPort/Y_Ch1_Support_Features,0,0,0,,{0},否
env,average,输出,env_1_Design/PWM Input/OutPort/Y_Ch1.Valid,0,0,0,,{0},否
env,average,输出,env_1_Design/PWM Input/OutPort/Y_Ch2_PWM_In_Frequency,0,0,0,,{0},否
env,average,输出,env_1_Design/PWM Input/OutPort/Y_Ch2_PWM_In_Period,0,0,0,,{0},否
env,average,输出,env_1_Design/PWM Input/OutPort/Y_Ch2_PWM_In_Duty_Ratio,0,0,0,,{0},否
env,average,输出,env_1_Design/PWM Input/OutPort/Y_Ch2_PWM_In_Amplitude,0,0,0,,{0},否
env,average,输出,env_1_Design/PWM Input/OutPort/Y_Ch2_Support_Features,0,0,0,,{0},否
env,average,输出,env_1_Design/PWM Input/OutPort/Y_Ch2.Valid,0,0,0,,{0},否
env,average,输出,env_1_Design/PWM Input/OutPort/Y_Ch3_PWM_In_Frequency,0,0,0,,{0},否
env,average,输出,env_1_Design/PWM Input/OutPort/Y_Ch3_PWM_In_Period,0,0,0,,{0},否
env,average,输出,env_1_Design/PWM Input/OutPort/Y_Ch3_PWM_In_Duty_Ratio,0,0,0,,{0},否
env,average,输出,env_1_Design/PWM Input/OutPort/Y_Ch3_PWM_In_Amplitude,0,0,0,,{0},否
env,average,输出,env_1_Design/PWM Input/OutPort/Y_Ch3_Support_Features,0,0,0,,{0},否
env,average,输出,env_1_Design/PWM Input/OutPort/Y_Ch3.Valid,0,0,0,,{0},否
env,average,输出,env_1_Design/PWM Input/OutPort/Y_Ch4_PWM_In_Frequency,0,0,0,,{0},否
env,average,输出,env_1_Design/PWM Input/OutPort/Y_Ch4_PWM_In_Period,0,0,0,,{0},否
env,average,输出,env_1_Design/PWM Input/OutPort/Y_Ch4_PWM_In_Duty_Ratio,0,0,0,,{0},否
env,average,输出,env_1_Design/PWM Input/OutPort/Y_Ch4_PWM_In_Amplitude,0,0,0,,{0},否
env,average,输出,env_1_Design/PWM Input/OutPort/Y_Ch4_Support_Features,0,0,0,,{0},否
env,average,输出,env_1_Design/PWM Input/OutPort/Y_Ch4.Valid,0,0,0,,{0},否
env,average,输出,env_1_Design/PWM Input/OutPort/Y_Ch5_PWM_In_Frequency,0,0,0,,{0},否
env,average,输出,env_1_Design/PWM Input/OutPort/Y_Ch5_PWM_In_Period,0,0,0,,{0},否
env,average,输出,env_1_Design/PWM Input/OutPort/Y_Ch5_PWM_In_Duty_Ratio,0,0,0,,{0},否
env,average,输出,env_1_Design/PWM Input/OutPort/Y_Ch5_PWM_In_Amplitude,0,0,0,,{0},否
env,average,输出,env_1_Design/PWM Input/OutPort/Y_Ch5_Support_Features,0,0,0,,{0},否
env,average,输出,env_1_Design/PWM Input/OutPort/Y_Ch5.Valid,0,0,0,,{0},否
env,average,输出,env_1_Design/PWM Input/OutPort/Y_Ch6_PWM_In_Frequency,0,0,0,,{0},否
env,average,输出,env_1_Design/PWM Input/OutPort/Y_Ch6_PWM_In_Period,0,0,0,,{0},否
env,average,输出,env_1_Design/PWM Input/OutPort/Y_Ch6_PWM_In_Duty_Ratio,0,0,0,,{0},否
env,average,输出,env_1_Design/PWM Input/OutPort/Y_Ch6_PWM_In_Amplitude,0,0,0,,{0},否
env,average,输出,env_1_Design/PWM Input/OutPort/Y_Ch6_Support_Features,0,0,0,,{0},否
env,average,输出,env_1_Design/PWM Input/OutPort/Y_Ch6.Valid,0,0,0,,{0},否
env,average,输出,env_1_Design/PWM Input/OutPort/Y_Ch7_PWM_In_Frequency,0,0,0,,{0},否
env,average,输出,env_1_Design/PWM Input/OutPort/Y_Ch7_PWM_In_Period,0,0,0,,{0},否
env,average,输出,env_1_Design/PWM Input/OutPort/Y_Ch7_PWM_In_Duty_Ratio,0,0,0,,{0},否
env,average,输出,env_1_Design/PWM Input/OutPort/Y_Ch7_PWM_In_Amplitude,0,0,0,,{0},否
env,average,输出,env_1_Design/PWM Input/OutPort/Y_Ch7_Support_Features,0,0,0,,{0},否
env,average,输出,env_1_Design/PWM Input/OutPort/Y_Ch7.Valid,0,0,0,,{0},否
env,average,输出,env_1_Design/PWM Input/OutPort/Y_Ch8_PWM_In_Frequency,0,0,0,,{0},否
env,average,输出,env_1_Design/CAN/OutPort/CAN_CH2.Statistic.Receive.Y_CAN_Ch2_TotalRxStdFramesCnt,35402,90086,651,"1.973, 2.173, 2.373, 2.573, 2.773, 2.973, 3.173, 3.373, 3.573, 3.773 …",min=35402; max=90086; distinct=652,否
env,average,输出,env_1_Design/CAN/OutPort/CAN_CH2.Statistic.Receive.Y_CAN_Ch2_RxStdFramesCnt,420,448,116,"2.173, 3.173, 4.173, 5.173, 6.373, 8.373, 9.373, 10.373, 11.373, 12.573 …",min=420; max=448; distinct=20,否
env,average,输出,env_1_Design/CAN/OutPort/CAN_CH2.Statistic.Receive.Y_CAN_Ch2_TotalRxExtFramesCnt,0,0,0,,{0},否
env,average,输出,env_1_Design/CAN/OutPort/CAN_CH2.Statistic.Receive.Y_CAN_Ch2_RxExtFramesCnt,0,0,0,,{0},否
env,average,输出,env_1_Design/CAN/OutPort/CAN_CH2.Statistic.Receive.Y_CAN_Ch2_TotalRxStdRemoteFramesCnt,0,0,0,,{0},否
env,average,输出,env_1_Design/CAN/OutPort/CAN_CH2.Statistic.Receive.Y_CAN_Ch2_RxStdRemoteFramesCnt,0,0,0,,{0},否
env,average,输出,env_1_Design/CAN/OutPort/CAN_CH2.Statistic.Receive.Y_CAN_Ch2_TotalRxExtRemoteFramesCnt,0,0,0,,{0},否
env,average,输出,env_1_Design/CAN/OutPort/CAN_CH2.Statistic.Receive.Y_CAN_Ch2_RxExtRemoteFramesCnt,0,0,0,,{0},否
env,average,输出,env_1_Design/CAN/OutPort/CAN_CH2.Statistic.ErrorFrame.Y_CAN_Ch2_TotalTxErrorsCnt,0,0,0,,{0},否
env,average,输出,env_1_Design/CAN/OutPort/CAN_CH2.Statistic.ErrorFrame.Y_CAN_Ch2_TotalRxErrorsCnt,0,0,0,,{0},否
env,average,输出,env_1_Design/CAN/OutPort/CAN_CH2.Statistic.ErrorFrame.Y_CAN_Ch2_TotalErrorsCnt,0,0,0,,{0},否
env,average,输出,env_1_Design/CAN/OutPort/CAN_CH2.Statistic.ErrorFrame.Y_CAN_Ch2_TxErrorsCnt,0,0,0,,{0},否
env,average,输出,env_1_Design/CAN/OutPort/CAN_CH2.Statistic.ErrorFrame.Y_CAN_Ch2_RxErrorsCnt,0,0,0,,{0},否
env,average,输出,env_1_Design/CAN/OutPort/CAN_CH2.Statistic.ErrorFrame.Y_CAN_Ch2_ErrorsCnt,0,0,0,,{0},否
env,average,输出,env_1_Design/CAN/OutPort/CAN_CH2.Statistic.ErrorFrame.Y_CAN_Ch2_TotalNackErrorsCnt,0,0,0,,{0},否
env,average,输出,env_1_Design/CAN/OutPort/CAN_CH2.Statistic.ErrorFrame.Y_CAN_Ch2_TotalSufferErrorsCnt,0,0,0,,{0},否
env,average,输出,env_1_Design/CAN/OutPort/CAN_CH2.Statistic.ErrorFrame.Y_CAN_Ch2_TotalBit0ErrorsCnt,0,0,0,,{0},否
env,average,输出,env_1_Design/CAN/OutPort/CAN_CH2.Statistic.ErrorFrame.Y_CAN_Ch2_TotalBit1ErrorsCnt,0,0,0,,{0},否
env,average,输出,env_1_Design/CAN/OutPort/CAN_CH2.Statistic.ErrorFrame.Y_CAN_Ch2_TotalCrcErrorsCnt,0,0,0,,{0},否
env,average,输出,env_1_Design/CAN/OutPort/CAN_CH2.Statistic.ErrorFrame.Y_CAN_Ch2_TotalFormErrorsCnt,0,0,0,,{0},否
env,average,输出,env_1_Design/CAN/OutPort/CAN_CH2.Statistic.ErrorFrame.Y_CAN_Ch2_NackErrorsCnt,0,0,0,,{0},否
env,average,输出,env_1_Design/CAN/OutPort/CAN_CH2.Statistic.ErrorFrame.Y_CAN_Ch2_SufferErrorsCnt,0,0,0,,{0},否
env,average,输出,env_1_Design/CAN/OutPort/CAN_CH2.Statistic.ErrorFrame.Y_CAN_Ch2_Bit0ErrorsCnt,0,0,0,,{0},否
env,average,输出,env_1_Design/CAN/OutPort/CAN_CH2.Statistic.ErrorFrame.Y_CAN_Ch2_Bit1ErrorsCnt,0,0,0,,{0},否
env,average,输出,env_1_Design/CAN/OutPort/CAN_CH2.Statistic.ErrorFrame.Y_CAN_Ch2_CrcErrorsCnt,0,0,0,,{0},否
env,average,输出,env_1_Design/CAN/OutPort/CAN_CH2.Statistic.ErrorFrame.Y_CAN_Ch2_FormErrorsCnt,0,0,0,,{0},否
env,average,输出,env_1_Design/CAN/OutPort/CAN_CH2.Statistic.AllFrame.Y_CAN_Ch2_TotalFramesCnt,40433,102933,651,"1.973, 2.173, 2.373, 2.573, 2.773, 2.973, 3.173, 3.373, 3.573, 3.773 …",min=40433; max=102933; distinct=652,否
env,average,输出,env_1_Design/CAN/OutPort/CAN_CH2.Statistic.AllFrame.Y_CAN_Ch2_FramesCnt,480,508,124,"2.173, 3.173, 4.173, 5.173, 6.373, 7.373, 8.373, 9.373, 10.373, 11.373 …",min=480; max=508; distinct=24,否
env,average,输出,env_1_Design/CAN/OutPort/CAN_CH2.Statistic.AllFrame.Y_CAN_Ch2_TotalStdFramesCnt,40454,102950,651,"1.973, 2.173, 2.373, 2.573, 2.773, 2.973, 3.173, 3.373, 3.573, 3.773 …",min=40454; max=102950; distinct=652,否
env,average,输出,env_1_Design/CAN/OutPort/CAN_CH2.Statistic.AllFrame.Y_CAN_Ch2_StdFramesCnt,480,508,124,"2.173, 3.173, 4.173, 5.173, 6.373, 7.373, 8.373, 9.373, 10.373, 11.373 …",min=480; max=508; distinct=19,否
env,average,输出,env_1_Design/CAN/OutPort/CAN_CH2.Statistic.AllFrame.Y_CAN_Ch2_TotalExtFramesCnt,0,0,0,,{0},否
env,average,输出,env_1_Design/CAN/OutPort/CAN_CH2.Statistic.AllFrame.Y_CAN_Ch2_ExtFramesCnt,0,0,0,,{0},否
env,average,输出,env_1_Design/CAN/OutPort/CAN_CH2.Statistic.AllFrame.Y_CAN_Ch2_TotalStdRemoteFramesCnt,0,0,0,,{0},否
env,average,输出,env_1_Design/CAN/OutPort/CAN_CH2.Statistic.AllFrame.Y_CAN_Ch2_StdRemoteFramesCnt,0,0,0,,{0},否
env,average,输出,env_1_Design/CAN/OutPort/CAN_CH2.Statistic.AllFrame.Y_CAN_Ch2_TotalExtRemoteFramesCnt,0,0,0,,{0},否
env,average,输出,env_1_Design/CAN/OutPort/CAN_CH2.Statistic.AllFrame.Y_CAN_Ch2_ExtRemoteFramesCnt,0,0,0,,{0},否
env,average,输出,env_1_Design/CAN/OutPort/CAN_CH2.Statistic.Y_CAN_Ch2_BurstTime,0,0,0,,{0},否
env,average,输出,env_1_Design/CAN/OutPort/CAN_CH2.Valid,0,0,0,,{0},否
env,average,输出,env_1_Design/CAN/OutPort/CAN_CH2.Background_Traffic.Valid,0,0,0,,{0},否
env,average,输出,env_1_Design/CAN/OutPort/CAN_CH2.Sample_Point_Test.Result,0,0,0,,{0},否
env,average,输出,env_1_Design/CAN/OutPort/CAN_CH2.Sample_Point_Test.Arbitration_Phase.Measeure_Sample_Ponit,0,0,0,,{0},否
env,average,输出,env_1_Design/CAN/OutPort/CAN_CH2.Sample_Point_Test.Data_Phase.Measeure_Sample_Ponit,0,0,0,,{0},否
env,average,输出,env_1_Design/CAN/OutPort/CAN_CH2.Sample_Point_Test.Valid,0,0,0,,{0},否
env,average,输出,env_1_Design/CAN/OutPort/CAN_CH2.Error_Inject.Valid,0,0,0,,{0},否
env,average,输出,env_1_Design/CAN/OutPort/CAN_CH2.Custom_Sequence.Valid,0,0,0,,{0},否
env,average,输出,env_1_Design/CAN/OutPort/CAN_CH3.Config.Y_CAN_Ch3_Mode,2,2,0,,{2},否
env,average,输出,env_1_Design/CAN/OutPort/CAN_CH3.Config.Y_CAN_Ch3_Bitrate,500000,500000,0,,{500000},否
env,average,输出,env_1_Design/CAN/OutPort/CAN_CH3.Config.Y_CAN_Ch3_SamplePoint,0.75,0.75,0,,{0.75},否
env,average,输出,env_1_Design/CAN/OutPort/CAN_CH3.Config.Y_CAN_Ch3_DataBitrate,2e+06,2e+06,0,,{2e+06},否
env,average,输出,env_1_Design/CAN/OutPort/CAN_CH3.Config.Y_CAN_Ch3_DataSamplePoint,0.75,0.75,0,,{0.75},否
env,average,输出,env_1_Design/CAN/OutPort/CAN_CH3.Statistic.Y_CAN_Ch3_Busload,0,0,0,,{0},否
env,average,输出,env_1_Design/CAN/OutPort/CAN_CH3.Statistic.Chip State.Y_CAN_Ch3_ChipState,1,1,0,,{1},否
env,average,输出,env_1_Design/CAN/OutPort/CAN_CH3.Statistic.Chip State.Y_CAN_Ch3_TransmitErrorCount,0,0,0,,{0},否
env,average,输出,env_1_Design/CAN/OutPort/CAN_CH3.Statistic.Chip State.Y_CAN_Ch3_ReceiveErrorCount,0,0,0,,{0},否
env,average,输出,env_1_Design/CAN/OutPort/CAN_CH3.Statistic.Transmit.Y_CAN_Ch3_TotalTxFramesCnt,0,0,0,,{0},否
env,average,输出,env_1_Design/CAN/OutPort/CAN_CH3.Statistic.Transmit.Y_CAN_Ch3_TxFramesCnt,0,0,0,,{0},否
env,average,输出,env_1_Design/CAN/OutPort/CAN_CH3.Statistic.Transmit.Y_CAN_Ch3_TotalTxStdFramesCnt,0,0,0,,{0},否
env,average,输出,env_1_Design/CAN/OutPort/CAN_CH3.Statistic.Transmit.Y_CAN_Ch3_TxStdFramesCnt,0,0,0,,{0},否
env,average,输出,env_1_Design/CAN/OutPort/CAN_CH3.Statistic.Transmit.Y_CAN_Ch3_TotalTxExtFramesCnt,0,0,0,,{0},否
env,average,输出,env_1_Design/CAN/OutPort/CAN_CH3.Statistic.Transmit.Y_CAN_Ch3_TxExtFramesCnt,0,0,0,,{0},否
env,average,输出,env_1_Design/CAN/OutPort/CAN_CH3.Statistic.Transmit.Y_CAN_Ch3_TotalTxStdRemoteFramesCnt,0,0,0,,{0},否
env,average,输出,env_1_Design/CAN/OutPort/CAN_CH3.Statistic.Transmit.Y_CAN_Ch3_TxStdRemoteFramesCnt,0,0,0,,{0},否
env,average,输出,env_1_Design/CAN/OutPort/CAN_CH3.Statistic.Transmit.Y_CAN_Ch3_TotalTxExtRemoteFramesCnt,0,0,0,,{0},否
env,average,输出,env_1_Design/CAN/OutPort/CAN_CH3.Statistic.Transmit.Y_CAN_Ch3_TxExtRemoteFramesCnt,0,0,0,,{0},否
env,average,输出,env_1_Design/CAN/OutPort/CAN_CH3.Statistic.Receive.Y_CAN_Ch3_TotalRxFramesCnt,0,0,0,,{0},否
env,average,输出,env_1_Design/CAN/OutPort/CAN_CH3.Statistic.Receive.Y_CAN_Ch3_RxFramesCnt,0,0,0,,{0},否
env,average,输出,env_1_Design/CAN/OutPort/CAN_CH3.Statistic.Receive.Y_CAN_Ch3_TotalRxStdFramesCnt,0,0,0,,{0},否
env,average,输出,env_1_Design/CAN/OutPort/CAN_CH3.Statistic.Receive.Y_CAN_Ch3_RxStdFramesCnt,0,0,0,,{0},否
env,average,输出,env_1_Design/CAN/OutPort/CAN_CH3.Statistic.Receive.Y_CAN_Ch3_TotalRxExtFramesCnt,0,0,0,,{0},否
env,average,输出,env_1_Design/CAN/OutPort/CAN_CH3.Statistic.Receive.Y_CAN_Ch3_RxExtFramesCnt,0,0,0,,{0},否
env,average,输出,env_1_Design/CAN/OutPort/CAN_CH3.Statistic.Receive.Y_CAN_Ch3_TotalRxStdRemoteFramesCnt,0,0,0,,{0},否
env,average,输出,env_1_Design/CAN/OutPort/CAN_CH3.Statistic.Receive.Y_CAN_Ch3_RxStdRemoteFramesCnt,0,0,0,,{0},否
env,average,输出,env_1_Design/CAN/OutPort/CAN_CH3.Statistic.Receive.Y_CAN_Ch3_TotalRxExtRemoteFramesCnt,0,0,0,,{0},否
env,average,输出,env_1_Design/CAN/OutPort/CAN_CH3.Statistic.Receive.Y_CAN_Ch3_RxExtRemoteFramesCnt,0,0,0,,{0},否
env,average,输出,env_1_Design/CAN/OutPort/CAN_CH3.Statistic.ErrorFrame.Y_CAN_Ch3_TotalTxErrorsCnt,0,0,0,,{0},否
env,average,输出,env_1_Design/CAN/OutPort/CAN_CH3.Statistic.ErrorFrame.Y_CAN_Ch3_TotalRxErrorsCnt,0,0,0,,{0},否
env,average,输出,env_1_Design/CAN/OutPort/CAN_CH3.Statistic.ErrorFrame.Y_CAN_Ch3_TotalErrorsCnt,0,0,0,,{0},否
env,average,输出,env_1_Design/CAN/OutPort/CAN_CH3.Statistic.ErrorFrame.Y_CAN_Ch3_TxErrorsCnt,0,0,0,,{0},否
env,average,输出,env_1_Design/CAN/OutPort/CAN_CH3.Statistic.ErrorFrame.Y_CAN_Ch3_RxErrorsCnt,0,0,0,,{0},否
env,average,输出,env_1_Design/CAN/OutPort/CAN_CH3.Statistic.ErrorFrame.Y_CAN_Ch3_ErrorsCnt,0,0,0,,{0},否
env,average,输出,env_1_Design/CAN/OutPort/CAN_CH3.Statistic.ErrorFrame.Y_CAN_Ch3_TotalNackErrorsCnt,0,0,0,,{0},否
env,average,输出,env_1_Design/CAN/OutPort/CAN_CH3.Statistic.ErrorFrame.Y_CAN_Ch3_TotalSufferErrorsCnt,0,0,0,,{0},否
env,average,输出,env_1_Design/CAN/OutPort/CAN_CH3.Statistic.ErrorFrame.Y_CAN_Ch3_TotalBit0ErrorsCnt,0,0,0,,{0},否
env,average,输出,env_1_Design/CAN/OutPort/CAN_CH3.Statistic.ErrorFrame.Y_CAN_Ch3_TotalBit1ErrorsCnt,0,0,0,,{0},否
env,average,输出,env_1_Design/CAN/OutPort/CAN_CH3.Statistic.ErrorFrame.Y_CAN_Ch3_TotalCrcErrorsCnt,0,0,0,,{0},否
env,average,输出,env_1_Design/CAN/OutPort/CAN_CH3.Statistic.ErrorFrame.Y_CAN_Ch3_TotalFormErrorsCnt,0,0,0,,{0},否
env,average,输出,env_1_Design/CAN/OutPort/CAN_CH3.Statistic.ErrorFrame.Y_CAN_Ch3_NackErrorsCnt,0,0,0,,{0},否
env,average,输出,env_1_Design/CAN/OutPort/CAN_CH3.Statistic.ErrorFrame.Y_CAN_Ch3_SufferErrorsCnt,0,0,0,,{0},否
env,average,输出,env_1_Design/CAN/OutPort/CAN_CH3.Statistic.ErrorFrame.Y_CAN_Ch3_Bit0ErrorsCnt,0,0,0,,{0},否
env,average,输出,env_1_Design/CAN/OutPort/CAN_CH3.Statistic.ErrorFrame.Y_CAN_Ch3_Bit1ErrorsCnt,0,0,0,,{0},否
env,average,输出,env_1_Design/CAN/OutPort/CAN_CH3.Statistic.ErrorFrame.Y_CAN_Ch3_CrcErrorsCnt,0,0,0,,{0},否
env,average,输出,env_1_Design/CAN/OutPort/CAN_CH3.Statistic.ErrorFrame.Y_CAN_Ch3_FormErrorsCnt,0,0,0,,{0},否
env,average,输出,env_1_Design/CAN/OutPort/CAN_CH3.Statistic.AllFrame.Y_CAN_Ch3_TotalFramesCnt,0,0,0,,{0},否
env,average,输出,env_1_Design/CAN/OutPort/CAN_CH3.Statistic.AllFrame.Y_CAN_Ch3_FramesCnt,0,0,0,,{0},否
env,average,输出,env_1_Design/CAN/OutPort/CAN_CH3.Statistic.AllFrame.Y_CAN_Ch3_TotalStdFramesCnt,0,0,0,,{0},否
env,average,输出,env_1_Design/CAN/OutPort/CAN_CH3.Statistic.AllFrame.Y_CAN_Ch3_StdFramesCnt,0,0,0,,{0},否
env,average,输出,env_1_Design/CAN/OutPort/CAN_CH3.Statistic.AllFrame.Y_CAN_Ch3_TotalExtFramesCnt,0,0,0,,{0},否
env,average,输出,env_1_Design/CAN/OutPort/CAN_CH3.Statistic.AllFrame.Y_CAN_Ch3_ExtFramesCnt,0,0,0,,{0},否
env,average,输出,env_1_Design/CAN/OutPort/CAN_CH3.Statistic.AllFrame.Y_CAN_Ch3_TotalStdRemoteFramesCnt,0,0,0,,{0},否
env,average,输出,env_1_Design/CAN/OutPort/CAN_CH3.Statistic.AllFrame.Y_CAN_Ch3_StdRemoteFramesCnt,0,0,0,,{0},否
env,average,输出,env_1_Design/CAN/OutPort/CAN_CH3.Statistic.AllFrame.Y_CAN_Ch3_TotalExtRemoteFramesCnt,0,0,0,,{0},否
env,average,输出,env_1_Design/CAN/OutPort/CAN_CH3.Statistic.AllFrame.Y_CAN_Ch3_ExtRemoteFramesCnt,0,0,0,,{0},否
env,average,输出,env_1_Design/CAN/OutPort/CAN_CH3.Statistic.Y_CAN_Ch3_BurstTime,0,0,0,,{0},否
env,average,输出,env_1_Design/CAN/OutPort/CAN_CH3.Valid,0,0,0,,{0},否
env,average,输出,env_1_Design/CAN/OutPort/CAN_CH3.Background_Traffic.Valid,0,0,0,,{0},否
env,average,输出,env_1_Design/CAN/OutPort/CAN_CH3.Sample_Point_Test.Result,0,0,0,,{0},否
env,average,输出,env_1_Design/CAN/OutPort/CAN_CH3.Sample_Point_Test.Arbitration_Phase.Measeure_Sample_Ponit,0,0,0,,{0},否
env,average,输出,env_1_Design/CAN/OutPort/CAN_CH3.Sample_Point_Test.Data_Phase.Measeure_Sample_Ponit,0,0,0,,{0},否
env,average,输出,env_1_Design/CAN/OutPort/CAN_CH3.Sample_Point_Test.Valid,0,0,0,,{0},否
env,average,输出,env_1_Design/CAN/OutPort/CAN_CH3.Error_Inject.Valid,0,0,0,,{0},否
env,average,输出,env_1_Design/CAN/OutPort/CAN_CH3.Custom_Sequence.Valid,0,0,0,,{0},否
env,average,输出,env_1_Design/CAN/OutPort/CAN_CH4.Config.Y_CAN_Ch4_Mode,2,2,0,,{2},否
env,average,输出,env_1_Design/CAN/OutPort/CAN_CH4.Config.Y_CAN_Ch4_Bitrate,500000,500000,0,,{500000},否
env,average,输出,env_1_Design/CAN/OutPort/CAN_CH4.Config.Y_CAN_Ch4_SamplePoint,0.75,0.75,0,,{0.75},否
env,average,输出,env_1_Design/CAN/OutPort/CAN_CH4.Config.Y_CAN_Ch4_DataBitrate,2e+06,2e+06,0,,{2e+06},否
env,average,输出,env_1_Design/CAN/OutPort/CAN_CH4.Config.Y_CAN_Ch4_DataSamplePoint,0.75,0.75,0,,{0.75},否
env,average,输出,env_1_Design/CAN/OutPort/CAN_CH4.Statistic.Y_CAN_Ch4_Busload,0,0,0,,{0},否
env,average,输出,env_1_Design/CAN/OutPort/CAN_CH4.Statistic.Chip State.Y_CAN_Ch4_ChipState,1,1,0,,{1},否
env,average,输出,env_1_Design/CAN/OutPort/CAN_CH4.Statistic.Chip State.Y_CAN_Ch4_TransmitErrorCount,0,0,0,,{0},否
env,average,输出,env_1_Design/CAN/OutPort/CAN_CH4.Statistic.Chip State.Y_CAN_Ch4_ReceiveErrorCount,0,0,0,,{0},否
env,average,输出,env_1_Design/CAN/OutPort/CAN_CH4.Statistic.Transmit.Y_CAN_Ch4_TotalTxFramesCnt,0,0,0,,{0},否
env,average,输出,env_1_Design/CAN/OutPort/CAN_CH4.Statistic.Transmit.Y_CAN_Ch4_TxFramesCnt,0,0,0,,{0},否
env,average,输出,env_1_Design/CAN/OutPort/CAN_CH4.Statistic.Transmit.Y_CAN_Ch4_TotalTxStdFramesCnt,0,0,0,,{0},否
env,average,输出,env_1_Design/CAN/OutPort/CAN_CH4.Statistic.Transmit.Y_CAN_Ch4_TxStdFramesCnt,0,0,0,,{0},否
env,average,输出,env_1_Design/CAN/OutPort/CAN_CH4.Statistic.Transmit.Y_CAN_Ch4_TotalTxExtFramesCnt,0,0,0,,{0},否
env,average,输出,env_1_Design/CAN/OutPort/CAN_CH4.Statistic.Transmit.Y_CAN_Ch4_TxExtFramesCnt,0,0,0,,{0},否
env,average,输出,env_1_Design/CAN/OutPort/CAN_CH4.Statistic.Transmit.Y_CAN_Ch4_TotalTxStdRemoteFramesCnt,0,0,0,,{0},否
env,average,输出,env_1_Design/CAN/OutPort/CAN_CH4.Statistic.Transmit.Y_CAN_Ch4_TxStdRemoteFramesCnt,0,0,0,,{0},否
env,average,输出,env_1_Design/CAN/OutPort/CAN_CH4.Statistic.Transmit.Y_CAN_Ch4_TotalTxExtRemoteFramesCnt,0,0,0,,{0},否
env,average,输出,env_1_Design/CAN/OutPort/CAN_CH4.Statistic.Transmit.Y_CAN_Ch4_TxExtRemoteFramesCnt,0,0,0,,{0},否
env,average,输出,env_1_Design/CAN/OutPort/CAN_CH4.Statistic.Receive.Y_CAN_Ch4_TotalRxFramesCnt,0,0,0,,{0},否
env,average,输出,env_1_Design/CAN/OutPort/CAN_CH4.Statistic.Receive.Y_CAN_Ch4_RxFramesCnt,0,0,0,,{0},否
env,average,输出,env_1_Design/CAN/OutPort/CAN_CH4.Statistic.Receive.Y_CAN_Ch4_TotalRxStdFramesCnt,0,0,0,,{0},否
env,average,输出,env_1_Design/CAN/OutPort/CAN_CH4.Statistic.Receive.Y_CAN_Ch4_RxStdFramesCnt,0,0,0,,{0},否
env,average,输出,env_1_Design/CAN/OutPort/CAN_CH4.Statistic.Receive.Y_CAN_Ch4_TotalRxExtFramesCnt,0,0,0,,{0},否
env,average,输出,env_1_Design/CAN/OutPort/CAN_CH4.Statistic.Receive.Y_CAN_Ch4_RxExtFramesCnt,0,0,0,,{0},否
env,average,输出,env_1_Design/CAN/OutPort/CAN_CH4.Statistic.Receive.Y_CAN_Ch4_TotalRxStdRemoteFramesCnt,0,0,0,,{0},否
env,average,输出,env_1_Design/CAN/OutPort/CAN_CH4.Statistic.Receive.Y_CAN_Ch4_RxStdRemoteFramesCnt,0,0,0,,{0},否
env,average,输出,env_1_Design/CAN/OutPort/CAN_CH4.Statistic.Receive.Y_CAN_Ch4_TotalRxExtRemoteFramesCnt,0,0,0,,{0},否
env,average,输出,env_1_Design/CAN/OutPort/CAN_CH4.Statistic.Receive.Y_CAN_Ch4_RxExtRemoteFramesCnt,0,0,0,,{0},否
env,average,输出,env_1_Design/CAN/OutPort/CAN_CH4.Statistic.ErrorFrame.Y_CAN_Ch4_TotalTxErrorsCnt,0,0,0,,{0},否
env,average,输出,env_1_Design/CAN/OutPort/CAN_CH4.Statistic.ErrorFrame.Y_CAN_Ch4_TotalRxErrorsCnt,0,0,0,,{0},否
env,average,输出,env_1_Design/CAN/OutPort/CAN_CH4.Statistic.ErrorFrame.Y_CAN_Ch4_TotalErrorsCnt,0,0,0,,{0},否
env,average,输出,env_1_Design/CAN/OutPort/CAN_CH4.Statistic.ErrorFrame.Y_CAN_Ch4_TxErrorsCnt,0,0,0,,{0},否
env,average,输出,env_1_Design/CAN/OutPort/CAN_CH4.Statistic.ErrorFrame.Y_CAN_Ch4_RxErrorsCnt,0,0,0,,{0},否
env,average,输出,env_1_Design/CAN/OutPort/CAN_CH4.Statistic.ErrorFrame.Y_CAN_Ch4_ErrorsCnt,0,0,0,,{0},否
env,average,输出,env_1_Design/CAN/OutPort/CAN_CH4.Statistic.ErrorFrame.Y_CAN_Ch4_TotalNackErrorsCnt,0,0,0,,{0},否
env,average,输出,env_1_Design/CAN/OutPort/CAN_CH4.Statistic.ErrorFrame.Y_CAN_Ch4_TotalSufferErrorsCnt,0,0,0,,{0},否
env,average,输出,env_1_Design/CAN/OutPort/CAN_CH4.Statistic.ErrorFrame.Y_CAN_Ch4_TotalBit0ErrorsCnt,0,0,0,,{0},否
env,average,输出,env_1_Design/CAN/OutPort/CAN_CH4.Statistic.ErrorFrame.Y_CAN_Ch4_TotalBit1ErrorsCnt,0,0,0,,{0},否
env,average,输出,env_1_Design/CAN/OutPort/CAN_CH4.Statistic.ErrorFrame.Y_CAN_Ch4_TotalCrcErrorsCnt,0,0,0,,{0},否
env,average,输出,env_1_Design/CAN/OutPort/CAN_CH4.Statistic.ErrorFrame.Y_CAN_Ch4_TotalFormErrorsCnt,0,0,0,,{0},否
env,average,输出,env_1_Design/CAN/OutPort/CAN_CH4.Statistic.ErrorFrame.Y_CAN_Ch4_NackErrorsCnt,0,0,0,,{0},否
env,average,输出,env_1_Design/CAN/OutPort/CAN_CH4.Statistic.ErrorFrame.Y_CAN_Ch4_SufferErrorsCnt,0,0,0,,{0},否
env,average,输出,env_1_Design/CAN/OutPort/CAN_CH4.Statistic.ErrorFrame.Y_CAN_Ch4_Bit0ErrorsCnt,0,0,0,,{0},否
env,average,输出,env_1_Design/CAN/OutPort/CAN_CH4.Statistic.ErrorFrame.Y_CAN_Ch4_Bit1ErrorsCnt,0,0,0,,{0},否
env,average,输出,env_1_Design/CAN/OutPort/CAN_CH4.Statistic.ErrorFrame.Y_CAN_Ch4_CrcErrorsCnt,0,0,0,,{0},否
env,average,输出,env_1_Design/CAN/OutPort/CAN_CH4.Statistic.ErrorFrame.Y_CAN_Ch4_FormErrorsCnt,0,0,0,,{0},否
env,average,输出,env_1_Design/CAN/OutPort/CAN_CH4.Statistic.AllFrame.Y_CAN_Ch4_TotalFramesCnt,0,0,0,,{0},否
env,average,输出,env_1_Design/CAN/OutPort/CAN_CH4.Statistic.AllFrame.Y_CAN_Ch4_FramesCnt,0,0,0,,{0},否
env,average,输出,env_1_Design/CAN/OutPort/CAN_CH4.Statistic.AllFrame.Y_CAN_Ch4_TotalStdFramesCnt,0,0,0,,{0},否
env,average,输出,env_1_Design/CAN/OutPort/CAN_CH4.Statistic.AllFrame.Y_CAN_Ch4_StdFramesCnt,0,0,0,,{0},否
env,average,输出,env_1_Design/CAN/OutPort/CAN_CH4.Statistic.AllFrame.Y_CAN_Ch4_TotalExtFramesCnt,0,0,0,,{0},否
env,average,输出,env_1_Design/CAN/OutPort/CAN_CH4.Statistic.AllFrame.Y_CAN_Ch4_ExtFramesCnt,0,0,0,,{0},否
env,average,输出,env_1_Design/CAN/OutPort/CAN_CH4.Statistic.AllFrame.Y_CAN_Ch4_TotalStdRemoteFramesCnt,0,0,0,,{0},否
env,average,输出,env_1_Design/CAN/OutPort/CAN_CH4.Statistic.AllFrame.Y_CAN_Ch4_StdRemoteFramesCnt,0,0,0,,{0},否
env,average,输出,env_1_Design/CAN/OutPort/CAN_CH4.Statistic.AllFrame.Y_CAN_Ch4_TotalExtRemoteFramesCnt,0,0,0,,{0},否
env,average,输出,env_1_Design/CAN/OutPort/CAN_CH4.Statistic.AllFrame.Y_CAN_Ch4_ExtRemoteFramesCnt,0,0,0,,{0},否
env,average,输出,env_1_Design/CAN/OutPort/CAN_CH4.Statistic.Y_CAN_Ch4_BurstTime,0,0,0,,{0},否
env,average,输出,env_1_Design/CAN/OutPort/CAN_CH4.Valid,0,0,0,,{0},否
env,average,输出,env_1_Design/CAN/OutPort/CAN_CH4.Background_Traffic.Valid,0,0,0,,{0},否
env,average,输出,env_1_Design/CAN/OutPort/CAN_CH4.Sample_Point_Test.Result,0,0,0,,{0},否
env,average,输出,env_1_Design/CAN/OutPort/CAN_CH4.Sample_Point_Test.Arbitration_Phase.Measeure_Sample_Ponit,0,0,0,,{0},否
env,average,输出,env_1_Design/CAN/OutPort/CAN_CH4.Sample_Point_Test.Data_Phase.Measeure_Sample_Ponit,0,0,0,,{0},否
env,average,输出,env_1_Design/CAN/OutPort/CAN_CH4.Sample_Point_Test.Valid,0,0,0,,{0},否
env,average,输出,env_1_Design/CAN/OutPort/CAN_CH4.Error_Inject.Valid,0,0,0,,{0},否
env,average,输出,env_1_Design/CAN/OutPort/CAN_CH4.Custom_Sequence.Valid,0,0,0,,{0},否
env,average,输出,env_1_Design/CAN/OutPort/CAN_CH5.Config.Y_CAN_Ch5_Mode,2,2,0,,{2},否
env,average,输出,env_1_Design/CAN/OutPort/CAN_CH5.Config.Y_CAN_Ch5_Bitrate,500000,500000,0,,{500000},否
env,average,输出,env_1_Design/CAN/OutPort/CAN_CH5.Config.Y_CAN_Ch5_SamplePoint,0.75,0.75,0,,{0.75},否
env,average,输出,env_1_Design/CAN/OutPort/CAN_CH5.Config.Y_CAN_Ch5_DataBitrate,2e+06,2e+06,0,,{2e+06},否
env,average,输出,env_1_Design/CAN/OutPort/CAN_CH5.Config.Y_CAN_Ch5_DataSamplePoint,0.75,0.75,0,,{0.75},否
env,average,输出,env_1_Design/CAN/OutPort/CAN_CH5.Statistic.Y_CAN_Ch5_Busload,0,0,0,,{0},否
env,average,输出,env_1_Design/CAN/OutPort/CAN_CH5.Statistic.Chip State.Y_CAN_Ch5_ChipState,1,1,0,,{1},否
env,average,输出,env_1_Design/CAN/OutPort/CAN_CH5.Statistic.Chip State.Y_CAN_Ch5_TransmitErrorCount,0,0,0,,{0},否
env,average,输出,env_1_Design/CAN/OutPort/CAN_CH5.Statistic.Chip State.Y_CAN_Ch5_ReceiveErrorCount,0,0,0,,{0},否
env,average,输出,env_1_Design/CAN/OutPort/CAN_CH5.Statistic.Transmit.Y_CAN_Ch5_TotalTxFramesCnt,0,0,0,,{0},否
env,average,输出,env_1_Design/CAN/OutPort/CAN_CH5.Statistic.Transmit.Y_CAN_Ch5_TxFramesCnt,0,0,0,,{0},否
env,average,输出,env_1_Design/CAN/OutPort/CAN_CH5.Statistic.Transmit.Y_CAN_Ch5_TotalTxStdFramesCnt,0,0,0,,{0},否
env,average,输出,env_1_Design/CAN/OutPort/CAN_CH5.Statistic.Transmit.Y_CAN_Ch5_TxStdFramesCnt,0,0,0,,{0},否
env,average,输出,env_1_Design/CAN/OutPort/CAN_CH5.Statistic.Transmit.Y_CAN_Ch5_TotalTxExtFramesCnt,0,0,0,,{0},否
env,average,输出,env_1_Design/CAN/OutPort/CAN_CH5.Statistic.Transmit.Y_CAN_Ch5_TxExtFramesCnt,0,0,0,,{0},否
env,average,输出,env_1_Design/CAN/OutPort/CAN_CH5.Statistic.Transmit.Y_CAN_Ch5_TotalTxStdRemoteFramesCnt,0,0,0,,{0},否
env,average,输出,env_1_Design/CAN/OutPort/CAN_CH5.Statistic.Transmit.Y_CAN_Ch5_TxStdRemoteFramesCnt,0,0,0,,{0},否
env,average,输出,env_1_Design/CAN/OutPort/CAN_CH5.Statistic.Transmit.Y_CAN_Ch5_TotalTxExtRemoteFramesCnt,0,0,0,,{0},否
env,average,输出,env_1_Design/CAN/OutPort/CAN_CH5.Statistic.Transmit.Y_CAN_Ch5_TxExtRemoteFramesCnt,0,0,0,,{0},否
env,average,输出,env_1_Design/CAN/OutPort/CAN_CH5.Statistic.Receive.Y_CAN_Ch5_TotalRxFramesCnt,0,0,0,,{0},否
env,average,输出,env_1_Design/CAN/OutPort/CAN_CH5.Statistic.Receive.Y_CAN_Ch5_RxFramesCnt,0,0,0,,{0},否
env,average,输出,env_1_Design/CAN/OutPort/CAN_CH5.Statistic.Receive.Y_CAN_Ch5_TotalRxStdFramesCnt,0,0,0,,{0},否
env,average,输出,env_1_Design/CAN/OutPort/CAN_CH5.Statistic.Receive.Y_CAN_Ch5_RxStdFramesCnt,0,0,0,,{0},否
env,average,输出,env_1_Design/Digital Input/OutPort/Y_Ch2_Support_Features,0,0,0,,{0},否
env,average,输出,env_1_Design/Digital Input/OutPort/Y_Ch2.Valid,0,1,220,"2.507, 2.707, 3.507, 3.707, 3.907, 4.107, 6.507, 6.707, 7.307, 7.907 …","{0, 1}",否
env,average,输出,env_1_Design/Digital Input/OutPort/Y_DI_Ch3_On_Off_Status,0,0,0,,{0},否
env,average,输出,env_1_Design/Digital Input/OutPort/Y_Ch3_Support_Features,0,0,0,,{0},否
env,average,输出,env_1_Design/Digital Input/OutPort/Y_Ch3.Valid,0,1,220,"2.507, 2.707, 3.507, 3.707, 3.907, 4.107, 6.507, 6.707, 7.307, 7.907 …","{0, 1}",否
env,average,输出,env_1_Design/Digital Input/OutPort/Y_DI_Ch4_On_Off_Status,0,0,0,,{0},否
env,average,输出,env_1_Design/Digital Input/OutPort/Y_Ch4_Support_Features,0,0,0,,{0},否
env,average,输出,env_1_Design/Digital Input/OutPort/Y_Ch4.Valid,0,1,220,"2.507, 2.707, 3.507, 3.707, 3.907, 4.107, 6.507, 6.707, 7.307, 7.907 …","{0, 1}",否
env,average,输出,env_1_Design/Digital Input/OutPort/Y_DI_Ch5_On_Off_Status,0,0,0,,{0},否
env,average,输出,env_1_Design/Digital Input/OutPort/Y_Ch5_Support_Features,0,0,0,,{0},否
env,average,输出,env_1_Design/Digital Input/OutPort/Y_Ch5.Valid,0,1,220,"2.507, 2.707, 3.507, 3.707, 3.907, 4.107, 6.507, 6.707, 7.307, 7.907 …","{0, 1}",否
env,average,输出,env_1_Design/Digital Input/OutPort/Y_DI_Ch6_On_Off_Status,0,0,0,,{0},否
env,average,输出,env_1_Design/Digital Input/OutPort/Y_Ch6_Support_Features,0,0,0,,{0},否
env,average,输出,env_1_Design/Digital Input/OutPort/Y_Ch6.Valid,0,1,220,"2.507, 2.707, 3.507, 3.707, 3.907, 4.107, 6.507, 6.707, 7.307, 7.907 …","{0, 1}",否
env,average,输出,env_1_Design/Digital Input/OutPort/Y_DI_Ch7_On_Off_Status,0,0,0,,{0},否
env,average,输出,env_1_Design/Digital Input/OutPort/Y_Ch7_Support_Features,0,0,0,,{0},否
env,average,输出,env_1_Design/Digital Input/OutPort/Y_Ch7.Valid,0,1,220,"2.507, 2.707, 3.507, 3.707, 3.907, 4.107, 6.507, 6.707, 7.307, 7.907 …","{0, 1}",否
env,average,输出,env_1_Design/Digital Input/OutPort/Y_DI_Ch8_On_Off_Status,0,0,0,,{0},否
env,average,输出,env_1_Design/Digital Input/OutPort/Y_Ch8_Support_Features,0,0,0,,{0},否
env,average,输出,env_1_Design/Digital Input/OutPort/Y_Ch8.Valid,0,1,220,"2.507, 2.707, 3.507, 3.707, 3.907, 4.107, 6.507, 6.707, 7.307, 7.907 …","{0, 1}",否
env,average,输出,env_1_Design/Digital Input/OutPort/Y_DI_Ch9_On_Off_Status,0,0,0,,{0},否
env,average,输出,env_1_Design/Digital Input/OutPort/Y_Ch9_Support_Features,0,0,0,,{0},否
env,average,输出,env_1_Design/Digital Input/OutPort/Y_Ch9.Valid,0,1,220,"2.507, 2.707, 3.507, 3.707, 3.907, 4.107, 6.507, 6.707, 7.307, 7.907 …","{0, 1}",否
env,average,输出,env_1_Design/Digital Input/OutPort/Y_DI_Ch10_On_Off_Status,0,0,0,,{0},否
env,average,输出,env_1_Design/Digital Input/OutPort/Y_Ch10_Support_Features,0,0,0,,{0},否
env,average,输出,env_1_Design/Digital Input/OutPort/Y_Ch10.Valid,0,1,220,"2.507, 2.707, 3.507, 3.707, 3.907, 4.107, 6.507, 6.707, 7.307, 7.907 …","{0, 1}",否
env,average,输出,env_1_Design/Digital Input/OutPort/Y_DI_Ch11_On_Off_Status,0,0,0,,{0},否
env,average,输出,env_1_Design/Digital Input/OutPort/Y_Ch11_Support_Features,0,0,0,,{0},否
env,average,输出,env_1_Design/Digital Input/OutPort/Y_Ch11.Valid,0,1,220,"2.507, 2.707, 3.507, 3.707, 3.907, 4.107, 6.507, 6.707, 7.307, 7.907 …","{0, 1}",否
env,average,输出,env_1_Design/Digital Input/OutPort/Y_DI_Ch12_On_Off_Status,0,0,0,,{0},否
env,average,输出,env_1_Design/Digital Input/OutPort/Y_Ch12_Support_Features,0,0,0,,{0},否
env,average,输出,env_1_Design/Digital Input/OutPort/Y_Ch12.Valid,0,1,220,"2.507, 2.707, 3.507, 3.707, 3.907, 4.107, 6.507, 6.707, 7.307, 7.907 …","{0, 1}",否
env,average,输出,env_1_Design/Digital Input/OutPort/Y_DI_Ch13_On_Off_Status,0,0,0,,{0},否
env,average,输出,env_1_Design/Digital Input/OutPort/Y_Ch13_Support_Features,0,0,0,,{0},否
env,average,输出,env_1_Design/Digital Input/OutPort/Y_Ch13.Valid,0,1,220,"2.507, 2.707, 3.507, 3.707, 3.907, 4.107, 6.507, 6.707, 7.307, 7.907 …","{0, 1}",否
env,average,输出,env_1_Design/Digital Input/OutPort/Y_DI_Ch14_On_Off_Status,0,0,0,,{0},否
env,average,输出,env_1_Design/Digital Input/OutPort/Y_Ch14_Support_Features,0,0,0,,{0},否
env,average,输出,env_1_Design/Digital Input/OutPort/Y_Ch14.Valid,0,1,220,"2.507, 2.707, 3.507, 3.707, 3.907, 4.107, 6.507, 6.707, 7.307, 7.907 …","{0, 1}",否
env,average,输出,env_1_Design/Digital Input/OutPort/Y_DI_Ch15_On_Off_Status,0,0,0,,{0},否
env,average,输出,env_1_Design/Digital Input/OutPort/Y_Ch15_Support_Features,0,0,0,,{0},否
env,average,输出,env_1_Design/Digital Input/OutPort/Y_Ch15.Valid,0,1,220,"2.507, 2.707, 3.507, 3.707, 3.907, 4.107, 6.507, 6.707, 7.307, 7.907 …","{0, 1}",否
env,average,输出,env_1_Design/Digital Input/OutPort/Y_DI_Ch16_On_Off_Status,0,0,0,,{0},否
env,average,输出,env_1_Design/Digital Input/OutPort/Y_Ch16_Support_Features,0,0,0,,{0},否
env,average,输出,env_1_Design/Digital Input/OutPort/Y_Ch16.Valid,0,1,220,"2.507, 2.707, 3.507, 3.707, 3.907, 4.107, 6.507, 6.707, 7.307, 7.907 …","{0, 1}",否
env,average,输出,env_1_Design/Digital Input/OutPort/Y_DI_Ch17_On_Off_Status,0,0,0,,{0},否
env,average,输出,env_1_Design/Digital Input/OutPort/Y_Ch17_Support_Features,0,0,0,,{0},否
env,average,输出,env_1_Design/Digital Input/OutPort/Y_Ch17.Valid,0,1,220,"2.507, 2.707, 3.507, 3.707, 3.907, 4.107, 6.507, 6.707, 7.307, 7.907 …","{0, 1}",否
env,average,输出,env_1_Design/Digital Input/OutPort/Y_DI_Ch18_On_Off_Status,0,0,0,,{0},否
env,average,输出,env_1_Design/Digital Input/OutPort/Y_Ch18_Support_Features,0,0,0,,{0},否
env,average,输出,env_1_Design/Digital Input/OutPort/Y_Ch18.Valid,0,1,220,"2.507, 2.707, 3.507, 3.707, 3.907, 4.107, 6.507, 6.707, 7.307, 7.907 …","{0, 1}",否
env,average,输出,env_1_Design/Digital Input/OutPort/Y_DI_Ch19_On_Off_Status,0,0,0,,{0},否
env,average,输出,env_1_Design/Digital Input/OutPort/Y_Ch19_Support_Features,0,0,0,,{0},否
env,average,输出,env_1_Design/Digital Input/OutPort/Y_Ch19.Valid,0,1,220,"2.507, 2.707, 3.507, 3.707, 3.907, 4.107, 6.507, 6.707, 7.307, 7.907 …","{0, 1}",否
env,average,输出,env_1_Design/Digital Input/OutPort/Y_DI_Ch20_On_Off_Status,0,0,0,,{0},否
env,average,输出,env_1_Design/Digital Input/OutPort/Y_Ch20_Support_Features,0,0,0,,{0},否
env,average,输出,env_1_Design/Digital Input/OutPort/Y_Ch20.Valid,0,1,220,"2.507, 2.707, 3.507, 3.707, 3.907, 4.107, 6.507, 6.707, 7.307, 7.907 …","{0, 1}",否
env,average,输出,env_1_Design/Digital Input/OutPort/Y_DI_Ch21_On_Off_Status,0,0,0,,{0},否
env,average,输出,env_1_Design/Digital Input/OutPort/Y_Ch21_Support_Features,0,0,0,,{0},否
env,average,输出,env_1_Design/Digital Input/OutPort/Y_Ch21.Valid,0,1,220,"2.507, 2.707, 3.507, 3.707, 3.907, 4.107, 6.507, 6.707, 7.307, 7.907 …","{0, 1}",否
env,average,输出,env_1_Design/Digital Input/OutPort/Y_DI_Ch22_On_Off_Status,0,0,0,,{0},否
env,average,输出,env_1_Design/Digital Input/OutPort/Y_Ch22_Support_Features,0,0,0,,{0},否
env,average,输出,env_1_Design/Digital Input/OutPort/Y_Ch22.Valid,0,0,0,,{0},否
env,average,输出,env_1_Design/Digital Input/OutPort/Y_DI_Ch23_On_Off_Status,0,0,0,,{0},否
env,average,输出,env_1_Design/Digital Input/OutPort/Y_Ch23_Support_Features,0,0,0,,{0},否
env,average,输出,env_1_Design/Digital Input/OutPort/Y_Ch23.Valid,0,0,0,,{0},否
env,average,输出,env_1_Design/Digital Input/OutPort/Y_DI_Ch24_On_Off_Status,0,0,0,,{0},否
env,average,输出,env_1_Design/Digital Input/OutPort/Y_Ch24_Support_Features,0,0,0,,{0},否
env,average,输出,env_1_Design/Digital Input/OutPort/Y_Ch24.Valid,0,0,0,,{0},否
env,average,输出,env_1_Design/Digital Input/OutPort/Y_DI_Ch25_On_Off_Status,0,0,0,,{0},否
env,average,输出,env_1_Design/Digital Input/OutPort/Y_Ch25_Support_Features,0,0,0,,{0},否
env,average,输出,env_1_Design/Digital Input/OutPort/Y_Ch25.Valid,0,0,0,,{0},否
env,average,输出,env_1_Design/Digital Input/OutPort/Y_DI_Ch26_On_Off_Status,0,0,0,,{0},否
env,average,输出,env_1_Design/Digital Input/OutPort/Y_Ch26_Support_Features,0,0,0,,{0},否
env,average,输出,env_1_Design/Digital Input/OutPort/Y_Ch26.Valid,0,0,0,,{0},否
env,average,输出,env_1_Design/Digital Input/OutPort/Y_DI_Ch27_On_Off_Status,0,0,0,,{0},否
env,average,输出,env_1_Design/Digital Input/OutPort/Y_Ch27_Support_Features,0,0,0,,{0},否
env,average,输出,env_1_Design/Digital Input/OutPort/Y_Ch27.Valid,0,0,0,,{0},否
env,average,输出,env_1_Design/Digital Input/OutPort/Y_DI_Ch28_On_Off_Status,0,0,0,,{0},否
env,average,输出,env_1_Design/Digital Input/OutPort/Y_Ch28_Support_Features,0,0,0,,{0},否
env,average,输出,env_1_Design/Digital Input/OutPort/Y_Ch28.Valid,0,0,0,,{0},否
env,average,输出,env_1_Design/Digital Input/OutPort/Y_DI_Ch29_On_Off_Status,0,0,0,,{0},否
env,average,输出,env_1_Design/Digital Input/OutPort/Y_Ch29_Support_Features,0,0,0,,{0},否
env,average,输出,env_1_Design/Digital Input/OutPort/Y_Ch29.Valid,0,0,0,,{0},否
env,average,输出,env_1_Design/Digital Input/OutPort/Y_DI_Ch30_On_Off_Status,0,0,0,,{0},否
env,average,输出,env_1_Design/Digital Input/OutPort/Y_Ch30_Support_Features,0,0,0,,{0},否
env,average,输出,env_1_Design/Digital Input/OutPort/Y_Ch30.Valid,0,0,0,,{0},否
env,average,输出,env_1_Design/Digital Input/OutPort/Y_DI_Ch31_On_Off_Status,0,0,0,,{0},否
env,average,输出,env_1_Design/Digital Input/OutPort/Y_Ch31_Support_Features,0,0,0,,{0},否
env,average,输出,env_1_Design/Digital Input/OutPort/Y_Ch31.Valid,0,0,0,,{0},否
env,average,输出,env_1_Design/Digital Input/OutPort/Y_DI_Ch32_On_Off_Status,0,0,0,,{0},否
env,average,输出,env_1_Design/Digital Input/OutPort/Y_Ch32_Support_Features,0,0,0,,{0},否
env,average,输出,env_1_Design/Digital Input/OutPort/Y_Ch32.Valid,0,0,0,,{0},否
env,average,输出,env_1_Design/Digital Input/OutPort/Y_DI_Ch33_On_Off_Status,0,0,0,,{0},否
env,average,输出,env_1_Design/Digital Input/OutPort/Y_Ch33_Support_Features,0,0,0,,{0},否
env,average,输出,env_1_Design/Digital Input/OutPort/Y_Ch33.Valid,0,0,0,,{0},否
env,average,输出,env_1_Design/Digital Input/OutPort/Y_DI_Ch34_On_Off_Status,0,0,0,,{0},否
env,average,输出,env_1_Design/Digital Input/OutPort/Y_Ch34_Support_Features,0,0,0,,{0},否
env,average,输出,env_1_Design/Digital Input/OutPort/Y_Ch34.Valid,0,0,0,,{0},否
env,average,输出,env_1_Design/Digital Input/OutPort/Y_DI_Ch35_On_Off_Status,0,0,0,,{0},否
env,average,输出,env_1_Design/Digital Input/OutPort/Y_Ch35_Support_Features,0,0,0,,{0},否
env,average,输出,env_1_Design/Digital Input/OutPort/Y_Ch35.Valid,0,0,0,,{0},否
env,average,输出,env_1_Design/Digital Input/OutPort/Y_DI_Ch36_On_Off_Status,0,0,0,,{0},否
env,average,输出,env_1_Design/Digital Input/OutPort/Y_Ch36_Support_Features,0,0,0,,{0},否
env,average,输出,env_1_Design/Digital Input/OutPort/Y_Ch36.Valid,0,0,0,,{0},否
env,average,输出,env_1_Design/Digital Input/OutPort/Y_DI_Ch37_On_Off_Status,0,0,0,,{0},否
env,average,输出,env_1_Design/Digital Input/OutPort/Y_Ch37_Support_Features,0,0,0,,{0},否
env,average,输出,env_1_Design/Digital Input/OutPort/Y_Ch37.Valid,0,0,0,,{0},否
env,average,输出,env_1_Design/Digital Input/OutPort/Y_DI_Ch38_On_Off_Status,0,0,0,,{0},否
env,average,输出,env_1_Design/Digital Input/OutPort/Y_Ch38_Support_Features,0,0,0,,{0},否
env,average,输出,env_1_Design/Digital Input/OutPort/Y_Ch38.Valid,0,0,0,,{0},否
env,average,输出,env_1_Design/Digital Input/OutPort/Y_DI_Ch39_On_Off_Status,0,0,0,,{0},否
env,average,输出,env_1_Design/Digital Input/OutPort/Y_Ch39_Support_Features,0,0,0,,{0},否
env,average,输出,env_1_Design/Digital Input/OutPort/Y_Ch39.Valid,0,0,0,,{0},否
env,average,输出,env_1_Design/Digital Input/OutPort/Y_DI_Ch40_On_Off_Status,0,0,0,,{0},否
env,average,输出,env_1_Design/Digital Input/OutPort/Y_Ch40_Support_Features,0,0,0,,{0},否
env,average,输出,env_1_Design/Digital Input/OutPort/Y_Ch40.Valid,0,0,0,,{0},否
env,average,输出,env_1_Design/Digital Input/OutPort/Y_DI_Ch41_On_Off_Status,0,0,0,,{0},否
env,average,输出,env_1_Design/Digital Input/OutPort/Y_Ch41_Support_Features,0,0,0,,{0},否
env,average,输出,env_1_Design/Digital Input/OutPort/Y_Ch41.Valid,0,0,0,,{0},否
env,average,输出,env_1_Design/Digital Input/OutPort/Y_DI_Ch42_On_Off_Status,0,0,0,,{0},否
env,average,输出,env_1_Design/Digital Input/OutPort/Y_Ch42_Support_Features,0,0,0,,{0},否
env,average,输出,env_1_Design/Digital Input/OutPort/Y_Ch42.Valid,0,0,0,,{0},否
env,average,输出,env_1_Design/Digital Input/OutPort/Y_DI_Ch43_On_Off_Status,0,0,0,,{0},否
env,average,输出,env_1_Design/Digital Input/OutPort/Y_Ch43_Support_Features,0,0,0,,{0},否
env,average,输出,env_1_Design/Digital Input/OutPort/Y_Ch43.Valid,0,0,0,,{0},否
env,average,输出,env_1_Design/Digital Input/OutPort/Y_DI_Ch44_On_Off_Status,0,0,0,,{0},否
env,average,输出,env_1_Design/Digital Input/OutPort/Y_Ch44_Support_Features,0,0,0,,{0},否
env,average,输出,env_1_Design/Digital Input/OutPort/Y_Ch44.Valid,0,0,0,,{0},否
env,average,输出,env_1_Design/Digital Input/OutPort/Y_DI_Ch45_On_Off_Status,0,0,0,,{0},否
env,average,输出,env_1_Design/Digital Input/OutPort/Y_Ch45_Support_Features,0,0,0,,{0},否
env,average,输出,env_1_Design/Digital Input/OutPort/Y_Ch45.Valid,0,0,0,,{0},否
env,average,输出,env_1_Design/Digital Input/OutPort/Y_DI_Ch46_On_Off_Status,0,0,0,,{0},否
env,average,输出,env_1_Design/Digital Input/OutPort/Y_Ch46_Support_Features,0,0,0,,{0},否
env,average,输出,env_1_Design/Digital Input/OutPort/Y_Ch46.Valid,0,0,0,,{0},否
env,average,输出,env_1_Design/Digital Input/OutPort/Y_DI_Ch47_On_Off_Status,0,0,0,,{0},否
env,average,输出,env_1_Design/Digital Input/OutPort/Y_Ch47_Support_Features,0,0,0,,{0},否
env,average,输出,env_1_Design/Digital Input/OutPort/Y_Ch47.Valid,0,0,0,,{0},否
env,average,输出,env_1_Design/Digital Input/OutPort/Y_DI_Ch48_On_Off_Status,0,0,0,,{0},否
env,average,输出,env_1_Design/Digital Input/OutPort/Y_Ch48_Support_Features,0,0,0,,{0},否
env,average,输出,env_1_Design/Digital Input/OutPort/Y_Ch48.Valid,0,0,0,,{0},否
env,average,内部/未标记,env_1_Design/Digital Input/Measurement/Runtime(us),5,21,531,"2.107, 2.307, 2.507, 2.707, 2.907, 3.107, 3.307, 3.507, 3.707, 3.907 …",min=5; max=21; distinct=16,否
env,average,内部/未标记,env_1_Design/Digital Input/Measurement/Runtime_Min(us),5,5,0,,{5},否
env,average,内部/未标记,env_1_Design/Digital Input/Measurement/Runtime_Max(us),81,81,0,,{81},否
env,average,内部/未标记,env_1_Design/Digital Input/Measurement/Schedule_Interval(us),4641,5181,643,"2.107, 2.307, 2.507, 2.707, 2.907, 3.107, 3.307, 3.507, 3.707, 3.907 …",min=4641; max=5181; distinct=175,否
env,average,内部/未标记,env_1_Design/Digital Input/Measurement/Schedule_Interval_Min(us),4641,4765,1,35.507,"{4641, 4765}",否
env,average,内部/未标记,env_1_Design/Digital Input/Measurement/Schedule_Interval_Max(us),5245,5320,1,35.507,"{5245, 5320}",否
env,average,内部/未标记,env_1_Design/Digital Input/Measurement/Schedule_Count,16883,42883,650,"2.107, 2.307, 2.507, 2.707, 2.907, 3.107, 3.307, 3.507, 3.707, 3.907 …",min=16883; max=42883; distinct=651,否
env,average,内部/未标记,env_1_Design/Digital Input/Measurement/Activate_Fail_Count,0,0,0,,{0},否
env,average,内部/未标记,env_1_Design/Digital Input/Measurement/Processor,5,15,587,"2.107, 2.307, 2.507, 2.707, 2.907, 3.107, 3.307, 3.507, 3.707, 3.907 …",min=5; max=15; distinct=11,否
env,average,输入,env_1_Design/Digital Output/InPort/U_DO_Ch1_ValueLevel,0,0,0,,{0},否
env,average,输入,env_1_Design/Digital Output/InPort/U_DO_Ch1_OutCmd,0,0,0,,{0},否
env,average,输入,env_1_Design/Digital Output/InPort/U_DO_Ch1_Enable,0,0,0,,{0},否
env,average,输入,env_1_Design/Digital Output/InPort/U_DO_Ch1_FIU_Value,0,0,0,,{0},否
env,average,输入,env_1_Design/Digital Output/InPort/U_DO_Ch2_ValueLevel,0,0,0,,{0},否
env,average,输入,env_1_Design/Digital Output/InPort/U_DO_Ch2_OutCmd,0,0,0,,{0},否
env,average,输入,env_1_Design/Digital Output/InPort/U_DO_Ch2_Enable,1,1,0,,{1},否
env,average,输入,env_1_Design/Digital Output/InPort/U_DO_Ch2_FIU_Value,0,0,0,,{0},否
env,average,输入,env_1_Design/Digital Output/InPort/U_DO_Ch3_ValueLevel,0,0,0,,{0},否
env,average,输入,env_1_Design/Digital Output/InPort/U_DO_Ch3_OutCmd,0,0,0,,{0},否
env,average,输入,env_1_Design/Digital Output/InPort/U_DO_Ch3_Enable,0,0,0,,{0},否
env,average,输入,env_1_Design/Digital Output/InPort/U_DO_Ch3_FIU_Value,0,0,0,,{0},否
env,average,输入,env_1_Design/Digital Output/InPort/U_DO_Ch4_ValueLevel,0,0,0,,{0},否
env,average,输入,env_1_Design/Digital Output/InPort/U_DO_Ch4_OutCmd,0,0,0,,{0},否
env,average,输入,env_1_Design/Digital Output/InPort/U_DO_Ch4_Enable,0,0,0,,{0},否
env,average,输入,env_1_Design/Digital Output/InPort/U_DO_Ch4_FIU_Value,0,0,0,,{0},否
env,average,输入,env_1_Design/Digital Output/InPort/U_DO_Ch5_ValueLevel,0,0,0,,{0},否
env,average,输入,env_1_Design/Digital Output/InPort/U_DO_Ch5_OutCmd,0,0,0,,{0},否
env,average,输入,env_1_Design/Digital Output/InPort/U_DO_Ch5_Enable,0,0,0,,{0},否
env,average,输入,env_1_Design/Digital Output/InPort/U_DO_Ch5_FIU_Value,0,0,0,,{0},否
env,average,输入,env_1_Design/Digital Output/InPort/U_DO_Ch6_ValueLevel,0,0,0,,{0},否
env,average,输入,env_1_Design/Digital Output/InPort/U_DO_Ch6_OutCmd,0,0,0,,{0},否
env,average,输入,env_1_Design/Digital Output/InPort/U_DO_Ch6_Enable,0,0,0,,{0},否
env,average,输入,env_1_Design/Digital Output/InPort/U_DO_Ch6_FIU_Value,0,0,0,,{0},否
env,average,输入,env_1_Design/Digital Output/InPort/U_DO_Ch7_ValueLevel,0,0,0,,{0},否
env,average,输入,env_1_Design/Digital Output/InPort/U_DO_Ch7_OutCmd,0,0,0,,{0},否
env,average,输入,env_1_Design/Digital Output/InPort/U_DO_Ch7_Enable,0,0,0,,{0},否
env,average,输入,env_1_Design/Digital Output/InPort/U_DO_Ch7_FIU_Value,0,0,0,,{0},否
env,average,输入,env_1_Design/Digital Output/InPort/U_DO_Ch8_ValueLevel,0,0,0,,{0},否
env,average,输入,env_1_Design/Digital Output/InPort/U_DO_Ch8_OutCmd,0,0,0,,{0},否
env,average,输入,env_1_Design/Digital Output/InPort/U_DO_Ch8_Enable,0,0,0,,{0},否
env,average,输入,env_1_Design/Digital Output/InPort/U_DO_Ch8_FIU_Value,0,0,0,,{0},否
env,average,输入,env_1_Design/Digital Output/InPort/U_DO_Ch9_ValueLevel,0,0,0,,{0},否
env,average,输入,env_1_Design/Digital Output/InPort/U_DO_Ch9_OutCmd,0,0,0,,{0},否
env,average,输入,env_1_Design/Digital Output/InPort/U_DO_Ch9_Enable,0,0,0,,{0},否
env,average,输入,env_1_Design/Digital Output/InPort/U_DO_Ch9_FIU_Value,0,0,0,,{0},否
env,average,输入,env_1_Design/Digital Output/InPort/U_DO_Ch10_ValueLevel,0,0,0,,{0},否
env,average,输入,env_1_Design/Digital Output/InPort/U_DO_Ch10_OutCmd,0,0,0,,{0},否
env,average,输入,env_1_Design/Digital Output/InPort/U_DO_Ch10_Enable,0,0,0,,{0},否
env,average,输入,env_1_Design/Digital Output/InPort/U_DO_Ch10_FIU_Value,0,0,0,,{0},否
env,average,输入,env_1_Design/Digital Output/InPort/U_DO_Ch11_ValueLevel,0,0,0,,{0},否
env,average,输入,env_1_Design/Digital Output/InPort/U_DO_Ch11_OutCmd,0,0,0,,{0},否
env,average,输入,env_1_Design/Digital Output/InPort/U_DO_Ch11_Enable,0,0,0,,{0},否
env,average,输入,env_1_Design/Digital Output/InPort/U_DO_Ch11_FIU_Value,0,0,0,,{0},否
env,average,输入,env_1_Design/Digital Output/InPort/U_DO_Ch12_ValueLevel,0,0,0,,{0},否
env,average,输入,env_1_Design/Digital Output/InPort/U_DO_Ch12_OutCmd,0,0,0,,{0},否
env,average,输入,env_1_Design/Digital Output/InPort/U_DO_Ch12_Enable,0,0,0,,{0},否
env,average,输入,env_1_Design/Digital Output/InPort/U_DO_Ch12_FIU_Value,0,0,0,,{0},否
env,average,输入,env_1_Design/Digital Output/InPort/U_DO_Ch13_ValueLevel,0,0,0,,{0},否
env,average,输入,env_1_Design/Digital Output/InPort/U_DO_Ch13_OutCmd,0,0,0,,{0},否
env,average,输入,env_1_Design/Digital Output/InPort/U_DO_Ch13_Enable,0,0,0,,{0},否
env,average,输入,env_1_Design/Voltage Output/InPort/U_Ch8_Voltage_Out_Enable,1,1,0,,{1},是
env,average,输入,env_1_Design/Voltage Output/InPort/U_Ch8_FIU_Value,0,0,0,,{0},是
env,average,输入,env_1_Design/Voltage Output/InPort/U_Ch9_Voltage_Out,1,4,2,"24.047, 27.647","{1, 4}",是
env,average,输入,env_1_Design/Voltage Output/InPort/U_Ch9_Voltage_Out_Enable,1,1,0,,{1},是
env,average,输入,env_1_Design/Voltage Output/InPort/U_Ch9_FIU_Value,0,0,0,,{0},是
env,average,输入,env_1_Design/Voltage Output/InPort/U_Ch10_Voltage_Out,0.5,2,2,"24.047, 27.647","{0.5, 2}",是
env,average,输入,env_1_Design/Voltage Output/InPort/U_Ch10_Voltage_Out_Enable,1,1,0,,{1},是
env,average,输入,env_1_Design/Voltage Output/InPort/U_Ch10_FIU_Value,0,0,0,,{0},是
env,average,输入,env_1_Design/Voltage Output/InPort/U_Ch11_Voltage_Out,0,0,0,,{0},是
env,average,输入,env_1_Design/Voltage Output/InPort/U_Ch11_Voltage_Out_Enable,0,0,0,,{0},是
env,average,输入,env_1_Design/Voltage Output/InPort/U_Ch11_FIU_Value,0,0,0,,{0},是
env,average,输入,env_1_Design/Voltage Output/InPort/U_Ch12_Voltage_Out,0,0,0,,{0},是
env,average,输入,env_1_Design/Voltage Output/InPort/U_Ch12_Voltage_Out_Enable,0,0,0,,{0},是
env,average,输入,env_1_Design/Voltage Output/InPort/U_Ch12_FIU_Value,0,0,0,,{0},是
env,average,输入,env_1_Design/Voltage Output/InPort/U_Ch13_Voltage_Out,0,0,0,,{0},是
env,average,输入,env_1_Design/Voltage Output/InPort/U_Ch13_Voltage_Out_Enable,0,0,0,,{0},是
env,average,输入,env_1_Design/Voltage Output/InPort/U_Ch13_FIU_Value,0,0,0,,{0},是
env,average,输入,env_1_Design/Voltage Output/InPort/U_Ch14_Voltage_Out,0,0,0,,{0},是
env,average,输入,env_1_Design/Voltage Output/InPort/U_Ch14_Voltage_Out_Enable,0,0,0,,{0},是
env,average,输入,env_1_Design/Voltage Output/InPort/U_Ch14_FIU_Value,0,0,0,,{0},是
env,average,输入,env_1_Design/Voltage Output/InPort/U_Ch15_Voltage_Out,0,0,0,,{0},是
env,average,输入,env_1_Design/Voltage Output/InPort/U_Ch15_Voltage_Out_Enable,0,0,0,,{0},是
env,average,输入,env_1_Design/Voltage Output/InPort/U_Ch15_FIU_Value,0,0,0,,{0},是
env,average,输入,env_1_Design/Voltage Output/InPort/U_Ch16_Voltage_Out,0,0,0,,{0},是
env,average,输入,env_1_Design/Voltage Output/InPort/U_Ch16_Voltage_Out_Enable,0,0,0,,{0},是
env,average,输入,env_1_Design/Voltage Output/InPort/U_Ch16_FIU_Value,0,0,0,,{0},是
env,average,输入,env_1_Design/Voltage Output/InPort/U_Ch17_Voltage_Out,0,0,0,,{0},是
env,average,输入,env_1_Design/Voltage Output/InPort/U_Ch17_Voltage_Out_Enable,0,0,0,,{0},是
env,average,输入,env_1_Design/Voltage Output/InPort/U_Ch17_FIU_Value,0,0,0,,{0},是
env,average,输入,env_1_Design/Voltage Output/InPort/U_Ch18_Voltage_Out,0,0,0,,{0},是
env,average,输入,env_1_Design/Voltage Output/InPort/U_Ch18_Voltage_Out_Enable,0,0,0,,{0},是
env,average,输入,env_1_Design/Voltage Output/InPort/U_Ch18_FIU_Value,0,0,0,,{0},是
env,average,输入,env_1_Design/Voltage Output/InPort/U_Ch19_Voltage_Out,0,0,0,,{0},是
env,average,输入,env_1_Design/Voltage Output/InPort/U_Ch19_Voltage_Out_Enable,0,0,0,,{0},是
env,average,输入,env_1_Design/Voltage Output/InPort/U_Ch19_FIU_Value,0,0,0,,{0},是
env,average,输入,env_1_Design/Voltage Output/InPort/U_Ch20_Voltage_Out,0,0,0,,{0},是
env,average,输入,env_1_Design/Voltage Output/InPort/U_Ch20_Voltage_Out_Enable,0,0,0,,{0},是
env,average,输入,env_1_Design/Voltage Output/InPort/U_Ch20_FIU_Value,0,0,0,,{0},是
env,average,输入,env_1_Design/Voltage Output/InPort/U_Ch21_Voltage_Out,0,0,0,,{0},是
env,average,输入,env_1_Design/Voltage Output/InPort/U_Ch21_Voltage_Out_Enable,0,0,0,,{0},是
env,average,输入,env_1_Design/Voltage Output/InPort/U_Ch21_FIU_Value,0,0,0,,{0},是
env,average,输入,env_1_Design/Voltage Output/InPort/U_Ch22_Voltage_Out,0,0,0,,{0},是
env,average,输入,env_1_Design/Voltage Output/InPort/U_Ch22_Voltage_Out_Enable,0,0,0,,{0},是
env,average,输入,env_1_Design/Voltage Output/InPort/U_Ch22_FIU_Value,0,0,0,,{0},是
env,average,输入,env_1_Design/Voltage Output/InPort/U_Ch23_Voltage_Out,0,0,0,,{0},是
env,average,输入,env_1_Design/Voltage Output/InPort/U_Ch23_Voltage_Out_Enable,0,0,0,,{0},是
env,average,输入,env_1_Design/Voltage Output/InPort/U_Ch23_FIU_Value,0,0,0,,{0},是
env,average,输入,env_1_Design/Voltage Output/InPort/U_Ch24_Voltage_Out,0,0,0,,{0},是
env,average,输入,env_1_Design/Voltage Output/InPort/U_Ch24_Voltage_Out_Enable,0,0,0,,{0},是
env,average,输入,env_1_Design/Voltage Output/InPort/U_Ch24_FIU_Value,0,0,0,,{0},是
env,average,输入,env_1_Design/Voltage Output/InPort/U_Ch25_Voltage_Out,0,0,0,,{0},是
env,average,输入,env_1_Design/Voltage Output/InPort/U_Ch25_Voltage_Out_Enable,0,0,0,,{0},是
env,average,输入,env_1_Design/Voltage Output/InPort/U_Ch25_FIU_Value,0,0,0,,{0},是
env,average,输入,env_1_Design/Voltage Output/InPort/U_Ch26_Voltage_Out,0,0,0,,{0},是
env,average,输入,env_1_Design/Voltage Output/InPort/U_Ch26_Voltage_Out_Enable,0,0,0,,{0},是
env,average,输入,env_1_Design/Voltage Output/InPort/U_Ch26_FIU_Value,0,0,0,,{0},是
env,average,输入,env_1_Design/Voltage Output/InPort/U_Ch27_Voltage_Out,0,0,0,,{0},是
env,average,输入,env_1_Design/Voltage Output/InPort/U_Ch27_Voltage_Out_Enable,0,0,0,,{0},是
env,average,输入,env_1_Design/Voltage Output/InPort/U_Ch27_FIU_Value,0,0,0,,{0},是
env,average,输入,env_1_Design/Voltage Output/InPort/U_Ch28_Voltage_Out,0,0,0,,{0},是
env,average,输入,env_1_Design/Voltage Output/InPort/U_Ch28_Voltage_Out_Enable,0,0,0,,{0},是
env,average,输入,env_1_Design/Voltage Output/InPort/U_Ch28_FIU_Value,0,0,0,,{0},是
env,average,输入,env_1_Design/Voltage Output/InPort/U_Ch29_Voltage_Out,0,0,0,,{0},是
env,average,输入,env_1_Design/Voltage Output/InPort/U_Ch29_Voltage_Out_Enable,0,0,0,,{0},是
env,average,输入,env_1_Design/Voltage Output/InPort/U_Ch29_FIU_Value,0,0,0,,{0},是
env,average,输入,env_1_Design/Voltage Output/InPort/U_Ch30_Voltage_Out,0,0,0,,{0},是
env,average,输入,env_1_Design/Voltage Output/InPort/U_Ch30_Voltage_Out_Enable,0,0,0,,{0},是
env,average,输入,env_1_Design/Voltage Output/InPort/U_Ch30_FIU_Value,0,0,0,,{0},是
env,average,输入,env_1_Design/Voltage Output/InPort/U_Ch31_Voltage_Out,0,0,0,,{0},是
env,average,输入,env_1_Design/Voltage Output/InPort/U_Ch31_Voltage_Out_Enable,0,0,0,,{0},是
env,average,输入,env_1_Design/Voltage Output/InPort/U_Ch31_FIU_Value,0,0,0,,{0},是
env,average,输入,env_1_Design/Voltage Output/InPort/U_Ch32_Voltage_Out,0,0,0,,{0},是
env,average,输入,env_1_Design/Voltage Output/InPort/U_Ch32_Voltage_Out_Enable,0,0,0,,{0},是
env,average,输入,env_1_Design/Voltage Output/InPort/U_Ch32_FIU_Value,0,0,0,,{0},是
env,average,输入,env_1_Design/Voltage Output/InPort/U_Ch33_Voltage_Out,0,0,0,,{0},是
env,average,输入,env_1_Design/Voltage Output/InPort/U_Ch33_Voltage_Out_Enable,0,0,0,,{0},是
env,average,输入,env_1_Design/Voltage Output/InPort/U_Ch33_FIU_Value,0,0,0,,{0},是
env,average,输入,env_1_Design/Voltage Output/InPort/U_Ch34_Voltage_Out,0,0,0,,{0},是
env,average,输入,env_1_Design/Voltage Output/InPort/U_Ch34_Voltage_Out_Enable,0,0,0,,{0},是
env,average,输入,env_1_Design/Voltage Output/InPort/U_Ch34_FIU_Value,0,0,0,,{0},是
env,average,输入,env_1_Design/Voltage Output/InPort/U_Ch35_Voltage_Out,0,0,0,,{0},是
env,average,输入,env_1_Design/Voltage Output/InPort/U_Ch35_Voltage_Out_Enable,0,0,0,,{0},是
env,average,输入,env_1_Design/Voltage Output/InPort/U_Ch35_FIU_Value,0,0,0,,{0},是
env,average,输入,env_1_Design/Voltage Output/InPort/U_Ch36_Voltage_Out,0,0,0,,{0},是
env,average,输入,env_1_Design/Voltage Output/InPort/U_Ch36_Voltage_Out_Enable,0,0,0,,{0},是
env,average,输入,env_1_Design/Voltage Output/InPort/U_Ch36_FIU_Value,0,0,0,,{0},是
env,average,输入,env_1_Design/Voltage Output/InPort/U_Ch37_Voltage_Out,0,0,0,,{0},是
env,average,输入,env_1_Design/Voltage Output/InPort/U_Ch37_Voltage_Out_Enable,0,0,0,,{0},是
env,average,输入,env_1_Design/Voltage Output/InPort/U_Ch37_FIU_Value,0,0,0,,{0},是
env,average,输入,env_1_Design/Voltage Output/InPort/U_Ch38_Voltage_Out,0,0,0,,{0},是
env,average,输入,env_1_Design/Voltage Output/InPort/U_Ch38_Voltage_Out_Enable,0,0,0,,{0},是
env,average,输入,env_1_Design/Voltage Output/InPort/U_Ch38_FIU_Value,0,0,0,,{0},是
env,average,输入,env_1_Design/Voltage Output/InPort/U_Ch39_Voltage_Out,0,0,0,,{0},是
env,average,输入,env_1_Design/Voltage Output/InPort/U_Ch39_Voltage_Out_Enable,0,0,0,,{0},是
env,average,输入,env_1_Design/Voltage Output/InPort/U_Ch39_FIU_Value,0,0,0,,{0},是
env,average,输入,env_1_Design/Voltage Output/InPort/U_Ch40_Voltage_Out,0,0,0,,{0},是
env,average,输入,env_1_Design/Voltage Output/InPort/U_Ch40_Voltage_Out_Enable,0,0,0,,{0},是
env,average,输入,env_1_Design/Voltage Output/InPort/U_Ch40_FIU_Value,0,0,0,,{0},是
env,average,输入,env_1_Design/Voltage Output/InPort/U_Ch41_Voltage_Out,0,0,0,,{0},是
env,average,输入,env_1_Design/Voltage Output/InPort/U_Ch41_Voltage_Out_Enable,0,0,0,,{0},是
env,average,输入,env_1_Design/Voltage Output/InPort/U_Ch41_FIU_Value,0,0,0,,{0},是
env,average,输入,env_1_Design/Voltage Output/InPort/U_Ch42_Voltage_Out,0,0,0,,{0},是
env,average,输入,env_1_Design/Voltage Output/InPort/U_Ch42_Voltage_Out_Enable,0,0,0,,{0},是
env,average,输入,env_1_Design/Voltage Output/InPort/U_Ch42_FIU_Value,0,0,0,,{0},是
env,average,输入,env_1_Design/Voltage Output/InPort/U_Ch43_Voltage_Out,0,0,0,,{0},是
env,average,输入,env_1_Design/Voltage Output/InPort/U_Ch43_Voltage_Out_Enable,0,0,0,,{0},是
env,average,输入,env_1_Design/Voltage Output/InPort/U_Ch43_FIU_Value,0,0,0,,{0},是
env,average,输入,env_1_Design/Voltage Output/InPort/U_Ch44_Voltage_Out,0,0,0,,{0},是
env,average,输入,env_1_Design/Voltage Output/InPort/U_Ch44_Voltage_Out_Enable,0,0,0,,{0},是
env,average,输入,env_1_Design/Voltage Output/InPort/U_Ch44_FIU_Value,0,0,0,,{0},是
env,average,输入,env_1_Design/Voltage Output/InPort/U_Ch45_Voltage_Out,0,0,0,,{0},是
env,average,输入,env_1_Design/Voltage Output/InPort/U_Ch45_Voltage_Out_Enable,0,0,0,,{0},是
env,average,输入,env_1_Design/Voltage Output/InPort/U_Ch45_FIU_Value,0,0,0,,{0},是
env,average,输入,env_1_Design/Voltage Output/InPort/U_Ch46_Voltage_Out,0,0,0,,{0},是
env,average,输入,env_1_Design/Voltage Output/InPort/U_Ch46_Voltage_Out_Enable,0,0,0,,{0},是
env,average,输入,env_1_Design/Voltage Output/InPort/U_Ch46_FIU_Value,0,0,0,,{0},是
env,average,输入,env_1_Design/Voltage Output/InPort/U_Ch47_Voltage_Out,0,0,0,,{0},是
env,average,输入,env_1_Design/Voltage Output/InPort/U_Ch47_Voltage_Out_Enable,0,0,0,,{0},是
env,average,输入,env_1_Design/Voltage Output/InPort/U_Ch47_FIU_Value,0,0,0,,{0},是
env,average,输入,env_1_Design/Voltage Output/InPort/U_Ch48_Voltage_Out,0,0,0,,{0},是
env,average,输入,env_1_Design/Voltage Output/InPort/U_Ch48_Voltage_Out_Enable,0,0,0,,{0},是
env,average,输入,env_1_Design/Voltage Output/InPort/U_Ch48_FIU_Value,0,0,0,,{0},是
env,average,输入,env_1_Design/Voltage Output/InPort/Model_Disabled,0,0,0,,{0},是
env,average,输入,env_1_Design/Voltage Output/InPort/Model_Reset,0,0,0,,{0},是
env,average,输出,env_1_Design/Voltage Output/OutPort/Y_Ch1_Support_Features,0,0,0,,{0},是
env,average,输出,env_1_Design/Voltage Output/OutPort/Y_Ch1.Valid,0,0,0,,{0},是
env,average,输出,env_1_Design/Voltage Output/OutPort/Y_Ch2_Support_Features,0,0,0,,{0},是
env,average,输出,env_1_Design/Voltage Output/OutPort/Y_Ch2.Valid,0,0,0,,{0},是
env,average,输出,env_1_Design/Voltage Output/OutPort/Y_Ch3_Support_Features,0,0,0,,{0},是
env,average,输出,env_1_Design/Voltage Output/OutPort/Y_Ch3.Valid,0,0,0,,{0},是
env,average,输出,env_1_Design/Voltage Output/OutPort/Y_Ch4_Support_Features,0,0,0,,{0},是
env,average,输出,env_1_Design/Voltage Output/OutPort/Y_Ch4.Valid,0,0,0,,{0},是
env,average,输出,env_1_Design/Voltage Output/OutPort/Y_Ch5_Support_Features,0,0,0,,{0},是
env,average,输出,env_1_Design/Voltage Output/OutPort/Y_Ch5.Valid,0,0,0,,{0},是
env,average,输出,env_1_Design/Voltage Output/OutPort/Y_Ch6_Support_Features,0,0,0,,{0},是
env,average,输出,env_1_Design/Voltage Output/OutPort/Y_Ch6.Valid,0,0,0,,{0},是
env,average,输出,env_1_Design/Voltage Output/OutPort/Y_Ch7_Support_Features,0,0,0,,{0},是
env,average,输出,env_1_Design/Voltage Output/OutPort/Y_Ch7.Valid,0,1,2,"60.047, 60.247","{0, 1}",是
env,average,输出,env_1_Design/Voltage Output/OutPort/Y_Ch8_Support_Features,0,0,0,,{0},是
env,average,输出,env_1_Design/Voltage Output/OutPort/Y_Ch8.Valid,0,1,79,"2.247, 2.447, 2.647, 6.847, 7.047, 7.647, 7.847, 18.247, 18.447, 20.447 …","{0, 1}",是
env,average,输出,env_1_Design/Voltage Output/OutPort/Y_Ch9_Support_Features,0,0,0,,{0},是
env,average,输出,env_1_Design/Voltage Output/OutPort/Y_Ch9.Valid,0,0,0,,{0},是
env,average,输出,env_1_Design/Voltage Output/OutPort/Y_Ch10_Support_Features,0,0,0,,{0},是
env,average,输出,env_1_Design/Voltage Output/OutPort/Y_Ch10.Valid,0,0,0,,{0},是
env,average,输出,env_1_Design/Voltage Output/OutPort/Y_Ch11_Support_Features,0,0,0,,{0},是
env,average,输出,env_1_Design/Voltage Output/OutPort/Y_Ch11.Valid,0,0,0,,{0},是
env,average,输出,env_1_Design/Voltage Output/OutPort/Y_Ch12_Support_Features,0,0,0,,{0},是
env,average,输出,env_1_Design/Voltage Output/OutPort/Y_Ch12.Valid,0,0,0,,{0},是
env,average,输出,env_1_Design/Voltage Output/OutPort/Y_Ch13_Support_Features,0,0,0,,{0},是
env,average,输出,env_1_Design/Voltage Output/OutPort/Y_Ch13.Valid,0,0,0,,{0},是
env,average,输出,env_1_Design/Voltage Output/OutPort/Y_Ch14_Support_Features,0,0,0,,{0},是
env,average,输出,env_1_Design/Voltage Output/OutPort/Y_Ch14.Valid,0,0,0,,{0},是
env,average,输出,env_1_Design/Voltage Output/OutPort/Y_Ch15_Support_Features,0,0,0,,{0},是
env,average,输出,env_1_Design/Voltage Output/OutPort/Y_Ch15.Valid,0,0,0,,{0},是
env,average,输出,env_1_Design/Voltage Output/OutPort/Y_Ch16_Support_Features,0,0,0,,{0},是
env,average,输出,env_1_Design/Voltage Output/OutPort/Y_Ch16.Valid,0,0,0,,{0},是
env,average,输出,env_1_Design/Voltage Output/OutPort/Y_Ch17_Support_Features,0,0,0,,{0},是
env,average,输出,env_1_Design/Voltage Output/OutPort/Y_Ch17.Valid,0,0,0,,{0},是
env,average,输出,env_1_Design/Voltage Output/OutPort/Y_Ch18_Support_Features,0,0,0,,{0},是
env,average,输出,env_1_Design/Voltage Output/OutPort/Y_Ch18.Valid,0,0,0,,{0},是
env,average,输出,env_1_Design/Voltage Output/OutPort/Y_Ch19_Support_Features,0,0,0,,{0},是
env,average,输出,env_1_Design/Voltage Output/OutPort/Y_Ch19.Valid,0,0,0,,{0},是
env,average,输出,env_1_Design/Voltage Output/OutPort/Y_Ch20_Support_Features,0,0,0,,{0},是
env,average,输出,env_1_Design/Voltage Output/OutPort/Y_Ch20.Valid,0,0,0,,{0},是
env,average,输出,env_1_Design/Voltage Output/OutPort/Y_Ch21_Support_Features,0,0,0,,{0},是
env,average,输出,env_1_Design/Voltage Output/OutPort/Y_Ch21.Valid,0,0,0,,{0},是
env,average,输出,env_1_Design/Voltage Output/OutPort/Y_Ch22_Support_Features,0,0,0,,{0},是
env,average,输出,env_1_Design/Voltage Output/OutPort/Y_Ch22.Valid,0,0,0,,{0},是
env,average,输出,env_1_Design/Voltage Output/OutPort/Y_Ch23_Support_Features,0,0,0,,{0},是
env,average,输出,env_1_Design/Voltage Output/OutPort/Y_Ch23.Valid,0,0,0,,{0},是
env,average,输出,env_1_Design/Voltage Output/OutPort/Y_Ch24_Support_Features,0,0,0,,{0},是
env,average,输出,env_1_Design/Voltage Output/OutPort/Y_Ch24.Valid,0,0,0,,{0},是
env,average,输出,env_1_Design/Voltage Output/OutPort/Y_Ch25_Support_Features,0,0,0,,{0},是
env,average,输出,env_1_Design/Voltage Output/OutPort/Y_Ch25.Valid,0,0,0,,{0},是
env,average,输出,env_1_Design/Voltage Output/OutPort/Y_Ch26_Support_Features,0,0,0,,{0},是
env,average,输出,env_1_Design/Voltage Output/OutPort/Y_Ch26.Valid,0,0,0,,{0},是
env,average,输出,env_1_Design/Voltage Output/OutPort/Y_Ch27_Support_Features,0,0,0,,{0},是
env,average,输出,env_1_Design/Voltage Output/OutPort/Y_Ch27.Valid,0,0,0,,{0},是
env,average,输出,env_1_Design/Voltage Output/OutPort/Y_Ch28_Support_Features,0,0,0,,{0},是
env,average,输出,env_1_Design/Voltage Output/OutPort/Y_Ch28.Valid,0,0,0,,{0},是
env,average,输出,env_1_Design/Voltage Output/OutPort/Y_Ch29_Support_Features,0,0,0,,{0},是
env,average,输出,env_1_Design/Voltage Output/OutPort/Y_Ch29.Valid,0,0,0,,{0},是
env,average,输出,env_1_Design/Voltage Output/OutPort/Y_Ch30_Support_Features,0,0,0,,{0},是
env,average,输出,env_1_Design/Voltage Output/OutPort/Y_Ch30.Valid,0,0,0,,{0},是
env,average,输出,env_1_Design/Voltage Output/OutPort/Y_Ch31_Support_Features,0,0,0,,{0},是
env,average,输出,env_1_Design/Voltage Output/OutPort/Y_Ch31.Valid,0,0,0,,{0},是
env,average,输出,env_1_Design/Voltage Output/OutPort/Y_Ch32_Support_Features,0,0,0,,{0},是
env,average,输出,env_1_Design/Voltage Output/OutPort/Y_Ch32.Valid,0,0,0,,{0},是
env,average,输出,env_1_Design/Voltage Output/OutPort/Y_Ch33_Support_Features,0,0,0,,{0},是
env,average,输出,env_1_Design/Voltage Output/OutPort/Y_Ch33.Valid,0,0,0,,{0},是
env,average,输出,env_1_Design/Voltage Output/OutPort/Y_Ch34_Support_Features,0,0,0,,{0},是
env,average,输出,env_1_Design/Voltage Output/OutPort/Y_Ch34.Valid,0,0,0,,{0},是
env,average,输出,env_1_Design/Voltage Output/OutPort/Y_Ch35_Support_Features,0,0,0,,{0},是
env,average,输出,env_1_Design/Voltage Output/OutPort/Y_Ch35.Valid,0,0,0,,{0},是
env,average,输出,env_1_Design/Voltage Output/OutPort/Y_Ch36_Support_Features,0,0,0,,{0},是
env,average,输出,env_1_Design/Voltage Output/OutPort/Y_Ch36.Valid,0,0,0,,{0},是
env,average,输出,env_1_Design/Voltage Output/OutPort/Y_Ch37_Support_Features,0,0,0,,{0},是
env,average,输出,env_1_Design/Voltage Output/OutPort/Y_Ch37.Valid,0,0,0,,{0},是
env,average,输出,env_1_Design/Voltage Output/OutPort/Y_Ch38_Support_Features,0,0,0,,{0},是
env,average,输出,env_1_Design/Voltage Output/OutPort/Y_Ch38.Valid,0,0,0,,{0},是
env,average,输出,env_1_Design/CAN/OutPort/CAN_CH8.Statistic.Receive.Y_CAN_Ch8_TotalRxStdRemoteFramesCnt,0,0,0,,{0},否
env,average,输出,env_1_Design/CAN/OutPort/CAN_CH8.Statistic.Receive.Y_CAN_Ch8_RxStdRemoteFramesCnt,0,0,0,,{0},否
env,average,输出,env_1_Design/CAN/OutPort/CAN_CH8.Statistic.Receive.Y_CAN_Ch8_TotalRxExtRemoteFramesCnt,0,0,0,,{0},否
env,average,输出,env_1_Design/CAN/OutPort/CAN_CH8.Statistic.Receive.Y_CAN_Ch8_RxExtRemoteFramesCnt,0,0,0,,{0},否
env,average,输出,env_1_Design/CAN/OutPort/CAN_CH8.Statistic.ErrorFrame.Y_CAN_Ch8_TotalTxErrorsCnt,0,0,0,,{0},否
env,average,输出,env_1_Design/CAN/OutPort/CAN_CH8.Statistic.ErrorFrame.Y_CAN_Ch8_TotalRxErrorsCnt,0,0,0,,{0},否
env,average,输出,env_1_Design/CAN/OutPort/CAN_CH8.Statistic.ErrorFrame.Y_CAN_Ch8_TotalErrorsCnt,0,0,0,,{0},否
env,average,输出,env_1_Design/CAN/OutPort/CAN_CH8.Statistic.ErrorFrame.Y_CAN_Ch8_TxErrorsCnt,0,0,0,,{0},否
env,average,输出,env_1_Design/CAN/OutPort/CAN_CH8.Statistic.ErrorFrame.Y_CAN_Ch8_RxErrorsCnt,0,0,0,,{0},否
env,average,输出,env_1_Design/CAN/OutPort/CAN_CH8.Statistic.ErrorFrame.Y_CAN_Ch8_ErrorsCnt,0,0,0,,{0},否
env,average,输出,env_1_Design/CAN/OutPort/CAN_CH8.Statistic.ErrorFrame.Y_CAN_Ch8_TotalNackErrorsCnt,0,0,0,,{0},否
env,average,输出,env_1_Design/CAN/OutPort/CAN_CH8.Statistic.ErrorFrame.Y_CAN_Ch8_TotalSufferErrorsCnt,0,0,0,,{0},否
env,average,输出,env_1_Design/CAN/OutPort/CAN_CH8.Statistic.ErrorFrame.Y_CAN_Ch8_TotalBit0ErrorsCnt,0,0,0,,{0},否
env,average,输出,env_1_Design/CAN/OutPort/CAN_CH8.Statistic.ErrorFrame.Y_CAN_Ch8_TotalBit1ErrorsCnt,0,0,0,,{0},否
env,average,输出,env_1_Design/CAN/OutPort/CAN_CH8.Statistic.ErrorFrame.Y_CAN_Ch8_TotalCrcErrorsCnt,0,0,0,,{0},否
env,average,输出,env_1_Design/CAN/OutPort/CAN_CH8.Statistic.ErrorFrame.Y_CAN_Ch8_TotalFormErrorsCnt,0,0,0,,{0},否
env,average,输出,env_1_Design/CAN/OutPort/CAN_CH8.Statistic.ErrorFrame.Y_CAN_Ch8_NackErrorsCnt,0,0,0,,{0},否
env,average,输出,env_1_Design/CAN/OutPort/CAN_CH8.Statistic.ErrorFrame.Y_CAN_Ch8_SufferErrorsCnt,0,0,0,,{0},否
env,average,输出,env_1_Design/CAN/OutPort/CAN_CH8.Statistic.ErrorFrame.Y_CAN_Ch8_Bit0ErrorsCnt,0,0,0,,{0},否
env,average,输出,env_1_Design/CAN/OutPort/CAN_CH8.Statistic.ErrorFrame.Y_CAN_Ch8_Bit1ErrorsCnt,0,0,0,,{0},否
env,average,输出,env_1_Design/CAN/OutPort/CAN_CH8.Statistic.ErrorFrame.Y_CAN_Ch8_CrcErrorsCnt,0,0,0,,{0},否
env,average,输出,env_1_Design/CAN/OutPort/CAN_CH8.Statistic.ErrorFrame.Y_CAN_Ch8_FormErrorsCnt,0,0,0,,{0},否
env,average,输出,env_1_Design/CAN/OutPort/CAN_CH8.Statistic.AllFrame.Y_CAN_Ch8_TotalFramesCnt,0,0,0,,{0},否
env,average,输出,env_1_Design/CAN/OutPort/CAN_CH8.Statistic.AllFrame.Y_CAN_Ch8_FramesCnt,0,0,0,,{0},否
env,average,输出,env_1_Design/CAN/OutPort/CAN_CH8.Statistic.AllFrame.Y_CAN_Ch8_TotalStdFramesCnt,0,0,0,,{0},否
env,average,输出,env_1_Design/CAN/OutPort/CAN_CH8.Statistic.AllFrame.Y_CAN_Ch8_StdFramesCnt,0,0,0,,{0},否
env,average,输出,env_1_Design/CAN/OutPort/CAN_CH8.Statistic.AllFrame.Y_CAN_Ch8_TotalExtFramesCnt,0,0,0,,{0},否
env,average,输出,env_1_Design/CAN/OutPort/CAN_CH8.Statistic.AllFrame.Y_CAN_Ch8_ExtFramesCnt,0,0,0,,{0},否
env,average,输出,env_1_Design/CAN/OutPort/CAN_CH8.Statistic.AllFrame.Y_CAN_Ch8_TotalStdRemoteFramesCnt,0,0,0,,{0},否
env,average,输出,env_1_Design/CAN/OutPort/CAN_CH8.Statistic.AllFrame.Y_CAN_Ch8_StdRemoteFramesCnt,0,0,0,,{0},否
env,average,输出,env_1_Design/CAN/OutPort/CAN_CH8.Statistic.AllFrame.Y_CAN_Ch8_TotalExtRemoteFramesCnt,0,0,0,,{0},否
env,average,输出,env_1_Design/CAN/OutPort/CAN_CH8.Statistic.AllFrame.Y_CAN_Ch8_ExtRemoteFramesCnt,0,0,0,,{0},否
env,average,输出,env_1_Design/CAN/OutPort/CAN_CH8.Statistic.Y_CAN_Ch8_BurstTime,0,0,0,,{0},否
env,average,输出,env_1_Design/CAN/OutPort/CAN_CH8.Valid,0,0,0,,{0},否
env,average,输出,env_1_Design/CAN/OutPort/CAN_CH8.Background_Traffic.Valid,0,0,0,,{0},否
env,average,输出,env_1_Design/CAN/OutPort/CAN_CH8.Sample_Point_Test.Result,0,0,0,,{0},否
env,average,输出,env_1_Design/CAN/OutPort/CAN_CH8.Sample_Point_Test.Arbitration_Phase.Measeure_Sample_Ponit,0,0,0,,{0},否
env,average,输出,env_1_Design/CAN/OutPort/CAN_CH8.Sample_Point_Test.Data_Phase.Measeure_Sample_Ponit,0,0,0,,{0},否
env,average,输出,env_1_Design/CAN/OutPort/CAN_CH8.Sample_Point_Test.Valid,0,0,0,,{0},否
env,average,输出,env_1_Design/CAN/OutPort/CAN_CH8.Error_Inject.Valid,0,0,0,,{0},否
env,average,输出,env_1_Design/CAN/OutPort/CAN_CH8.Custom_Sequence.Valid,0,0,0,,{0},否
env,average,内部/未标记,env_1_Design/CAN/Measurement/Runtime(us),5,24,537,"2.417, 2.817, 3.017, 3.217, 3.417, 3.617, 4.017, 4.217, 4.417, 4.617 …",min=5; max=24; distinct=19,否
env,average,内部/未标记,env_1_Design/CAN/Measurement/Runtime_Min(us),1,1,0,,{1},否
env,average,内部/未标记,env_1_Design/CAN/Measurement/Runtime_Max(us),51,51,0,,{51},否
env,average,内部/未标记,env_1_Design/CAN/Measurement/Schedule_Interval(us),258,588,647,"2.417, 2.617, 2.817, 3.017, 3.217, 3.417, 3.617, 3.817, 4.017, 4.217 …",min=258; max=588; distinct=210,否
env,average,内部/未标记,env_1_Design/CAN/Measurement/Schedule_Interval_Min(us),5,5,0,,{5},否
env,average,内部/未标记,env_1_Design/CAN/Measurement/Schedule_Interval_Max(us),6300,6300,0,,{6300},否
env,average,内部/未标记,env_1_Design/CAN/Measurement/Schedule_Count,55640,140847,648,"2.417, 2.617, 2.817, 3.017, 3.217, 3.417, 3.617, 3.817, 4.017, 4.217 …",min=55640; max=140847; distinct=649,否
env,average,内部/未标记,env_1_Design/CAN/Measurement/Activate_Fail_Count,0,0,0,,{0},否
env,average,内部/未标记,env_1_Design/CAN/Measurement/Processor,5,15,596,"2.417, 2.617, 2.817, 3.017, 3.217, 3.417, 3.617, 3.817, 4.017, 4.217 …",min=5; max=15; distinct=11,否
env,average,输入,env_1_Design/Digital Input/InPort/U_DI_Ch1_Enable,0,0,0,,{0},否
env,average,输入,env_1_Design/Digital Input/InPort/U_DI_Ch1_FIU_Value,0,0,0,,{0},否
env,average,输入,env_1_Design/Digital Input/InPort/U_DI_Ch1_SafetySwitch,0,0,0,,{0},否
env,average,输入,env_1_Design/Digital Input/InPort/U_DI_Ch2_Enable,0,0,0,,{0},否
env,average,输入,env_1_Design/Digital Input/InPort/U_DI_Ch2_FIU_Value,0,0,0,,{0},否
env,average,输入,env_1_Design/Digital Input/InPort/U_DI_Ch2_SafetySwitch,0,0,0,,{0},否
env,average,输入,env_1_Design/Digital Input/InPort/U_DI_Ch3_Enable,0,0,0,,{0},否
env,average,输入,env_1_Design/Digital Input/InPort/U_DI_Ch3_FIU_Value,0,0,0,,{0},否
env,average,输入,env_1_Design/Digital Input/InPort/U_DI_Ch3_SafetySwitch,0,0,0,,{0},否
env,average,输入,env_1_Design/Digital Input/InPort/U_DI_Ch4_Enable,0,0,0,,{0},否
env,average,输入,env_1_Design/Digital Input/InPort/U_DI_Ch4_FIU_Value,0,0,0,,{0},否
env,average,输入,env_1_Design/Digital Input/InPort/U_DI_Ch4_SafetySwitch,0,0,0,,{0},否
env,average,输入,env_1_Design/Digital Input/InPort/U_DI_Ch5_Enable,0,0,0,,{0},否
env,average,输入,env_1_Design/Digital Input/InPort/U_DI_Ch5_FIU_Value,0,0,0,,{0},否
env,average,输入,env_1_Design/Digital Input/InPort/U_DI_Ch5_SafetySwitch,0,0,0,,{0},否
env,average,输入,env_1_Design/Digital Input/InPort/U_DI_Ch6_Enable,0,0,0,,{0},否
env,average,输入,env_1_Design/Digital Input/InPort/U_DI_Ch6_FIU_Value,0,0,0,,{0},否
env,average,输入,env_1_Design/Digital Input/InPort/U_DI_Ch6_SafetySwitch,0,0,0,,{0},否
env,average,输入,env_1_Design/Digital Input/InPort/U_DI_Ch7_Enable,0,0,0,,{0},否
env,average,输入,env_1_Design/Digital Input/InPort/U_DI_Ch7_FIU_Value,0,0,0,,{0},否
env,average,输入,env_1_Design/Digital Input/InPort/U_DI_Ch7_SafetySwitch,0,0,0,,{0},否
env,average,输入,env_1_Design/Digital Input/InPort/U_DI_Ch8_Enable,0,0,0,,{0},否
env,average,输入,env_1_Design/Digital Input/InPort/U_DI_Ch8_FIU_Value,0,0,0,,{0},否
env,average,输入,env_1_Design/Digital Input/InPort/U_DI_Ch8_SafetySwitch,0,0,0,,{0},否
env,average,输入,env_1_Design/Digital Input/InPort/U_DI_Ch9_Enable,0,0,0,,{0},否
env,average,输入,env_1_Design/Digital Input/InPort/U_DI_Ch9_FIU_Value,0,0,0,,{0},否
env,average,输入,env_1_Design/Digital Input/InPort/U_DI_Ch9_SafetySwitch,0,0,0,,{0},否
env,average,输入,env_1_Design/Digital Input/InPort/U_DI_Ch10_Enable,0,0,0,,{0},否
env,average,输入,env_1_Design/Digital Input/InPort/U_DI_Ch10_FIU_Value,0,0,0,,{0},否
env,average,输入,env_1_Design/Digital Input/InPort/U_DI_Ch10_SafetySwitch,0,0,0,,{0},否
env,average,输入,env_1_Design/Digital Input/InPort/U_DI_Ch11_Enable,0,0,0,,{0},否
env,average,输入,env_1_Design/Digital Input/InPort/U_DI_Ch11_FIU_Value,0,0,0,,{0},否
env,average,输入,env_1_Design/Digital Input/InPort/U_DI_Ch11_SafetySwitch,0,0,0,,{0},否
env,average,输入,env_1_Design/Digital Input/InPort/U_DI_Ch12_Enable,0,0,0,,{0},否
env,average,输入,env_1_Design/Digital Input/InPort/U_DI_Ch12_FIU_Value,0,0,0,,{0},否
env,average,输入,env_1_Design/Digital Input/InPort/U_DI_Ch12_SafetySwitch,0,0,0,,{0},否
env,average,输入,env_1_Design/Digital Input/InPort/U_DI_Ch13_Enable,0,0,0,,{0},否
env,average,输入,env_1_Design/Digital Input/InPort/U_DI_Ch13_FIU_Value,0,0,0,,{0},否
env,average,输入,env_1_Design/Digital Input/InPort/U_DI_Ch13_SafetySwitch,0,0,0,,{0},否
env,average,输入,env_1_Design/Digital Input/InPort/U_DI_Ch14_Enable,0,0,0,,{0},否
env,average,输入,env_1_Design/Digital Input/InPort/U_DI_Ch14_FIU_Value,0,0,0,,{0},否
env,average,输入,env_1_Design/Digital Input/InPort/U_DI_Ch14_SafetySwitch,0,0,0,,{0},否
env,average,输入,env_1_Design/Digital Input/InPort/U_DI_Ch15_Enable,0,0,0,,{0},否
env,average,输入,env_1_Design/Digital Input/InPort/U_DI_Ch15_FIU_Value,0,0,0,,{0},否
env,average,输入,env_1_Design/Digital Input/InPort/U_DI_Ch15_SafetySwitch,0,0,0,,{0},否
env,average,输入,env_1_Design/Digital Input/InPort/U_DI_Ch16_Enable,0,0,0,,{0},否
env,average,输入,env_1_Design/Digital Input/InPort/U_DI_Ch16_FIU_Value,0,0,0,,{0},否
env,average,输入,env_1_Design/Digital Input/InPort/U_DI_Ch16_SafetySwitch,0,0,0,,{0},否
env,average,输入,env_1_Design/Digital Input/InPort/U_DI_Ch17_Enable,0,0,0,,{0},否
env,average,输入,env_1_Design/Digital Input/InPort/U_DI_Ch17_FIU_Value,0,0,0,,{0},否
env,average,输入,env_1_Design/Digital Input/InPort/U_DI_Ch17_SafetySwitch,0,0,0,,{0},否
env,average,输入,env_1_Design/Digital Input/InPort/U_DI_Ch18_Enable,0,0,0,,{0},否
env,average,输入,env_1_Design/Digital Input/InPort/U_DI_Ch18_FIU_Value,0,0,0,,{0},否
env,average,输入,env_1_Design/Digital Input/InPort/U_DI_Ch18_SafetySwitch,0,0,0,,{0},否
env,average,输入,env_1_Design/Digital Input/InPort/U_DI_Ch19_Enable,0,0,0,,{0},否
env,average,输入,env_1_Design/Digital Input/InPort/U_DI_Ch19_FIU_Value,0,0,0,,{0},否
env,average,输入,env_1_Design/Digital Input/InPort/U_DI_Ch19_SafetySwitch,0,0,0,,{0},否
env,average,输入,env_1_Design/Digital Input/InPort/U_DI_Ch20_Enable,0,0,0,,{0},否
env,average,输入,env_1_Design/Digital Input/InPort/U_DI_Ch20_FIU_Value,0,0,0,,{0},否
env,average,输入,env_1_Design/Digital Input/InPort/U_DI_Ch20_SafetySwitch,0,0,0,,{0},否
env,average,输入,env_1_Design/Digital Input/InPort/U_DI_Ch21_Enable,0,0,0,,{0},否
env,average,输入,env_1_Design/Digital Input/InPort/U_DI_Ch21_FIU_Value,0,0,0,,{0},否
env,average,输入,env_1_Design/Digital Input/InPort/U_DI_Ch21_SafetySwitch,0,0,0,,{0},否
env,average,输入,env_1_Design/Digital Input/InPort/U_DI_Ch22_Enable,0,0,0,,{0},否
env,average,输入,env_1_Design/Digital Input/InPort/U_DI_Ch22_FIU_Value,0,0,0,,{0},否
env,average,输入,env_1_Design/Digital Input/InPort/U_DI_Ch22_SafetySwitch,0,0,0,,{0},否
env,average,输入,env_1_Design/Digital Input/InPort/U_DI_Ch23_Enable,0,0,0,,{0},否
env,average,输入,env_1_Design/Digital Input/InPort/U_DI_Ch23_FIU_Value,0,0,0,,{0},否
env,average,输入,env_1_Design/Digital Input/InPort/U_DI_Ch23_SafetySwitch,0,0,0,,{0},否
env,average,输入,env_1_Design/Digital Input/InPort/U_DI_Ch24_Enable,0,0,0,,{0},否
env,average,输入,env_1_Design/Digital Input/InPort/U_DI_Ch24_FIU_Value,0,0,0,,{0},否
env,average,输入,env_1_Design/Digital Input/InPort/U_DI_Ch24_SafetySwitch,0,0,0,,{0},否
env,average,输入,env_1_Design/Digital Input/InPort/U_DI_Ch25_Enable,0,0,0,,{0},否
env,average,输入,env_1_Design/Digital Input/InPort/U_DI_Ch25_FIU_Value,0,0,0,,{0},否
env,average,输入,env_1_Design/Digital Input/InPort/U_DI_Ch25_SafetySwitch,0,0,0,,{0},否
env,average,输入,env_1_Design/Digital Input/InPort/U_DI_Ch26_Enable,0,0,0,,{0},否
env,average,输入,env_1_Design/Digital Input/InPort/U_DI_Ch26_FIU_Value,0,0,0,,{0},否
env,average,输入,env_1_Design/Digital Input/InPort/U_DI_Ch26_SafetySwitch,0,0,0,,{0},否
env,average,输入,env_1_Design/Digital Input/InPort/U_DI_Ch27_Enable,0,0,0,,{0},否
env,average,输入,env_1_Design/Digital Input/InPort/U_DI_Ch27_FIU_Value,0,0,0,,{0},否
env,average,输入,env_1_Design/Digital Input/InPort/U_DI_Ch27_SafetySwitch,0,0,0,,{0},否
env,average,输入,env_1_Design/Digital Input/InPort/U_DI_Ch28_Enable,0,0,0,,{0},否
env,average,输入,env_1_Design/Digital Input/InPort/U_DI_Ch28_FIU_Value,0,0,0,,{0},否
env,average,输入,env_1_Design/Digital Input/InPort/U_DI_Ch28_SafetySwitch,0,0,0,,{0},否
env,average,输入,env_1_Design/Digital Input/InPort/U_DI_Ch29_Enable,0,0,0,,{0},否
env,average,输入,env_1_Design/Digital Input/InPort/U_DI_Ch29_FIU_Value,0,0,0,,{0},否
env,average,输入,env_1_Design/Digital Input/InPort/U_DI_Ch29_SafetySwitch,0,0,0,,{0},否
env,average,输入,env_1_Design/Digital Input/InPort/U_DI_Ch30_Enable,0,0,0,,{0},否
env,average,输入,env_1_Design/Digital Input/InPort/U_DI_Ch30_FIU_Value,0,0,0,,{0},否
env,average,输入,env_1_Design/Digital Input/InPort/U_DI_Ch30_SafetySwitch,0,0,0,,{0},否
env,average,输入,env_1_Design/Digital Input/InPort/U_DI_Ch31_Enable,0,0,0,,{0},否
env,average,输入,env_1_Design/Digital Input/InPort/U_DI_Ch31_FIU_Value,0,0,0,,{0},否
env,average,输入,env_1_Design/Digital Input/InPort/U_DI_Ch31_SafetySwitch,0,0,0,,{0},否
env,average,输入,env_1_Design/Digital Input/InPort/U_DI_Ch32_Enable,0,0,0,,{0},否
env,average,输入,env_1_Design/Digital Input/InPort/U_DI_Ch32_FIU_Value,0,0,0,,{0},否
env,average,输入,env_1_Design/Digital Input/InPort/U_DI_Ch32_SafetySwitch,0,0,0,,{0},否
env,average,输入,env_1_Design/Digital Input/InPort/U_DI_Ch33_Enable,0,0,0,,{0},否
env,average,输入,env_1_Design/Digital Input/InPort/U_DI_Ch33_FIU_Value,0,0,0,,{0},否
env,average,输入,env_1_Design/Digital Input/InPort/U_DI_Ch33_SafetySwitch,0,0,0,,{0},否
env,average,输入,env_1_Design/Digital Input/InPort/U_DI_Ch34_Enable,0,0,0,,{0},否
env,average,输入,env_1_Design/Digital Input/InPort/U_DI_Ch34_FIU_Value,0,0,0,,{0},否
env,average,输入,env_1_Design/Digital Input/InPort/U_DI_Ch34_SafetySwitch,0,0,0,,{0},否
env,average,输入,env_1_Design/Digital Input/InPort/U_DI_Ch35_Enable,0,0,0,,{0},否
env,average,输入,env_1_Design/Digital Input/InPort/U_DI_Ch35_FIU_Value,0,0,0,,{0},否
env,average,输入,env_1_Design/Digital Input/InPort/U_DI_Ch35_SafetySwitch,0,0,0,,{0},否
env,average,输入,env_1_Design/Digital Input/InPort/U_DI_Ch36_Enable,0,0,0,,{0},否
env,average,输入,env_1_Design/Digital Input/InPort/U_DI_Ch36_FIU_Value,0,0,0,,{0},否
env,average,输入,env_1_Design/Digital Input/InPort/U_DI_Ch36_SafetySwitch,0,0,0,,{0},否
env,average,输入,env_1_Design/Digital Input/InPort/U_DI_Ch37_Enable,0,0,0,,{0},否
env,average,输入,env_1_Design/Digital Input/InPort/U_DI_Ch37_FIU_Value,0,0,0,,{0},否
env,average,输入,env_1_Design/Digital Input/InPort/U_DI_Ch37_SafetySwitch,0,0,0,,{0},否
env,average,输入,env_1_Design/Digital Input/InPort/U_DI_Ch38_Enable,0,0,0,,{0},否
env,average,输入,env_1_Design/Digital Input/InPort/U_DI_Ch38_FIU_Value,0,0,0,,{0},否
env,average,输入,env_1_Design/Digital Input/InPort/U_DI_Ch38_SafetySwitch,0,0,0,,{0},否
env,average,输入,env_1_Design/Digital Input/InPort/U_DI_Ch39_Enable,0,0,0,,{0},否
env,average,输入,env_1_Design/Digital Input/InPort/U_DI_Ch39_FIU_Value,0,0,0,,{0},否
env,average,输入,env_1_Design/Digital Input/InPort/U_DI_Ch39_SafetySwitch,0,0,0,,{0},否
env,average,输入,env_1_Design/Digital Input/InPort/U_DI_Ch40_Enable,0,0,0,,{0},否
env,average,输入,env_1_Design/Digital Input/InPort/U_DI_Ch40_FIU_Value,0,0,0,,{0},否
env,average,输入,env_1_Design/Digital Input/InPort/U_DI_Ch40_SafetySwitch,0,0,0,,{0},否
env,average,输入,env_1_Design/Digital Input/InPort/U_DI_Ch41_Enable,0,0,0,,{0},否
env,average,输入,env_1_Design/Digital Input/InPort/U_DI_Ch41_FIU_Value,0,0,0,,{0},否
env,average,输入,env_1_Design/Digital Input/InPort/U_DI_Ch41_SafetySwitch,0,0,0,,{0},否
env,average,输入,env_1_Design/Digital Input/InPort/U_DI_Ch42_Enable,0,0,0,,{0},否
env,average,输入,env_1_Design/Digital Input/InPort/U_DI_Ch42_FIU_Value,0,0,0,,{0},否
env,average,输入,env_1_Design/Digital Input/InPort/U_DI_Ch42_SafetySwitch,0,0,0,,{0},否
env,average,输入,env_1_Design/Digital Input/InPort/U_DI_Ch43_Enable,0,0,0,,{0},否
env,average,输入,env_1_Design/Digital Input/InPort/U_DI_Ch43_FIU_Value,0,0,0,,{0},否
env,average,输入,env_1_Design/Digital Input/InPort/U_DI_Ch43_SafetySwitch,0,0,0,,{0},否
env,average,输入,env_1_Design/Digital Input/InPort/U_DI_Ch44_Enable,0,0,0,,{0},否
env,average,输入,env_1_Design/Digital Input/InPort/U_DI_Ch44_FIU_Value,0,0,0,,{0},否
env,average,输入,env_1_Design/Digital Input/InPort/U_DI_Ch44_SafetySwitch,0,0,0,,{0},否
env,average,输入,env_1_Design/Digital Input/InPort/U_DI_Ch45_Enable,0,0,0,,{0},否
env,average,输入,env_1_Design/Digital Input/InPort/U_DI_Ch45_FIU_Value,0,0,0,,{0},否
env,average,输入,env_1_Design/Digital Input/InPort/U_DI_Ch45_SafetySwitch,0,0,0,,{0},否
env,average,输入,env_1_Design/Digital Input/InPort/U_DI_Ch46_Enable,0,0,0,,{0},否
env,average,输入,env_1_Design/Digital Input/InPort/U_DI_Ch46_FIU_Value,0,0,0,,{0},否
env,average,输入,env_1_Design/Digital Input/InPort/U_DI_Ch46_SafetySwitch,0,0,0,,{0},否
env,average,输入,env_1_Design/Digital Input/InPort/U_DI_Ch47_Enable,0,0,0,,{0},否
env,average,输入,env_1_Design/Digital Input/InPort/U_DI_Ch47_FIU_Value,0,0,0,,{0},否
env,average,输入,env_1_Design/Digital Input/InPort/U_DI_Ch47_SafetySwitch,0,0,0,,{0},否
env,average,输入,env_1_Design/Digital Input/InPort/U_DI_Ch48_Enable,0,0,0,,{0},否
env,average,输入,env_1_Design/Digital Input/InPort/U_DI_Ch48_FIU_Value,0,0,0,,{0},否
env,average,输入,env_1_Design/Digital Input/InPort/U_DI_Ch48_SafetySwitch,0,0,0,,{0},否
env,average,输入,env_1_Design/Digital Input/InPort/Model_Disabled,0,0,0,,{0},否
env,average,输入,env_1_Design/Digital Input/InPort/Model_Reset,0,0,0,,{0},否
env,average,输出,env_1_Design/Digital Input/OutPort/Y_DI_Ch1_On_Off_Status,0,0,0,,{0},否
env,average,输出,env_1_Design/Digital Input/OutPort/Y_Ch1_Support_Features,0,0,0,,{0},否
env,average,输出,env_1_Design/Digital Input/OutPort/Y_Ch1.Valid,0,1,233,"2.417, 3.617, 3.817, 5.417, 5.617, 5.817, 6.017, 6.817, 7.017, 7.217 …","{0, 1}",否
env,average,输出,env_1_Design/Digital Input/OutPort/Y_DI_Ch2_On_Off_Status,0,0,0,,{0},否
