层,录波,方向,接口,最小值,最大值,变化次数,变化时刻_s,取值摘要,电压电流相关
env,present,输出,env_1_Design/PWM Input/OutPort/Y_Ch41_PWM_In_Amplitude,0,0,0,,{0},否
env,present,输出,env_1_Design/PWM Input/OutPort/Y_Ch41_Support_Features,0,0,0,,{0},否
env,present,输出,env_1_Design/PWM Input/OutPort/Y_Ch41.Valid,0,0,0,,{0},否
env,present,输出,env_1_Design/PWM Input/OutPort/Y_Ch42_PWM_In_Frequency,0,0,0,,{0},否
env,present,输出,env_1_Design/PWM Input/OutPort/Y_Ch42_PWM_In_Period,0,0,0,,{0},否
env,present,输出,env_1_Design/PWM Input/OutPort/Y_Ch42_PWM_In_Duty_Ratio,0,0,0,,{0},否
env,present,输出,env_1_Design/PWM Input/OutPort/Y_Ch42_PWM_In_Amplitude,0,0,0,,{0},否
env,present,输出,env_1_Design/PWM Input/OutPort/Y_Ch42_Support_Features,0,0,0,,{0},否
env,present,输出,env_1_Design/PWM Input/OutPort/Y_Ch42.Valid,0,0,0,,{0},否
env,present,输出,env_1_Design/PWM Input/OutPort/Y_Ch43_PWM_In_Frequency,0,0,0,,{0},否
env,present,输出,env_1_Design/PWM Input/OutPort/Y_Ch43_PWM_In_Period,0,0,0,,{0},否
env,present,输出,env_1_Design/PWM Input/OutPort/Y_Ch43_PWM_In_Duty_Ratio,0,0,0,,{0},否
env,present,输出,env_1_Design/PWM Input/OutPort/Y_Ch43_PWM_In_Amplitude,0,0,0,,{0},否
env,present,输出,env_1_Design/PWM Input/OutPort/Y_Ch43_Support_Features,0,0,0,,{0},否
env,present,输出,env_1_Design/PWM Input/OutPort/Y_Ch43.Valid,0,0,0,,{0},否
env,present,输出,env_1_Design/PWM Input/OutPort/Y_Ch44_PWM_In_Frequency,0,0,0,,{0},否
env,present,输出,env_1_Design/PWM Input/OutPort/Y_Ch44_PWM_In_Period,0,0,0,,{0},否
env,present,输出,env_1_Design/PWM Input/OutPort/Y_Ch44_PWM_In_Duty_Ratio,0,0,0,,{0},否
env,present,输出,env_1_Design/PWM Input/OutPort/Y_Ch44_PWM_In_Amplitude,0,0,0,,{0},否
env,present,输出,env_1_Design/PWM Input/OutPort/Y_Ch44_Support_Features,0,0,0,,{0},否
env,present,输出,env_1_Design/PWM Input/OutPort/Y_Ch44.Valid,0,0,0,,{0},否
env,present,输出,env_1_Design/PWM Input/OutPort/Y_Ch45_PWM_In_Frequency,0,0,0,,{0},否
env,present,输出,env_1_Design/PWM Input/OutPort/Y_Ch45_PWM_In_Period,0,0,0,,{0},否
env,present,输出,env_1_Design/PWM Input/OutPort/Y_Ch45_PWM_In_Duty_Ratio,0,0,0,,{0},否
env,present,输出,env_1_Design/PWM Input/OutPort/Y_Ch45_PWM_In_Amplitude,0,0,0,,{0},否
env,present,输出,env_1_Design/PWM Input/OutPort/Y_Ch45_Support_Features,0,0,0,,{0},否
env,present,输出,env_1_Design/PWM Input/OutPort/Y_Ch45.Valid,0,0,0,,{0},否
env,present,输出,env_1_Design/PWM Input/OutPort/Y_Ch46_PWM_In_Frequency,0,0,0,,{0},否
env,present,输出,env_1_Design/PWM Input/OutPort/Y_Ch46_PWM_In_Period,0,0,0,,{0},否
env,present,输出,env_1_Design/PWM Input/OutPort/Y_Ch46_PWM_In_Duty_Ratio,0,0,0,,{0},否
env,present,输出,env_1_Design/PWM Input/OutPort/Y_Ch46_PWM_In_Amplitude,0,0,0,,{0},否
env,present,输出,env_1_Design/PWM Input/OutPort/Y_Ch46_Support_Features,0,0,0,,{0},否
env,present,输出,env_1_Design/PWM Input/OutPort/Y_Ch46.Valid,0,0,0,,{0},否
env,present,输出,env_1_Design/PWM Input/OutPort/Y_Ch47_PWM_In_Frequency,0,0,0,,{0},否
env,present,输出,env_1_Design/PWM Input/OutPort/Y_Ch47_PWM_In_Period,0,0,0,,{0},否
env,present,输出,env_1_Design/PWM Input/OutPort/Y_Ch47_PWM_In_Duty_Ratio,0,0,0,,{0},否
env,present,输出,env_1_Design/PWM Input/OutPort/Y_Ch47_PWM_In_Amplitude,0,0,0,,{0},否
env,present,输出,env_1_Design/PWM Input/OutPort/Y_Ch47_Support_Features,0,0,0,,{0},否
env,present,输出,env_1_Design/PWM Input/OutPort/Y_Ch47.Valid,0,0,0,,{0},否
env,present,输出,env_1_Design/PWM Input/OutPort/Y_Ch48_PWM_In_Frequency,0,0,0,,{0},否
env,present,输出,env_1_Design/PWM Input/OutPort/Y_Ch48_PWM_In_Period,0,0,0,,{0},否
env,present,输出,env_1_Design/PWM Input/OutPort/Y_Ch48_PWM_In_Duty_Ratio,0,0,0,,{0},否
env,present,输出,env_1_Design/PWM Input/OutPort/Y_Ch48_PWM_In_Amplitude,0,0,0,,{0},否
env,present,输出,env_1_Design/PWM Input/OutPort/Y_Ch48_Support_Features,0,0,0,,{0},否
env,present,输出,env_1_Design/PWM Input/OutPort/Y_Ch48.Valid,0,0,0,,{0},否
env,present,内部/未标记,env_1_Design/PWM Input/Measurement/Runtime(us),4,16,465,"0.200, 0.400, 0.600, 0.800, 1.000, 1.200, 1.400, 1.600, 1.800, 2.000 …",min=4; max=16; distinct=11,否
env,present,内部/未标记,env_1_Design/PWM Input/Measurement/Runtime_Min(us),3,4,1,2.800,"{3, 4}",否
env,present,内部/未标记,env_1_Design/PWM Input/Measurement/Runtime_Max(us),26,26,0,,{26},否
env,present,内部/未标记,env_1_Design/PWM Input/Measurement/Schedule_Interval(us),4844,5143,604,"0.200, 0.400, 0.600, 0.800, 1.000, 1.200, 1.400, 1.600, 1.800, 2.000 …",min=4844; max=5143; distinct=114,否
env,present,内部/未标记,env_1_Design/PWM Input/Measurement/Schedule_Interval_Min(us),4832,4832,0,,{4832},否
env,present,内部/未标记,env_1_Design/PWM Input/Measurement/Schedule_Interval_Max(us),5168,5176,1,33.800,"{5168, 5176}",否
env,present,内部/未标记,env_1_Design/PWM Input/Measurement/Schedule_Count,3690,28650,624,"0.200, 0.400, 0.600, 0.800, 1.000, 1.200, 1.400, 1.600, 1.800, 2.000 …",min=3690; max=28650; distinct=625,否
env,present,内部/未标记,env_1_Design/PWM Input/Measurement/Activate_Fail_Count,0,0,0,,{0},否
env,present,内部/未标记,env_1_Design/PWM Input/Measurement/Processor,5,15,572,"0.400, 0.600, 0.800, 1.000, 1.200, 1.400, 1.600, 1.800, 2.000, 2.400 …",min=5; max=15; distinct=11,否
env,present,输入,env_1_Design/PWM Output/InPort/U_Ch1_PWM_Out_Frequency,0,0,0,,{0},否
env,present,输入,env_1_Design/PWM Output/InPort/U_Ch1_PWM_Out_Duty_Ratio,0,0,0,,{0},否
env,present,输入,env_1_Design/PWM Output/InPort/U_Ch1_PWM_Out_Amplitude,0,0,0,,{0},否
env,present,输入,env_1_Design/PWM Output/InPort/U_Ch1_PWM_Out_Enable,0,0,0,,{0},否
env,present,输入,env_1_Design/PWM Output/InPort/U_Ch1_PWM_Out_FIU,0,0,0,,{0},否
env,present,输入,env_1_Design/PWM Output/InPort/U_Ch2_PWM_Out_Frequency,0,0,0,,{0},否
env,present,输入,env_1_Design/PWM Output/InPort/U_Ch2_PWM_Out_Duty_Ratio,0,0,0,,{0},否
env,present,输入,env_1_Design/PWM Output/InPort/U_Ch2_PWM_Out_Amplitude,0,0,0,,{0},否
env,present,输入,env_1_Design/PWM Output/InPort/U_Ch2_PWM_Out_Enable,0,0,0,,{0},否
env,present,输入,env_1_Design/PWM Output/InPort/U_Ch2_PWM_Out_FIU,0,0,0,,{0},否
env,present,输入,env_1_Design/PWM Output/InPort/U_Ch3_PWM_Out_Frequency,0,0,0,,{0},否
env,present,输入,env_1_Design/PWM Output/InPort/U_Ch3_PWM_Out_Duty_Ratio,0,0,0,,{0},否
env,present,输入,env_1_Design/PWM Output/InPort/U_Ch3_PWM_Out_Amplitude,0,0,0,,{0},否
env,present,输入,env_1_Design/PWM Output/InPort/U_Ch3_PWM_Out_Enable,0,0,0,,{0},否
env,present,输入,env_1_Design/PWM Output/InPort/U_Ch3_PWM_Out_FIU,0,0,0,,{0},否
env,present,输入,env_1_Design/PWM Output/InPort/U_Ch4_PWM_Out_Frequency,0,0,0,,{0},否
env,present,输入,env_1_Design/PWM Output/InPort/U_Ch4_PWM_Out_Duty_Ratio,0,0,0,,{0},否
env,present,输入,env_1_Design/PWM Output/InPort/U_Ch4_PWM_Out_Amplitude,0,0,0,,{0},否
env,present,输入,env_1_Design/PWM Output/InPort/U_Ch4_PWM_Out_Enable,0,0,0,,{0},否
env,present,输入,env_1_Design/PWM Output/InPort/U_Ch4_PWM_Out_FIU,0,0,0,,{0},否
env,present,输入,env_1_Design/PWM Output/InPort/U_Ch5_PWM_Out_Frequency,0,0,0,,{0},否
env,present,输入,env_1_Design/PWM Output/InPort/U_Ch5_PWM_Out_Duty_Ratio,0,0,0,,{0},否
env,present,输入,env_1_Design/PWM Output/InPort/U_Ch5_PWM_Out_Amplitude,0,0,0,,{0},否
env,present,输入,env_1_Design/PWM Output/InPort/U_Ch5_PWM_Out_Enable,0,0,0,,{0},否
env,present,输入,env_1_Design/PWM Output/InPort/U_Ch5_PWM_Out_FIU,0,0,0,,{0},否
env,present,输入,env_1_Design/PWM Output/InPort/U_Ch6_PWM_Out_Frequency,0,0,0,,{0},否
env,present,输入,env_1_Design/PWM Output/InPort/U_Ch6_PWM_Out_Duty_Ratio,0,0,0,,{0},否
env,present,输入,env_1_Design/PWM Output/InPort/U_Ch6_PWM_Out_Amplitude,0,0,0,,{0},否
env,present,输入,env_1_Design/PWM Output/InPort/U_Ch6_PWM_Out_Enable,0,0,0,,{0},否
env,present,输入,env_1_Design/PWM Output/InPort/U_Ch6_PWM_Out_FIU,0,0,0,,{0},否
env,present,输入,env_1_Design/PWM Output/InPort/U_Ch7_PWM_Out_Frequency,0,0,0,,{0},否
env,present,输入,env_1_Design/PWM Output/InPort/U_Ch7_PWM_Out_Duty_Ratio,0,0,0,,{0},否
env,present,输入,env_1_Design/PWM Output/InPort/U_Ch7_PWM_Out_Amplitude,0,0,0,,{0},否
env,present,输入,env_1_Design/PWM Output/InPort/U_Ch7_PWM_Out_Enable,0,0,0,,{0},否
env,present,输入,env_1_Design/PWM Output/InPort/U_Ch7_PWM_Out_FIU,0,0,0,,{0},否
env,present,输入,env_1_Design/PWM Output/InPort/U_Ch8_PWM_Out_Frequency,0,0,0,,{0},否
env,present,输入,env_1_Design/PWM Output/InPort/U_Ch8_PWM_Out_Duty_Ratio,0,0,0,,{0},否
env,present,输入,env_1_Design/PWM Output/InPort/U_Ch8_PWM_Out_Amplitude,0,0,0,,{0},否
env,present,输入,env_1_Design/PWM Output/InPort/U_Ch8_PWM_Out_Enable,0,0,0,,{0},否
env,present,输入,env_1_Design/PWM Output/InPort/U_Ch8_PWM_Out_FIU,0,0,0,,{0},否
env,present,输入,env_1_Design/PWM Output/InPort/U_Ch9_PWM_Out_Frequency,0,0,0,,{0},否
env,present,输入,env_1_Design/PWM Output/InPort/U_Ch9_PWM_Out_Duty_Ratio,0,0,0,,{0},否
env,present,输入,env_1_Design/PWM Output/InPort/U_Ch9_PWM_Out_Amplitude,0,0,0,,{0},否
env,present,输入,env_1_Design/PWM Output/InPort/U_Ch9_PWM_Out_Enable,0,0,0,,{0},否
env,present,输入,env_1_Design/PWM Output/InPort/U_Ch9_PWM_Out_FIU,0,0,0,,{0},否
env,present,输入,env_1_Design/PWM Output/InPort/U_Ch10_PWM_Out_Frequency,0,0,0,,{0},否
env,present,输入,env_1_Design/PWM Output/InPort/U_Ch10_PWM_Out_Duty_Ratio,0,0,0,,{0},否
env,present,输入,env_1_Design/PWM Output/InPort/U_Ch10_PWM_Out_Amplitude,0,0,0,,{0},否
env,present,输入,env_1_Design/PWM Output/InPort/U_Ch10_PWM_Out_Enable,0,0,0,,{0},否
env,present,输入,env_1_Design/PWM Output/InPort/U_Ch10_PWM_Out_FIU,0,0,0,,{0},否
env,present,输入,env_1_Design/PWM Output/InPort/U_Ch11_PWM_Out_Frequency,0,0,0,,{0},否
env,present,输入,env_1_Design/PWM Output/InPort/U_Ch11_PWM_Out_Duty_Ratio,0,0,0,,{0},否
env,present,输入,env_1_Design/PWM Output/InPort/U_Ch11_PWM_Out_Amplitude,0,0,0,,{0},否
env,present,输入,env_1_Design/PWM Output/InPort/U_Ch11_PWM_Out_Enable,0,0,0,,{0},否
env,present,输入,env_1_Design/PWM Output/InPort/U_Ch11_PWM_Out_FIU,0,0,0,,{0},否
env,present,输入,env_1_Design/PWM Output/InPort/U_Ch12_PWM_Out_Frequency,0,0,0,,{0},否
env,present,输入,env_1_Design/PWM Output/InPort/U_Ch12_PWM_Out_Duty_Ratio,0,0,0,,{0},否
env,present,输入,env_1_Design/PWM Output/InPort/U_Ch12_PWM_Out_Amplitude,0,0,0,,{0},否
env,present,输入,env_1_Design/PWM Output/InPort/U_Ch12_PWM_Out_Enable,0,0,0,,{0},否
env,present,输入,env_1_Design/PWM Output/InPort/U_Ch12_PWM_Out_FIU,0,0,0,,{0},否
env,present,输入,env_1_Design/PWM Output/InPort/U_Ch13_PWM_Out_Frequency,0,0,0,,{0},否
env,present,输入,env_1_Design/PWM Output/InPort/U_Ch13_PWM_Out_Duty_Ratio,0,0,0,,{0},否
env,present,输入,env_1_Design/PWM Output/InPort/U_Ch13_PWM_Out_Amplitude,0,0,0,,{0},否
env,present,输入,env_1_Design/PWM Output/InPort/U_Ch13_PWM_Out_Enable,0,0,0,,{0},否
env,present,输入,env_1_Design/PWM Output/InPort/U_Ch13_PWM_Out_FIU,0,0,0,,{0},否
env,present,输入,env_1_Design/PWM Output/InPort/U_Ch14_PWM_Out_Frequency,0,0,0,,{0},否
env,present,输入,env_1_Design/PWM Output/InPort/U_Ch14_PWM_Out_Duty_Ratio,0,0,0,,{0},否
env,present,输入,env_1_Design/PWM Output/InPort/U_Ch14_PWM_Out_Amplitude,0,0,0,,{0},否
env,present,输入,env_1_Design/PWM Output/InPort/U_Ch14_PWM_Out_Enable,0,0,0,,{0},否
env,present,输入,env_1_Design/PWM Output/InPort/U_Ch14_PWM_Out_FIU,0,0,0,,{0},否
env,present,输入,env_1_Design/PWM Output/InPort/U_Ch15_PWM_Out_Frequency,0,0,0,,{0},否
env,present,输入,env_1_Design/PWM Output/InPort/U_Ch15_PWM_Out_Duty_Ratio,0,0,0,,{0},否
env,present,输入,env_1_Design/PWM Output/InPort/U_Ch15_PWM_Out_Amplitude,0,0,0,,{0},否
env,present,输入,env_1_Design/PWM Output/InPort/U_Ch15_PWM_Out_Enable,0,0,0,,{0},否
env,present,输入,env_1_Design/PWM Output/InPort/U_Ch15_PWM_Out_FIU,0,0,0,,{0},否
env,present,输入,env_1_Design/PWM Output/InPort/U_Ch16_PWM_Out_Frequency,0,0,0,,{0},否
env,present,输入,env_1_Design/PWM Output/InPort/U_Ch16_PWM_Out_Duty_Ratio,0,0,0,,{0},否
env,present,输入,env_1_Design/PWM Output/InPort/U_Ch16_PWM_Out_Amplitude,0,0,0,,{0},否
env,present,输入,env_1_Design/PWM Output/InPort/U_Ch16_PWM_Out_Enable,0,0,0,,{0},否
env,present,输入,env_1_Design/PWM Output/InPort/U_Ch16_PWM_Out_FIU,0,0,0,,{0},否
env,present,输入,env_1_Design/PWM Output/InPort/U_Ch17_PWM_Out_Frequency,0,0,0,,{0},否
env,present,输入,env_1_Design/PWM Output/InPort/U_Ch17_PWM_Out_Duty_Ratio,0,0,0,,{0},否
env,present,输入,env_1_Design/PWM Output/InPort/U_Ch17_PWM_Out_Amplitude,0,0,0,,{0},否
env,present,输入,env_1_Design/PWM Output/InPort/U_Ch17_PWM_Out_Enable,0,0,0,,{0},否
env,present,输入,env_1_Design/PWM Output/InPort/U_Ch17_PWM_Out_FIU,0,0,0,,{0},否
env,present,输入,env_1_Design/PWM Output/InPort/U_Ch18_PWM_Out_Frequency,0,0,0,,{0},否
env,present,输入,env_1_Design/PWM Output/InPort/U_Ch18_PWM_Out_Duty_Ratio,0,0,0,,{0},否
env,present,输入,env_1_Design/PWM Output/InPort/U_Ch18_PWM_Out_Amplitude,0,0,0,,{0},否
env,present,输入,env_1_Design/PWM Output/InPort/U_Ch18_PWM_Out_Enable,0,0,0,,{0},否
env,present,输入,env_1_Design/PWM Output/InPort/U_Ch18_PWM_Out_FIU,0,0,0,,{0},否
env,present,输入,env_1_Design/PWM Output/InPort/U_Ch19_PWM_Out_Frequency,0,0,0,,{0},否
env,present,输入,env_1_Design/PWM Output/InPort/U_Ch19_PWM_Out_Duty_Ratio,0,0,0,,{0},否
env,present,输入,env_1_Design/PWM Output/InPort/U_Ch19_PWM_Out_Amplitude,0,0,0,,{0},否
env,present,输入,env_1_Design/PWM Output/InPort/U_Ch19_PWM_Out_Enable,0,0,0,,{0},否
env,present,输入,env_1_Design/PWM Output/InPort/U_Ch19_PWM_Out_FIU,0,0,0,,{0},否
env,present,输入,env_1_Design/PWM Output/InPort/U_Ch20_PWM_Out_Frequency,0,0,0,,{0},否
env,present,输入,env_1_Design/PWM Output/InPort/U_Ch20_PWM_Out_Duty_Ratio,0,0,0,,{0},否
env,present,输入,env_1_Design/PWM Output/InPort/U_Ch20_PWM_Out_Amplitude,0,0,0,,{0},否
env,present,输入,env_1_Design/PWM Output/InPort/U_Ch20_PWM_Out_Enable,0,0,0,,{0},否
env,present,输入,env_1_Design/PWM Output/InPort/U_Ch20_PWM_Out_FIU,0,0,0,,{0},否
env,present,输入,env_1_Design/PWM Output/InPort/U_Ch21_PWM_Out_Frequency,0,0,0,,{0},否
env,present,输入,env_1_Design/PWM Output/InPort/U_Ch21_PWM_Out_Duty_Ratio,0,0,0,,{0},否
env,present,输入,env_1_Design/PWM Output/InPort/U_Ch21_PWM_Out_Amplitude,0,0,0,,{0},否
env,present,输入,env_1_Design/PWM Output/InPort/U_Ch21_PWM_Out_Enable,0,0,0,,{0},否
env,present,输入,env_1_Design/PWM Output/InPort/U_Ch21_PWM_Out_FIU,0,0,0,,{0},否
env,present,输入,env_1_Design/PWM Output/InPort/U_Ch22_PWM_Out_Frequency,0,0,0,,{0},否
env,present,输入,env_1_Design/PWM Output/InPort/U_Ch22_PWM_Out_Duty_Ratio,0,0,0,,{0},否
env,present,输入,env_1_Design/PWM Output/InPort/U_Ch22_PWM_Out_Amplitude,0,0,0,,{0},否
env,present,输入,env_1_Design/PWM Output/InPort/U_Ch22_PWM_Out_Enable,0,0,0,,{0},否
env,present,输入,env_1_Design/PWM Output/InPort/U_Ch22_PWM_Out_FIU,0,0,0,,{0},否
env,present,输入,env_1_Design/PWM Output/InPort/U_Ch23_PWM_Out_Frequency,0,0,0,,{0},否
env,present,输入,env_1_Design/PWM Output/InPort/U_Ch23_PWM_Out_Duty_Ratio,0,0,0,,{0},否
env,present,输入,env_1_Design/PWM Output/InPort/U_Ch23_PWM_Out_Amplitude,0,0,0,,{0},否
env,present,输入,env_1_Design/PWM Output/InPort/U_Ch23_PWM_Out_Enable,0,0,0,,{0},否
env,present,输入,env_1_Design/PWM Output/InPort/U_Ch23_PWM_Out_FIU,0,0,0,,{0},否
env,present,输入,env_1_Design/PWM Output/InPort/U_Ch24_PWM_Out_Frequency,0,0,0,,{0},否
env,present,输入,env_1_Design/PWM Output/InPort/U_Ch24_PWM_Out_Duty_Ratio,0,0,0,,{0},否
env,present,输入,env_1_Design/PWM Output/InPort/U_Ch24_PWM_Out_Amplitude,0,0,0,,{0},否
env,present,输入,env_1_Design/PWM Output/InPort/U_Ch24_PWM_Out_Enable,0,0,0,,{0},否
env,present,输入,env_1_Design/PWM Output/InPort/U_Ch24_PWM_Out_FIU,0,0,0,,{0},否
env,present,输入,env_1_Design/PWM Output/InPort/U_Ch25_PWM_Out_Frequency,0,0,0,,{0},否
env,present,输入,env_1_Design/PWM Output/InPort/U_Ch25_PWM_Out_Duty_Ratio,0,0,0,,{0},否
env,present,输入,env_1_Design/PWM Output/InPort/U_Ch25_PWM_Out_Amplitude,0,0,0,,{0},否
env,present,输入,env_1_Design/PWM Output/InPort/U_Ch25_PWM_Out_Enable,0,0,0,,{0},否
env,present,输入,env_1_Design/PWM Output/InPort/U_Ch25_PWM_Out_FIU,0,0,0,,{0},否
env,present,输入,env_1_Design/PWM Output/InPort/U_Ch26_PWM_Out_Frequency,0,0,0,,{0},否
env,present,输入,env_1_Design/PWM Output/InPort/U_Ch26_PWM_Out_Duty_Ratio,0,0,0,,{0},否
env,present,输入,env_1_Design/PWM Output/InPort/U_Ch26_PWM_Out_Amplitude,0,0,0,,{0},否
env,present,输入,env_1_Design/PWM Output/InPort/U_Ch26_PWM_Out_Enable,0,0,0,,{0},否
env,present,输入,env_1_Design/PWM Output/InPort/U_Ch26_PWM_Out_FIU,0,0,0,,{0},否
env,present,输入,env_1_Design/PWM Output/InPort/U_Ch27_PWM_Out_Frequency,0,0,0,,{0},否
env,present,输入,env_1_Design/PWM Output/InPort/U_Ch27_PWM_Out_Duty_Ratio,0,0,0,,{0},否
env,present,输入,env_1_Design/PWM Output/InPort/U_Ch27_PWM_Out_Amplitude,0,0,0,,{0},否
env,present,输入,env_1_Design/PWM Output/InPort/U_Ch27_PWM_Out_Enable,0,0,0,,{0},否
env,present,输入,env_1_Design/PWM Output/InPort/U_Ch27_PWM_Out_FIU,0,0,0,,{0},否
env,present,输入,env_1_Design/PWM Output/InPort/U_Ch28_PWM_Out_Frequency,0,0,0,,{0},否
env,present,输入,env_1_Design/PWM Output/InPort/U_Ch28_PWM_Out_Duty_Ratio,0,0,0,,{0},否
env,present,输入,env_1_Design/PWM Output/InPort/U_Ch28_PWM_Out_Amplitude,0,0,0,,{0},否
env,present,输入,env_1_Design/PWM Output/InPort/U_Ch28_PWM_Out_Enable,0,0,0,,{0},否
env,present,输入,env_1_Design/PWM Output/InPort/U_Ch28_PWM_Out_FIU,0,0,0,,{0},否
env,present,输入,env_1_Design/PWM Output/InPort/U_Ch29_PWM_Out_Frequency,0,0,0,,{0},否
env,present,输入,env_1_Design/PWM Output/InPort/U_Ch29_PWM_Out_Duty_Ratio,0,0,0,,{0},否
env,present,输入,env_1_Design/PWM Output/InPort/U_Ch29_PWM_Out_Amplitude,0,0,0,,{0},否
env,present,输入,env_1_Design/PWM Output/InPort/U_Ch29_PWM_Out_Enable,0,0,0,,{0},否
env,present,输入,env_1_Design/PWM Output/InPort/U_Ch29_PWM_Out_FIU,0,0,0,,{0},否
env,present,输入,env_1_Design/PWM Output/InPort/U_Ch30_PWM_Out_Frequency,0,0,0,,{0},否
env,present,内部/未标记,env_1_Design/PWM Output/Measurement/Processor,5,15,569,"0.333, 0.533, 0.933, 1.133, 1.333, 1.533, 1.733, 1.933, 2.133, 2.333 …",min=5; max=15; distinct=11,否
env,present,输入,env_1_Design/Relay/InPort/U_Ch1_Enable,0,0,0,,{0},否
env,present,输入,env_1_Design/Relay/InPort/U_Ch1_Relay_OutValue,0,0,0,,{0},否
env,present,输入,env_1_Design/Relay/InPort/U_Ch2_Enable,0,0,0,,{0},否
env,present,输入,env_1_Design/Relay/InPort/U_Ch2_Relay_OutValue,0,0,0,,{0},否
env,present,输入,env_1_Design/Relay/InPort/U_Ch3_Enable,0,0,0,,{0},否
env,present,输入,env_1_Design/Relay/InPort/U_Ch3_Relay_OutValue,0,0,0,,{0},否
env,present,输入,env_1_Design/Relay/InPort/U_Ch4_Enable,0,0,0,,{0},否
env,present,输入,env_1_Design/Relay/InPort/U_Ch4_Relay_OutValue,0,0,0,,{0},否
env,present,输入,env_1_Design/Relay/InPort/U_Ch5_Enable,0,0,0,,{0},否
env,present,输入,env_1_Design/Relay/InPort/U_Ch5_Relay_OutValue,2,2,0,,{2},否
env,present,输入,env_1_Design/Relay/InPort/U_Ch6_Enable,0,0,0,,{0},否
env,present,输入,env_1_Design/Relay/InPort/U_Ch6_Relay_OutValue,0,0,0,,{0},否
env,present,输入,env_1_Design/Relay/InPort/U_Ch7_Enable,0,0,0,,{0},否
env,present,输入,env_1_Design/Relay/InPort/U_Ch7_Relay_OutValue,0,0,0,,{0},否
env,present,输入,env_1_Design/Relay/InPort/U_Ch8_Enable,0,0,0,,{0},否
env,present,输入,env_1_Design/Relay/InPort/U_Ch8_Relay_OutValue,0,0,0,,{0},否
env,present,输入,env_1_Design/Relay/InPort/U_Ch9_Enable,0,0,0,,{0},否
env,present,输入,env_1_Design/Relay/InPort/U_Ch9_Relay_OutValue,0,2,2,"16.933, 20.533","{0, 2}",否
env,present,输入,env_1_Design/Relay/InPort/U_Ch10_Enable,0,0,0,,{0},否
env,present,输入,env_1_Design/Relay/InPort/U_Ch10_Relay_OutValue,0,2,2,"16.933, 20.533","{0, 2}",否
env,present,输入,env_1_Design/Relay/InPort/U_Ch11_Enable,0,0,0,,{0},否
env,present,输入,env_1_Design/Relay/InPort/U_Ch11_Relay_OutValue,0,2,2,"16.933, 20.533","{0, 2}",否
env,present,输入,env_1_Design/Relay/InPort/U_Ch12_Enable,0,0,0,,{0},否
env,present,输入,env_1_Design/Relay/InPort/U_Ch12_Relay_OutValue,0,2,2,"16.933, 20.533","{0, 2}",否
env,present,输入,env_1_Design/Relay/InPort/U_Ch13_Enable,0,0,0,,{0},否
env,present,输入,env_1_Design/Relay/InPort/U_Ch13_Relay_OutValue,0,0,0,,{0},否
env,present,输入,env_1_Design/Relay/InPort/U_Ch14_Enable,0,0,0,,{0},否
env,present,输入,env_1_Design/Relay/InPort/U_Ch14_Relay_OutValue,0,0,0,,{0},否
env,present,输入,env_1_Design/Relay/InPort/U_Ch15_Enable,0,0,0,,{0},否
env,present,输入,env_1_Design/Relay/InPort/U_Ch15_Relay_OutValue,0,0,0,,{0},否
env,present,输入,env_1_Design/Relay/InPort/U_Ch16_Enable,0,0,0,,{0},否
env,present,输入,env_1_Design/Relay/InPort/U_Ch16_Relay_OutValue,0,0,0,,{0},否
env,present,输入,env_1_Design/Relay/InPort/U_Ch17_Enable,0,0,0,,{0},否
env,present,输入,env_1_Design/Relay/InPort/U_Ch17_Relay_OutValue,0,0,0,,{0},否
env,present,输入,env_1_Design/Relay/InPort/U_Ch18_Enable,0,0,0,,{0},否
env,present,输入,env_1_Design/Relay/InPort/U_Ch18_Relay_OutValue,0,0,0,,{0},否
env,present,输入,env_1_Design/Relay/InPort/U_Ch19_Enable,0,0,0,,{0},否
env,present,输入,env_1_Design/Relay/InPort/U_Ch19_Relay_OutValue,0,0,0,,{0},否
env,present,输入,env_1_Design/Relay/InPort/U_Ch20_Enable,0,0,0,,{0},否
env,present,输入,env_1_Design/Relay/InPort/U_Ch20_Relay_OutValue,0,0,0,,{0},否
env,present,输入,env_1_Design/Relay/InPort/U_Ch21_Enable,0,0,0,,{0},否
env,present,输入,env_1_Design/Relay/InPort/U_Ch21_Relay_OutValue,0,0,0,,{0},否
env,present,输入,env_1_Design/Relay/InPort/U_Ch22_Enable,0,0,0,,{0},否
env,present,输入,env_1_Design/Relay/InPort/U_Ch22_Relay_OutValue,0,0,0,,{0},否
env,present,输入,env_1_Design/Relay/InPort/U_Ch23_Enable,0,0,0,,{0},否
env,present,输入,env_1_Design/Relay/InPort/U_Ch23_Relay_OutValue,0,0,0,,{0},否
env,present,输入,env_1_Design/Relay/InPort/U_Ch24_Enable,0,0,0,,{0},否
env,present,输入,env_1_Design/Relay/InPort/U_Ch24_Relay_OutValue,0,0,0,,{0},否
env,present,输入,env_1_Design/Relay/InPort/U_Ch25_Enable,0,0,0,,{0},否
env,present,输入,env_1_Design/Relay/InPort/U_Ch25_Relay_OutValue,1,2,1,17.133,"{1, 2}",否
env,present,输入,env_1_Design/Relay/InPort/U_Ch26_Enable,0,0,0,,{0},否
env,present,输入,env_1_Design/Relay/InPort/U_Ch26_Relay_OutValue,0,0,0,,{0},否
env,present,输入,env_1_Design/Relay/InPort/U_Ch27_Enable,0,0,0,,{0},否
env,present,输入,env_1_Design/Relay/InPort/U_Ch27_Relay_OutValue,0,0,0,,{0},否
env,present,输入,env_1_Design/Relay/InPort/U_Ch28_Enable,0,0,0,,{0},否
env,present,输入,env_1_Design/Relay/InPort/U_Ch28_Relay_OutValue,0,0,0,,{0},否
env,present,输入,env_1_Design/Relay/InPort/U_Ch29_Enable,0,0,0,,{0},否
env,present,输入,env_1_Design/Relay/InPort/U_Ch29_Relay_OutValue,0,0,0,,{0},否
env,present,输入,env_1_Design/Relay/InPort/U_Ch30_Enable,0,0,0,,{0},否
env,present,输入,env_1_Design/Relay/InPort/U_Ch30_Relay_OutValue,0,0,0,,{0},否
env,present,输入,env_1_Design/Relay/InPort/U_Ch31_Enable,0,0,0,,{0},否
env,present,输入,env_1_Design/Relay/InPort/U_Ch31_Relay_OutValue,0,0,0,,{0},否
env,present,输入,env_1_Design/Relay/InPort/U_Ch32_Enable,0,0,0,,{0},否
env,present,输入,env_1_Design/Relay/InPort/U_Ch32_Relay_OutValue,0,0,0,,{0},否
env,present,输入,env_1_Design/Relay/InPort/U_Ch33_Enable,0,0,0,,{0},否
env,present,输入,env_1_Design/Relay/InPort/U_Ch33_Relay_OutValue,0,0,0,,{0},否
env,present,输入,env_1_Design/Relay/InPort/U_Ch34_Enable,0,0,0,,{0},否
env,present,输入,env_1_Design/Relay/InPort/U_Ch34_Relay_OutValue,0,0,0,,{0},否
env,present,输入,env_1_Design/Relay/InPort/U_Ch35_Enable,0,0,0,,{0},否
env,present,输入,env_1_Design/Relay/InPort/U_Ch35_Relay_OutValue,0,0,0,,{0},否
env,present,输入,env_1_Design/Relay/InPort/U_Ch36_Enable,0,0,0,,{0},否
env,present,输入,env_1_Design/Relay/InPort/U_Ch36_Relay_OutValue,0,0,0,,{0},否
env,present,输入,env_1_Design/Relay/InPort/U_Ch37_Enable,0,0,0,,{0},否
env,present,输入,env_1_Design/Relay/InPort/U_Ch37_Relay_OutValue,0,0,0,,{0},否
env,present,输入,env_1_Design/Relay/InPort/U_Ch38_Enable,0,0,0,,{0},否
env,present,输入,env_1_Design/Relay/InPort/U_Ch38_Relay_OutValue,0,0,0,,{0},否
env,present,输入,env_1_Design/Relay/InPort/U_Ch39_Enable,0,0,0,,{0},否
env,present,输入,env_1_Design/Relay/InPort/U_Ch39_Relay_OutValue,0,0,0,,{0},否
env,present,输入,env_1_Design/Relay/InPort/U_Ch40_Enable,0,0,0,,{0},否
env,present,输入,env_1_Design/Relay/InPort/U_Ch40_Relay_OutValue,0,0,0,,{0},否
env,present,输入,env_1_Design/Relay/InPort/U_Ch41_Enable,0,0,0,,{0},否
env,present,输入,env_1_Design/Relay/InPort/U_Ch41_Relay_OutValue,0,0,0,,{0},否
env,present,输入,env_1_Design/Relay/InPort/U_Ch42_Enable,0,0,0,,{0},否
env,present,输入,env_1_Design/Relay/InPort/U_Ch42_Relay_OutValue,0,0,0,,{0},否
env,present,输入,env_1_Design/Relay/InPort/U_Ch43_Enable,0,0,0,,{0},否
env,present,输入,env_1_Design/Relay/InPort/U_Ch43_Relay_OutValue,0,0,0,,{0},否
env,present,输入,env_1_Design/Relay/InPort/U_Ch44_Enable,0,0,0,,{0},否
env,present,输入,env_1_Design/Relay/InPort/U_Ch44_Relay_OutValue,0,0,0,,{0},否
env,present,输入,env_1_Design/Relay/InPort/U_Ch45_Enable,0,0,0,,{0},否
env,present,输入,env_1_Design/Relay/InPort/U_Ch45_Relay_OutValue,0,0,0,,{0},否
env,present,输入,env_1_Design/Relay/InPort/U_Ch46_Enable,0,0,0,,{0},否
env,present,输入,env_1_Design/Relay/InPort/U_Ch46_Relay_OutValue,0,0,0,,{0},否
env,present,输入,env_1_Design/Relay/InPort/U_Ch47_Enable,0,0,0,,{0},否
env,present,输入,env_1_Design/Relay/InPort/U_Ch47_Relay_OutValue,0,0,0,,{0},否
env,present,输入,env_1_Design/Relay/InPort/U_Ch48_Enable,0,0,0,,{0},否
env,present,输入,env_1_Design/Relay/InPort/U_Ch48_Relay_OutValue,0,0,0,,{0},否
env,present,输入,env_1_Design/Relay/InPort/Model_Disabled,0,0,0,,{0},否
env,present,输入,env_1_Design/Relay/InPort/Model_Reset,0,0,0,,{0},否
env,present,输出,env_1_Design/Relay/OutPort/Y_Ch1.Valid,0,0,0,,{0},否
env,present,输出,env_1_Design/Relay/OutPort/Y_Ch2.Valid,1,1,0,,{1},否
env,present,输出,env_1_Design/Relay/OutPort/Y_Ch3.Valid,0,0,0,,{0},否
env,present,输出,env_1_Design/Relay/OutPort/Y_Ch4.Valid,1,1,0,,{1},否
env,present,输出,env_1_Design/Relay/OutPort/Y_Ch5.Valid,1,1,0,,{1},否
env,present,输出,env_1_Design/Relay/OutPort/Y_Ch6.Valid,1,1,0,,{1},否
env,present,输出,env_1_Design/Relay/OutPort/Y_Ch7.Valid,1,1,0,,{1},否
env,present,输出,env_1_Design/Relay/OutPort/Y_Ch8.Valid,1,1,0,,{1},否
env,present,输出,env_1_Design/Relay/OutPort/Y_Ch9.Valid,1,1,0,,{1},否
env,present,输出,env_1_Design/Relay/OutPort/Y_Ch10.Valid,1,1,0,,{1},否
env,present,输出,env_1_Design/Relay/OutPort/Y_Ch11.Valid,1,1,0,,{1},否
env,present,输出,env_1_Design/Relay/OutPort/Y_Ch12.Valid,1,1,0,,{1},否
env,present,输出,env_1_Design/Relay/OutPort/Y_Ch13.Valid,0,0,0,,{0},否
env,present,输出,env_1_Design/Relay/OutPort/Y_Ch14.Valid,0,0,0,,{0},否
env,present,输出,env_1_Design/Relay/OutPort/Y_Ch15.Valid,0,0,0,,{0},否
env,present,输出,env_1_Design/Relay/OutPort/Y_Ch16.Valid,0,0,0,,{0},否
env,present,输出,env_1_Design/Relay/OutPort/Y_Ch17.Valid,0,0,0,,{0},否
env,present,输出,env_1_Design/Relay/OutPort/Y_Ch18.Valid,0,0,0,,{0},否
env,present,输出,env_1_Design/Relay/OutPort/Y_Ch19.Valid,0,0,0,,{0},否
env,present,输出,env_1_Design/Relay/OutPort/Y_Ch20.Valid,0,0,0,,{0},否
env,present,输出,env_1_Design/Relay/OutPort/Y_Ch21.Valid,0,0,0,,{0},否
env,present,输出,env_1_Design/Relay/OutPort/Y_Ch22.Valid,0,0,0,,{0},否
env,present,输出,env_1_Design/Relay/OutPort/Y_Ch23.Valid,0,0,0,,{0},否
env,present,输出,env_1_Design/Relay/OutPort/Y_Ch24.Valid,0,0,0,,{0},否
env,present,输出,env_1_Design/Relay/OutPort/Y_Ch25.Valid,1,1,0,,{1},否
env,present,输出,env_1_Design/Relay/OutPort/Y_Ch26.Valid,0,0,0,,{0},否
env,present,输出,env_1_Design/Relay/OutPort/Y_Ch27.Valid,0,0,0,,{0},否
env,present,输出,env_1_Design/Relay/OutPort/Y_Ch28.Valid,0,0,0,,{0},否
env,present,输出,env_1_Design/Relay/OutPort/Y_Ch29.Valid,0,0,0,,{0},否
env,present,输出,env_1_Design/Relay/OutPort/Y_Ch30.Valid,0,0,0,,{0},否
env,present,输出,env_1_Design/Relay/OutPort/Y_Ch31.Valid,0,0,0,,{0},否
env,present,输出,env_1_Design/Relay/OutPort/Y_Ch32.Valid,0,0,0,,{0},否
env,present,输出,env_1_Design/Relay/OutPort/Y_Ch33.Valid,0,0,0,,{0},否
env,present,输出,env_1_Design/Relay/OutPort/Y_Ch34.Valid,0,0,0,,{0},否
env,present,输出,env_1_Design/Relay/OutPort/Y_Ch35.Valid,0,0,0,,{0},否
env,present,输出,env_1_Design/Relay/OutPort/Y_Ch36.Valid,0,0,0,,{0},否
env,present,输出,env_1_Design/Relay/OutPort/Y_Ch37.Valid,0,0,0,,{0},否
env,present,输出,env_1_Design/Relay/OutPort/Y_Ch38.Valid,0,0,0,,{0},否
env,present,输出,env_1_Design/Relay/OutPort/Y_Ch39.Valid,0,0,0,,{0},否
env,present,输出,env_1_Design/Relay/OutPort/Y_Ch40.Valid,0,0,0,,{0},否
env,present,输出,env_1_Design/Relay/OutPort/Y_Ch41.Valid,0,0,0,,{0},否
env,present,输出,env_1_Design/Relay/OutPort/Y_Ch42.Valid,0,0,0,,{0},否
env,present,输出,env_1_Design/Relay/OutPort/Y_Ch43.Valid,0,0,0,,{0},否
env,present,输出,env_1_Design/Relay/OutPort/Y_Ch44.Valid,0,0,0,,{0},否
env,present,输出,env_1_Design/Relay/OutPort/Y_Ch45.Valid,0,0,0,,{0},否
env,present,输出,env_1_Design/Relay/OutPort/Y_Ch46.Valid,0,0,0,,{0},否
env,present,输出,env_1_Design/Relay/OutPort/Y_Ch47.Valid,0,0,0,,{0},否
env,present,输出,env_1_Design/Relay/OutPort/Y_Ch48.Valid,0,0,0,,{0},否
env,present,内部/未标记,env_1_Design/Relay/Measurement/Runtime(us),1,18,527,"0.533, 0.733, 0.933, 1.333, 1.533, 1.733, 1.933, 2.133, 2.333, 2.533 …",min=1; max=18; distinct=17,否
env,present,内部/未标记,env_1_Design/Relay/Measurement/Runtime_Min(us),1,1,0,,{1},否
env,present,内部/未标记,env_1_Design/Relay/Measurement/Runtime_Max(us),67,67,0,,{67},否
env,present,内部/未标记,env_1_Design/Relay/Measurement/Schedule_Interval(us),2,153,591,"0.333, 0.533, 0.733, 0.933, 1.133, 1.333, 1.533, 1.733, 1.933, 2.133 …",min=2; max=153; distinct=59,否
env,present,内部/未标记,env_1_Design/Relay/Measurement/Schedule_Interval_Min(us),1,1,0,,{1},否
env,present,内部/未标记,env_1_Design/Relay/Measurement/Schedule_Interval_Max(us),1086,2091,2,"54.533, 62.533","{1086, 1092, 2091}",否
env,present,内部/未标记,env_1_Design/Relay/Measurement/Schedule_Count,112681,865496,623,"0.333, 0.533, 0.733, 0.933, 1.133, 1.333, 1.533, 1.733, 1.933, 2.133 …",min=112681; max=865496; distinct=624,否
env,present,内部/未标记,env_1_Design/Relay/Measurement/Activate_Fail_Count,0,0,0,,{0},否
env,present,内部/未标记,env_1_Design/Relay/Measurement/Processor,5,15,559,"0.333, 0.533, 0.733, 0.933, 1.333, 1.533, 1.733, 2.133, 2.333, 2.733 …",min=5; max=15; distinct=11,否
env,present,输入,env_1_Design/Voltage Encoder Output/InPort/U_Ch1_Voltage_Encoder_Out_Enable,0,0,0,,{0},是
env,present,输入,env_1_Design/Voltage Encoder Output/InPort/U_Ch1_Voltage_Encoder_Out_FIU,0,0,0,,{0},是
env,present,输入,env_1_Design/Voltage Encoder Output/InPort/U_Ch1_Voltage_Encoder_Out_RotateSpeed,0,0,0,,{0},是
env,present,输入,env_1_Design/Voltage Encoder Output/InPort/U_Ch1_Voltage_Encoder_Out_Frequency,0,0,0,,{0},是
env,present,输入,env_1_Design/Voltage Encoder Output/InPort/U_Ch1_Voltage_Encoder_Out_DutyRadio,0,0,0,,{0},是
env,present,输入,env_1_Design/Voltage Encoder Output/InPort/U_Ch1_Voltage_Encoder_Out_ValueLevel,0,0,0,,{0},是
env,present,输入,env_1_Design/Voltage Encoder Output/InPort/U_Ch1_Voltage_Encoder_Out_PulseOnTime,0,0,0,,{0},是
env,present,输入,env_1_Design/Voltage Encoder Output/InPort/U_Ch1_Voltage_Encoder_Out_PulseOffTime,0,0,0,,{0},是
env,present,输入,env_1_Design/Voltage Encoder Output/InPort/U_Ch2_Voltage_Encoder_Out_Enable,0,0,0,,{0},是
env,present,输入,env_1_Design/Voltage Encoder Output/InPort/U_Ch2_Voltage_Encoder_Out_FIU,0,0,0,,{0},是
env,present,输入,env_1_Design/Voltage Encoder Output/InPort/U_Ch2_Voltage_Encoder_Out_RotateSpeed,0,0,0,,{0},是
env,present,输入,env_1_Design/Voltage Encoder Output/InPort/U_Ch2_Voltage_Encoder_Out_Frequency,0,0,0,,{0},是
env,present,输入,env_1_Design/Voltage Encoder Output/InPort/U_Ch2_Voltage_Encoder_Out_DutyRadio,0,0,0,,{0},是
env,present,输入,env_1_Design/Voltage Encoder Output/InPort/U_Ch2_Voltage_Encoder_Out_ValueLevel,0,0,0,,{0},是
env,present,输入,env_1_Design/Voltage Encoder Output/InPort/U_Ch2_Voltage_Encoder_Out_PulseOnTime,0,0,0,,{0},是
env,present,输入,env_1_Design/Voltage Encoder Output/InPort/U_Ch2_Voltage_Encoder_Out_PulseOffTime,0,0,0,,{0},是
env,present,输入,env_1_Design/Voltage Encoder Output/InPort/U_Ch3_Voltage_Encoder_Out_Enable,0,0,0,,{0},是
env,present,输入,env_1_Design/Voltage Encoder Output/InPort/U_Ch3_Voltage_Encoder_Out_FIU,0,0,0,,{0},是
env,present,输入,env_1_Design/Voltage Encoder Output/InPort/U_Ch3_Voltage_Encoder_Out_RotateSpeed,0,0,0,,{0},是
env,present,输入,env_1_Design/Voltage Encoder Output/InPort/U_Ch3_Voltage_Encoder_Out_Frequency,0,0,0,,{0},是
env,present,输入,env_1_Design/Voltage Encoder Output/InPort/U_Ch3_Voltage_Encoder_Out_DutyRadio,0,0,0,,{0},是
env,present,输入,env_1_Design/Voltage Encoder Output/InPort/U_Ch3_Voltage_Encoder_Out_ValueLevel,0,0,0,,{0},是
env,present,输入,env_1_Design/Voltage Encoder Output/InPort/U_Ch3_Voltage_Encoder_Out_PulseOnTime,0,0,0,,{0},是
env,present,输入,env_1_Design/Voltage Encoder Output/InPort/U_Ch3_Voltage_Encoder_Out_PulseOffTime,0,0,0,,{0},是
env,present,输入,env_1_Design/Voltage Encoder Output/InPort/U_Ch4_Voltage_Encoder_Out_Enable,0,0,0,,{0},是
env,present,输入,env_1_Design/Voltage Encoder Output/InPort/U_Ch4_Voltage_Encoder_Out_FIU,0,0,0,,{0},是
env,present,输入,env_1_Design/Voltage Encoder Output/InPort/U_Ch4_Voltage_Encoder_Out_RotateSpeed,0,0,0,,{0},是
env,present,输入,env_1_Design/Voltage Encoder Output/InPort/U_Ch4_Voltage_Encoder_Out_Frequency,0,0,0,,{0},是
env,present,输入,env_1_Design/Voltage Encoder Output/InPort/U_Ch4_Voltage_Encoder_Out_DutyRadio,0,0,0,,{0},是
env,present,输入,env_1_Design/Voltage Encoder Output/InPort/U_Ch4_Voltage_Encoder_Out_ValueLevel,0,0,0,,{0},是
env,present,输入,env_1_Design/Voltage Encoder Output/InPort/U_Ch4_Voltage_Encoder_Out_PulseOnTime,0,0,0,,{0},是
env,present,输入,env_1_Design/Voltage Encoder Output/InPort/U_Ch4_Voltage_Encoder_Out_PulseOffTime,0,0,0,,{0},是
env,present,输入,env_1_Design/Voltage Encoder Output/InPort/U_Ch5_Voltage_Encoder_Out_Enable,0,0,0,,{0},是
env,present,输入,env_1_Design/Voltage Encoder Output/InPort/U_Ch5_Voltage_Encoder_Out_FIU,0,0,0,,{0},是
env,present,输入,env_1_Design/Voltage Encoder Output/InPort/U_Ch5_Voltage_Encoder_Out_RotateSpeed,0,0,0,,{0},是
env,present,输入,env_1_Design/Voltage Encoder Output/InPort/U_Ch5_Voltage_Encoder_Out_Frequency,0,0,0,,{0},是
env,present,输入,env_1_Design/Voltage Encoder Output/InPort/U_Ch5_Voltage_Encoder_Out_DutyRadio,0,0,0,,{0},是
env,present,输入,env_1_Design/Voltage Encoder Output/InPort/U_Ch5_Voltage_Encoder_Out_ValueLevel,0,0,0,,{0},是
env,present,输入,env_1_Design/Voltage Encoder Output/InPort/U_Ch5_Voltage_Encoder_Out_PulseOnTime,0,0,0,,{0},是
env,present,输入,env_1_Design/Voltage Encoder Output/InPort/U_Ch5_Voltage_Encoder_Out_PulseOffTime,0,0,0,,{0},是
env,present,输入,env_1_Design/Voltage Encoder Output/InPort/U_Ch6_Voltage_Encoder_Out_Enable,0,0,0,,{0},是
env,present,输入,env_1_Design/Voltage Encoder Output/InPort/U_Ch6_Voltage_Encoder_Out_FIU,0,0,0,,{0},是
env,present,输入,env_1_Design/Voltage Encoder Output/InPort/U_Ch6_Voltage_Encoder_Out_RotateSpeed,0,0,0,,{0},是
env,present,输入,env_1_Design/Voltage Encoder Output/InPort/U_Ch6_Voltage_Encoder_Out_Frequency,0,0,0,,{0},是
env,present,输入,env_1_Design/LIN/InPort/Model_Disabled,0,0,0,,{0},否
env,present,输入,env_1_Design/LIN/InPort/Model_Reset,0,0,0,,{0},否
env,present,输出,env_1_Design/LIN/OutPort/LIN_CH1.Y_CurrentSchedule,0,0,0,,{0},是
env,present,输出,env_1_Design/LIN/OutPort/LIN_CH1.Valid,0,0,0,,{0},否
env,present,输出,env_1_Design/LIN/OutPort/LIN_CH1.Config.Y_LIN_Ch1_WorkMode,0,0,0,,{0},否
env,present,输出,env_1_Design/LIN/OutPort/LIN_CH1.Config.Y_LIN_Ch1_Bitrate,4800,4800,0,,{4800},否
env,present,输出,env_1_Design/LIN/OutPort/LIN_CH1.Statistic.Y_LIN_Ch1_Busload,0,0,0,,{0},否
env,present,输出,env_1_Design/LIN/OutPort/LIN_CH1.Statistic.Error.Y_LIN_Ch1_TotalBreakErrors,0,0,0,,{0},否
env,present,输出,env_1_Design/LIN/OutPort/LIN_CH1.Statistic.Error.Y_LIN_Ch1_TotalSyncErrors,0,0,0,,{0},否
env,present,输出,env_1_Design/LIN/OutPort/LIN_CH1.Statistic.Error.Y_LIN_Ch1_TotalPidDetected,0,0,0,,{0},否
env,present,输出,env_1_Design/LIN/OutPort/LIN_CH1.Statistic.Error.Y_LIN_Ch1_TotalNoRespErrors,0,0,0,,{0},否
env,present,输出,env_1_Design/LIN/OutPort/LIN_CH1.Statistic.Error.Y_LIN_Ch1_TotalDataErrors,0,0,0,,{0},否
env,present,输出,env_1_Design/LIN/OutPort/LIN_CH1.Statistic.Error.Y_LIN_Ch1_TotalCrcErrors,0,0,0,,{0},否
env,present,输出,env_1_Design/LIN/OutPort/LIN_CH1.Statistic.Error.Y_LIN_Ch1_BreakErrors,0,0,0,,{0},否
env,present,输出,env_1_Design/LIN/OutPort/LIN_CH1.Statistic.Error.Y_LIN_Ch1_SyncErrors,0,0,0,,{0},否
env,present,输出,env_1_Design/LIN/OutPort/LIN_CH1.Statistic.Error.Y_LIN_Ch1_PidDetected,0,0,0,,{0},否
env,present,输出,env_1_Design/LIN/OutPort/LIN_CH1.Statistic.Error.Y_LIN_Ch1_NoRespErrors,0,0,0,,{0},否
env,present,输出,env_1_Design/LIN/OutPort/LIN_CH1.Statistic.Error.Y_LIN_Ch1_DataErrors,0,0,0,,{0},否
env,present,输出,env_1_Design/LIN/OutPort/LIN_CH1.Statistic.Error.Y_LIN_Ch1_CrcErrors,0,0,0,,{0},否
env,present,输出,env_1_Design/LIN/OutPort/LIN_CH1.Statistic.AllFrame.Y_LIN_Ch1_TotalFramesCnt,0,0,0,,{0},否
env,present,输出,env_1_Design/LIN/OutPort/LIN_CH1.Statistic.AllFrame.Y_LIN_Ch1_FramesCnt,0,0,0,,{0},否
env,present,输出,env_1_Design/LIN/OutPort/LIN_CH1.Statistic.AllFrame.Y_LIN_Ch1_FrameCycleTime,0,0,0,,{0},否
env,present,输出,env_1_Design/LIN/OutPort/LIN_CH1.Statistic.AllFrame.Y_LIN_Ch1_HeaderDurationTime,0,0,0,,{0},否
env,present,输出,env_1_Design/LIN/OutPort/LIN_CH1.Statistic.AllFrame.Y_LIN_Ch1_RespDurationTime,0,0,0,,{0},否
env,present,输出,env_1_Design/LIN/OutPort/LIN_CH1.Statistic.Wakeup.Y_LIN_Ch1_WakeupsDurationTime,0,0,0,,{0},否
env,present,输出,env_1_Design/LIN/OutPort/LIN_CH1.Statistic.Wakeup.Y_LIN_Ch1_WakeupsCommandsCnt,0,0,0,,{0},否
env,present,输出,env_1_Design/LIN/OutPort/LIN_CH1.Statistic.Sleep.Y_LIN_Ch1_SleepCommandsCnt,0,0,0,,{0},否
env,present,输出,env_1_Design/LIN/OutPort/LIN_CH2.Y_CurrentSchedule,0,0,0,,{0},是
env,present,输出,env_1_Design/LIN/OutPort/LIN_CH2.Valid,0,0,0,,{0},否
env,present,输出,env_1_Design/LIN/OutPort/LIN_CH2.Config.Y_LIN_Ch2_WorkMode,0,0,0,,{0},否
env,present,输出,env_1_Design/LIN/OutPort/LIN_CH2.Config.Y_LIN_Ch2_Bitrate,4800,4800,0,,{4800},否
env,present,输出,env_1_Design/LIN/OutPort/LIN_CH2.Statistic.Y_LIN_Ch2_Busload,0,0,0,,{0},否
env,present,输出,env_1_Design/LIN/OutPort/LIN_CH2.Statistic.Error.Y_LIN_Ch2_TotalBreakErrors,0,0,0,,{0},否
env,present,输出,env_1_Design/LIN/OutPort/LIN_CH2.Statistic.Error.Y_LIN_Ch2_TotalSyncErrors,0,0,0,,{0},否
env,present,输出,env_1_Design/LIN/OutPort/LIN_CH2.Statistic.Error.Y_LIN_Ch2_TotalPidDetected,0,0,0,,{0},否
env,present,输出,env_1_Design/LIN/OutPort/LIN_CH2.Statistic.Error.Y_LIN_Ch2_TotalNoRespErrors,0,0,0,,{0},否
env,present,输出,env_1_Design/LIN/OutPort/LIN_CH2.Statistic.Error.Y_LIN_Ch2_TotalDataErrors,0,0,0,,{0},否
env,present,输出,env_1_Design/LIN/OutPort/LIN_CH2.Statistic.Error.Y_LIN_Ch2_TotalCrcErrors,0,0,0,,{0},否
env,present,输出,env_1_Design/LIN/OutPort/LIN_CH2.Statistic.Error.Y_LIN_Ch2_BreakErrors,0,0,0,,{0},否
env,present,输出,env_1_Design/LIN/OutPort/LIN_CH2.Statistic.Error.Y_LIN_Ch2_SyncErrors,0,0,0,,{0},否
env,present,输出,env_1_Design/LIN/OutPort/LIN_CH2.Statistic.Error.Y_LIN_Ch2_PidDetected,0,0,0,,{0},否
env,present,输出,env_1_Design/LIN/OutPort/LIN_CH2.Statistic.Error.Y_LIN_Ch2_NoRespErrors,0,0,0,,{0},否
env,present,输出,env_1_Design/LIN/OutPort/LIN_CH2.Statistic.Error.Y_LIN_Ch2_DataErrors,0,0,0,,{0},否
env,present,输出,env_1_Design/LIN/OutPort/LIN_CH2.Statistic.Error.Y_LIN_Ch2_CrcErrors,0,0,0,,{0},否
env,present,输出,env_1_Design/LIN/OutPort/LIN_CH2.Statistic.AllFrame.Y_LIN_Ch2_TotalFramesCnt,0,0,0,,{0},否
env,present,输出,env_1_Design/LIN/OutPort/LIN_CH2.Statistic.AllFrame.Y_LIN_Ch2_FramesCnt,0,0,0,,{0},否
env,present,输出,env_1_Design/LIN/OutPort/LIN_CH2.Statistic.AllFrame.Y_LIN_Ch2_FrameCycleTime,0,0,0,,{0},否
env,present,输出,env_1_Design/LIN/OutPort/LIN_CH2.Statistic.AllFrame.Y_LIN_Ch2_HeaderDurationTime,0,0,0,,{0},否
env,present,输出,env_1_Design/LIN/OutPort/LIN_CH2.Statistic.AllFrame.Y_LIN_Ch2_RespDurationTime,0,0,0,,{0},否
env,present,输出,env_1_Design/LIN/OutPort/LIN_CH2.Statistic.Wakeup.Y_LIN_Ch2_WakeupsDurationTime,0,0,0,,{0},否
env,present,输出,env_1_Design/LIN/OutPort/LIN_CH2.Statistic.Wakeup.Y_LIN_Ch2_WakeupsCommandsCnt,0,0,0,,{0},否
env,present,输出,env_1_Design/LIN/OutPort/LIN_CH2.Statistic.Sleep.Y_LIN_Ch2_SleepCommandsCnt,0,0,0,,{0},否
env,present,输出,env_1_Design/LIN/OutPort/LIN_CH3.Y_CurrentSchedule,0,0,0,,{0},是
env,present,输出,env_1_Design/LIN/OutPort/LIN_CH3.Valid,0,0,0,,{0},否
env,present,输出,env_1_Design/LIN/OutPort/LIN_CH3.Config.Y_LIN_Ch3_WorkMode,0,0,0,,{0},否
env,present,输出,env_1_Design/LIN/OutPort/LIN_CH3.Config.Y_LIN_Ch3_Bitrate,4800,4800,0,,{4800},否
env,present,输出,env_1_Design/LIN/OutPort/LIN_CH3.Statistic.Y_LIN_Ch3_Busload,0,0,0,,{0},否
env,present,输出,env_1_Design/LIN/OutPort/LIN_CH3.Statistic.Error.Y_LIN_Ch3_TotalBreakErrors,0,0,0,,{0},否
env,present,输出,env_1_Design/LIN/OutPort/LIN_CH3.Statistic.Error.Y_LIN_Ch3_TotalSyncErrors,0,0,0,,{0},否
env,present,输出,env_1_Design/LIN/OutPort/LIN_CH3.Statistic.Error.Y_LIN_Ch3_TotalPidDetected,0,0,0,,{0},否
env,present,输出,env_1_Design/LIN/OutPort/LIN_CH3.Statistic.Error.Y_LIN_Ch3_TotalNoRespErrors,0,0,0,,{0},否
env,present,输出,env_1_Design/LIN/OutPort/LIN_CH3.Statistic.Error.Y_LIN_Ch3_TotalDataErrors,0,0,0,,{0},否
env,present,输出,env_1_Design/LIN/OutPort/LIN_CH3.Statistic.Error.Y_LIN_Ch3_TotalCrcErrors,0,0,0,,{0},否
env,present,输出,env_1_Design/LIN/OutPort/LIN_CH3.Statistic.Error.Y_LIN_Ch3_BreakErrors,0,0,0,,{0},否
env,present,输出,env_1_Design/LIN/OutPort/LIN_CH3.Statistic.Error.Y_LIN_Ch3_SyncErrors,0,0,0,,{0},否
env,present,输出,env_1_Design/LIN/OutPort/LIN_CH3.Statistic.Error.Y_LIN_Ch3_PidDetected,0,0,0,,{0},否
env,present,输出,env_1_Design/LIN/OutPort/LIN_CH3.Statistic.Error.Y_LIN_Ch3_NoRespErrors,0,0,0,,{0},否
env,present,输出,env_1_Design/LIN/OutPort/LIN_CH3.Statistic.Error.Y_LIN_Ch3_DataErrors,0,0,0,,{0},否
env,present,输出,env_1_Design/LIN/OutPort/LIN_CH3.Statistic.Error.Y_LIN_Ch3_CrcErrors,0,0,0,,{0},否
env,present,输出,env_1_Design/LIN/OutPort/LIN_CH3.Statistic.AllFrame.Y_LIN_Ch3_TotalFramesCnt,0,0,0,,{0},否
env,present,输出,env_1_Design/LIN/OutPort/LIN_CH3.Statistic.AllFrame.Y_LIN_Ch3_FramesCnt,0,0,0,,{0},否
env,present,输出,env_1_Design/LIN/OutPort/LIN_CH3.Statistic.AllFrame.Y_LIN_Ch3_FrameCycleTime,0,0,0,,{0},否
env,present,输出,env_1_Design/LIN/OutPort/LIN_CH3.Statistic.AllFrame.Y_LIN_Ch3_HeaderDurationTime,0,0,0,,{0},否
env,present,输出,env_1_Design/LIN/OutPort/LIN_CH3.Statistic.AllFrame.Y_LIN_Ch3_RespDurationTime,0,0,0,,{0},否
env,present,输出,env_1_Design/LIN/OutPort/LIN_CH3.Statistic.Wakeup.Y_LIN_Ch3_WakeupsDurationTime,0,0,0,,{0},否
env,present,输出,env_1_Design/LIN/OutPort/LIN_CH3.Statistic.Wakeup.Y_LIN_Ch3_WakeupsCommandsCnt,0,0,0,,{0},否
env,present,输出,env_1_Design/LIN/OutPort/LIN_CH3.Statistic.Sleep.Y_LIN_Ch3_SleepCommandsCnt,0,0,0,,{0},否
env,present,输出,env_1_Design/LIN/OutPort/LIN_CH4.Y_CurrentSchedule,0,0,0,,{0},是
env,present,输出,env_1_Design/LIN/OutPort/LIN_CH4.Valid,0,0,0,,{0},否
env,present,输出,env_1_Design/LIN/OutPort/LIN_CH4.Config.Y_LIN_Ch4_WorkMode,0,0,0,,{0},否
env,present,输出,env_1_Design/LIN/OutPort/LIN_CH4.Config.Y_LIN_Ch4_Bitrate,4800,4800,0,,{4800},否
env,present,输出,env_1_Design/LIN/OutPort/LIN_CH4.Statistic.Y_LIN_Ch4_Busload,0,0,0,,{0},否
env,present,输出,env_1_Design/LIN/OutPort/LIN_CH4.Statistic.Error.Y_LIN_Ch4_TotalBreakErrors,0,0,0,,{0},否
env,present,输出,env_1_Design/LIN/OutPort/LIN_CH4.Statistic.Error.Y_LIN_Ch4_TotalSyncErrors,0,0,0,,{0},否
env,present,输出,env_1_Design/LIN/OutPort/LIN_CH4.Statistic.Error.Y_LIN_Ch4_TotalPidDetected,0,0,0,,{0},否
env,present,输出,env_1_Design/LIN/OutPort/LIN_CH4.Statistic.Error.Y_LIN_Ch4_TotalNoRespErrors,0,0,0,,{0},否
env,present,输出,env_1_Design/LIN/OutPort/LIN_CH4.Statistic.Error.Y_LIN_Ch4_TotalDataErrors,0,0,0,,{0},否
env,present,输出,env_1_Design/LIN/OutPort/LIN_CH4.Statistic.Error.Y_LIN_Ch4_TotalCrcErrors,0,0,0,,{0},否
env,present,输出,env_1_Design/LIN/OutPort/LIN_CH4.Statistic.Error.Y_LIN_Ch4_BreakErrors,0,0,0,,{0},否
env,present,输出,env_1_Design/LIN/OutPort/LIN_CH4.Statistic.Error.Y_LIN_Ch4_SyncErrors,0,0,0,,{0},否
env,present,输出,env_1_Design/LIN/OutPort/LIN_CH4.Statistic.Error.Y_LIN_Ch4_PidDetected,0,0,0,,{0},否
env,present,输出,env_1_Design/LIN/OutPort/LIN_CH4.Statistic.Error.Y_LIN_Ch4_NoRespErrors,0,0,0,,{0},否
env,present,输出,env_1_Design/LIN/OutPort/LIN_CH4.Statistic.Error.Y_LIN_Ch4_DataErrors,0,0,0,,{0},否
env,present,输出,env_1_Design/LIN/OutPort/LIN_CH4.Statistic.Error.Y_LIN_Ch4_CrcErrors,0,0,0,,{0},否
env,present,输出,env_1_Design/LIN/OutPort/LIN_CH4.Statistic.AllFrame.Y_LIN_Ch4_TotalFramesCnt,0,0,0,,{0},否
env,present,输出,env_1_Design/LIN/OutPort/LIN_CH4.Statistic.AllFrame.Y_LIN_Ch4_FramesCnt,0,0,0,,{0},否
env,present,输出,env_1_Design/LIN/OutPort/LIN_CH4.Statistic.AllFrame.Y_LIN_Ch4_FrameCycleTime,0,0,0,,{0},否
env,present,输出,env_1_Design/LIN/OutPort/LIN_CH4.Statistic.AllFrame.Y_LIN_Ch4_HeaderDurationTime,0,0,0,,{0},否
env,present,输出,env_1_Design/LIN/OutPort/LIN_CH4.Statistic.AllFrame.Y_LIN_Ch4_RespDurationTime,0,0,0,,{0},否
env,present,输出,env_1_Design/LIN/OutPort/LIN_CH4.Statistic.Wakeup.Y_LIN_Ch4_WakeupsDurationTime,0,0,0,,{0},否
env,present,输出,env_1_Design/LIN/OutPort/LIN_CH4.Statistic.Wakeup.Y_LIN_Ch4_WakeupsCommandsCnt,0,0,0,,{0},否
env,present,输出,env_1_Design/LIN/OutPort/LIN_CH4.Statistic.Sleep.Y_LIN_Ch4_SleepCommandsCnt,0,0,0,,{0},否
env,present,输出,env_1_Design/LIN/OutPort/LIN_CH5.Y_CurrentSchedule,0,0,0,,{0},是
env,present,输出,env_1_Design/LIN/OutPort/LIN_CH5.Valid,0,0,0,,{0},否
env,present,输出,env_1_Design/LIN/OutPort/LIN_CH5.Config.Y_LIN_Ch5_WorkMode,0,0,0,,{0},否
env,present,输出,env_1_Design/LIN/OutPort/LIN_CH5.Config.Y_LIN_Ch5_Bitrate,4800,4800,0,,{4800},否
env,present,输出,env_1_Design/LIN/OutPort/LIN_CH5.Statistic.Y_LIN_Ch5_Busload,0,0,0,,{0},否
env,present,输出,env_1_Design/LIN/OutPort/LIN_CH5.Statistic.Error.Y_LIN_Ch5_TotalBreakErrors,0,0,0,,{0},否
env,present,输出,env_1_Design/LIN/OutPort/LIN_CH5.Statistic.Error.Y_LIN_Ch5_TotalSyncErrors,0,0,0,,{0},否
env,present,输出,env_1_Design/LIN/OutPort/LIN_CH5.Statistic.Error.Y_LIN_Ch5_TotalPidDetected,0,0,0,,{0},否
env,present,输出,env_1_Design/LIN/OutPort/LIN_CH5.Statistic.Error.Y_LIN_Ch5_TotalNoRespErrors,0,0,0,,{0},否
env,present,输出,env_1_Design/LIN/OutPort/LIN_CH5.Statistic.Error.Y_LIN_Ch5_TotalDataErrors,0,0,0,,{0},否
env,present,输出,env_1_Design/LIN/OutPort/LIN_CH5.Statistic.Error.Y_LIN_Ch5_TotalCrcErrors,0,0,0,,{0},否
env,present,输出,env_1_Design/LIN/OutPort/LIN_CH5.Statistic.Error.Y_LIN_Ch5_BreakErrors,0,0,0,,{0},否
env,present,输出,env_1_Design/LIN/OutPort/LIN_CH5.Statistic.Error.Y_LIN_Ch5_SyncErrors,0,0,0,,{0},否
env,present,输出,env_1_Design/LIN/OutPort/LIN_CH5.Statistic.Error.Y_LIN_Ch5_PidDetected,0,0,0,,{0},否
env,present,输出,env_1_Design/LIN/OutPort/LIN_CH5.Statistic.Error.Y_LIN_Ch5_NoRespErrors,0,0,0,,{0},否
env,present,输出,env_1_Design/LIN/OutPort/LIN_CH5.Statistic.Error.Y_LIN_Ch5_DataErrors,0,0,0,,{0},否
env,present,输出,env_1_Design/LIN/OutPort/LIN_CH5.Statistic.Error.Y_LIN_Ch5_CrcErrors,0,0,0,,{0},否
env,present,输出,env_1_Design/LIN/OutPort/LIN_CH5.Statistic.AllFrame.Y_LIN_Ch5_TotalFramesCnt,0,0,0,,{0},否
env,present,输出,env_1_Design/LIN/OutPort/LIN_CH5.Statistic.AllFrame.Y_LIN_Ch5_FramesCnt,0,0,0,,{0},否
env,present,输出,env_1_Design/LIN/OutPort/LIN_CH5.Statistic.AllFrame.Y_LIN_Ch5_FrameCycleTime,0,0,0,,{0},否
env,present,输出,env_1_Design/LIN/OutPort/LIN_CH5.Statistic.AllFrame.Y_LIN_Ch5_HeaderDurationTime,0,0,0,,{0},否
env,present,输出,env_1_Design/LIN/OutPort/LIN_CH5.Statistic.AllFrame.Y_LIN_Ch5_RespDurationTime,0,0,0,,{0},否
env,present,输出,env_1_Design/LIN/OutPort/LIN_CH5.Statistic.Wakeup.Y_LIN_Ch5_WakeupsDurationTime,0,0,0,,{0},否
env,present,输出,env_1_Design/LIN/OutPort/LIN_CH5.Statistic.Wakeup.Y_LIN_Ch5_WakeupsCommandsCnt,0,0,0,,{0},否
env,present,输出,env_1_Design/LIN/OutPort/LIN_CH5.Statistic.Sleep.Y_LIN_Ch5_SleepCommandsCnt,0,0,0,,{0},否
env,present,输出,env_1_Design/LIN/OutPort/LIN_CH6.Y_CurrentSchedule,0,0,0,,{0},是
env,present,输出,env_1_Design/LIN/OutPort/LIN_CH6.Valid,0,0,0,,{0},否
env,present,输出,env_1_Design/LIN/OutPort/LIN_CH6.Config.Y_LIN_Ch6_WorkMode,0,0,0,,{0},否
env,present,输出,env_1_Design/LIN/OutPort/LIN_CH6.Config.Y_LIN_Ch6_Bitrate,4800,4800,0,,{4800},否
env,present,输出,env_1_Design/LIN/OutPort/LIN_CH6.Statistic.Y_LIN_Ch6_Busload,0,0,0,,{0},否
env,present,输出,env_1_Design/LIN/OutPort/LIN_CH6.Statistic.Error.Y_LIN_Ch6_TotalBreakErrors,0,0,0,,{0},否
env,present,输出,env_1_Design/LIN/OutPort/LIN_CH6.Statistic.Error.Y_LIN_Ch6_TotalSyncErrors,0,0,0,,{0},否
env,present,输出,env_1_Design/LIN/OutPort/LIN_CH6.Statistic.Error.Y_LIN_Ch6_TotalPidDetected,0,0,0,,{0},否
env,present,输出,env_1_Design/LIN/OutPort/LIN_CH6.Statistic.Error.Y_LIN_Ch6_TotalNoRespErrors,0,0,0,,{0},否
env,present,输出,env_1_Design/LIN/OutPort/LIN_CH6.Statistic.Error.Y_LIN_Ch6_TotalDataErrors,0,0,0,,{0},否
env,present,输出,env_1_Design/LIN/OutPort/LIN_CH6.Statistic.Error.Y_LIN_Ch6_TotalCrcErrors,0,0,0,,{0},否
env,present,输出,env_1_Design/LIN/OutPort/LIN_CH6.Statistic.Error.Y_LIN_Ch6_BreakErrors,0,0,0,,{0},否
env,present,输出,env_1_Design/LIN/OutPort/LIN_CH6.Statistic.Error.Y_LIN_Ch6_SyncErrors,0,0,0,,{0},否
env,present,输出,env_1_Design/LIN/OutPort/LIN_CH6.Statistic.Error.Y_LIN_Ch6_PidDetected,0,0,0,,{0},否
env,present,输出,env_1_Design/LIN/OutPort/LIN_CH6.Statistic.Error.Y_LIN_Ch6_NoRespErrors,0,0,0,,{0},否
env,present,输出,env_1_Design/LIN/OutPort/LIN_CH6.Statistic.Error.Y_LIN_Ch6_DataErrors,0,0,0,,{0},否
env,present,输出,env_1_Design/LIN/OutPort/LIN_CH6.Statistic.Error.Y_LIN_Ch6_CrcErrors,0,0,0,,{0},否
env,present,输出,env_1_Design/LIN/OutPort/LIN_CH6.Statistic.AllFrame.Y_LIN_Ch6_TotalFramesCnt,0,0,0,,{0},否
env,present,输出,env_1_Design/LIN/OutPort/LIN_CH6.Statistic.AllFrame.Y_LIN_Ch6_FramesCnt,0,0,0,,{0},否
env,present,输出,env_1_Design/LIN/OutPort/LIN_CH6.Statistic.AllFrame.Y_LIN_Ch6_FrameCycleTime,0,0,0,,{0},否
env,present,输出,env_1_Design/LIN/OutPort/LIN_CH6.Statistic.AllFrame.Y_LIN_Ch6_HeaderDurationTime,0,0,0,,{0},否
env,present,输出,env_1_Design/LIN/OutPort/LIN_CH6.Statistic.AllFrame.Y_LIN_Ch6_RespDurationTime,0,0,0,,{0},否
env,present,输出,env_1_Design/LIN/OutPort/LIN_CH6.Statistic.Wakeup.Y_LIN_Ch6_WakeupsDurationTime,0,0,0,,{0},否
env,present,输出,env_1_Design/LIN/OutPort/LIN_CH6.Statistic.Wakeup.Y_LIN_Ch6_WakeupsCommandsCnt,0,0,0,,{0},否
env,present,输出,env_1_Design/LIN/OutPort/LIN_CH6.Statistic.Sleep.Y_LIN_Ch6_SleepCommandsCnt,0,0,0,,{0},否
env,present,输出,env_1_Design/LIN/OutPort/LIN_CH7.Y_CurrentSchedule,0,0,0,,{0},是
env,present,输出,env_1_Design/LIN/OutPort/LIN_CH7.Valid,0,0,0,,{0},否
env,present,输出,env_1_Design/LIN/OutPort/LIN_CH7.Config.Y_LIN_Ch7_WorkMode,0,0,0,,{0},否
env,present,输出,env_1_Design/LIN/OutPort/LIN_CH7.Config.Y_LIN_Ch7_Bitrate,4800,4800,0,,{4800},否
env,present,输出,env_1_Design/LIN/OutPort/LIN_CH7.Statistic.Y_LIN_Ch7_Busload,0,0,0,,{0},否
env,present,输出,env_1_Design/LIN/OutPort/LIN_CH7.Statistic.Error.Y_LIN_Ch7_TotalBreakErrors,0,0,0,,{0},否
env,present,输出,env_1_Design/LIN/OutPort/LIN_CH7.Statistic.Error.Y_LIN_Ch7_TotalSyncErrors,0,0,0,,{0},否
env,present,输出,env_1_Design/LIN/OutPort/LIN_CH7.Statistic.Error.Y_LIN_Ch7_TotalPidDetected,0,0,0,,{0},否
env,present,输出,env_1_Design/LIN/OutPort/LIN_CH7.Statistic.Error.Y_LIN_Ch7_TotalNoRespErrors,0,0,0,,{0},否
env,present,输出,env_1_Design/LIN/OutPort/LIN_CH7.Statistic.Error.Y_LIN_Ch7_TotalDataErrors,0,0,0,,{0},否
env,present,输出,env_1_Design/LIN/OutPort/LIN_CH7.Statistic.Error.Y_LIN_Ch7_TotalCrcErrors,0,0,0,,{0},否
env,present,输出,env_1_Design/LIN/OutPort/LIN_CH7.Statistic.Error.Y_LIN_Ch7_BreakErrors,0,0,0,,{0},否
env,present,输出,env_1_Design/LIN/OutPort/LIN_CH7.Statistic.Error.Y_LIN_Ch7_SyncErrors,0,0,0,,{0},否
env,present,输出,env_1_Design/LIN/OutPort/LIN_CH7.Statistic.Error.Y_LIN_Ch7_PidDetected,0,0,0,,{0},否
env,present,输出,env_1_Design/LIN/OutPort/LIN_CH7.Statistic.Error.Y_LIN_Ch7_NoRespErrors,0,0,0,,{0},否
env,present,输出,env_1_Design/LIN/OutPort/LIN_CH7.Statistic.Error.Y_LIN_Ch7_DataErrors,0,0,0,,{0},否
env,present,输出,env_1_Design/LIN/OutPort/LIN_CH7.Statistic.Error.Y_LIN_Ch7_CrcErrors,0,0,0,,{0},否
env,present,输出,env_1_Design/LIN/OutPort/LIN_CH7.Statistic.AllFrame.Y_LIN_Ch7_TotalFramesCnt,0,0,0,,{0},否
env,present,输出,env_1_Design/LIN/OutPort/LIN_CH7.Statistic.AllFrame.Y_LIN_Ch7_FramesCnt,0,0,0,,{0},否
env,present,输出,env_1_Design/LIN/OutPort/LIN_CH7.Statistic.AllFrame.Y_LIN_Ch7_FrameCycleTime,0,0,0,,{0},否
env,present,输出,env_1_Design/LIN/OutPort/LIN_CH7.Statistic.AllFrame.Y_LIN_Ch7_HeaderDurationTime,0,0,0,,{0},否
env,present,输出,env_1_Design/LIN/OutPort/LIN_CH7.Statistic.AllFrame.Y_LIN_Ch7_RespDurationTime,0,0,0,,{0},否
env,present,输出,env_1_Design/LIN/OutPort/LIN_CH7.Statistic.Wakeup.Y_LIN_Ch7_WakeupsDurationTime,0,0,0,,{0},否
env,present,输出,env_1_Design/LIN/OutPort/LIN_CH7.Statistic.Wakeup.Y_LIN_Ch7_WakeupsCommandsCnt,0,0,0,,{0},否
env,present,输出,env_1_Design/LIN/OutPort/LIN_CH7.Statistic.Sleep.Y_LIN_Ch7_SleepCommandsCnt,0,0,0,,{0},否
env,present,输出,env_1_Design/LIN/OutPort/LIN_CH8.Y_CurrentSchedule,0,0,0,,{0},是
env,present,输出,env_1_Design/LIN/OutPort/LIN_CH8.Valid,0,0,0,,{0},否
env,present,输出,env_1_Design/LIN/OutPort/LIN_CH8.Config.Y_LIN_Ch8_WorkMode,0,0,0,,{0},否
env,present,输出,env_1_Design/LIN/OutPort/LIN_CH8.Config.Y_LIN_Ch8_Bitrate,4800,4800,0,,{4800},否
env,present,输出,env_1_Design/LIN/OutPort/LIN_CH8.Statistic.Y_LIN_Ch8_Busload,0,0,0,,{0},否
env,present,输出,env_1_Design/LIN/OutPort/LIN_CH8.Statistic.Error.Y_LIN_Ch8_TotalBreakErrors,0,0,0,,{0},否
env,present,输出,env_1_Design/LIN/OutPort/LIN_CH8.Statistic.Error.Y_LIN_Ch8_TotalSyncErrors,0,0,0,,{0},否
env,present,输出,env_1_Design/LIN/OutPort/LIN_CH8.Statistic.Error.Y_LIN_Ch8_TotalPidDetected,0,0,0,,{0},否
env,present,输出,env_1_Design/LIN/OutPort/LIN_CH8.Statistic.Error.Y_LIN_Ch8_TotalNoRespErrors,0,0,0,,{0},否
env,present,输出,env_1_Design/LIN/OutPort/LIN_CH8.Statistic.Error.Y_LIN_Ch8_TotalDataErrors,0,0,0,,{0},否
env,present,输出,env_1_Design/LIN/OutPort/LIN_CH8.Statistic.Error.Y_LIN_Ch8_TotalCrcErrors,0,0,0,,{0},否
env,present,输出,env_1_Design/LIN/OutPort/LIN_CH8.Statistic.Error.Y_LIN_Ch8_BreakErrors,0,0,0,,{0},否
env,present,输出,env_1_Design/LIN/OutPort/LIN_CH8.Statistic.Error.Y_LIN_Ch8_SyncErrors,0,0,0,,{0},否
env,present,输出,env_1_Design/LIN/OutPort/LIN_CH8.Statistic.Error.Y_LIN_Ch8_PidDetected,0,0,0,,{0},否
env,present,输出,env_1_Design/LIN/OutPort/LIN_CH8.Statistic.Error.Y_LIN_Ch8_NoRespErrors,0,0,0,,{0},否
env,present,输出,env_1_Design/LIN/OutPort/LIN_CH8.Statistic.Error.Y_LIN_Ch8_DataErrors,0,0,0,,{0},否
env,present,输出,env_1_Design/LIN/OutPort/LIN_CH8.Statistic.Error.Y_LIN_Ch8_CrcErrors,0,0,0,,{0},否
env,present,输出,env_1_Design/LIN/OutPort/LIN_CH8.Statistic.AllFrame.Y_LIN_Ch8_TotalFramesCnt,0,0,0,,{0},否
env,present,输出,env_1_Design/LIN/OutPort/LIN_CH8.Statistic.AllFrame.Y_LIN_Ch8_FramesCnt,0,0,0,,{0},否
env,present,输出,env_1_Design/LIN/OutPort/LIN_CH8.Statistic.AllFrame.Y_LIN_Ch8_FrameCycleTime,0,0,0,,{0},否
env,present,输出,env_1_Design/LIN/OutPort/LIN_CH8.Statistic.AllFrame.Y_LIN_Ch8_HeaderDurationTime,0,0,0,,{0},否
env,present,输出,env_1_Design/LIN/OutPort/LIN_CH8.Statistic.AllFrame.Y_LIN_Ch8_RespDurationTime,0,0,0,,{0},否
env,present,输出,env_1_Design/LIN/OutPort/LIN_CH8.Statistic.Wakeup.Y_LIN_Ch8_WakeupsDurationTime,0,0,0,,{0},否
env,present,输入,env_1_Design/PWM Output/InPort/U_Ch30_PWM_Out_Duty_Ratio,0,0,0,,{0},否
env,present,输入,env_1_Design/PWM Output/InPort/U_Ch30_PWM_Out_Amplitude,0,0,0,,{0},否
env,present,输入,env_1_Design/PWM Output/InPort/U_Ch30_PWM_Out_Enable,0,0,0,,{0},否
env,present,输入,env_1_Design/PWM Output/InPort/U_Ch30_PWM_Out_FIU,0,0,0,,{0},否
env,present,输入,env_1_Design/PWM Output/InPort/U_Ch31_PWM_Out_Frequency,0,0,0,,{0},否
env,present,输入,env_1_Design/PWM Output/InPort/U_Ch31_PWM_Out_Duty_Ratio,0,0,0,,{0},否
env,present,输入,env_1_Design/PWM Output/InPort/U_Ch31_PWM_Out_Amplitude,0,0,0,,{0},否
env,present,输入,env_1_Design/PWM Output/InPort/U_Ch31_PWM_Out_Enable,0,0,0,,{0},否
env,present,输入,env_1_Design/PWM Output/InPort/U_Ch31_PWM_Out_FIU,0,0,0,,{0},否
env,present,输入,env_1_Design/PWM Output/InPort/U_Ch32_PWM_Out_Frequency,0,0,0,,{0},否
env,present,输入,env_1_Design/PWM Output/InPort/U_Ch32_PWM_Out_Duty_Ratio,0,0,0,,{0},否
env,present,输入,env_1_Design/PWM Output/InPort/U_Ch32_PWM_Out_Amplitude,0,0,0,,{0},否
env,present,输入,env_1_Design/PWM Output/InPort/U_Ch32_PWM_Out_Enable,0,0,0,,{0},否
env,present,输入,env_1_Design/PWM Output/InPort/U_Ch32_PWM_Out_FIU,0,0,0,,{0},否
env,present,输入,env_1_Design/PWM Output/InPort/U_Ch33_PWM_Out_Frequency,0,0,0,,{0},否
env,present,输入,env_1_Design/PWM Output/InPort/U_Ch33_PWM_Out_Duty_Ratio,0,0,0,,{0},否
env,present,输入,env_1_Design/PWM Output/InPort/U_Ch33_PWM_Out_Amplitude,0,0,0,,{0},否
env,present,输入,env_1_Design/PWM Output/InPort/U_Ch33_PWM_Out_Enable,0,0,0,,{0},否
env,present,输入,env_1_Design/PWM Output/InPort/U_Ch33_PWM_Out_FIU,0,0,0,,{0},否
env,present,输入,env_1_Design/PWM Output/InPort/U_Ch34_PWM_Out_Frequency,0,0,0,,{0},否
env,present,输入,env_1_Design/PWM Output/InPort/U_Ch34_PWM_Out_Duty_Ratio,0,0,0,,{0},否
env,present,输入,env_1_Design/PWM Output/InPort/U_Ch34_PWM_Out_Amplitude,0,0,0,,{0},否
env,present,输入,env_1_Design/PWM Output/InPort/U_Ch34_PWM_Out_Enable,0,0,0,,{0},否
env,present,输入,env_1_Design/PWM Output/InPort/U_Ch34_PWM_Out_FIU,0,0,0,,{0},否
env,present,输入,env_1_Design/PWM Output/InPort/U_Ch35_PWM_Out_Frequency,0,0,0,,{0},否
env,present,输入,env_1_Design/PWM Output/InPort/U_Ch35_PWM_Out_Duty_Ratio,0,0,0,,{0},否
env,present,输入,env_1_Design/PWM Output/InPort/U_Ch35_PWM_Out_Amplitude,0,0,0,,{0},否
env,present,输入,env_1_Design/PWM Output/InPort/U_Ch35_PWM_Out_Enable,0,0,0,,{0},否
env,present,输入,env_1_Design/PWM Output/InPort/U_Ch35_PWM_Out_FIU,0,0,0,,{0},否
env,present,输入,env_1_Design/PWM Output/InPort/U_Ch36_PWM_Out_Frequency,0,0,0,,{0},否
env,present,输入,env_1_Design/PWM Output/InPort/U_Ch36_PWM_Out_Duty_Ratio,0,0,0,,{0},否
env,present,输入,env_1_Design/PWM Output/InPort/U_Ch36_PWM_Out_Amplitude,0,0,0,,{0},否
env,present,输入,env_1_Design/PWM Output/InPort/U_Ch36_PWM_Out_Enable,0,0,0,,{0},否
env,present,输入,env_1_Design/PWM Output/InPort/U_Ch36_PWM_Out_FIU,0,0,0,,{0},否
env,present,输入,env_1_Design/PWM Output/InPort/U_Ch37_PWM_Out_Frequency,0,0,0,,{0},否
env,present,输入,env_1_Design/PWM Output/InPort/U_Ch37_PWM_Out_Duty_Ratio,0,0,0,,{0},否
env,present,输入,env_1_Design/PWM Output/InPort/U_Ch37_PWM_Out_Amplitude,0,0,0,,{0},否
env,present,输入,env_1_Design/PWM Output/InPort/U_Ch37_PWM_Out_Enable,0,0,0,,{0},否
env,present,输入,env_1_Design/PWM Output/InPort/U_Ch37_PWM_Out_FIU,0,0,0,,{0},否
env,present,输入,env_1_Design/PWM Output/InPort/U_Ch38_PWM_Out_Frequency,0,0,0,,{0},否
env,present,输入,env_1_Design/PWM Output/InPort/U_Ch38_PWM_Out_Duty_Ratio,0,0,0,,{0},否
env,present,输入,env_1_Design/PWM Output/InPort/U_Ch38_PWM_Out_Amplitude,0,0,0,,{0},否
env,present,输入,env_1_Design/PWM Output/InPort/U_Ch38_PWM_Out_Enable,0,0,0,,{0},否
env,present,输入,env_1_Design/PWM Output/InPort/U_Ch38_PWM_Out_FIU,0,0,0,,{0},否
env,present,输入,env_1_Design/PWM Output/InPort/U_Ch39_PWM_Out_Frequency,0,0,0,,{0},否
env,present,输入,env_1_Design/PWM Output/InPort/U_Ch39_PWM_Out_Duty_Ratio,0,0,0,,{0},否
env,present,输入,env_1_Design/PWM Output/InPort/U_Ch39_PWM_Out_Amplitude,0,0,0,,{0},否
env,present,输入,env_1_Design/PWM Output/InPort/U_Ch39_PWM_Out_Enable,0,0,0,,{0},否
env,present,输入,env_1_Design/PWM Output/InPort/U_Ch39_PWM_Out_FIU,0,0,0,,{0},否
env,present,输入,env_1_Design/PWM Output/InPort/U_Ch40_PWM_Out_Frequency,0,0,0,,{0},否
env,present,输入,env_1_Design/PWM Output/InPort/U_Ch40_PWM_Out_Duty_Ratio,0,0,0,,{0},否
env,present,输入,env_1_Design/PWM Output/InPort/U_Ch40_PWM_Out_Amplitude,0,0,0,,{0},否
env,present,输入,env_1_Design/PWM Output/InPort/U_Ch40_PWM_Out_Enable,0,0,0,,{0},否
env,present,输入,env_1_Design/PWM Output/InPort/U_Ch40_PWM_Out_FIU,0,0,0,,{0},否
env,present,输入,env_1_Design/PWM Output/InPort/U_Ch41_PWM_Out_Frequency,0,0,0,,{0},否
env,present,输入,env_1_Design/PWM Output/InPort/U_Ch41_PWM_Out_Duty_Ratio,0,0,0,,{0},否
env,present,输入,env_1_Design/PWM Output/InPort/U_Ch41_PWM_Out_Amplitude,0,0,0,,{0},否
env,present,输入,env_1_Design/PWM Output/InPort/U_Ch41_PWM_Out_Enable,0,0,0,,{0},否
env,present,输入,env_1_Design/PWM Output/InPort/U_Ch41_PWM_Out_FIU,0,0,0,,{0},否
env,present,输入,env_1_Design/PWM Output/InPort/U_Ch42_PWM_Out_Frequency,0,0,0,,{0},否
env,present,输入,env_1_Design/PWM Output/InPort/U_Ch42_PWM_Out_Duty_Ratio,0,0,0,,{0},否
env,present,输入,env_1_Design/PWM Output/InPort/U_Ch42_PWM_Out_Amplitude,0,0,0,,{0},否
env,present,输入,env_1_Design/PWM Output/InPort/U_Ch42_PWM_Out_Enable,0,0,0,,{0},否
env,present,输入,env_1_Design/PWM Output/InPort/U_Ch42_PWM_Out_FIU,0,0,0,,{0},否
env,present,输入,env_1_Design/PWM Output/InPort/U_Ch43_PWM_Out_Frequency,0,0,0,,{0},否
env,present,输入,env_1_Design/PWM Output/InPort/U_Ch43_PWM_Out_Duty_Ratio,0,0,0,,{0},否
env,present,输入,env_1_Design/PWM Output/InPort/U_Ch43_PWM_Out_Amplitude,0,0,0,,{0},否
env,present,输入,env_1_Design/PWM Output/InPort/U_Ch43_PWM_Out_Enable,0,0,0,,{0},否
env,present,输入,env_1_Design/PWM Output/InPort/U_Ch43_PWM_Out_FIU,0,0,0,,{0},否
env,present,输入,env_1_Design/PWM Output/InPort/U_Ch44_PWM_Out_Frequency,0,0,0,,{0},否
env,present,输入,env_1_Design/PWM Output/InPort/U_Ch44_PWM_Out_Duty_Ratio,0,0,0,,{0},否
env,present,输入,env_1_Design/PWM Output/InPort/U_Ch44_PWM_Out_Amplitude,0,0,0,,{0},否
env,present,输入,env_1_Design/PWM Output/InPort/U_Ch44_PWM_Out_Enable,0,0,0,,{0},否
env,present,输入,env_1_Design/PWM Output/InPort/U_Ch44_PWM_Out_FIU,0,0,0,,{0},否
env,present,输入,env_1_Design/PWM Output/InPort/U_Ch45_PWM_Out_Frequency,0,0,0,,{0},否
env,present,输入,env_1_Design/PWM Output/InPort/U_Ch45_PWM_Out_Duty_Ratio,0,0,0,,{0},否
env,present,输入,env_1_Design/PWM Output/InPort/U_Ch45_PWM_Out_Amplitude,0,0,0,,{0},否
env,present,输入,env_1_Design/PWM Output/InPort/U_Ch45_PWM_Out_Enable,0,0,0,,{0},否
env,present,输入,env_1_Design/PWM Output/InPort/U_Ch45_PWM_Out_FIU,0,0,0,,{0},否
env,present,输入,env_1_Design/PWM Output/InPort/U_Ch46_PWM_Out_Frequency,0,0,0,,{0},否
env,present,输入,env_1_Design/PWM Output/InPort/U_Ch46_PWM_Out_Duty_Ratio,0,0,0,,{0},否
env,present,输入,env_1_Design/PWM Output/InPort/U_Ch46_PWM_Out_Amplitude,0,0,0,,{0},否
env,present,输入,env_1_Design/PWM Output/InPort/U_Ch46_PWM_Out_Enable,0,0,0,,{0},否
env,present,输入,env_1_Design/PWM Output/InPort/U_Ch46_PWM_Out_FIU,0,0,0,,{0},否
env,present,输入,env_1_Design/PWM Output/InPort/U_Ch47_PWM_Out_Frequency,0,0,0,,{0},否
env,present,输入,env_1_Design/PWM Output/InPort/U_Ch47_PWM_Out_Duty_Ratio,0,0,0,,{0},否
env,present,输入,env_1_Design/PWM Output/InPort/U_Ch47_PWM_Out_Amplitude,0,0,0,,{0},否
env,present,输入,env_1_Design/PWM Output/InPort/U_Ch47_PWM_Out_Enable,0,0,0,,{0},否
env,present,输入,env_1_Design/PWM Output/InPort/U_Ch47_PWM_Out_FIU,0,0,0,,{0},否
env,present,输入,env_1_Design/PWM Output/InPort/U_Ch48_PWM_Out_Frequency,0,0,0,,{0},否
env,present,输入,env_1_Design/PWM Output/InPort/U_Ch48_PWM_Out_Duty_Ratio,0,0,0,,{0},否
env,present,输入,env_1_Design/PWM Output/InPort/U_Ch48_PWM_Out_Amplitude,0,0,0,,{0},否
env,present,输入,env_1_Design/PWM Output/InPort/U_Ch48_PWM_Out_Enable,0,0,0,,{0},否
env,present,输入,env_1_Design/PWM Output/InPort/U_Ch48_PWM_Out_FIU,0,0,0,,{0},否
env,present,输入,env_1_Design/PWM Output/InPort/Model_Disabled,0,0,0,,{0},否
env,present,输入,env_1_Design/PWM Output/InPort/Model_Reset,0,0,0,,{0},否
env,present,输出,env_1_Design/PWM Output/OutPort/Y_Ch1_Support_Features,0,0,0,,{0},否
env,present,输出,env_1_Design/PWM Output/OutPort/Y_Ch1.Valid,0,1,14,"3.414, 3.614, 17.214, 17.414, 72.414, 72.614, 86.214, 86.414, 87.614, 87.814 …","{0, 1}",否
env,present,输出,env_1_Design/PWM Output/OutPort/Y_Ch2_Support_Features,0,0,0,,{0},否
env,present,输出,env_1_Design/PWM Output/OutPort/Y_Ch2.Valid,0,1,14,"3.414, 3.614, 17.214, 17.414, 72.414, 72.614, 86.214, 86.414, 87.614, 87.814 …","{0, 1}",否
env,present,输出,env_1_Design/PWM Output/OutPort/Y_Ch3_Support_Features,0,0,0,,{0},否
env,present,输出,env_1_Design/PWM Output/OutPort/Y_Ch3.Valid,0,1,14,"3.414, 3.614, 17.214, 17.414, 72.414, 72.614, 86.214, 86.414, 87.614, 87.814 …","{0, 1}",否
env,present,输出,env_1_Design/PWM Output/OutPort/Y_Ch4_Support_Features,0,0,0,,{0},否
env,present,输出,env_1_Design/PWM Output/OutPort/Y_Ch4.Valid,0,1,14,"3.414, 3.614, 17.214, 17.414, 72.414, 72.614, 86.214, 86.414, 87.614, 87.814 …","{0, 1}",否
env,present,输出,env_1_Design/PWM Output/OutPort/Y_Ch5_Support_Features,0,0,0,,{0},否
env,present,输出,env_1_Design/PWM Output/OutPort/Y_Ch5.Valid,0,1,14,"3.414, 3.614, 17.214, 17.414, 72.414, 72.614, 86.214, 86.414, 87.614, 87.814 …","{0, 1}",否
env,present,输出,env_1_Design/PWM Output/OutPort/Y_Ch6_Support_Features,0,0,0,,{0},否
env,present,输出,env_1_Design/PWM Output/OutPort/Y_Ch6.Valid,0,1,14,"3.414, 3.614, 17.214, 17.414, 72.414, 72.614, 86.214, 86.414, 87.614, 87.814 …","{0, 1}",否
env,present,输出,env_1_Design/PWM Output/OutPort/Y_Ch7_Support_Features,0,0,0,,{0},否
env,present,输出,env_1_Design/PWM Output/OutPort/Y_Ch7.Valid,0,1,14,"3.414, 3.614, 17.214, 17.414, 72.414, 72.614, 86.214, 86.414, 87.614, 87.814 …","{0, 1}",否
env,present,输出,env_1_Design/PWM Output/OutPort/Y_Ch8_Support_Features,0,0,0,,{0},否
env,present,输出,env_1_Design/PWM Output/OutPort/Y_Ch8.Valid,0,1,14,"3.414, 3.614, 17.214, 17.414, 72.414, 72.614, 86.214, 86.414, 87.614, 87.814 …","{0, 1}",否
env,present,输出,env_1_Design/PWM Output/OutPort/Y_Ch9_Support_Features,0,0,0,,{0},否
env,present,输出,env_1_Design/PWM Output/OutPort/Y_Ch9.Valid,0,1,14,"3.414, 3.614, 17.214, 17.414, 72.414, 72.614, 86.214, 86.414, 87.614, 87.814 …","{0, 1}",否
env,present,输出,env_1_Design/PWM Output/OutPort/Y_Ch10_Support_Features,0,0,0,,{0},否
env,present,输出,env_1_Design/PWM Output/OutPort/Y_Ch10.Valid,0,1,14,"3.414, 3.614, 17.214, 17.414, 72.414, 72.614, 86.214, 86.414, 87.614, 87.814 …","{0, 1}",否
env,present,输出,env_1_Design/PWM Output/OutPort/Y_Ch11_Support_Features,0,0,0,,{0},否
env,present,输出,env_1_Design/PWM Output/OutPort/Y_Ch11.Valid,0,1,14,"3.414, 3.614, 17.214, 17.414, 72.414, 72.614, 86.214, 86.414, 87.614, 87.814 …","{0, 1}",否
env,present,输出,env_1_Design/PWM Output/OutPort/Y_Ch12_Support_Features,0,0,0,,{0},否
env,present,输出,env_1_Design/PWM Output/OutPort/Y_Ch12.Valid,0,1,14,"3.414, 3.614, 17.214, 17.414, 72.414, 72.614, 86.214, 86.414, 87.614, 87.814 …","{0, 1}",否
env,present,输出,env_1_Design/PWM Output/OutPort/Y_Ch13_Support_Features,0,0,0,,{0},否
env,present,输出,env_1_Design/PWM Output/OutPort/Y_Ch13.Valid,0,1,14,"3.414, 3.614, 17.214, 17.414, 72.414, 72.614, 86.214, 86.414, 87.614, 87.814 …","{0, 1}",否
env,present,输出,env_1_Design/PWM Output/OutPort/Y_Ch14_Support_Features,0,0,0,,{0},否
env,present,输出,env_1_Design/PWM Output/OutPort/Y_Ch14.Valid,0,1,14,"3.414, 3.614, 17.214, 17.414, 72.414, 72.614, 86.214, 86.414, 87.614, 87.814 …","{0, 1}",否
env,present,输出,env_1_Design/PWM Output/OutPort/Y_Ch15_Support_Features,0,0,0,,{0},否
env,present,输出,env_1_Design/PWM Output/OutPort/Y_Ch15.Valid,0,1,14,"3.414, 3.614, 17.214, 17.414, 72.414, 72.614, 86.214, 86.414, 87.614, 87.814 …","{0, 1}",否
env,present,输出,env_1_Design/PWM Output/OutPort/Y_Ch16_Support_Features,0,0,0,,{0},否
env,present,输出,env_1_Design/PWM Output/OutPort/Y_Ch16.Valid,0,1,14,"3.414, 3.614, 17.214, 17.414, 72.414, 72.614, 86.214, 86.414, 87.614, 87.814 …","{0, 1}",否
env,present,输出,env_1_Design/PWM Output/OutPort/Y_Ch17_Support_Features,0,0,0,,{0},否
env,present,输出,env_1_Design/PWM Output/OutPort/Y_Ch17.Valid,0,1,14,"3.414, 3.614, 17.214, 17.414, 72.414, 72.614, 86.214, 86.414, 87.614, 87.814 …","{0, 1}",否
env,present,输出,env_1_Design/PWM Output/OutPort/Y_Ch18_Support_Features,0,0,0,,{0},否
env,present,输出,env_1_Design/PWM Output/OutPort/Y_Ch18.Valid,0,1,14,"3.414, 3.614, 17.214, 17.414, 72.414, 72.614, 86.214, 86.414, 87.614, 87.814 …","{0, 1}",否
env,present,输出,env_1_Design/PWM Output/OutPort/Y_Ch19_Support_Features,0,0,0,,{0},否
env,present,输出,env_1_Design/PWM Output/OutPort/Y_Ch19.Valid,0,1,14,"3.414, 3.614, 17.214, 17.414, 72.414, 72.614, 86.214, 86.414, 87.614, 87.814 …","{0, 1}",否
env,present,输出,env_1_Design/PWM Output/OutPort/Y_Ch20_Support_Features,0,0,0,,{0},否
env,present,输出,env_1_Design/PWM Output/OutPort/Y_Ch20.Valid,0,1,14,"3.414, 3.614, 17.214, 17.414, 72.414, 72.614, 86.214, 86.414, 87.614, 87.814 …","{0, 1}",否
env,present,输出,env_1_Design/PWM Output/OutPort/Y_Ch21_Support_Features,0,0,0,,{0},否
env,present,输出,env_1_Design/PWM Output/OutPort/Y_Ch21.Valid,0,1,14,"3.414, 3.614, 17.214, 17.414, 72.414, 72.614, 86.214, 86.414, 87.614, 87.814 …","{0, 1}",否
env,present,输出,env_1_Design/PWM Output/OutPort/Y_Ch22_Support_Features,0,0,0,,{0},否
env,present,输出,env_1_Design/PWM Output/OutPort/Y_Ch22.Valid,0,1,14,"3.414, 3.614, 17.214, 17.414, 72.414, 72.614, 86.214, 86.414, 87.614, 87.814 …","{0, 1}",否
env,present,输出,env_1_Design/PWM Output/OutPort/Y_Ch23_Support_Features,0,0,0,,{0},否
env,present,输出,env_1_Design/PWM Output/OutPort/Y_Ch23.Valid,0,1,14,"3.414, 3.614, 17.214, 17.414, 72.414, 72.614, 86.214, 86.414, 87.614, 87.814 …","{0, 1}",否
env,present,输出,env_1_Design/PWM Output/OutPort/Y_Ch24_Support_Features,0,0,0,,{0},否
env,present,输出,env_1_Design/PWM Output/OutPort/Y_Ch24.Valid,0,1,14,"3.414, 3.614, 17.214, 17.414, 72.414, 72.614, 86.214, 86.414, 87.614, 87.814 …","{0, 1}",否
env,present,输出,env_1_Design/PWM Output/OutPort/Y_Ch25_Support_Features,0,0,0,,{0},否
env,present,输出,env_1_Design/PWM Output/OutPort/Y_Ch25.Valid,0,0,0,,{0},否
env,present,输出,env_1_Design/PWM Output/OutPort/Y_Ch26_Support_Features,0,0,0,,{0},否
env,present,输出,env_1_Design/PWM Output/OutPort/Y_Ch26.Valid,0,0,0,,{0},否
env,present,输出,env_1_Design/PWM Output/OutPort/Y_Ch27_Support_Features,0,0,0,,{0},否
env,present,输出,env_1_Design/PWM Output/OutPort/Y_Ch27.Valid,0,0,0,,{0},否
env,present,输出,env_1_Design/PWM Output/OutPort/Y_Ch28_Support_Features,0,0,0,,{0},否
env,present,输出,env_1_Design/PWM Output/OutPort/Y_Ch28.Valid,0,0,0,,{0},否
env,present,输出,env_1_Design/PWM Output/OutPort/Y_Ch29_Support_Features,0,0,0,,{0},否
env,present,输出,env_1_Design/PWM Output/OutPort/Y_Ch29.Valid,0,0,0,,{0},否
env,present,输出,env_1_Design/PWM Output/OutPort/Y_Ch30_Support_Features,0,0,0,,{0},否
env,present,输出,env_1_Design/PWM Output/OutPort/Y_Ch30.Valid,0,0,0,,{0},否
env,present,输出,env_1_Design/PWM Output/OutPort/Y_Ch31_Support_Features,0,0,0,,{0},否
env,present,输出,env_1_Design/PWM Output/OutPort/Y_Ch31.Valid,0,0,0,,{0},否
env,present,输出,env_1_Design/PWM Output/OutPort/Y_Ch32_Support_Features,0,0,0,,{0},否
env,present,输出,env_1_Design/PWM Output/OutPort/Y_Ch32.Valid,0,0,0,,{0},否
env,present,输出,env_1_Design/PWM Output/OutPort/Y_Ch33_Support_Features,0,0,0,,{0},否
env,present,输出,env_1_Design/PWM Output/OutPort/Y_Ch33.Valid,0,0,0,,{0},否
env,present,输出,env_1_Design/PWM Output/OutPort/Y_Ch34_Support_Features,0,0,0,,{0},否
env,present,输出,env_1_Design/PWM Output/OutPort/Y_Ch34.Valid,0,0,0,,{0},否
env,present,输出,env_1_Design/PWM Output/OutPort/Y_Ch35_Support_Features,0,0,0,,{0},否
env,present,输出,env_1_Design/PWM Output/OutPort/Y_Ch35.Valid,0,0,0,,{0},否
env,present,输出,env_1_Design/PWM Output/OutPort/Y_Ch36_Support_Features,0,0,0,,{0},否
env,present,输出,env_1_Design/PWM Output/OutPort/Y_Ch36.Valid,0,0,0,,{0},否
env,present,输出,env_1_Design/PWM Output/OutPort/Y_Ch37_Support_Features,0,0,0,,{0},否
env,present,输出,env_1_Design/PWM Output/OutPort/Y_Ch37.Valid,0,0,0,,{0},否
env,present,输出,env_1_Design/PWM Output/OutPort/Y_Ch38_Support_Features,0,0,0,,{0},否
env,present,输出,env_1_Design/PWM Output/OutPort/Y_Ch38.Valid,0,0,0,,{0},否
env,present,输出,env_1_Design/PWM Output/OutPort/Y_Ch39_Support_Features,0,0,0,,{0},否
env,present,输出,env_1_Design/PWM Output/OutPort/Y_Ch39.Valid,0,0,0,,{0},否
env,present,输出,env_1_Design/PWM Output/OutPort/Y_Ch40_Support_Features,0,0,0,,{0},否
env,present,输出,env_1_Design/PWM Output/OutPort/Y_Ch40.Valid,0,0,0,,{0},否
env,present,输出,env_1_Design/PWM Output/OutPort/Y_Ch41_Support_Features,0,0,0,,{0},否
env,present,输出,env_1_Design/PWM Output/OutPort/Y_Ch41.Valid,0,0,0,,{0},否
env,present,输出,env_1_Design/PWM Output/OutPort/Y_Ch42_Support_Features,0,0,0,,{0},否
env,present,输出,env_1_Design/PWM Output/OutPort/Y_Ch42.Valid,0,0,0,,{0},否
env,present,输出,env_1_Design/PWM Output/OutPort/Y_Ch43_Support_Features,0,0,0,,{0},否
env,present,输出,env_1_Design/PWM Output/OutPort/Y_Ch43.Valid,0,0,0,,{0},否
env,present,输出,env_1_Design/PWM Output/OutPort/Y_Ch44_Support_Features,0,0,0,,{0},否
env,present,输出,env_1_Design/PWM Output/OutPort/Y_Ch44.Valid,0,0,0,,{0},否
env,present,输出,env_1_Design/PWM Output/OutPort/Y_Ch45_Support_Features,0,0,0,,{0},否
env,present,输出,env_1_Design/PWM Output/OutPort/Y_Ch45.Valid,0,0,0,,{0},否
env,present,输出,env_1_Design/PWM Output/OutPort/Y_Ch46_Support_Features,0,0,0,,{0},否
env,present,输出,env_1_Design/PWM Output/OutPort/Y_Ch46.Valid,0,0,0,,{0},否
env,present,输出,env_1_Design/PWM Output/OutPort/Y_Ch47_Support_Features,0,0,0,,{0},否
env,present,输出,env_1_Design/PWM Output/OutPort/Y_Ch47.Valid,0,0,0,,{0},否
env,present,输出,env_1_Design/PWM Output/OutPort/Y_Ch48_Support_Features,0,0,0,,{0},否
env,present,输出,env_1_Design/PWM Output/OutPort/Y_Ch48.Valid,0,0,0,,{0},否
env,present,内部/未标记,env_1_Design/PWM Output/Measurement/Runtime(us),6,27,534,"1.014, 1.214, 1.414, 1.614, 1.814, 2.014, 2.214, 2.414, 2.614, 2.814 …",min=6; max=27; distinct=18,否
env,present,内部/未标记,env_1_Design/PWM Output/Measurement/Runtime_Min(us),6,6,0,,{6},否
env,present,内部/未标记,env_1_Design/PWM Output/Measurement/Runtime_Max(us),50,50,0,,{50},否
env,present,内部/未标记,env_1_Design/PWM Output/Measurement/Schedule_Interval(us),4856,5146,599,"0.614, 0.814, 1.014, 1.214, 1.614, 1.814, 2.014, 2.414, 2.614, 2.814 …",min=4856; max=5146; distinct=81,否
env,present,内部/未标记,env_1_Design/PWM Output/Measurement/Schedule_Interval_Min(us),4837,4838,1,36.014,"{4837, 4838}",否
env,present,内部/未标记,env_1_Design/PWM Output/Measurement/Schedule_Interval_Max(us),5165,5169,1,33.814,"{5165, 5169}",否
env,present,内部/未标记,env_1_Design/PWM Output/Measurement/Schedule_Count,3773,28653,622,"0.614, 0.814, 1.014, 1.214, 1.414, 1.614, 1.814, 2.014, 2.214, 2.414 …",min=3773; max=28653; distinct=623,否
env,present,内部/未标记,env_1_Design/PWM Output/Measurement/Activate_Fail_Count,0,0,0,,{0},否
env,present,输入,env_1_Design/Voltage Encoder Output/InPort/U_Ch6_Voltage_Encoder_Out_DutyRadio,0,0,0,,{0},是
env,present,输入,env_1_Design/Voltage Encoder Output/InPort/U_Ch6_Voltage_Encoder_Out_ValueLevel,0,0,0,,{0},是
env,present,输入,env_1_Design/Voltage Encoder Output/InPort/U_Ch6_Voltage_Encoder_Out_PulseOnTime,0,0,0,,{0},是
env,present,输入,env_1_Design/Voltage Encoder Output/InPort/U_Ch6_Voltage_Encoder_Out_PulseOffTime,0,0,0,,{0},是
env,present,输入,env_1_Design/Voltage Encoder Output/InPort/U_Ch7_Voltage_Encoder_Out_Enable,0,0,0,,{0},是
env,present,输入,env_1_Design/Voltage Encoder Output/InPort/U_Ch7_Voltage_Encoder_Out_FIU,0,0,0,,{0},是
env,present,输入,env_1_Design/Voltage Encoder Output/InPort/U_Ch7_Voltage_Encoder_Out_RotateSpeed,0,0,0,,{0},是
env,present,输入,env_1_Design/Voltage Encoder Output/InPort/U_Ch7_Voltage_Encoder_Out_Frequency,0,0,0,,{0},是
env,present,输入,env_1_Design/Voltage Encoder Output/InPort/U_Ch7_Voltage_Encoder_Out_DutyRadio,0,0,0,,{0},是
env,present,输入,env_1_Design/Voltage Encoder Output/InPort/U_Ch7_Voltage_Encoder_Out_ValueLevel,0,0,0,,{0},是
env,present,输入,env_1_Design/Voltage Encoder Output/InPort/U_Ch7_Voltage_Encoder_Out_PulseOnTime,0,0,0,,{0},是
env,present,输入,env_1_Design/Voltage Encoder Output/InPort/U_Ch7_Voltage_Encoder_Out_PulseOffTime,0,0,0,,{0},是
env,present,输入,env_1_Design/Voltage Encoder Output/InPort/U_Ch8_Voltage_Encoder_Out_Enable,0,0,0,,{0},是
env,present,输入,env_1_Design/Voltage Encoder Output/InPort/U_Ch8_Voltage_Encoder_Out_FIU,0,0,0,,{0},是
env,present,输入,env_1_Design/Voltage Encoder Output/InPort/U_Ch8_Voltage_Encoder_Out_RotateSpeed,0,0,0,,{0},是
env,present,输入,env_1_Design/Voltage Encoder Output/InPort/U_Ch8_Voltage_Encoder_Out_Frequency,0,0,0,,{0},是
env,present,输入,env_1_Design/Voltage Encoder Output/InPort/U_Ch8_Voltage_Encoder_Out_DutyRadio,0,0,0,,{0},是
env,present,输入,env_1_Design/Voltage Encoder Output/InPort/U_Ch8_Voltage_Encoder_Out_ValueLevel,0,0,0,,{0},是
env,present,输入,env_1_Design/Voltage Encoder Output/InPort/U_Ch8_Voltage_Encoder_Out_PulseOnTime,0,0,0,,{0},是
env,present,输入,env_1_Design/Voltage Encoder Output/InPort/U_Ch8_Voltage_Encoder_Out_PulseOffTime,0,0,0,,{0},是
env,present,输入,env_1_Design/Voltage Encoder Output/InPort/U_Ch9_Voltage_Encoder_Out_Enable,0,0,0,,{0},是
env,present,输入,env_1_Design/Voltage Encoder Output/InPort/U_Ch9_Voltage_Encoder_Out_FIU,0,0,0,,{0},是
env,present,输入,env_1_Design/Voltage Encoder Output/InPort/U_Ch9_Voltage_Encoder_Out_RotateSpeed,0,0,0,,{0},是
env,present,输入,env_1_Design/Voltage Encoder Output/InPort/U_Ch9_Voltage_Encoder_Out_Frequency,0,0,0,,{0},是
env,present,输入,env_1_Design/Voltage Encoder Output/InPort/U_Ch9_Voltage_Encoder_Out_DutyRadio,0,0,0,,{0},是
env,present,输入,env_1_Design/Voltage Encoder Output/InPort/U_Ch9_Voltage_Encoder_Out_ValueLevel,0,0,0,,{0},是
env,present,输入,env_1_Design/Voltage Encoder Output/InPort/U_Ch9_Voltage_Encoder_Out_PulseOnTime,0,0,0,,{0},是
env,present,输入,env_1_Design/Voltage Encoder Output/InPort/U_Ch9_Voltage_Encoder_Out_PulseOffTime,0,0,0,,{0},是
env,present,输入,env_1_Design/Voltage Encoder Output/InPort/U_Ch10_Voltage_Encoder_Out_Enable,0,0,0,,{0},是
env,present,输入,env_1_Design/Voltage Encoder Output/InPort/U_Ch10_Voltage_Encoder_Out_FIU,0,0,0,,{0},是
env,present,输入,env_1_Design/Voltage Encoder Output/InPort/U_Ch10_Voltage_Encoder_Out_RotateSpeed,0,0,0,,{0},是
env,present,输入,env_1_Design/Voltage Encoder Output/InPort/U_Ch10_Voltage_Encoder_Out_Frequency,0,0,0,,{0},是
env,present,输入,env_1_Design/Voltage Encoder Output/InPort/U_Ch10_Voltage_Encoder_Out_DutyRadio,0,0,0,,{0},是
env,present,输入,env_1_Design/Voltage Encoder Output/InPort/U_Ch10_Voltage_Encoder_Out_ValueLevel,0,0,0,,{0},是
env,present,输入,env_1_Design/Voltage Encoder Output/InPort/U_Ch10_Voltage_Encoder_Out_PulseOnTime,0,0,0,,{0},是
env,present,输入,env_1_Design/Voltage Encoder Output/InPort/U_Ch10_Voltage_Encoder_Out_PulseOffTime,0,0,0,,{0},是
env,present,输入,env_1_Design/Voltage Encoder Output/InPort/U_Ch11_Voltage_Encoder_Out_Enable,0,0,0,,{0},是
env,present,输入,env_1_Design/Voltage Encoder Output/InPort/U_Ch11_Voltage_Encoder_Out_FIU,0,0,0,,{0},是
env,present,输入,env_1_Design/Voltage Encoder Output/InPort/U_Ch11_Voltage_Encoder_Out_RotateSpeed,0,0,0,,{0},是
env,present,输入,env_1_Design/Voltage Encoder Output/InPort/U_Ch11_Voltage_Encoder_Out_Frequency,0,0,0,,{0},是
env,present,输入,env_1_Design/Voltage Encoder Output/InPort/U_Ch11_Voltage_Encoder_Out_DutyRadio,0,0,0,,{0},是
env,present,输入,env_1_Design/Voltage Encoder Output/InPort/U_Ch11_Voltage_Encoder_Out_ValueLevel,0,0,0,,{0},是
env,present,输入,env_1_Design/Voltage Encoder Output/InPort/U_Ch11_Voltage_Encoder_Out_PulseOnTime,0,0,0,,{0},是
env,present,输入,env_1_Design/Voltage Encoder Output/InPort/U_Ch11_Voltage_Encoder_Out_PulseOffTime,0,0,0,,{0},是
env,present,输入,env_1_Design/Voltage Encoder Output/InPort/U_Ch12_Voltage_Encoder_Out_Enable,0,0,0,,{0},是
env,present,输入,env_1_Design/Voltage Encoder Output/InPort/U_Ch12_Voltage_Encoder_Out_FIU,0,0,0,,{0},是
env,present,输入,env_1_Design/Voltage Encoder Output/InPort/U_Ch12_Voltage_Encoder_Out_RotateSpeed,0,0,0,,{0},是
env,present,输入,env_1_Design/Voltage Encoder Output/InPort/U_Ch12_Voltage_Encoder_Out_Frequency,0,0,0,,{0},是
env,present,输入,env_1_Design/Voltage Encoder Output/InPort/U_Ch12_Voltage_Encoder_Out_DutyRadio,0,0,0,,{0},是
env,present,输入,env_1_Design/Voltage Encoder Output/InPort/U_Ch12_Voltage_Encoder_Out_ValueLevel,0,0,0,,{0},是
env,present,输入,env_1_Design/Voltage Encoder Output/InPort/U_Ch12_Voltage_Encoder_Out_PulseOnTime,0,0,0,,{0},是
env,present,输入,env_1_Design/Voltage Encoder Output/InPort/U_Ch12_Voltage_Encoder_Out_PulseOffTime,0,0,0,,{0},是
env,present,输入,env_1_Design/Voltage Encoder Output/InPort/U_Ch13_Voltage_Encoder_Out_Enable,0,0,0,,{0},是
env,present,输入,env_1_Design/Voltage Encoder Output/InPort/U_Ch13_Voltage_Encoder_Out_FIU,0,0,0,,{0},是
env,present,输入,env_1_Design/Voltage Encoder Output/InPort/U_Ch13_Voltage_Encoder_Out_RotateSpeed,0,0,0,,{0},是
env,present,输入,env_1_Design/Voltage Encoder Output/InPort/U_Ch13_Voltage_Encoder_Out_Frequency,0,0,0,,{0},是
env,present,输入,env_1_Design/Voltage Encoder Output/InPort/U_Ch13_Voltage_Encoder_Out_DutyRadio,0,0,0,,{0},是
env,present,输入,env_1_Design/Voltage Encoder Output/InPort/U_Ch13_Voltage_Encoder_Out_ValueLevel,0,0,0,,{0},是
env,present,输入,env_1_Design/Voltage Encoder Output/InPort/U_Ch13_Voltage_Encoder_Out_PulseOnTime,0,0,0,,{0},是
env,present,输入,env_1_Design/Voltage Encoder Output/InPort/U_Ch13_Voltage_Encoder_Out_PulseOffTime,0,0,0,,{0},是
env,present,输入,env_1_Design/Voltage Encoder Output/InPort/U_Ch14_Voltage_Encoder_Out_Enable,0,0,0,,{0},是
env,present,输入,env_1_Design/Voltage Encoder Output/InPort/U_Ch14_Voltage_Encoder_Out_FIU,0,0,0,,{0},是
env,present,输入,env_1_Design/Voltage Encoder Output/InPort/U_Ch14_Voltage_Encoder_Out_RotateSpeed,0,0,0,,{0},是
env,present,输入,env_1_Design/Voltage Encoder Output/InPort/U_Ch14_Voltage_Encoder_Out_Frequency,0,0,0,,{0},是
env,present,输入,env_1_Design/Voltage Encoder Output/InPort/U_Ch14_Voltage_Encoder_Out_DutyRadio,0,0,0,,{0},是
env,present,输入,env_1_Design/Voltage Encoder Output/InPort/U_Ch14_Voltage_Encoder_Out_ValueLevel,0,0,0,,{0},是
env,present,输入,env_1_Design/Voltage Encoder Output/InPort/U_Ch14_Voltage_Encoder_Out_PulseOnTime,0,0,0,,{0},是
env,present,输入,env_1_Design/Voltage Encoder Output/InPort/U_Ch14_Voltage_Encoder_Out_PulseOffTime,0,0,0,,{0},是
env,present,输入,env_1_Design/Voltage Encoder Output/InPort/U_Ch15_Voltage_Encoder_Out_Enable,0,0,0,,{0},是
env,present,输入,env_1_Design/Voltage Encoder Output/InPort/U_Ch15_Voltage_Encoder_Out_FIU,0,0,0,,{0},是
env,present,输入,env_1_Design/Voltage Encoder Output/InPort/U_Ch15_Voltage_Encoder_Out_RotateSpeed,0,0,0,,{0},是
env,present,输入,env_1_Design/Voltage Encoder Output/InPort/U_Ch15_Voltage_Encoder_Out_Frequency,0,0,0,,{0},是
env,present,输入,env_1_Design/Voltage Encoder Output/InPort/U_Ch15_Voltage_Encoder_Out_DutyRadio,0,0,0,,{0},是
env,present,输入,env_1_Design/Voltage Encoder Output/InPort/U_Ch15_Voltage_Encoder_Out_ValueLevel,0,0,0,,{0},是
env,present,输入,env_1_Design/Voltage Encoder Output/InPort/U_Ch15_Voltage_Encoder_Out_PulseOnTime,0,0,0,,{0},是
env,present,输入,env_1_Design/Voltage Encoder Output/InPort/U_Ch15_Voltage_Encoder_Out_PulseOffTime,0,0,0,,{0},是
env,present,输入,env_1_Design/Voltage Encoder Output/InPort/U_Ch16_Voltage_Encoder_Out_Enable,0,0,0,,{0},是
env,present,输入,env_1_Design/Voltage Encoder Output/InPort/U_Ch16_Voltage_Encoder_Out_FIU,0,0,0,,{0},是
env,present,输入,env_1_Design/Voltage Encoder Output/InPort/U_Ch16_Voltage_Encoder_Out_RotateSpeed,0,0,0,,{0},是
env,present,输入,env_1_Design/Voltage Encoder Output/InPort/U_Ch16_Voltage_Encoder_Out_Frequency,0,0,0,,{0},是
env,present,输入,env_1_Design/Voltage Encoder Output/InPort/U_Ch16_Voltage_Encoder_Out_DutyRadio,0,0,0,,{0},是
env,present,输入,env_1_Design/Voltage Encoder Output/InPort/U_Ch16_Voltage_Encoder_Out_ValueLevel,0,0,0,,{0},是
env,present,输入,env_1_Design/Voltage Encoder Output/InPort/U_Ch16_Voltage_Encoder_Out_PulseOnTime,0,0,0,,{0},是
env,present,输入,env_1_Design/Voltage Encoder Output/InPort/U_Ch16_Voltage_Encoder_Out_PulseOffTime,0,0,0,,{0},是
env,present,输入,env_1_Design/Voltage Encoder Output/InPort/U_Ch17_Voltage_Encoder_Out_Enable,0,0,0,,{0},是
env,present,输入,env_1_Design/Voltage Encoder Output/InPort/U_Ch17_Voltage_Encoder_Out_FIU,0,0,0,,{0},是
env,present,输入,env_1_Design/Voltage Encoder Output/InPort/U_Ch17_Voltage_Encoder_Out_RotateSpeed,0,0,0,,{0},是
env,present,输入,env_1_Design/Voltage Encoder Output/InPort/U_Ch17_Voltage_Encoder_Out_Frequency,0,0,0,,{0},是
env,present,输入,env_1_Design/Voltage Encoder Output/InPort/U_Ch17_Voltage_Encoder_Out_DutyRadio,0,0,0,,{0},是
env,present,输入,env_1_Design/Voltage Encoder Output/InPort/U_Ch17_Voltage_Encoder_Out_ValueLevel,0,0,0,,{0},是
env,present,输入,env_1_Design/Voltage Encoder Output/InPort/U_Ch17_Voltage_Encoder_Out_PulseOnTime,0,0,0,,{0},是
env,present,输入,env_1_Design/Voltage Encoder Output/InPort/U_Ch17_Voltage_Encoder_Out_PulseOffTime,0,0,0,,{0},是
env,present,输入,env_1_Design/Voltage Encoder Output/InPort/U_Ch18_Voltage_Encoder_Out_Enable,0,0,0,,{0},是
env,present,输入,env_1_Design/Voltage Encoder Output/InPort/U_Ch18_Voltage_Encoder_Out_FIU,0,0,0,,{0},是
env,present,输入,env_1_Design/Voltage Encoder Output/InPort/U_Ch18_Voltage_Encoder_Out_RotateSpeed,0,0,0,,{0},是
env,present,输入,env_1_Design/Voltage Encoder Output/InPort/U_Ch18_Voltage_Encoder_Out_Frequency,0,0,0,,{0},是
env,present,输入,env_1_Design/Voltage Encoder Output/InPort/U_Ch18_Voltage_Encoder_Out_DutyRadio,0,0,0,,{0},是
env,present,输入,env_1_Design/Voltage Encoder Output/InPort/U_Ch18_Voltage_Encoder_Out_ValueLevel,0,0,0,,{0},是
env,present,输入,env_1_Design/Voltage Encoder Output/InPort/U_Ch18_Voltage_Encoder_Out_PulseOnTime,0,0,0,,{0},是
env,present,输入,env_1_Design/Voltage Encoder Output/InPort/U_Ch18_Voltage_Encoder_Out_PulseOffTime,0,0,0,,{0},是
env,present,输入,env_1_Design/Voltage Encoder Output/InPort/U_Ch19_Voltage_Encoder_Out_Enable,0,0,0,,{0},是
env,present,输入,env_1_Design/Voltage Encoder Output/InPort/U_Ch19_Voltage_Encoder_Out_FIU,0,0,0,,{0},是
env,present,输入,env_1_Design/Voltage Encoder Output/InPort/U_Ch19_Voltage_Encoder_Out_RotateSpeed,0,0,0,,{0},是
env,present,输入,env_1_Design/Voltage Encoder Output/InPort/U_Ch19_Voltage_Encoder_Out_Frequency,0,0,0,,{0},是
env,present,输入,env_1_Design/Voltage Encoder Output/InPort/U_Ch19_Voltage_Encoder_Out_DutyRadio,0,0,0,,{0},是
env,present,输入,env_1_Design/Voltage Encoder Output/InPort/U_Ch19_Voltage_Encoder_Out_ValueLevel,0,0,0,,{0},是
env,present,输入,env_1_Design/Voltage Encoder Output/InPort/U_Ch19_Voltage_Encoder_Out_PulseOnTime,0,0,0,,{0},是
env,present,输入,env_1_Design/Voltage Encoder Output/InPort/U_Ch19_Voltage_Encoder_Out_PulseOffTime,0,0,0,,{0},是
env,present,输入,env_1_Design/Voltage Encoder Output/InPort/U_Ch20_Voltage_Encoder_Out_Enable,0,0,0,,{0},是
env,present,输入,env_1_Design/Voltage Encoder Output/InPort/U_Ch20_Voltage_Encoder_Out_FIU,0,0,0,,{0},是
env,present,输入,env_1_Design/Voltage Encoder Output/InPort/U_Ch20_Voltage_Encoder_Out_RotateSpeed,0,0,0,,{0},是
env,present,输入,env_1_Design/Voltage Encoder Output/InPort/U_Ch20_Voltage_Encoder_Out_Frequency,0,0,0,,{0},是
env,present,输入,env_1_Design/Voltage Encoder Output/InPort/U_Ch20_Voltage_Encoder_Out_DutyRadio,0,0,0,,{0},是
env,present,输入,env_1_Design/Voltage Encoder Output/InPort/U_Ch20_Voltage_Encoder_Out_ValueLevel,0,0,0,,{0},是
env,present,输入,env_1_Design/Voltage Encoder Output/InPort/U_Ch20_Voltage_Encoder_Out_PulseOnTime,0,0,0,,{0},是
env,present,输入,env_1_Design/Voltage Encoder Output/InPort/U_Ch20_Voltage_Encoder_Out_PulseOffTime,0,0,0,,{0},是
env,present,输入,env_1_Design/Voltage Encoder Output/InPort/U_Ch21_Voltage_Encoder_Out_Enable,0,0,0,,{0},是
env,present,输入,env_1_Design/Voltage Encoder Output/InPort/U_Ch21_Voltage_Encoder_Out_FIU,0,0,0,,{0},是
env,present,输入,env_1_Design/Voltage Encoder Output/InPort/U_Ch21_Voltage_Encoder_Out_RotateSpeed,0,0,0,,{0},是
env,present,输入,env_1_Design/Voltage Encoder Output/InPort/U_Ch21_Voltage_Encoder_Out_Frequency,0,0,0,,{0},是
env,present,输入,env_1_Design/Voltage Encoder Output/InPort/U_Ch21_Voltage_Encoder_Out_DutyRadio,0,0,0,,{0},是
env,present,输入,env_1_Design/Voltage Encoder Output/InPort/U_Ch21_Voltage_Encoder_Out_ValueLevel,0,0,0,,{0},是
env,present,输入,env_1_Design/Voltage Encoder Output/InPort/U_Ch21_Voltage_Encoder_Out_PulseOnTime,0,0,0,,{0},是
env,present,输入,env_1_Design/Voltage Encoder Output/InPort/U_Ch21_Voltage_Encoder_Out_PulseOffTime,0,0,0,,{0},是
env,present,输入,env_1_Design/Voltage Encoder Output/InPort/U_Ch22_Voltage_Encoder_Out_Enable,0,0,0,,{0},是
env,present,输入,env_1_Design/Voltage Encoder Output/InPort/U_Ch22_Voltage_Encoder_Out_FIU,0,0,0,,{0},是
env,present,输入,env_1_Design/Voltage Encoder Output/InPort/U_Ch22_Voltage_Encoder_Out_RotateSpeed,0,0,0,,{0},是
env,present,输入,env_1_Design/Voltage Encoder Output/InPort/U_Ch22_Voltage_Encoder_Out_Frequency,0,0,0,,{0},是
env,present,输入,env_1_Design/Voltage Encoder Output/InPort/U_Ch22_Voltage_Encoder_Out_DutyRadio,0,0,0,,{0},是
env,present,输入,env_1_Design/Voltage Encoder Output/InPort/U_Ch22_Voltage_Encoder_Out_ValueLevel,0,0,0,,{0},是
env,present,输入,env_1_Design/Voltage Encoder Output/InPort/U_Ch22_Voltage_Encoder_Out_PulseOnTime,0,0,0,,{0},是
env,present,输入,env_1_Design/Voltage Encoder Output/InPort/U_Ch22_Voltage_Encoder_Out_PulseOffTime,0,0,0,,{0},是
env,present,输入,env_1_Design/Voltage Encoder Output/InPort/U_Ch23_Voltage_Encoder_Out_Enable,0,0,0,,{0},是
env,present,输入,env_1_Design/Voltage Encoder Output/InPort/U_Ch23_Voltage_Encoder_Out_FIU,0,0,0,,{0},是
env,present,输入,env_1_Design/Voltage Encoder Output/InPort/U_Ch23_Voltage_Encoder_Out_RotateSpeed,0,0,0,,{0},是
env,present,输入,env_1_Design/Voltage Encoder Output/InPort/U_Ch23_Voltage_Encoder_Out_Frequency,0,0,0,,{0},是
env,present,输入,env_1_Design/Voltage Encoder Output/InPort/U_Ch23_Voltage_Encoder_Out_DutyRadio,0,0,0,,{0},是
env,present,输入,env_1_Design/Voltage Encoder Output/InPort/U_Ch23_Voltage_Encoder_Out_ValueLevel,0,0,0,,{0},是
env,present,输入,env_1_Design/Voltage Encoder Output/InPort/U_Ch23_Voltage_Encoder_Out_PulseOnTime,0,0,0,,{0},是
env,present,输入,env_1_Design/Voltage Encoder Output/InPort/U_Ch23_Voltage_Encoder_Out_PulseOffTime,0,0,0,,{0},是
env,present,输入,env_1_Design/Voltage Encoder Output/InPort/U_Ch24_Voltage_Encoder_Out_Enable,0,0,0,,{0},是
env,present,输入,env_1_Design/Voltage Encoder Output/InPort/U_Ch24_Voltage_Encoder_Out_FIU,0,0,0,,{0},是
env,present,输入,env_1_Design/Voltage Encoder Output/InPort/U_Ch24_Voltage_Encoder_Out_RotateSpeed,0,0,0,,{0},是
env,present,输入,env_1_Design/Voltage Encoder Output/InPort/U_Ch24_Voltage_Encoder_Out_Frequency,0,0,0,,{0},是
env,present,输入,env_1_Design/Voltage Encoder Output/InPort/U_Ch24_Voltage_Encoder_Out_DutyRadio,0,0,0,,{0},是
env,present,输入,env_1_Design/Voltage Encoder Output/InPort/U_Ch24_Voltage_Encoder_Out_ValueLevel,0,0,0,,{0},是
env,present,输入,env_1_Design/Voltage Encoder Output/InPort/U_Ch24_Voltage_Encoder_Out_PulseOnTime,0,0,0,,{0},是
env,present,输入,env_1_Design/Voltage Encoder Output/InPort/U_Ch24_Voltage_Encoder_Out_PulseOffTime,0,0,0,,{0},是
env,present,输入,env_1_Design/Voltage Encoder Output/InPort/Model_Disabled,0,0,0,,{0},是
env,present,输入,env_1_Design/Voltage Encoder Output/InPort/Model_Reset,0,0,0,,{0},是
env,present,输出,env_1_Design/Voltage Encoder Output/OutPort/Y_Ch1_Voltage_Encoder_Out_Angle,0,0,0,,{0},是
env,present,输出,env_1_Design/Voltage Encoder Output/OutPort/Y_Ch1_Support_Features,0,0,0,,{0},是
env,present,输出,env_1_Design/Voltage Encoder Output/OutPort/Y_Ch1.Valid,0,0,0,,{0},是
env,present,输出,env_1_Design/Voltage Encoder Output/OutPort/Y_Ch2_Voltage_Encoder_Out_Angle,0,0,0,,{0},是
env,present,输出,env_1_Design/Voltage Encoder Output/OutPort/Y_Ch2_Support_Features,0,0,0,,{0},是
env,present,输出,env_1_Design/Voltage Encoder Output/OutPort/Y_Ch2.Valid,0,0,0,,{0},是
env,present,输出,env_1_Design/Voltage Encoder Output/OutPort/Y_Ch3_Voltage_Encoder_Out_Angle,0,0,0,,{0},是
env,present,输出,env_1_Design/Voltage Encoder Output/OutPort/Y_Ch3_Support_Features,0,0,0,,{0},是
env,present,输出,env_1_Design/Voltage Encoder Output/OutPort/Y_Ch3.Valid,0,0,0,,{0},是
env,present,输出,env_1_Design/Voltage Encoder Output/OutPort/Y_Ch4_Voltage_Encoder_Out_Angle,0,0,0,,{0},是
env,present,输出,env_1_Design/Voltage Encoder Output/OutPort/Y_Ch4_Support_Features,0,0,0,,{0},是
env,present,输出,env_1_Design/Voltage Encoder Output/OutPort/Y_Ch4.Valid,0,0,0,,{0},是
env,present,输出,env_1_Design/Voltage Encoder Output/OutPort/Y_Ch5_Voltage_Encoder_Out_Angle,0,0,0,,{0},是
env,present,输出,env_1_Design/Voltage Encoder Output/OutPort/Y_Ch5_Support_Features,0,0,0,,{0},是
env,present,输出,env_1_Design/Voltage Encoder Output/OutPort/Y_Ch5.Valid,0,0,0,,{0},是
env,present,输出,env_1_Design/Voltage Encoder Output/OutPort/Y_Ch6_Voltage_Encoder_Out_Angle,0,0,0,,{0},是
env,present,输出,env_1_Design/Voltage Encoder Output/OutPort/Y_Ch6_Support_Features,0,0,0,,{0},是
env,present,输出,env_1_Design/Voltage Encoder Output/OutPort/Y_Ch6.Valid,0,0,0,,{0},是
env,present,输出,env_1_Design/Voltage Encoder Output/OutPort/Y_Ch7_Voltage_Encoder_Out_Angle,0,0,0,,{0},是
env,present,输出,env_1_Design/Voltage Encoder Output/OutPort/Y_Ch7_Support_Features,0,0,0,,{0},是
env,present,输出,env_1_Design/Voltage Encoder Output/OutPort/Y_Ch7.Valid,0,0,0,,{0},是
env,present,输出,env_1_Design/Voltage Encoder Output/OutPort/Y_Ch8_Voltage_Encoder_Out_Angle,0,0,0,,{0},是
env,present,输出,env_1_Design/Voltage Encoder Output/OutPort/Y_Ch8_Support_Features,0,0,0,,{0},是
env,present,输出,env_1_Design/Voltage Encoder Output/OutPort/Y_Ch8.Valid,0,0,0,,{0},是
env,present,输出,env_1_Design/Voltage Encoder Output/OutPort/Y_Ch9_Voltage_Encoder_Out_Angle,0,0,0,,{0},是
env,present,输出,env_1_Design/Voltage Encoder Output/OutPort/Y_Ch9_Support_Features,0,0,0,,{0},是
env,present,输出,env_1_Design/Voltage Encoder Output/OutPort/Y_Ch9.Valid,0,0,0,,{0},是
env,present,输出,env_1_Design/Voltage Encoder Output/OutPort/Y_Ch10_Voltage_Encoder_Out_Angle,0,0,0,,{0},是
env,present,输出,env_1_Design/Voltage Encoder Output/OutPort/Y_Ch10_Support_Features,0,0,0,,{0},是
env,present,输出,env_1_Design/Voltage Encoder Output/OutPort/Y_Ch10.Valid,0,0,0,,{0},是
env,present,输出,env_1_Design/Voltage Encoder Output/OutPort/Y_Ch11_Voltage_Encoder_Out_Angle,0,0,0,,{0},是
env,present,输出,env_1_Design/Voltage Encoder Output/OutPort/Y_Ch11_Support_Features,0,0,0,,{0},是
env,present,输出,env_1_Design/Voltage Encoder Output/OutPort/Y_Ch11.Valid,0,0,0,,{0},是
env,present,输出,env_1_Design/Voltage Encoder Output/OutPort/Y_Ch12_Voltage_Encoder_Out_Angle,0,0,0,,{0},是
env,present,输出,env_1_Design/Voltage Encoder Output/OutPort/Y_Ch12_Support_Features,0,0,0,,{0},是
env,present,输出,env_1_Design/Voltage Encoder Output/OutPort/Y_Ch12.Valid,0,0,0,,{0},是
env,present,输出,env_1_Design/Voltage Encoder Output/OutPort/Y_Ch13_Voltage_Encoder_Out_Angle,0,0,0,,{0},是
env,present,输出,env_1_Design/Voltage Encoder Output/OutPort/Y_Ch13_Support_Features,0,0,0,,{0},是
env,present,输出,env_1_Design/Voltage Encoder Output/OutPort/Y_Ch13.Valid,0,0,0,,{0},是
env,present,输出,env_1_Design/Voltage Encoder Output/OutPort/Y_Ch14_Voltage_Encoder_Out_Angle,0,0,0,,{0},是
env,present,输出,env_1_Design/Voltage Encoder Output/OutPort/Y_Ch14_Support_Features,0,0,0,,{0},是
env,present,输出,env_1_Design/Voltage Encoder Output/OutPort/Y_Ch14.Valid,0,0,0,,{0},是
env,present,输出,env_1_Design/Voltage Encoder Output/OutPort/Y_Ch15_Voltage_Encoder_Out_Angle,0,0,0,,{0},是
env,present,输出,env_1_Design/Voltage Encoder Output/OutPort/Y_Ch15_Support_Features,0,0,0,,{0},是
env,present,输出,env_1_Design/Voltage Encoder Output/OutPort/Y_Ch15.Valid,0,0,0,,{0},是
env,present,输出,env_1_Design/Voltage Encoder Output/OutPort/Y_Ch16_Voltage_Encoder_Out_Angle,0,0,0,,{0},是
env,present,输出,env_1_Design/Voltage Encoder Output/OutPort/Y_Ch16_Support_Features,0,0,0,,{0},是
env,present,输出,env_1_Design/Voltage Encoder Output/OutPort/Y_Ch16.Valid,0,0,0,,{0},是
env,present,输出,env_1_Design/Voltage Encoder Output/OutPort/Y_Ch17_Voltage_Encoder_Out_Angle,0,0,0,,{0},是
env,present,输出,env_1_Design/Voltage Encoder Output/OutPort/Y_Ch17_Support_Features,0,0,0,,{0},是
env,present,输出,env_1_Design/CAN/OutPort/CAN_CH5.Statistic.Receive.Y_CAN_Ch5_TotalRxExtFramesCnt,0,0,0,,{0},否
env,present,输出,env_1_Design/CAN/OutPort/CAN_CH5.Statistic.Receive.Y_CAN_Ch5_RxExtFramesCnt,0,0,0,,{0},否
env,present,输出,env_1_Design/CAN/OutPort/CAN_CH5.Statistic.Receive.Y_CAN_Ch5_TotalRxStdRemoteFramesCnt,0,0,0,,{0},否
env,present,输出,env_1_Design/CAN/OutPort/CAN_CH5.Statistic.Receive.Y_CAN_Ch5_RxStdRemoteFramesCnt,0,0,0,,{0},否
env,present,输出,env_1_Design/CAN/OutPort/CAN_CH5.Statistic.Receive.Y_CAN_Ch5_TotalRxExtRemoteFramesCnt,0,0,0,,{0},否
env,present,输出,env_1_Design/CAN/OutPort/CAN_CH5.Statistic.Receive.Y_CAN_Ch5_RxExtRemoteFramesCnt,0,0,0,,{0},否
env,present,输出,env_1_Design/CAN/OutPort/CAN_CH5.Statistic.ErrorFrame.Y_CAN_Ch5_TotalTxErrorsCnt,0,0,0,,{0},否
env,present,输出,env_1_Design/CAN/OutPort/CAN_CH5.Statistic.ErrorFrame.Y_CAN_Ch5_TotalRxErrorsCnt,0,0,0,,{0},否
env,present,输出,env_1_Design/CAN/OutPort/CAN_CH5.Statistic.ErrorFrame.Y_CAN_Ch5_TotalErrorsCnt,0,0,0,,{0},否
env,present,输出,env_1_Design/CAN/OutPort/CAN_CH5.Statistic.ErrorFrame.Y_CAN_Ch5_TxErrorsCnt,0,0,0,,{0},否
env,present,输出,env_1_Design/CAN/OutPort/CAN_CH5.Statistic.ErrorFrame.Y_CAN_Ch5_RxErrorsCnt,0,0,0,,{0},否
env,present,输出,env_1_Design/CAN/OutPort/CAN_CH5.Statistic.ErrorFrame.Y_CAN_Ch5_ErrorsCnt,0,0,0,,{0},否
env,present,输出,env_1_Design/CAN/OutPort/CAN_CH5.Statistic.ErrorFrame.Y_CAN_Ch5_TotalNackErrorsCnt,0,0,0,,{0},否
env,present,输出,env_1_Design/CAN/OutPort/CAN_CH5.Statistic.ErrorFrame.Y_CAN_Ch5_TotalSufferErrorsCnt,0,0,0,,{0},否
env,present,输出,env_1_Design/CAN/OutPort/CAN_CH5.Statistic.ErrorFrame.Y_CAN_Ch5_TotalBit0ErrorsCnt,0,0,0,,{0},否
env,present,输出,env_1_Design/CAN/OutPort/CAN_CH5.Statistic.ErrorFrame.Y_CAN_Ch5_TotalBit1ErrorsCnt,0,0,0,,{0},否
env,present,输出,env_1_Design/CAN/OutPort/CAN_CH5.Statistic.ErrorFrame.Y_CAN_Ch5_TotalCrcErrorsCnt,0,0,0,,{0},否
env,present,输出,env_1_Design/CAN/OutPort/CAN_CH5.Statistic.ErrorFrame.Y_CAN_Ch5_TotalFormErrorsCnt,0,0,0,,{0},否
env,present,输出,env_1_Design/CAN/OutPort/CAN_CH5.Statistic.ErrorFrame.Y_CAN_Ch5_NackErrorsCnt,0,0,0,,{0},否
env,present,输出,env_1_Design/CAN/OutPort/CAN_CH5.Statistic.ErrorFrame.Y_CAN_Ch5_SufferErrorsCnt,0,0,0,,{0},否
env,present,输出,env_1_Design/CAN/OutPort/CAN_CH5.Statistic.ErrorFrame.Y_CAN_Ch5_Bit0ErrorsCnt,0,0,0,,{0},否
env,present,输出,env_1_Design/CAN/OutPort/CAN_CH5.Statistic.ErrorFrame.Y_CAN_Ch5_Bit1ErrorsCnt,0,0,0,,{0},否
env,present,输出,env_1_Design/CAN/OutPort/CAN_CH5.Statistic.ErrorFrame.Y_CAN_Ch5_CrcErrorsCnt,0,0,0,,{0},否
env,present,输出,env_1_Design/CAN/OutPort/CAN_CH5.Statistic.ErrorFrame.Y_CAN_Ch5_FormErrorsCnt,0,0,0,,{0},否
env,present,输出,env_1_Design/CAN/OutPort/CAN_CH5.Statistic.AllFrame.Y_CAN_Ch5_TotalFramesCnt,0,0,0,,{0},否
env,present,输出,env_1_Design/CAN/OutPort/CAN_CH5.Statistic.AllFrame.Y_CAN_Ch5_FramesCnt,0,0,0,,{0},否
env,present,输出,env_1_Design/CAN/OutPort/CAN_CH5.Statistic.AllFrame.Y_CAN_Ch5_TotalStdFramesCnt,0,0,0,,{0},否
env,present,输出,env_1_Design/CAN/OutPort/CAN_CH5.Statistic.AllFrame.Y_CAN_Ch5_StdFramesCnt,0,0,0,,{0},否
env,present,输出,env_1_Design/CAN/OutPort/CAN_CH5.Statistic.AllFrame.Y_CAN_Ch5_TotalExtFramesCnt,0,0,0,,{0},否
env,present,输出,env_1_Design/CAN/OutPort/CAN_CH5.Statistic.AllFrame.Y_CAN_Ch5_ExtFramesCnt,0,0,0,,{0},否
env,present,输出,env_1_Design/CAN/OutPort/CAN_CH5.Statistic.AllFrame.Y_CAN_Ch5_TotalStdRemoteFramesCnt,0,0,0,,{0},否
env,present,输出,env_1_Design/CAN/OutPort/CAN_CH5.Statistic.AllFrame.Y_CAN_Ch5_StdRemoteFramesCnt,0,0,0,,{0},否
env,present,输出,env_1_Design/CAN/OutPort/CAN_CH5.Statistic.AllFrame.Y_CAN_Ch5_TotalExtRemoteFramesCnt,0,0,0,,{0},否
env,present,输出,env_1_Design/CAN/OutPort/CAN_CH5.Statistic.AllFrame.Y_CAN_Ch5_ExtRemoteFramesCnt,0,0,0,,{0},否
env,present,输出,env_1_Design/CAN/OutPort/CAN_CH5.Statistic.Y_CAN_Ch5_BurstTime,0,0,0,,{0},否
env,present,输出,env_1_Design/CAN/OutPort/CAN_CH5.Valid,0,0,0,,{0},否
env,present,输出,env_1_Design/CAN/OutPort/CAN_CH5.Background_Traffic.Valid,0,0,0,,{0},否
env,present,输出,env_1_Design/CAN/OutPort/CAN_CH5.Sample_Point_Test.Result,0,0,0,,{0},否
env,present,输出,env_1_Design/CAN/OutPort/CAN_CH5.Sample_Point_Test.Arbitration_Phase.Measeure_Sample_Ponit,0,0,0,,{0},否
env,present,输出,env_1_Design/CAN/OutPort/CAN_CH5.Sample_Point_Test.Data_Phase.Measeure_Sample_Ponit,0,0,0,,{0},否
env,present,输出,env_1_Design/CAN/OutPort/CAN_CH5.Sample_Point_Test.Valid,0,0,0,,{0},否
env,present,输出,env_1_Design/CAN/OutPort/CAN_CH5.Error_Inject.Valid,0,0,0,,{0},否
env,present,输出,env_1_Design/CAN/OutPort/CAN_CH5.Custom_Sequence.Valid,0,0,0,,{0},否
env,present,输出,env_1_Design/CAN/OutPort/CAN_CH6.Config.Y_CAN_Ch6_Mode,2,2,0,,{2},否
env,present,输出,env_1_Design/CAN/OutPort/CAN_CH6.Config.Y_CAN_Ch6_Bitrate,500000,500000,0,,{500000},否
env,present,输出,env_1_Design/CAN/OutPort/CAN_CH6.Config.Y_CAN_Ch6_SamplePoint,0.75,0.75,0,,{0.75},否
env,present,输出,env_1_Design/CAN/OutPort/CAN_CH6.Config.Y_CAN_Ch6_DataBitrate,2e+06,2e+06,0,,{2e+06},否
env,present,输出,env_1_Design/CAN/OutPort/CAN_CH6.Config.Y_CAN_Ch6_DataSamplePoint,0.75,0.75,0,,{0.75},否
env,present,输出,env_1_Design/CAN/OutPort/CAN_CH6.Statistic.Y_CAN_Ch6_Busload,0,0,0,,{0},否
env,present,输出,env_1_Design/CAN/OutPort/CAN_CH6.Statistic.Chip State.Y_CAN_Ch6_ChipState,1,1,0,,{1},否
env,present,输出,env_1_Design/CAN/OutPort/CAN_CH6.Statistic.Chip State.Y_CAN_Ch6_TransmitErrorCount,0,0,0,,{0},否
env,present,输出,env_1_Design/CAN/OutPort/CAN_CH6.Statistic.Chip State.Y_CAN_Ch6_ReceiveErrorCount,0,0,0,,{0},否
env,present,输出,env_1_Design/CAN/OutPort/CAN_CH6.Statistic.Transmit.Y_CAN_Ch6_TotalTxFramesCnt,0,0,0,,{0},否
env,present,输出,env_1_Design/CAN/OutPort/CAN_CH6.Statistic.Transmit.Y_CAN_Ch6_TxFramesCnt,0,0,0,,{0},否
env,present,输出,env_1_Design/CAN/OutPort/CAN_CH6.Statistic.Transmit.Y_CAN_Ch6_TotalTxStdFramesCnt,0,0,0,,{0},否
env,present,输出,env_1_Design/CAN/OutPort/CAN_CH6.Statistic.Transmit.Y_CAN_Ch6_TxStdFramesCnt,0,0,0,,{0},否
env,present,输出,env_1_Design/CAN/OutPort/CAN_CH6.Statistic.Transmit.Y_CAN_Ch6_TotalTxExtFramesCnt,0,0,0,,{0},否
env,present,输出,env_1_Design/CAN/OutPort/CAN_CH6.Statistic.Transmit.Y_CAN_Ch6_TxExtFramesCnt,0,0,0,,{0},否
env,present,输出,env_1_Design/CAN/OutPort/CAN_CH6.Statistic.Transmit.Y_CAN_Ch6_TotalTxStdRemoteFramesCnt,0,0,0,,{0},否
env,present,输出,env_1_Design/CAN/OutPort/CAN_CH6.Statistic.Transmit.Y_CAN_Ch6_TxStdRemoteFramesCnt,0,0,0,,{0},否
env,present,输出,env_1_Design/CAN/OutPort/CAN_CH6.Statistic.Transmit.Y_CAN_Ch6_TotalTxExtRemoteFramesCnt,0,0,0,,{0},否
env,present,输出,env_1_Design/CAN/OutPort/CAN_CH6.Statistic.Transmit.Y_CAN_Ch6_TxExtRemoteFramesCnt,0,0,0,,{0},否
env,present,输出,env_1_Design/CAN/OutPort/CAN_CH6.Statistic.Receive.Y_CAN_Ch6_TotalRxFramesCnt,0,0,0,,{0},否
env,present,输出,env_1_Design/CAN/OutPort/CAN_CH6.Statistic.Receive.Y_CAN_Ch6_RxFramesCnt,0,0,0,,{0},否
env,present,输出,env_1_Design/CAN/OutPort/CAN_CH6.Statistic.Receive.Y_CAN_Ch6_TotalRxStdFramesCnt,0,0,0,,{0},否
env,present,输出,env_1_Design/CAN/OutPort/CAN_CH6.Statistic.Receive.Y_CAN_Ch6_RxStdFramesCnt,0,0,0,,{0},否
env,present,输出,env_1_Design/CAN/OutPort/CAN_CH6.Statistic.Receive.Y_CAN_Ch6_TotalRxExtFramesCnt,0,0,0,,{0},否
env,present,输出,env_1_Design/CAN/OutPort/CAN_CH6.Statistic.Receive.Y_CAN_Ch6_RxExtFramesCnt,0,0,0,,{0},否
env,present,输出,env_1_Design/CAN/OutPort/CAN_CH6.Statistic.Receive.Y_CAN_Ch6_TotalRxStdRemoteFramesCnt,0,0,0,,{0},否
env,present,输出,env_1_Design/CAN/OutPort/CAN_CH6.Statistic.Receive.Y_CAN_Ch6_RxStdRemoteFramesCnt,0,0,0,,{0},否
env,present,输出,env_1_Design/CAN/OutPort/CAN_CH6.Statistic.Receive.Y_CAN_Ch6_TotalRxExtRemoteFramesCnt,0,0,0,,{0},否
env,present,输出,env_1_Design/CAN/OutPort/CAN_CH6.Statistic.Receive.Y_CAN_Ch6_RxExtRemoteFramesCnt,0,0,0,,{0},否
env,present,输出,env_1_Design/CAN/OutPort/CAN_CH6.Statistic.ErrorFrame.Y_CAN_Ch6_TotalTxErrorsCnt,0,0,0,,{0},否
env,present,输出,env_1_Design/CAN/OutPort/CAN_CH6.Statistic.ErrorFrame.Y_CAN_Ch6_TotalRxErrorsCnt,0,0,0,,{0},否
env,present,输出,env_1_Design/CAN/OutPort/CAN_CH6.Statistic.ErrorFrame.Y_CAN_Ch6_TotalErrorsCnt,0,0,0,,{0},否
env,present,输出,env_1_Design/CAN/OutPort/CAN_CH6.Statistic.ErrorFrame.Y_CAN_Ch6_TxErrorsCnt,0,0,0,,{0},否
env,present,输出,env_1_Design/CAN/OutPort/CAN_CH6.Statistic.ErrorFrame.Y_CAN_Ch6_RxErrorsCnt,0,0,0,,{0},否
env,present,输出,env_1_Design/CAN/OutPort/CAN_CH6.Statistic.ErrorFrame.Y_CAN_Ch6_ErrorsCnt,0,0,0,,{0},否
env,present,输出,env_1_Design/CAN/OutPort/CAN_CH6.Statistic.ErrorFrame.Y_CAN_Ch6_TotalNackErrorsCnt,0,0,0,,{0},否
env,present,输出,env_1_Design/CAN/OutPort/CAN_CH6.Statistic.ErrorFrame.Y_CAN_Ch6_TotalSufferErrorsCnt,0,0,0,,{0},否
env,present,输出,env_1_Design/CAN/OutPort/CAN_CH6.Statistic.ErrorFrame.Y_CAN_Ch6_TotalBit0ErrorsCnt,0,0,0,,{0},否
env,present,输出,env_1_Design/CAN/OutPort/CAN_CH6.Statistic.ErrorFrame.Y_CAN_Ch6_TotalBit1ErrorsCnt,0,0,0,,{0},否
env,present,输出,env_1_Design/CAN/OutPort/CAN_CH6.Statistic.ErrorFrame.Y_CAN_Ch6_TotalCrcErrorsCnt,0,0,0,,{0},否
env,present,输出,env_1_Design/CAN/OutPort/CAN_CH6.Statistic.ErrorFrame.Y_CAN_Ch6_TotalFormErrorsCnt,0,0,0,,{0},否
env,present,输出,env_1_Design/CAN/OutPort/CAN_CH6.Statistic.ErrorFrame.Y_CAN_Ch6_NackErrorsCnt,0,0,0,,{0},否
env,present,输出,env_1_Design/CAN/OutPort/CAN_CH6.Statistic.ErrorFrame.Y_CAN_Ch6_SufferErrorsCnt,0,0,0,,{0},否
env,present,输出,env_1_Design/CAN/OutPort/CAN_CH6.Statistic.ErrorFrame.Y_CAN_Ch6_Bit0ErrorsCnt,0,0,0,,{0},否
env,present,输出,env_1_Design/CAN/OutPort/CAN_CH6.Statistic.ErrorFrame.Y_CAN_Ch6_Bit1ErrorsCnt,0,0,0,,{0},否
env,present,输出,env_1_Design/CAN/OutPort/CAN_CH6.Statistic.ErrorFrame.Y_CAN_Ch6_CrcErrorsCnt,0,0,0,,{0},否
env,present,输出,env_1_Design/CAN/OutPort/CAN_CH6.Statistic.ErrorFrame.Y_CAN_Ch6_FormErrorsCnt,0,0,0,,{0},否
env,present,输出,env_1_Design/CAN/OutPort/CAN_CH6.Statistic.AllFrame.Y_CAN_Ch6_TotalFramesCnt,0,0,0,,{0},否
env,present,输出,env_1_Design/CAN/OutPort/CAN_CH6.Statistic.AllFrame.Y_CAN_Ch6_FramesCnt,0,0,0,,{0},否
env,present,输出,env_1_Design/CAN/OutPort/CAN_CH6.Statistic.AllFrame.Y_CAN_Ch6_TotalStdFramesCnt,0,0,0,,{0},否
env,present,输出,env_1_Design/CAN/OutPort/CAN_CH6.Statistic.AllFrame.Y_CAN_Ch6_StdFramesCnt,0,0,0,,{0},否
env,present,输出,env_1_Design/CAN/OutPort/CAN_CH6.Statistic.AllFrame.Y_CAN_Ch6_TotalExtFramesCnt,0,0,0,,{0},否
env,present,输出,env_1_Design/CAN/OutPort/CAN_CH6.Statistic.AllFrame.Y_CAN_Ch6_ExtFramesCnt,0,0,0,,{0},否
env,present,输出,env_1_Design/CAN/OutPort/CAN_CH6.Statistic.AllFrame.Y_CAN_Ch6_TotalStdRemoteFramesCnt,0,0,0,,{0},否
env,present,输出,env_1_Design/CAN/OutPort/CAN_CH6.Statistic.AllFrame.Y_CAN_Ch6_StdRemoteFramesCnt,0,0,0,,{0},否
env,present,输出,env_1_Design/CAN/OutPort/CAN_CH6.Statistic.AllFrame.Y_CAN_Ch6_TotalExtRemoteFramesCnt,0,0,0,,{0},否
env,present,输出,env_1_Design/CAN/OutPort/CAN_CH6.Statistic.AllFrame.Y_CAN_Ch6_ExtRemoteFramesCnt,0,0,0,,{0},否
env,present,输出,env_1_Design/CAN/OutPort/CAN_CH6.Statistic.Y_CAN_Ch6_BurstTime,0,0,0,,{0},否
env,present,输出,env_1_Design/CAN/OutPort/CAN_CH6.Valid,0,0,0,,{0},否
env,present,输出,env_1_Design/CAN/OutPort/CAN_CH6.Background_Traffic.Valid,0,0,0,,{0},否
env,present,输出,env_1_Design/CAN/OutPort/CAN_CH6.Sample_Point_Test.Result,0,0,0,,{0},否
env,present,输出,env_1_Design/CAN/OutPort/CAN_CH6.Sample_Point_Test.Arbitration_Phase.Measeure_Sample_Ponit,0,0,0,,{0},否
env,present,输出,env_1_Design/CAN/OutPort/CAN_CH6.Sample_Point_Test.Data_Phase.Measeure_Sample_Ponit,0,0,0,,{0},否
env,present,输出,env_1_Design/CAN/OutPort/CAN_CH6.Sample_Point_Test.Valid,0,0,0,,{0},否
env,present,输出,env_1_Design/CAN/OutPort/CAN_CH6.Error_Inject.Valid,0,0,0,,{0},否
env,present,输出,env_1_Design/CAN/OutPort/CAN_CH6.Custom_Sequence.Valid,0,0,0,,{0},否
env,present,输出,env_1_Design/CAN/OutPort/CAN_CH7.Config.Y_CAN_Ch7_Mode,2,2,0,,{2},否
env,present,输出,env_1_Design/CAN/OutPort/CAN_CH7.Config.Y_CAN_Ch7_Bitrate,500000,500000,0,,{500000},否
env,present,输出,env_1_Design/CAN/OutPort/CAN_CH7.Config.Y_CAN_Ch7_SamplePoint,0.75,0.75,0,,{0.75},否
env,present,输出,env_1_Design/CAN/OutPort/CAN_CH7.Config.Y_CAN_Ch7_DataBitrate,2e+06,2e+06,0,,{2e+06},否
env,present,输出,env_1_Design/CAN/OutPort/CAN_CH7.Config.Y_CAN_Ch7_DataSamplePoint,0.75,0.75,0,,{0.75},否
env,present,输出,env_1_Design/CAN/OutPort/CAN_CH7.Statistic.Y_CAN_Ch7_Busload,0,0,0,,{0},否
env,present,输出,env_1_Design/CAN/OutPort/CAN_CH7.Statistic.Chip State.Y_CAN_Ch7_ChipState,1,1,0,,{1},否
env,present,输出,env_1_Design/CAN/OutPort/CAN_CH7.Statistic.Chip State.Y_CAN_Ch7_TransmitErrorCount,0,0,0,,{0},否
env,present,输出,env_1_Design/CAN/OutPort/CAN_CH7.Statistic.Chip State.Y_CAN_Ch7_ReceiveErrorCount,0,0,0,,{0},否
env,present,输出,env_1_Design/CAN/OutPort/CAN_CH7.Statistic.Transmit.Y_CAN_Ch7_TotalTxFramesCnt,0,0,0,,{0},否
env,present,输出,env_1_Design/CAN/OutPort/CAN_CH7.Statistic.Transmit.Y_CAN_Ch7_TxFramesCnt,0,0,0,,{0},否
env,present,输出,env_1_Design/CAN/OutPort/CAN_CH7.Statistic.Transmit.Y_CAN_Ch7_TotalTxStdFramesCnt,0,0,0,,{0},否
env,present,输出,env_1_Design/CAN/OutPort/CAN_CH7.Statistic.Transmit.Y_CAN_Ch7_TxStdFramesCnt,0,0,0,,{0},否
env,present,输出,env_1_Design/CAN/OutPort/CAN_CH7.Statistic.Transmit.Y_CAN_Ch7_TotalTxExtFramesCnt,0,0,0,,{0},否
env,present,输出,env_1_Design/CAN/OutPort/CAN_CH7.Statistic.Transmit.Y_CAN_Ch7_TxExtFramesCnt,0,0,0,,{0},否
env,present,输出,env_1_Design/CAN/OutPort/CAN_CH7.Statistic.Transmit.Y_CAN_Ch7_TotalTxStdRemoteFramesCnt,0,0,0,,{0},否
env,present,输出,env_1_Design/CAN/OutPort/CAN_CH7.Statistic.Transmit.Y_CAN_Ch7_TxStdRemoteFramesCnt,0,0,0,,{0},否
env,present,输出,env_1_Design/CAN/OutPort/CAN_CH7.Statistic.Transmit.Y_CAN_Ch7_TotalTxExtRemoteFramesCnt,0,0,0,,{0},否
env,present,输出,env_1_Design/CAN/OutPort/CAN_CH7.Statistic.Transmit.Y_CAN_Ch7_TxExtRemoteFramesCnt,0,0,0,,{0},否
env,present,输出,env_1_Design/CAN/OutPort/CAN_CH7.Statistic.Receive.Y_CAN_Ch7_TotalRxFramesCnt,0,0,0,,{0},否
env,present,输出,env_1_Design/CAN/OutPort/CAN_CH7.Statistic.Receive.Y_CAN_Ch7_RxFramesCnt,0,0,0,,{0},否
env,present,输出,env_1_Design/CAN/OutPort/CAN_CH7.Statistic.Receive.Y_CAN_Ch7_TotalRxStdFramesCnt,0,0,0,,{0},否
env,present,输出,env_1_Design/CAN/OutPort/CAN_CH7.Statistic.Receive.Y_CAN_Ch7_RxStdFramesCnt,0,0,0,,{0},否
env,present,输出,env_1_Design/CAN/OutPort/CAN_CH7.Statistic.Receive.Y_CAN_Ch7_TotalRxExtFramesCnt,0,0,0,,{0},否
env,present,输出,env_1_Design/CAN/OutPort/CAN_CH7.Statistic.Receive.Y_CAN_Ch7_RxExtFramesCnt,0,0,0,,{0},否
env,present,输出,env_1_Design/CAN/OutPort/CAN_CH7.Statistic.Receive.Y_CAN_Ch7_TotalRxStdRemoteFramesCnt,0,0,0,,{0},否
env,present,输出,env_1_Design/CAN/OutPort/CAN_CH7.Statistic.Receive.Y_CAN_Ch7_RxStdRemoteFramesCnt,0,0,0,,{0},否
env,present,输出,env_1_Design/CAN/OutPort/CAN_CH7.Statistic.Receive.Y_CAN_Ch7_TotalRxExtRemoteFramesCnt,0,0,0,,{0},否
env,present,输出,env_1_Design/CAN/OutPort/CAN_CH7.Statistic.Receive.Y_CAN_Ch7_RxExtRemoteFramesCnt,0,0,0,,{0},否
env,present,输出,env_1_Design/CAN/OutPort/CAN_CH7.Statistic.ErrorFrame.Y_CAN_Ch7_TotalTxErrorsCnt,0,0,0,,{0},否
env,present,输出,env_1_Design/CAN/OutPort/CAN_CH7.Statistic.ErrorFrame.Y_CAN_Ch7_TotalRxErrorsCnt,0,0,0,,{0},否
env,present,输出,env_1_Design/CAN/OutPort/CAN_CH7.Statistic.ErrorFrame.Y_CAN_Ch7_TotalErrorsCnt,0,0,0,,{0},否
env,present,输出,env_1_Design/CAN/OutPort/CAN_CH7.Statistic.ErrorFrame.Y_CAN_Ch7_TxErrorsCnt,0,0,0,,{0},否
env,present,输出,env_1_Design/CAN/OutPort/CAN_CH7.Statistic.ErrorFrame.Y_CAN_Ch7_RxErrorsCnt,0,0,0,,{0},否
env,present,输出,env_1_Design/CAN/OutPort/CAN_CH7.Statistic.ErrorFrame.Y_CAN_Ch7_ErrorsCnt,0,0,0,,{0},否
env,present,输出,env_1_Design/CAN/OutPort/CAN_CH7.Statistic.ErrorFrame.Y_CAN_Ch7_TotalNackErrorsCnt,0,0,0,,{0},否
env,present,输出,env_1_Design/CAN/OutPort/CAN_CH7.Statistic.ErrorFrame.Y_CAN_Ch7_TotalSufferErrorsCnt,0,0,0,,{0},否
env,present,输出,env_1_Design/CAN/OutPort/CAN_CH7.Statistic.ErrorFrame.Y_CAN_Ch7_TotalBit0ErrorsCnt,0,0,0,,{0},否
env,present,输出,env_1_Design/CAN/OutPort/CAN_CH7.Statistic.ErrorFrame.Y_CAN_Ch7_TotalBit1ErrorsCnt,0,0,0,,{0},否
env,present,输出,env_1_Design/CAN/OutPort/CAN_CH7.Statistic.ErrorFrame.Y_CAN_Ch7_TotalCrcErrorsCnt,0,0,0,,{0},否
env,present,输出,env_1_Design/CAN/OutPort/CAN_CH7.Statistic.ErrorFrame.Y_CAN_Ch7_TotalFormErrorsCnt,0,0,0,,{0},否
env,present,输出,env_1_Design/CAN/OutPort/CAN_CH7.Statistic.ErrorFrame.Y_CAN_Ch7_NackErrorsCnt,0,0,0,,{0},否
env,present,输出,env_1_Design/CAN/OutPort/CAN_CH7.Statistic.ErrorFrame.Y_CAN_Ch7_SufferErrorsCnt,0,0,0,,{0},否
env,present,输出,env_1_Design/CAN/OutPort/CAN_CH7.Statistic.ErrorFrame.Y_CAN_Ch7_Bit0ErrorsCnt,0,0,0,,{0},否
env,present,输出,env_1_Design/CAN/OutPort/CAN_CH7.Statistic.ErrorFrame.Y_CAN_Ch7_Bit1ErrorsCnt,0,0,0,,{0},否
env,present,输出,env_1_Design/CAN/OutPort/CAN_CH7.Statistic.ErrorFrame.Y_CAN_Ch7_CrcErrorsCnt,0,0,0,,{0},否
env,present,输出,env_1_Design/CAN/OutPort/CAN_CH7.Statistic.ErrorFrame.Y_CAN_Ch7_FormErrorsCnt,0,0,0,,{0},否
env,present,输出,env_1_Design/CAN/OutPort/CAN_CH7.Statistic.AllFrame.Y_CAN_Ch7_TotalFramesCnt,0,0,0,,{0},否
env,present,输出,env_1_Design/CAN/OutPort/CAN_CH7.Statistic.AllFrame.Y_CAN_Ch7_FramesCnt,0,0,0,,{0},否
env,present,输出,env_1_Design/CAN/OutPort/CAN_CH7.Statistic.AllFrame.Y_CAN_Ch7_TotalStdFramesCnt,0,0,0,,{0},否
env,present,输出,env_1_Design/CAN/OutPort/CAN_CH7.Statistic.AllFrame.Y_CAN_Ch7_StdFramesCnt,0,0,0,,{0},否
env,present,输出,env_1_Design/CAN/OutPort/CAN_CH7.Statistic.AllFrame.Y_CAN_Ch7_TotalExtFramesCnt,0,0,0,,{0},否
env,present,输出,env_1_Design/CAN/OutPort/CAN_CH7.Statistic.AllFrame.Y_CAN_Ch7_ExtFramesCnt,0,0,0,,{0},否
env,present,输出,env_1_Design/CAN/OutPort/CAN_CH7.Statistic.AllFrame.Y_CAN_Ch7_TotalStdRemoteFramesCnt,0,0,0,,{0},否
env,present,输出,env_1_Design/CAN/OutPort/CAN_CH7.Statistic.AllFrame.Y_CAN_Ch7_StdRemoteFramesCnt,0,0,0,,{0},否
env,present,输出,env_1_Design/CAN/OutPort/CAN_CH7.Statistic.AllFrame.Y_CAN_Ch7_TotalExtRemoteFramesCnt,0,0,0,,{0},否
env,present,输出,env_1_Design/CAN/OutPort/CAN_CH7.Statistic.AllFrame.Y_CAN_Ch7_ExtRemoteFramesCnt,0,0,0,,{0},否
env,present,输出,env_1_Design/CAN/OutPort/CAN_CH7.Statistic.Y_CAN_Ch7_BurstTime,0,0,0,,{0},否
env,present,输出,env_1_Design/CAN/OutPort/CAN_CH7.Valid,0,0,0,,{0},否
env,present,输出,env_1_Design/CAN/OutPort/CAN_CH7.Background_Traffic.Valid,0,0,0,,{0},否
env,present,输出,env_1_Design/CAN/OutPort/CAN_CH7.Sample_Point_Test.Result,0,0,0,,{0},否
env,present,输出,env_1_Design/CAN/OutPort/CAN_CH7.Sample_Point_Test.Arbitration_Phase.Measeure_Sample_Ponit,0,0,0,,{0},否
env,present,输出,env_1_Design/CAN/OutPort/CAN_CH7.Sample_Point_Test.Data_Phase.Measeure_Sample_Ponit,0,0,0,,{0},否
env,present,输出,env_1_Design/CAN/OutPort/CAN_CH7.Sample_Point_Test.Valid,0,0,0,,{0},否
env,present,输出,env_1_Design/CAN/OutPort/CAN_CH7.Error_Inject.Valid,0,0,0,,{0},否
env,present,输出,env_1_Design/CAN/OutPort/CAN_CH7.Custom_Sequence.Valid,0,0,0,,{0},否
env,present,输出,env_1_Design/CAN/OutPort/CAN_CH8.Config.Y_CAN_Ch8_Mode,2,2,0,,{2},否
env,present,输出,env_1_Design/CAN/OutPort/CAN_CH8.Config.Y_CAN_Ch8_Bitrate,500000,500000,0,,{500000},否
env,present,输出,env_1_Design/CAN/OutPort/CAN_CH8.Config.Y_CAN_Ch8_SamplePoint,0.75,0.75,0,,{0.75},否
env,present,输出,env_1_Design/CAN/OutPort/CAN_CH8.Config.Y_CAN_Ch8_DataBitrate,2e+06,2e+06,0,,{2e+06},否
env,present,输出,env_1_Design/CAN/OutPort/CAN_CH8.Config.Y_CAN_Ch8_DataSamplePoint,0.75,0.75,0,,{0.75},否
env,present,输出,env_1_Design/CAN/OutPort/CAN_CH8.Statistic.Y_CAN_Ch8_Busload,0,0,0,,{0},否
env,present,输出,env_1_Design/CAN/OutPort/CAN_CH8.Statistic.Chip State.Y_CAN_Ch8_ChipState,1,1,0,,{1},否
env,present,输出,env_1_Design/CAN/OutPort/CAN_CH8.Statistic.Chip State.Y_CAN_Ch8_TransmitErrorCount,0,0,0,,{0},否
env,present,输出,env_1_Design/CAN/OutPort/CAN_CH8.Statistic.Chip State.Y_CAN_Ch8_ReceiveErrorCount,0,0,0,,{0},否
env,present,输出,env_1_Design/CAN/OutPort/CAN_CH8.Statistic.Transmit.Y_CAN_Ch8_TotalTxFramesCnt,0,0,0,,{0},否
env,present,输出,env_1_Design/CAN/OutPort/CAN_CH8.Statistic.Transmit.Y_CAN_Ch8_TxFramesCnt,0,0,0,,{0},否
env,present,输出,env_1_Design/CAN/OutPort/CAN_CH8.Statistic.Transmit.Y_CAN_Ch8_TotalTxStdFramesCnt,0,0,0,,{0},否
env,present,输出,env_1_Design/CAN/OutPort/CAN_CH8.Statistic.Transmit.Y_CAN_Ch8_TxStdFramesCnt,0,0,0,,{0},否
env,present,输出,env_1_Design/CAN/OutPort/CAN_CH8.Statistic.Transmit.Y_CAN_Ch8_TotalTxExtFramesCnt,0,0,0,,{0},否
env,present,输出,env_1_Design/CAN/OutPort/CAN_CH8.Statistic.Transmit.Y_CAN_Ch8_TxExtFramesCnt,0,0,0,,{0},否
env,present,输出,env_1_Design/CAN/OutPort/CAN_CH8.Statistic.Transmit.Y_CAN_Ch8_TotalTxStdRemoteFramesCnt,0,0,0,,{0},否
env,present,输出,env_1_Design/CAN/OutPort/CAN_CH8.Statistic.Transmit.Y_CAN_Ch8_TxStdRemoteFramesCnt,0,0,0,,{0},否
env,present,输出,env_1_Design/CAN/OutPort/CAN_CH8.Statistic.Transmit.Y_CAN_Ch8_TotalTxExtRemoteFramesCnt,0,0,0,,{0},否
env,present,输出,env_1_Design/CAN/OutPort/CAN_CH8.Statistic.Transmit.Y_CAN_Ch8_TxExtRemoteFramesCnt,0,0,0,,{0},否
env,present,输出,env_1_Design/CAN/OutPort/CAN_CH8.Statistic.Receive.Y_CAN_Ch8_TotalRxFramesCnt,0,0,0,,{0},否
env,present,输出,env_1_Design/CAN/OutPort/CAN_CH8.Statistic.Receive.Y_CAN_Ch8_RxFramesCnt,0,0,0,,{0},否
env,present,输出,env_1_Design/CAN/OutPort/CAN_CH8.Statistic.Receive.Y_CAN_Ch8_TotalRxStdFramesCnt,0,0,0,,{0},否
env,present,输出,env_1_Design/CAN/OutPort/CAN_CH8.Statistic.Receive.Y_CAN_Ch8_RxStdFramesCnt,0,0,0,,{0},否
env,present,输出,env_1_Design/CAN/OutPort/CAN_CH8.Statistic.Receive.Y_CAN_Ch8_TotalRxExtFramesCnt,0,0,0,,{0},否
env,present,输出,env_1_Design/CAN/OutPort/CAN_CH8.Statistic.Receive.Y_CAN_Ch8_RxExtFramesCnt,0,0,0,,{0},否
env,present,输入,env_1_Design/Digital Output/InPort/U_DO_Ch13_FIU_Value,0,0,0,,{0},否
env,present,输入,env_1_Design/Digital Output/InPort/U_DO_Ch14_ValueLevel,0,0,0,,{0},否
env,present,输入,env_1_Design/Digital Output/InPort/U_DO_Ch14_OutCmd,0,0,0,,{0},否
env,present,输入,env_1_Design/Digital Output/InPort/U_DO_Ch14_Enable,0,0,0,,{0},否
env,present,输入,env_1_Design/Digital Output/InPort/U_DO_Ch14_FIU_Value,0,0,0,,{0},否
env,present,输入,env_1_Design/Digital Output/InPort/U_DO_Ch15_ValueLevel,0,0,0,,{0},否
env,present,输入,env_1_Design/Digital Output/InPort/U_DO_Ch15_OutCmd,0,0,0,,{0},否
env,present,输入,env_1_Design/Digital Output/InPort/U_DO_Ch15_Enable,0,0,0,,{0},否
env,present,输入,env_1_Design/Digital Output/InPort/U_DO_Ch15_FIU_Value,0,0,0,,{0},否
env,present,输入,env_1_Design/Digital Output/InPort/U_DO_Ch16_ValueLevel,0,0,0,,{0},否
env,present,输入,env_1_Design/Digital Output/InPort/U_DO_Ch16_OutCmd,0,0,0,,{0},否
env,present,输入,env_1_Design/Digital Output/InPort/U_DO_Ch16_Enable,0,0,0,,{0},否
env,present,输入,env_1_Design/Digital Output/InPort/U_DO_Ch16_FIU_Value,0,0,0,,{0},否
env,present,输入,env_1_Design/Digital Output/InPort/U_DO_Ch17_ValueLevel,0,0,0,,{0},否
env,present,输入,env_1_Design/Digital Output/InPort/U_DO_Ch17_OutCmd,0,0,0,,{0},否
env,present,输入,env_1_Design/Digital Output/InPort/U_DO_Ch17_Enable,0,0,0,,{0},否
env,present,输入,env_1_Design/Digital Output/InPort/U_DO_Ch17_FIU_Value,0,0,0,,{0},否
env,present,输入,env_1_Design/Digital Output/InPort/U_DO_Ch18_ValueLevel,0,0,0,,{0},否
env,present,输入,env_1_Design/Digital Output/InPort/U_DO_Ch18_OutCmd,0,0,0,,{0},否
env,present,输入,env_1_Design/Digital Output/InPort/U_DO_Ch18_Enable,0,0,0,,{0},否
env,present,输入,env_1_Design/Digital Output/InPort/U_DO_Ch18_FIU_Value,0,0,0,,{0},否
env,present,输入,env_1_Design/Digital Output/InPort/U_DO_Ch19_ValueLevel,0,0,0,,{0},否
env,present,输入,env_1_Design/Digital Output/InPort/U_DO_Ch19_OutCmd,0,0,0,,{0},否
env,present,输入,env_1_Design/Digital Output/InPort/U_DO_Ch19_Enable,0,0,0,,{0},否
env,present,输入,env_1_Design/Digital Output/InPort/U_DO_Ch19_FIU_Value,0,0,0,,{0},否
env,present,输入,env_1_Design/Digital Output/InPort/U_DO_Ch20_ValueLevel,0,0,0,,{0},否
env,present,输入,env_1_Design/Digital Output/InPort/U_DO_Ch20_OutCmd,0,0,0,,{0},否
env,present,输入,env_1_Design/Digital Output/InPort/U_DO_Ch20_Enable,0,0,0,,{0},否
env,present,输入,env_1_Design/Digital Output/InPort/U_DO_Ch20_FIU_Value,0,0,0,,{0},否
env,present,输入,env_1_Design/Digital Output/InPort/U_DO_Ch21_ValueLevel,0,0,0,,{0},否
env,present,输入,env_1_Design/Digital Output/InPort/U_DO_Ch21_OutCmd,0,0,0,,{0},否
env,present,输入,env_1_Design/Digital Output/InPort/U_DO_Ch21_Enable,0,0,0,,{0},否
env,present,输入,env_1_Design/Digital Output/InPort/U_DO_Ch21_FIU_Value,0,0,0,,{0},否
env,present,输入,env_1_Design/Digital Output/InPort/U_DO_Ch22_ValueLevel,0,0,0,,{0},否
env,present,输入,env_1_Design/Digital Output/InPort/U_DO_Ch22_OutCmd,0,0,0,,{0},否
env,present,输入,env_1_Design/Digital Output/InPort/U_DO_Ch22_Enable,0,0,0,,{0},否
env,present,输入,env_1_Design/Digital Output/InPort/U_DO_Ch22_FIU_Value,0,0,0,,{0},否
env,present,输入,env_1_Design/Digital Output/InPort/U_DO_Ch23_ValueLevel,0,0,0,,{0},否
env,present,输入,env_1_Design/Digital Output/InPort/U_DO_Ch23_OutCmd,0,0,0,,{0},否
env,present,输入,env_1_Design/Digital Output/InPort/U_DO_Ch23_Enable,0,0,0,,{0},否
env,present,输入,env_1_Design/Digital Output/InPort/U_DO_Ch23_FIU_Value,0,0,0,,{0},否
env,present,输入,env_1_Design/Digital Output/InPort/U_DO_Ch24_ValueLevel,0,0,0,,{0},否
env,present,输入,env_1_Design/Digital Output/InPort/U_DO_Ch24_OutCmd,0,0,0,,{0},否
env,present,输入,env_1_Design/Digital Output/InPort/U_DO_Ch24_Enable,0,0,0,,{0},否
env,present,输入,env_1_Design/Digital Output/InPort/U_DO_Ch24_FIU_Value,0,0,0,,{0},否
env,present,输入,env_1_Design/Digital Output/InPort/Model_Disabled,0,0,0,,{0},否
env,present,输入,env_1_Design/Digital Output/InPort/Model_Reset,0,0,0,,{0},否
env,present,输出,env_1_Design/Digital Output/OutPort/Y_Ch1_Support_Features,0,0,0,,{0},否
env,present,输出,env_1_Design/Digital Output/OutPort/Y_Ch1.Valid,0,1,236,"0.742, 0.942, 3.142, 3.542, 5.942, 6.142, 6.542, 6.942, 7.342, 7.542 …","{0, 1}",否
env,present,输出,env_1_Design/Digital Output/OutPort/Y_Ch2_Support_Features,0,0,0,,{0},否
env,present,输出,env_1_Design/Digital Output/OutPort/Y_Ch2.Valid,1,1,0,,{1},否
env,present,输出,env_1_Design/Digital Output/OutPort/Y_Ch3_Support_Features,0,0,0,,{0},否
env,present,输出,env_1_Design/Digital Output/OutPort/Y_Ch3.Valid,0,1,236,"0.742, 0.942, 3.142, 3.542, 5.942, 6.142, 6.542, 6.942, 7.342, 7.542 …","{0, 1}",否
env,present,输出,env_1_Design/Digital Output/OutPort/Y_Ch4_Support_Features,0,0,0,,{0},否
env,present,输出,env_1_Design/Digital Output/OutPort/Y_Ch4.Valid,0,0,0,,{0},否
env,present,输出,env_1_Design/Digital Output/OutPort/Y_Ch5_Support_Features,0,0,0,,{0},否
env,present,输出,env_1_Design/Digital Output/OutPort/Y_Ch5.Valid,0,0,0,,{0},否
env,present,输出,env_1_Design/Digital Output/OutPort/Y_Ch6_Support_Features,0,0,0,,{0},否
env,present,输出,env_1_Design/Digital Output/OutPort/Y_Ch6.Valid,0,0,0,,{0},否
env,present,输出,env_1_Design/Digital Output/OutPort/Y_Ch7_Support_Features,0,0,0,,{0},否
env,present,输出,env_1_Design/Digital Output/OutPort/Y_Ch7.Valid,0,0,0,,{0},否
env,present,输出,env_1_Design/Digital Output/OutPort/Y_Ch8_Support_Features,0,0,0,,{0},否
env,present,输出,env_1_Design/Digital Output/OutPort/Y_Ch8.Valid,0,0,0,,{0},否
env,present,输出,env_1_Design/Digital Output/OutPort/Y_Ch9_Support_Features,0,0,0,,{0},否
env,present,输出,env_1_Design/Digital Output/OutPort/Y_Ch9.Valid,0,0,0,,{0},否
env,present,输出,env_1_Design/Digital Output/OutPort/Y_Ch10_Support_Features,0,0,0,,{0},否
env,present,输出,env_1_Design/Digital Output/OutPort/Y_Ch10.Valid,0,0,0,,{0},否
env,present,输出,env_1_Design/Digital Output/OutPort/Y_Ch11_Support_Features,0,0,0,,{0},否
env,present,输出,env_1_Design/Digital Output/OutPort/Y_Ch11.Valid,0,0,0,,{0},否
env,present,输出,env_1_Design/Digital Output/OutPort/Y_Ch12_Support_Features,0,0,0,,{0},否
env,present,输出,env_1_Design/Digital Output/OutPort/Y_Ch12.Valid,0,0,0,,{0},否
env,present,输出,env_1_Design/Digital Output/OutPort/Y_Ch13_Support_Features,0,0,0,,{0},否
env,present,输出,env_1_Design/Digital Output/OutPort/Y_Ch13.Valid,0,0,0,,{0},否
env,present,输出,env_1_Design/Digital Output/OutPort/Y_Ch14_Support_Features,0,0,0,,{0},否
env,present,输出,env_1_Design/Digital Output/OutPort/Y_Ch14.Valid,0,0,0,,{0},否
env,present,输出,env_1_Design/Digital Output/OutPort/Y_Ch15_Support_Features,0,0,0,,{0},否
env,present,输出,env_1_Design/Digital Output/OutPort/Y_Ch15.Valid,0,0,0,,{0},否
env,present,输出,env_1_Design/Digital Output/OutPort/Y_Ch16_Support_Features,0,0,0,,{0},否
env,present,输出,env_1_Design/Digital Output/OutPort/Y_Ch16.Valid,0,0,0,,{0},否
env,present,输出,env_1_Design/Digital Output/OutPort/Y_Ch17_Support_Features,0,0,0,,{0},否
env,present,输出,env_1_Design/Digital Output/OutPort/Y_Ch17.Valid,0,0,0,,{0},否
env,present,输出,env_1_Design/Digital Output/OutPort/Y_Ch18_Support_Features,0,0,0,,{0},否
env,present,输出,env_1_Design/Digital Output/OutPort/Y_Ch18.Valid,0,0,0,,{0},否
env,present,输出,env_1_Design/Digital Output/OutPort/Y_Ch19_Support_Features,0,0,0,,{0},否
env,present,输出,env_1_Design/Digital Output/OutPort/Y_Ch19.Valid,0,0,0,,{0},否
env,present,输出,env_1_Design/Digital Output/OutPort/Y_Ch20_Support_Features,0,0,0,,{0},否
env,present,输出,env_1_Design/Digital Output/OutPort/Y_Ch20.Valid,0,0,0,,{0},否
env,present,输出,env_1_Design/Digital Output/OutPort/Y_Ch21_Support_Features,0,0,0,,{0},否
env,present,输出,env_1_Design/Digital Output/OutPort/Y_Ch21.Valid,0,0,0,,{0},否
env,present,输出,env_1_Design/Digital Output/OutPort/Y_Ch22_Support_Features,0,0,0,,{0},否
env,present,输出,env_1_Design/Digital Output/OutPort/Y_Ch22.Valid,0,0,0,,{0},否
env,present,输出,env_1_Design/Digital Output/OutPort/Y_Ch23_Support_Features,0,0,0,,{0},否
env,present,输出,env_1_Design/Digital Output/OutPort/Y_Ch23.Valid,0,0,0,,{0},否
env,present,输出,env_1_Design/Digital Output/OutPort/Y_Ch24_Support_Features,0,0,0,,{0},否
env,present,输出,env_1_Design/Digital Output/OutPort/Y_Ch24.Valid,0,0,0,,{0},否
env,present,内部/未标记,env_1_Design/Digital Output/Measurement/Runtime(us),0,17,499,"0.742, 0.942, 1.142, 1.342, 1.542, 1.742, 1.942, 2.142, 2.542, 2.742 …",min=0; max=17; distinct=16,否
env,present,内部/未标记,env_1_Design/Digital Output/Measurement/Runtime_Min(us),0,4,94,"2.742, 2.942, 4.942, 5.142, 8.342, 8.542, 8.942, 9.142, 10.542, 10.742 …","{0, 1, 2, 3, 4}",否
env,present,内部/未标记,env_1_Design/Digital Output/Measurement/Runtime_Max(us),19,22,1,64.542,"{19, 22}",否
env,present,内部/未标记,env_1_Design/Digital Output/Measurement/Schedule_Interval(us),1,1085,564,"0.742, 0.942, 1.142, 1.342, 1.542, 1.742, 1.942, 2.142, 2.342, 2.542 …",min=1; max=1085; distinct=90,否
env,present,内部/未标记,env_1_Design/Digital Output/Measurement/Schedule_Interval_Min(us),1,1,0,,{1},否
env,present,内部/未标记,env_1_Design/Digital Output/Measurement/Schedule_Interval_Max(us),1119,2116,2,"29.542, 62.542","{1119, 1122, 2116}",否
env,present,内部/未标记,env_1_Design/Digital Output/Measurement/Schedule_Count,38543,290636,621,"0.742, 0.942, 1.142, 1.342, 1.542, 1.742, 1.942, 2.142, 2.342, 2.542 …",min=38543; max=290636; distinct=622,否
env,present,内部/未标记,env_1_Design/Digital Output/Measurement/Activate_Fail_Count,0,0,0,,{0},否
env,present,内部/未标记,env_1_Design/Digital Output/Measurement/Processor,5,15,558,"0.742, 1.142, 1.342, 1.542, 1.742, 1.942, 2.142, 2.342, 2.542, 2.742 …",min=5; max=15; distinct=11,否
env,present,输入,env_1_Design/FlexRay/InPort/FlexRay_CH1.U_FlexRay_Ch1_TxDisable,0,0,0,,{0},否
env,present,输入,env_1_Design/FlexRay/InPort/FlexRay_CH1.U_FlexRay_Ch1_RxDisable,0,0,0,,{0},否
env,present,输入,env_1_Design/FlexRay/InPort/Model_Disabled,0,0,0,,{0},否
env,present,输入,env_1_Design/FlexRay/InPort/Model_Reset,0,0,0,,{0},否
env,present,输出,env_1_Design/FlexRay/OutPort/FlexRay_CH1.Valid,0,0,0,,{0},否
env,present,输出,env_1_Design/FlexRay/OutPort/FlexRay_CH1.Statistic.Y_FlexRay_Ch_POCState,0,0,0,,{0},否
env,present,输出,env_1_Design/FlexRay/OutPort/FlexRay_CH1.Statistic.Y_FlexRay_Ch1_StaticBusload,0,0,0,,{0},否
env,present,输出,env_1_Design/FlexRay/OutPort/FlexRay_CH1.Statistic.Y_FlexRay_Ch1_StaticBusload(DF+NF),0,0,0,,{0},否
env,present,输出,env_1_Design/FlexRay/OutPort/FlexRay_CH1.Statistic.Y_FlexRay_Ch1_DynamicBusload,0,0,0,,{0},否
env,present,输出,env_1_Design/FlexRay/OutPort/FlexRay_CH1.Statistic.Y_FlexRay_Ch1_TotalFramesCnt,0,0,0,,{0},否
env,present,输出,env_1_Design/FlexRay/OutPort/FlexRay_CH1.Statistic.Y_FlexRay_Ch1_TotalTxFramesCnt,0,0,0,,{0},否
env,present,输出,env_1_Design/FlexRay/OutPort/FlexRay_CH1.Statistic.Y_FlexRay_Ch1_TotalRxFramesCnt,0,0,0,,{0},否
env,present,输出,env_1_Design/FlexRay/OutPort/FlexRay_CH1.Statistic.Y_FlexRay_Ch1_TotalTxStaticFramesCnt,0,0,0,,{0},否
env,present,输出,env_1_Design/FlexRay/OutPort/FlexRay_CH1.Statistic.Y_FlexRay_Ch1_TotalRxStaticFramesCnt,0,0,0,,{0},否
env,present,输出,env_1_Design/FlexRay/OutPort/FlexRay_CH1.Statistic.Y_FlexRay_Ch1_TotalTxDynamicFramesCnt,0,0,0,,{0},否
env,present,输出,env_1_Design/FlexRay/OutPort/FlexRay_CH1.Statistic.Y_FlexRay_Ch1_TotalRxDynamicFramesCnt,0,0,0,,{0},否
env,present,输出,env_1_Design/FlexRay/OutPort/FlexRay_CH1.Statistic.Y_FlexRay_Ch1_TotalNullFramesCnt,0,0,0,,{0},否
env,present,输出,env_1_Design/FlexRay/OutPort/FlexRay_CH1.Statistic.Y_FlexRay_Ch1_TotalFrameErrorsCnt,0,0,0,,{0},否
env,present,输出,env_1_Design/FlexRay/OutPort/FlexRay_CH1.Statistic.Y_FlexRay_Ch1_TotalSyntaxErrorsCnt,0,0,0,,{0},否
env,present,输出,env_1_Design/FlexRay/OutPort/FlexRay_CH1.Statistic.Y_FlexRay_Ch1_TotalContentErrorsCnt,0,0,0,,{0},否
env,present,输出,env_1_Design/FlexRay/OutPort/FlexRay_CH1.Statistic.Y_FlexRay_Ch1_TotalBoundaryErrorsCnt,0,0,0,,{0},否
env,present,输出,env_1_Design/FlexRay/OutPort/FlexRay_CH1.Statistic.Y_FlexRay_Ch1_FrameCnt,0,0,0,,{0},否
env,present,输出,env_1_Design/FlexRay/OutPort/FlexRay_CH1.Statistic.Y_FlexRay_Ch1_TxFrameCnt,0,0,0,,{0},否
env,present,输出,env_1_Design/FlexRay/OutPort/FlexRay_CH1.Statistic.Y_FlexRay_Ch1_RxFrameCnt,0,0,0,,{0},否
env,present,输出,env_1_Design/FlexRay/OutPort/FlexRay_CH1.Statistic.Y_FlexRay_Ch1_TxStaticFrameCnt,0,0,0,,{0},否
env,present,输出,env_1_Design/FlexRay/OutPort/FlexRay_CH1.Statistic.Y_FlexRay_Ch1_RxStaticFrameCnt,0,0,0,,{0},否
env,present,输出,env_1_Design/FlexRay/OutPort/FlexRay_CH1.Statistic.Y_FlexRay_Ch1_TxDynamicFrameCnt,0,0,0,,{0},否
env,present,输出,env_1_Design/FlexRay/OutPort/FlexRay_CH1.Statistic.Y_FlexRay_Ch1_RxDynamicFrameCnt,0,0,0,,{0},否
env,present,输出,env_1_Design/FlexRay/OutPort/FlexRay_CH1.Statistic.Y_FlexRay_Ch1_NullFrameCnt,0,0,0,,{0},否
env,present,输出,env_1_Design/FlexRay/OutPort/FlexRay_CH1.Statistic.Y_FlexRay_Ch1_FrameErrorCnt,0,0,0,,{0},否
env,present,输出,env_1_Design/FlexRay/OutPort/FlexRay_CH1.Statistic.Y_FlexRay_Ch1_SyntaxErrorCnt,0,0,0,,{0},否
env,present,输出,env_1_Design/FlexRay/OutPort/FlexRay_CH1.Statistic.Y_FlexRay_Ch1_ContentErrorCnt,0,0,0,,{0},否
env,present,输出,env_1_Design/FlexRay/OutPort/FlexRay_CH1.Statistic.Y_FlexRay_Ch1_BoundaryErrorCnt,0,0,0,,{0},否
env,present,输出,env_1_Design/FlexRay/OutPort/FlexRay_CH1.Statistic.Y_FlexRay_Ch1_B_POCState,0,0,0,,{0},否
env,present,输出,env_1_Design/FlexRay/OutPort/FlexRay_CH1.Statistic.Y_FlexRay_Ch1_B_StaticBusload,0,0,0,,{0},否
env,present,输出,env_1_Design/FlexRay/OutPort/FlexRay_CH1.Statistic.Y_FlexRay_Ch1_B_StaticBusload(DF+NF),0,0,0,,{0},否
env,present,输出,env_1_Design/FlexRay/OutPort/FlexRay_CH1.Statistic.Y_FlexRay_Ch1_B_DynamicBusload,0,0,0,,{0},否
env,present,输出,env_1_Design/FlexRay/OutPort/FlexRay_CH1.Statistic.Y_FlexRay_Ch1_B_TotalFramesCnt,0,0,0,,{0},否
env,present,输出,env_1_Design/FlexRay/OutPort/FlexRay_CH1.Statistic.Y_FlexRay_Ch1_B_TotalTxFramesCnt,0,0,0,,{0},否
env,present,输出,env_1_Design/FlexRay/OutPort/FlexRay_CH1.Statistic.Y_FlexRay_Ch1_B_TotalRxFramesCnt,0,0,0,,{0},否
env,present,输出,env_1_Design/FlexRay/OutPort/FlexRay_CH1.Statistic.Y_FlexRay_Ch1_B_TotalTxStaticFramesCnt,0,0,0,,{0},否
env,present,输出,env_1_Design/FlexRay/OutPort/FlexRay_CH1.Statistic.Y_FlexRay_Ch1_B_TotalRxStaticFramesCnt,0,0,0,,{0},否
env,present,输出,env_1_Design/FlexRay/OutPort/FlexRay_CH1.Statistic.Y_FlexRay_Ch1_B_TotalTxDynamicFramesCnt,0,0,0,,{0},否
env,present,输出,env_1_Design/FlexRay/OutPort/FlexRay_CH1.Statistic.Y_FlexRay_Ch1_B_TotalRxDynamicFramesCnt,0,0,0,,{0},否
env,present,输出,env_1_Design/FlexRay/OutPort/FlexRay_CH1.Statistic.Y_FlexRay_Ch1_B_TotalNullFramesCnt,0,0,0,,{0},否
env,present,输出,env_1_Design/FlexRay/OutPort/FlexRay_CH1.Statistic.Y_FlexRay_Ch1_B_TotalFrameErrorsCnt,0,0,0,,{0},否
env,present,输出,env_1_Design/FlexRay/OutPort/FlexRay_CH1.Statistic.Y_FlexRay_Ch1_B_TotalSyntaxErrorsCnt,0,0,0,,{0},否
env,present,输出,env_1_Design/FlexRay/OutPort/FlexRay_CH1.Statistic.Y_FlexRay_Ch1_B_TotalContentErrorsCnt,0,0,0,,{0},否
env,present,输出,env_1_Design/FlexRay/OutPort/FlexRay_CH1.Statistic.Y_FlexRay_Ch1_B_TotalBoundaryErrorsCnt,0,0,0,,{0},否
env,present,输出,env_1_Design/FlexRay/OutPort/FlexRay_CH1.Statistic.Y_FlexRay_Ch1_B_FrameCnt,0,0,0,,{0},否
env,present,输出,env_1_Design/FlexRay/OutPort/FlexRay_CH1.Statistic.Y_FlexRay_Ch1_B_TxFrameCnt,0,0,0,,{0},否
env,present,输出,env_1_Design/FlexRay/OutPort/FlexRay_CH1.Statistic.Y_FlexRay_Ch1_B_RxFrameCnt,0,0,0,,{0},否
env,present,输出,env_1_Design/FlexRay/OutPort/FlexRay_CH1.Statistic.Y_FlexRay_Ch1_B_TxStaticFrameCnt,0,0,0,,{0},否
env,present,输出,env_1_Design/FlexRay/OutPort/FlexRay_CH1.Statistic.Y_FlexRay_Ch1_B_RxStaticFrameCnt,0,0,0,,{0},否
env,present,输出,env_1_Design/FlexRay/OutPort/FlexRay_CH1.Statistic.Y_FlexRay_Ch1_B_TxDynamicFrameCnt,0,0,0,,{0},否
env,present,输出,env_1_Design/FlexRay/OutPort/FlexRay_CH1.Statistic.Y_FlexRay_Ch1_B_RxDynamicFrameCnt,0,0,0,,{0},否
env,present,输出,env_1_Design/FlexRay/OutPort/FlexRay_CH1.Statistic.Y_FlexRay_Ch1_B_NullFrameCnt,0,0,0,,{0},否
env,present,输出,env_1_Design/FlexRay/OutPort/FlexRay_CH1.Statistic.Y_FlexRay_Ch1_B_FrameErrorCnt,0,0,0,,{0},否
env,present,输出,env_1_Design/FlexRay/OutPort/FlexRay_CH1.Statistic.Y_FlexRay_Ch1_B_SyntaxErrorCnt,0,0,0,,{0},否
env,present,输出,env_1_Design/FlexRay/OutPort/FlexRay_CH1.Statistic.Y_FlexRay_Ch1_B_ContentErrorCnt,0,0,0,,{0},否
env,present,输出,env_1_Design/FlexRay/OutPort/FlexRay_CH1.Statistic.Y_FlexRay_Ch1_B_BoundaryErrorCnt,0,0,0,,{0},否
env,present,输出,env_1_Design/FlexRay/OutPort/FlexRay_CH1.Statistic.Y_FlexRay_Ch1_AstartTime,0,0,0,,{0},否
env,present,输出,env_1_Design/FlexRay/OutPort/FlexRay_CH1.Statistic.Y_FlexRay_Ch1_BstartTime,0,0,0,,{0},否
env,present,内部/未标记,env_1_Design/FlexRay/Measurement/Runtime(us),0,0,0,,{0},否
env,present,内部/未标记,env_1_Design/FlexRay/Measurement/Runtime_Min(us),0,0,0,,{0},否
env,present,内部/未标记,env_1_Design/FlexRay/Measurement/Runtime_Max(us),0,0,0,,{0},否
env,present,内部/未标记,env_1_Design/FlexRay/Measurement/Schedule_Interval(us),0,0,0,,{0},否
env,present,内部/未标记,env_1_Design/FlexRay/Measurement/Schedule_Interval_Min(us),0,0,0,,{0},否
env,present,内部/未标记,env_1_Design/FlexRay/Measurement/Schedule_Interval_Max(us),0,0,0,,{0},否
env,present,内部/未标记,env_1_Design/FlexRay/Measurement/Schedule_Count,0,0,0,,{0},否
env,present,内部/未标记,env_1_Design/FlexRay/Measurement/Activate_Fail_Count,0,0,0,,{0},否
env,present,内部/未标记,env_1_Design/FlexRay/Measurement/Processor,0,0,0,,{0},否
env,present,输入,env_1_Design/LIN/InPort/LIN_CH1.U_LIN_Ch1_TxDisable,0,0,0,,{0},否
env,present,输入,env_1_Design/LIN/InPort/LIN_CH1.U_LIN_Ch1_RxDisable,0,0,0,,{0},否
env,present,输入,env_1_Design/LIN/InPort/LIN_CH1.U_ScheduleSwitch,0,0,0,,{0},否
env,present,输入,env_1_Design/LIN/InPort/LIN_CH2.U_LIN_Ch2_TxDisable,0,0,0,,{0},否
env,present,输入,env_1_Design/LIN/InPort/LIN_CH2.U_LIN_Ch2_RxDisable,0,0,0,,{0},否
env,present,输入,env_1_Design/LIN/InPort/LIN_CH2.U_ScheduleSwitch,0,0,0,,{0},否
env,present,输入,env_1_Design/LIN/InPort/LIN_CH3.U_LIN_Ch3_TxDisable,0,0,0,,{0},否
env,present,输入,env_1_Design/LIN/InPort/LIN_CH3.U_LIN_Ch3_RxDisable,0,0,0,,{0},否
env,present,输入,env_1_Design/LIN/InPort/LIN_CH3.U_ScheduleSwitch,0,0,0,,{0},否
env,present,输入,env_1_Design/LIN/InPort/LIN_CH4.U_LIN_Ch4_TxDisable,0,0,0,,{0},否
env,present,输入,env_1_Design/LIN/InPort/LIN_CH4.U_LIN_Ch4_RxDisable,0,0,0,,{0},否
env,present,输入,env_1_Design/LIN/InPort/LIN_CH4.U_ScheduleSwitch,0,0,0,,{0},否
env,present,输入,env_1_Design/LIN/InPort/LIN_CH5.U_LIN_Ch5_TxDisable,0,0,0,,{0},否
env,present,输入,env_1_Design/LIN/InPort/LIN_CH5.U_LIN_Ch5_RxDisable,0,0,0,,{0},否
env,present,输入,env_1_Design/LIN/InPort/LIN_CH5.U_ScheduleSwitch,0,0,0,,{0},否
env,present,输入,env_1_Design/LIN/InPort/LIN_CH6.U_LIN_Ch6_TxDisable,0,0,0,,{0},否
env,present,输入,env_1_Design/LIN/InPort/LIN_CH6.U_LIN_Ch6_RxDisable,0,0,0,,{0},否
env,present,输入,env_1_Design/LIN/InPort/LIN_CH6.U_ScheduleSwitch,0,0,0,,{0},否
env,present,输入,env_1_Design/LIN/InPort/LIN_CH7.U_LIN_Ch7_TxDisable,0,0,0,,{0},否
env,present,输入,env_1_Design/LIN/InPort/LIN_CH7.U_LIN_Ch7_RxDisable,0,0,0,,{0},否
env,present,输入,env_1_Design/LIN/InPort/LIN_CH7.U_ScheduleSwitch,0,0,0,,{0},否
env,present,输入,env_1_Design/LIN/InPort/LIN_CH8.U_LIN_Ch8_TxDisable,0,0,0,,{0},否
env,present,输入,env_1_Design/LIN/InPort/LIN_CH8.U_LIN_Ch8_RxDisable,0,0,0,,{0},否
env,present,输入,env_1_Design/LIN/InPort/LIN_CH8.U_ScheduleSwitch,0,0,0,,{0},否
env,present,输出,env_1_Design/Voltage Encoder Output/OutPort/Y_Ch17.Valid,0,0,0,,{0},是
env,present,输出,env_1_Design/Voltage Encoder Output/OutPort/Y_Ch18_Voltage_Encoder_Out_Angle,0,0,0,,{0},是
env,present,输出,env_1_Design/Voltage Encoder Output/OutPort/Y_Ch18_Support_Features,0,0,0,,{0},是
env,present,输出,env_1_Design/Voltage Encoder Output/OutPort/Y_Ch18.Valid,0,0,0,,{0},是
env,present,输出,env_1_Design/Voltage Encoder Output/OutPort/Y_Ch19_Voltage_Encoder_Out_Angle,0,0,0,,{0},是
env,present,输出,env_1_Design/Voltage Encoder Output/OutPort/Y_Ch19_Support_Features,0,0,0,,{0},是
env,present,输出,env_1_Design/Voltage Encoder Output/OutPort/Y_Ch19.Valid,0,0,0,,{0},是
env,present,输出,env_1_Design/Voltage Encoder Output/OutPort/Y_Ch20_Voltage_Encoder_Out_Angle,0,0,0,,{0},是
env,present,输出,env_1_Design/Voltage Encoder Output/OutPort/Y_Ch20_Support_Features,0,0,0,,{0},是
env,present,输出,env_1_Design/Voltage Encoder Output/OutPort/Y_Ch20.Valid,0,0,0,,{0},是
env,present,输出,env_1_Design/Voltage Encoder Output/OutPort/Y_Ch21_Voltage_Encoder_Out_Angle,0,0,0,,{0},是
env,present,输出,env_1_Design/Voltage Encoder Output/OutPort/Y_Ch21_Support_Features,0,0,0,,{0},是
env,present,输出,env_1_Design/Voltage Encoder Output/OutPort/Y_Ch21.Valid,0,0,0,,{0},是
env,present,输出,env_1_Design/Voltage Encoder Output/OutPort/Y_Ch22_Voltage_Encoder_Out_Angle,0,0,0,,{0},是
env,present,输出,env_1_Design/Voltage Encoder Output/OutPort/Y_Ch22_Support_Features,0,0,0,,{0},是
env,present,输出,env_1_Design/Voltage Encoder Output/OutPort/Y_Ch22.Valid,0,0,0,,{0},是
env,present,输出,env_1_Design/Voltage Encoder Output/OutPort/Y_Ch23_Voltage_Encoder_Out_Angle,0,0,0,,{0},是
env,present,输出,env_1_Design/Voltage Encoder Output/OutPort/Y_Ch23_Support_Features,0,0,0,,{0},是
env,present,输出,env_1_Design/Voltage Encoder Output/OutPort/Y_Ch23.Valid,0,0,0,,{0},是
env,present,输出,env_1_Design/Voltage Encoder Output/OutPort/Y_Ch24_Voltage_Encoder_Out_Angle,0,0,0,,{0},是
env,present,输出,env_1_Design/Voltage Encoder Output/OutPort/Y_Ch24_Support_Features,0,0,0,,{0},是
env,present,输出,env_1_Design/Voltage Encoder Output/OutPort/Y_Ch24.Valid,0,0,0,,{0},是
env,present,内部/未标记,env_1_Design/Voltage Encoder Output/Measurement/Runtime(us),2,14,428,"1.532, 1.732, 1.932, 2.332, 3.732, 4.532, 4.732, 4.932, 5.332, 5.532 …",min=2; max=14; distinct=9,是
env,present,内部/未标记,env_1_Design/Voltage Encoder Output/Measurement/Runtime_Min(us),2,2,0,,{2},是
env,present,内部/未标记,env_1_Design/Voltage Encoder Output/Measurement/Runtime_Max(us),13,14,1,93.332,"{13, 14}",是
env,present,内部/未标记,env_1_Design/Voltage Encoder Output/Measurement/Schedule_Interval(us),4859,5155,590,"1.132, 1.332, 1.532, 1.732, 2.132, 2.332, 2.532, 2.932, 3.332, 3.532 …",min=4859; max=5155; distinct=49,是
env,present,内部/未标记,env_1_Design/Voltage Encoder Output/Measurement/Schedule_Interval_Min(us),4840,4840,0,,{4840},是
env,present,内部/未标记,env_1_Design/Voltage Encoder Output/Measurement/Schedule_Interval_Max(us),5160,5160,0,,{5160},是
env,present,内部/未标记,env_1_Design/Voltage Encoder Output/Measurement/Schedule_Count,3876,28636,619,"1.132, 1.332, 1.532, 1.732, 1.932, 2.132, 2.332, 2.532, 2.732, 2.932 …",min=3876; max=28636; distinct=620,是
env,present,内部/未标记,env_1_Design/Voltage Encoder Output/Measurement/Activate_Fail_Count,0,0,0,,{0},是
env,present,内部/未标记,env_1_Design/Voltage Encoder Output/Measurement/Processor,5,15,554,"1.132, 1.532, 1.732, 2.132, 2.532, 3.732, 3.932, 4.132, 4.332, 4.532 …",min=5; max=15; distinct=11,是
env,present,输入,env_1_Design/Voltage Input/InPort/U_Ch1_Enable,0,0,0,,{0},是
env,present,输入,env_1_Design/Voltage Input/InPort/U_Ch1_FIU_Value,0,0,0,,{0},是
env,present,输入,env_1_Design/Voltage Input/InPort/U_Ch1_SafetySwitch,0,0,0,,{0},是
env,present,输入,env_1_Design/Voltage Input/InPort/U_Ch2_Enable,0,0,0,,{0},是
env,present,输入,env_1_Design/Voltage Input/InPort/U_Ch2_FIU_Value,0,0,0,,{0},是
env,present,输入,env_1_Design/Voltage Input/InPort/U_Ch2_SafetySwitch,0,0,0,,{0},是
env,present,输入,env_1_Design/Voltage Input/InPort/U_Ch3_Enable,0,0,0,,{0},是
env,present,输入,env_1_Design/Voltage Input/InPort/U_Ch3_FIU_Value,0,0,0,,{0},是
env,present,输入,env_1_Design/Voltage Input/InPort/U_Ch3_SafetySwitch,0,0,0,,{0},是
env,present,输入,env_1_Design/Voltage Input/InPort/U_Ch4_Enable,0,0,0,,{0},是
env,present,输入,env_1_Design/Voltage Input/InPort/U_Ch4_FIU_Value,0,0,0,,{0},是
env,present,输入,env_1_Design/Voltage Input/InPort/U_Ch4_SafetySwitch,0,0,0,,{0},是
env,present,输入,env_1_Design/Voltage Input/InPort/U_Ch5_Enable,0,0,0,,{0},是
env,present,输入,env_1_Design/Voltage Input/InPort/U_Ch5_FIU_Value,0,0,0,,{0},是
env,present,输入,env_1_Design/Voltage Input/InPort/U_Ch5_SafetySwitch,0,0,0,,{0},是
env,present,输入,env_1_Design/Voltage Input/InPort/U_Ch6_Enable,0,0,0,,{0},是
env,present,输入,env_1_Design/Voltage Input/InPort/U_Ch6_FIU_Value,0,0,0,,{0},是
env,present,输入,env_1_Design/Voltage Input/InPort/U_Ch6_SafetySwitch,0,0,0,,{0},是
env,present,输入,env_1_Design/Voltage Input/InPort/U_Ch7_Enable,0,0,0,,{0},是
env,present,输入,env_1_Design/Voltage Input/InPort/U_Ch7_FIU_Value,0,0,0,,{0},是
env,present,输入,env_1_Design/Voltage Input/InPort/U_Ch7_SafetySwitch,0,0,0,,{0},是
env,present,输入,env_1_Design/Voltage Input/InPort/U_Ch8_Enable,0,0,0,,{0},是
env,present,输入,env_1_Design/Voltage Input/InPort/U_Ch8_FIU_Value,0,0,0,,{0},是
env,present,输入,env_1_Design/Voltage Input/InPort/U_Ch8_SafetySwitch,0,0,0,,{0},是
env,present,输入,env_1_Design/Voltage Input/InPort/U_Ch9_Enable,0,0,0,,{0},是
env,present,输入,env_1_Design/Voltage Input/InPort/U_Ch9_FIU_Value,0,0,0,,{0},是
env,present,输入,env_1_Design/Voltage Input/InPort/U_Ch9_SafetySwitch,0,0,0,,{0},是
env,present,输入,env_1_Design/Voltage Input/InPort/U_Ch10_Enable,0,0,0,,{0},是
env,present,输入,env_1_Design/Voltage Input/InPort/U_Ch10_FIU_Value,0,0,0,,{0},是
env,present,输入,env_1_Design/Voltage Input/InPort/U_Ch10_SafetySwitch,0,0,0,,{0},是
env,present,输入,env_1_Design/Voltage Input/InPort/U_Ch11_Enable,0,0,0,,{0},是
env,present,输入,env_1_Design/Voltage Input/InPort/U_Ch11_FIU_Value,0,0,0,,{0},是
env,present,输入,env_1_Design/Voltage Input/InPort/U_Ch11_SafetySwitch,0,0,0,,{0},是
env,present,输入,env_1_Design/Voltage Input/InPort/U_Ch12_Enable,0,0,0,,{0},是
env,present,输入,env_1_Design/Voltage Input/InPort/U_Ch12_FIU_Value,0,0,0,,{0},是
env,present,输入,env_1_Design/Voltage Input/InPort/U_Ch12_SafetySwitch,0,0,0,,{0},是
env,present,输入,env_1_Design/Voltage Input/InPort/U_Ch13_Enable,0,0,0,,{0},是
env,present,输入,env_1_Design/Voltage Input/InPort/U_Ch13_FIU_Value,0,0,0,,{0},是
env,present,输入,env_1_Design/Voltage Input/InPort/U_Ch13_SafetySwitch,0,0,0,,{0},是
env,present,输入,env_1_Design/Voltage Input/InPort/U_Ch14_Enable,0,0,0,,{0},是
env,present,输入,env_1_Design/Voltage Input/InPort/U_Ch14_FIU_Value,0,0,0,,{0},是
env,present,输入,env_1_Design/Voltage Input/InPort/U_Ch14_SafetySwitch,0,0,0,,{0},是
env,present,输入,env_1_Design/Voltage Input/InPort/U_Ch15_Enable,0,0,0,,{0},是
env,present,输入,env_1_Design/Voltage Input/InPort/U_Ch15_FIU_Value,0,0,0,,{0},是
env,present,输入,env_1_Design/Voltage Input/InPort/U_Ch15_SafetySwitch,0,0,0,,{0},是
env,present,输入,env_1_Design/Voltage Input/InPort/U_Ch16_Enable,0,0,0,,{0},是
env,present,输入,env_1_Design/Voltage Input/InPort/U_Ch16_FIU_Value,0,0,0,,{0},是
env,present,输入,env_1_Design/Voltage Input/InPort/U_Ch16_SafetySwitch,0,0,0,,{0},是
env,present,输入,env_1_Design/Voltage Input/InPort/U_Ch17_Enable,0,0,0,,{0},是
env,present,输入,env_1_Design/Voltage Input/InPort/U_Ch17_FIU_Value,0,0,0,,{0},是
env,present,输入,env_1_Design/Voltage Input/InPort/U_Ch17_SafetySwitch,0,0,0,,{0},是
env,present,输入,env_1_Design/Voltage Input/InPort/U_Ch18_Enable,0,0,0,,{0},是
env,present,输入,env_1_Design/Voltage Input/InPort/U_Ch18_FIU_Value,0,0,0,,{0},是
env,present,输入,env_1_Design/Voltage Input/InPort/U_Ch18_SafetySwitch,0,0,0,,{0},是
env,present,输入,env_1_Design/Voltage Input/InPort/U_Ch19_Enable,0,0,0,,{0},是
env,present,输入,env_1_Design/Voltage Input/InPort/U_Ch19_FIU_Value,0,0,0,,{0},是
env,present,输入,env_1_Design/Voltage Input/InPort/U_Ch19_SafetySwitch,0,0,0,,{0},是
env,present,输入,env_1_Design/Voltage Input/InPort/U_Ch20_Enable,0,0,0,,{0},是
env,present,输入,env_1_Design/Voltage Input/InPort/U_Ch20_FIU_Value,0,0,0,,{0},是
env,present,输入,env_1_Design/Voltage Input/InPort/U_Ch20_SafetySwitch,0,0,0,,{0},是
env,present,输入,env_1_Design/Voltage Input/InPort/U_Ch21_Enable,0,0,0,,{0},是
env,present,输入,env_1_Design/Voltage Input/InPort/U_Ch21_FIU_Value,0,0,0,,{0},是
env,present,输入,env_1_Design/Voltage Input/InPort/U_Ch21_SafetySwitch,0,0,0,,{0},是
env,present,输入,env_1_Design/Voltage Input/InPort/U_Ch22_Enable,0,0,0,,{0},是
env,present,输入,env_1_Design/Voltage Input/InPort/U_Ch22_FIU_Value,0,0,0,,{0},是
env,present,输入,env_1_Design/Voltage Input/InPort/U_Ch22_SafetySwitch,0,0,0,,{0},是
env,present,输入,env_1_Design/Voltage Input/InPort/U_Ch23_Enable,0,0,0,,{0},是
env,present,输入,env_1_Design/Voltage Input/InPort/U_Ch23_FIU_Value,0,0,0,,{0},是
env,present,输入,env_1_Design/Voltage Input/InPort/U_Ch23_SafetySwitch,0,0,0,,{0},是
env,present,输入,env_1_Design/Voltage Input/InPort/U_Ch24_Enable,0,0,0,,{0},是
env,present,输入,env_1_Design/Voltage Input/InPort/U_Ch24_FIU_Value,0,0,0,,{0},是
env,present,输入,env_1_Design/Voltage Input/InPort/U_Ch24_SafetySwitch,0,0,0,,{0},是
env,present,输入,env_1_Design/Voltage Input/InPort/U_Ch25_Enable,0,0,0,,{0},是
env,present,输入,env_1_Design/Voltage Input/InPort/U_Ch25_FIU_Value,0,0,0,,{0},是
env,present,输入,env_1_Design/Voltage Input/InPort/U_Ch25_SafetySwitch,0,0,0,,{0},是
env,present,输入,env_1_Design/Voltage Input/InPort/U_Ch26_Enable,0,0,0,,{0},是
env,present,输入,env_1_Design/Voltage Input/InPort/U_Ch26_FIU_Value,0,0,0,,{0},是
env,present,输入,env_1_Design/Voltage Input/InPort/U_Ch26_SafetySwitch,0,0,0,,{0},是
env,present,输入,env_1_Design/Voltage Input/InPort/U_Ch27_Enable,0,0,0,,{0},是
env,present,输入,env_1_Design/Voltage Input/InPort/U_Ch27_FIU_Value,0,0,0,,{0},是
env,present,输入,env_1_Design/Voltage Input/InPort/U_Ch27_SafetySwitch,0,0,0,,{0},是
env,present,输入,env_1_Design/Voltage Input/InPort/U_Ch28_Enable,0,0,0,,{0},是
env,present,输入,env_1_Design/Voltage Input/InPort/U_Ch28_FIU_Value,0,0,0,,{0},是
env,present,输入,env_1_Design/Voltage Input/InPort/U_Ch28_SafetySwitch,0,0,0,,{0},是
env,present,输入,env_1_Design/Voltage Input/InPort/U_Ch29_Enable,0,0,0,,{0},是
env,present,输入,env_1_Design/Voltage Input/InPort/U_Ch29_FIU_Value,0,0,0,,{0},是
env,present,输入,env_1_Design/Voltage Input/InPort/U_Ch29_SafetySwitch,0,0,0,,{0},是
env,present,输入,env_1_Design/Voltage Input/InPort/U_Ch30_Enable,0,0,0,,{0},是
env,present,输入,env_1_Design/Voltage Input/InPort/U_Ch30_FIU_Value,0,0,0,,{0},是
env,present,输入,env_1_Design/Voltage Input/InPort/U_Ch30_SafetySwitch,0,0,0,,{0},是
env,present,输入,env_1_Design/Voltage Input/InPort/U_Ch31_Enable,0,0,0,,{0},是
env,present,输入,env_1_Design/Voltage Input/InPort/U_Ch31_FIU_Value,0,0,0,,{0},是
env,present,输入,env_1_Design/Voltage Input/InPort/U_Ch31_SafetySwitch,0,0,0,,{0},是
env,present,输入,env_1_Design/Voltage Input/InPort/U_Ch32_Enable,0,0,0,,{0},是
env,present,输入,env_1_Design/Voltage Input/InPort/U_Ch32_FIU_Value,0,0,0,,{0},是
env,present,输入,env_1_Design/Voltage Input/InPort/U_Ch32_SafetySwitch,0,0,0,,{0},是
env,present,输入,env_1_Design/Voltage Input/InPort/U_Ch33_Enable,0,0,0,,{0},是
env,present,输入,env_1_Design/Voltage Input/InPort/U_Ch33_FIU_Value,0,0,0,,{0},是
env,present,输入,env_1_Design/Voltage Input/InPort/U_Ch33_SafetySwitch,0,0,0,,{0},是
env,present,输入,env_1_Design/Voltage Input/InPort/U_Ch34_Enable,0,0,0,,{0},是
env,present,输入,env_1_Design/Voltage Input/InPort/U_Ch34_FIU_Value,0,0,0,,{0},是
env,present,输入,env_1_Design/Voltage Input/InPort/U_Ch34_SafetySwitch,0,0,0,,{0},是
env,present,输入,env_1_Design/Voltage Input/InPort/U_Ch35_Enable,0,0,0,,{0},是
env,present,输入,env_1_Design/Voltage Input/InPort/U_Ch35_FIU_Value,0,0,0,,{0},是
env,present,输入,env_1_Design/Voltage Input/InPort/U_Ch35_SafetySwitch,0,0,0,,{0},是
env,present,输入,env_1_Design/Voltage Input/InPort/U_Ch36_Enable,0,0,0,,{0},是
env,present,输入,env_1_Design/Voltage Input/InPort/U_Ch36_FIU_Value,0,0,0,,{0},是
env,present,输入,env_1_Design/Voltage Input/InPort/U_Ch36_SafetySwitch,0,0,0,,{0},是
env,present,输入,env_1_Design/Voltage Input/InPort/U_Ch37_Enable,0,0,0,,{0},是
env,present,输入,env_1_Design/Voltage Input/InPort/U_Ch37_FIU_Value,0,0,0,,{0},是
env,present,输入,env_1_Design/Voltage Input/InPort/U_Ch37_SafetySwitch,0,0,0,,{0},是
env,present,输入,env_1_Design/Voltage Input/InPort/U_Ch38_Enable,0,0,0,,{0},是
env,present,输入,env_1_Design/Voltage Input/InPort/U_Ch38_FIU_Value,0,0,0,,{0},是
env,present,输入,env_1_Design/Voltage Input/InPort/U_Ch38_SafetySwitch,0,0,0,,{0},是
env,present,输入,env_1_Design/Voltage Input/InPort/U_Ch39_Enable,0,0,0,,{0},是
env,present,输入,env_1_Design/Voltage Input/InPort/U_Ch39_FIU_Value,0,0,0,,{0},是
env,present,输入,env_1_Design/Voltage Input/InPort/U_Ch39_SafetySwitch,0,0,0,,{0},是
env,present,输入,env_1_Design/Voltage Input/InPort/U_Ch40_Enable,0,0,0,,{0},是
env,present,输入,env_1_Design/Voltage Input/InPort/U_Ch40_FIU_Value,0,0,0,,{0},是
env,present,输入,env_1_Design/Voltage Input/InPort/U_Ch40_SafetySwitch,0,0,0,,{0},是
env,present,输入,env_1_Design/Voltage Input/InPort/U_Ch41_Enable,0,0,0,,{0},是
env,present,输入,env_1_Design/Voltage Input/InPort/U_Ch41_FIU_Value,0,0,0,,{0},是
env,present,输入,env_1_Design/Voltage Input/InPort/U_Ch41_SafetySwitch,0,0,0,,{0},是
env,present,输入,env_1_Design/Voltage Input/InPort/U_Ch42_Enable,0,0,0,,{0},是
env,present,输入,env_1_Design/Voltage Input/InPort/U_Ch42_FIU_Value,0,0,0,,{0},是
env,present,输入,env_1_Design/Voltage Input/InPort/U_Ch42_SafetySwitch,0,0,0,,{0},是
env,present,输入,env_1_Design/Voltage Input/InPort/U_Ch43_Enable,0,0,0,,{0},是
env,present,输入,env_1_Design/Voltage Input/InPort/U_Ch43_FIU_Value,0,0,0,,{0},是
env,present,输入,env_1_Design/Voltage Input/InPort/U_Ch43_SafetySwitch,0,0,0,,{0},是
env,present,输入,env_1_Design/Voltage Input/InPort/U_Ch44_Enable,0,0,0,,{0},是
env,present,输入,env_1_Design/Voltage Input/InPort/U_Ch44_FIU_Value,0,0,0,,{0},是
env,present,输入,env_1_Design/Voltage Input/InPort/U_Ch44_SafetySwitch,0,0,0,,{0},是
env,present,输入,env_1_Design/Voltage Input/InPort/U_Ch45_Enable,0,0,0,,{0},是
env,present,输入,env_1_Design/Voltage Input/InPort/U_Ch45_FIU_Value,0,0,0,,{0},是
env,present,输入,env_1_Design/Voltage Input/InPort/U_Ch45_SafetySwitch,0,0,0,,{0},是
env,present,输入,env_1_Design/Voltage Input/InPort/U_Ch46_Enable,0,0,0,,{0},是
env,present,输入,env_1_Design/Voltage Input/InPort/U_Ch46_FIU_Value,0,0,0,,{0},是
env,present,输入,env_1_Design/Voltage Input/InPort/U_Ch46_SafetySwitch,0,0,0,,{0},是
env,present,输入,env_1_Design/Voltage Input/InPort/U_Ch47_Enable,0,0,0,,{0},是
env,present,输入,env_1_Design/Voltage Input/InPort/U_Ch47_FIU_Value,0,0,0,,{0},是
env,present,输入,env_1_Design/Voltage Input/InPort/U_Ch47_SafetySwitch,0,0,0,,{0},是
env,present,输入,env_1_Design/Voltage Input/InPort/U_Ch48_Enable,0,0,0,,{0},是
env,present,输入,env_1_Design/Voltage Input/InPort/U_Ch48_FIU_Value,0,0,0,,{0},是
env,present,输入,env_1_Design/Voltage Input/InPort/U_Ch48_SafetySwitch,0,0,0,,{0},是
env,present,输入,env_1_Design/Voltage Input/InPort/Model_Disabled,0,0,0,,{0},是
env,present,输入,env_1_Design/Voltage Input/InPort/Model_Reset,0,0,0,,{0},是
env,present,输出,env_1_Design/Voltage Input/OutPort/Y_Ch1_Present_Voltage,-0.01,0.01,208,"3.732, 3.932, 4.332, 4.932, 5.132, 5.332, 5.532, 5.732, 5.932, 6.132 …",min=-0.01; max=0.01; distinct=10,是
env,present,输出,env_1_Design/Voltage Input/OutPort/Y_Ch1_Average_Voltage,0.000316,0.000544,404,"1.132, 1.332, 1.732, 1.932, 2.332, 2.532, 2.932, 3.132, 3.532, 3.732 …",min=0.000316; max=0.000544; distinct=66,是
env,present,输出,env_1_Design/Voltage Input/OutPort/Y_Ch1_Support_Features,0,0,0,,{0},是
env,present,输出,env_1_Design/Voltage Input/OutPort/Y_Ch1.Valid,0,0,0,,{0},是
env,present,输出,env_1_Design/Voltage Input/OutPort/Y_Ch2_Present_Voltage,-0.004,0.004,130,"1.532, 1.732, 6.532, 6.732, 7.732, 8.532, 8.732, 9.132, 9.332, 9.532 …","{-0.004, -0.002, 0, 0.004}",是
env,present,输出,env_1_Design/Voltage Input/OutPort/Y_Ch2_Average_Voltage,-0.001544,-0.001372,392,"1.132, 1.332, 1.732, 1.932, 2.332, 2.532, 2.932, 3.132, 3.532, 3.732 …",min=-0.001544; max=-0.001372; distinct=65,是
env,present,输出,env_1_Design/Voltage Input/OutPort/Y_Ch2_Support_Features,0,0,0,,{0},是
env,present,输出,env_1_Design/Voltage Input/OutPort/Y_Ch2.Valid,0,0,0,,{0},是
env,present,输出,env_1_Design/Voltage Input/OutPort/Y_Ch3_Present_Voltage,-0.01,0.01,200,"3.732, 3.932, 4.332, 4.932, 5.132, 5.332, 5.732, 5.932, 6.732, 6.932 …",min=-0.01; max=0.01; distinct=10,是
env,present,输出,env_1_Design/Voltage Input/OutPort/Y_Ch3_Average_Voltage,0.000548,0.000704,401,"1.132, 1.332, 1.732, 1.932, 2.332, 2.532, 2.932, 3.132, 3.532, 3.732 …",min=0.000548; max=0.000704; distinct=49,是
env,present,输出,env_1_Design/Voltage Input/OutPort/Y_Ch3_Support_Features,0,0,0,,{0},是
env,present,输出,env_1_Design/Voltage Input/OutPort/Y_Ch3.Valid,0,0,0,,{0},是
env,present,输出,env_1_Design/Voltage Input/OutPort/Y_Ch4_Present_Voltage,-0.01,0.008,282,"1.332, 1.532, 1.932, 2.932, 3.132, 3.332, 3.732, 3.932, 4.332, 5.532 …",min=-0.01; max=0.008; distinct=10,是
env,present,输出,env_1_Design/Voltage Input/OutPort/Y_Ch4_Average_Voltage,-0.00154,-0.001314,397,"1.132, 1.332, 1.732, 1.932, 2.332, 2.532, 2.932, 3.132, 3.532, 3.732 …",min=-0.00154; max=-0.001314; distinct=81,是
env,present,输出,env_1_Design/Voltage Input/OutPort/Y_Ch4_Support_Features,0,0,0,,{0},是
env,present,输出,env_1_Design/Voltage Input/OutPort/Y_Ch4.Valid,0,0,0,,{0},是
env,present,输出,env_1_Design/Voltage Input/OutPort/Y_Ch5_Present_Voltage,0,0.004,70,"3.332, 3.532, 4.332, 4.732, 4.932, 7.532, 7.732, 12.132, 12.332, 12.532 …","{0, 0.002, 0.004}",是
env,present,输出,env_1_Design/Voltage Input/OutPort/Y_Ch5_Average_Voltage,0.001872,0.001996,379,"1.132, 1.332, 1.732, 1.932, 2.332, 2.532, 2.932, 3.132, 3.532, 3.732 …",min=0.001872; max=0.001996; distinct=40,是
env,present,输出,env_1_Design/Voltage Input/OutPort/Y_Ch5_Support_Features,0,0,0,,{0},是
env,present,输出,env_1_Design/Voltage Input/OutPort/Y_Ch5.Valid,0,0,0,,{0},是
env,present,输出,env_1_Design/Voltage Input/OutPort/Y_Ch6_Present_Voltage,-0.006,0.008,153,"1.932, 2.132, 2.332, 5.532, 5.732, 5.932, 7.532, 7.732, 7.932, 8.132 …","{-0.006, -0.004, -0.002, 0, 0.002, 0.004, 0.008}",是
env,present,输出,env_1_Design/Voltage Input/OutPort/Y_Ch6_Average_Voltage,-0.00028,-0.000136,395,"1.132, 1.332, 1.732, 1.932, 2.332, 2.532, 2.932, 3.132, 3.532, 3.732 …",min=-0.00028; max=-0.000136; distinct=52,是
env,present,输出,env_1_Design/Voltage Input/OutPort/Y_Ch6_Support_Features,0,0,0,,{0},是
env,present,输入,env_1_Design/Battery Cell Simulator/InPort/U_Battery_Cell_Ch1_Output_voltage,0,0,0,,{0},是
env,present,输入,env_1_Design/Battery Cell Simulator/InPort/U_Battery_Cell_Ch1_Enable,0,0,0,,{0},否
env,present,输入,env_1_Design/Battery Cell Simulator/InPort/U_Battery_Cell_Ch1_Polar_Over_Turn,0,0,0,,{0},否
env,present,输入,env_1_Design/Battery Cell Simulator/InPort/U_Battery_Cell_Ch2_Output_voltage,0,0,0,,{0},是
env,present,输入,env_1_Design/Battery Cell Simulator/InPort/U_Battery_Cell_Ch2_Enable,0,0,0,,{0},否
env,present,输入,env_1_Design/Battery Cell Simulator/InPort/U_Battery_Cell_Ch2_Polar_Over_Turn,0,0,0,,{0},否
env,present,输入,env_1_Design/Battery Cell Simulator/InPort/U_Battery_Cell_Ch3_Output_voltage,0,0,0,,{0},是
env,present,输入,env_1_Design/Battery Cell Simulator/InPort/U_Battery_Cell_Ch3_Enable,0,0,0,,{0},否
env,present,输入,env_1_Design/Battery Cell Simulator/InPort/U_Battery_Cell_Ch3_Polar_Over_Turn,0,0,0,,{0},否
env,present,输入,env_1_Design/Battery Cell Simulator/InPort/U_Battery_Cell_Ch4_Output_voltage,0,0,0,,{0},是
env,present,输入,env_1_Design/Battery Cell Simulator/InPort/U_Battery_Cell_Ch4_Enable,0,0,0,,{0},否
env,present,输入,env_1_Design/Battery Cell Simulator/InPort/U_Battery_Cell_Ch4_Polar_Over_Turn,0,0,0,,{0},否
env,present,输入,env_1_Design/Battery Cell Simulator/InPort/U_Battery_Cell_Ch5_Output_voltage,0,0,0,,{0},是
env,present,输入,env_1_Design/Battery Cell Simulator/InPort/U_Battery_Cell_Ch5_Enable,0,0,0,,{0},否
env,present,输入,env_1_Design/Battery Cell Simulator/InPort/U_Battery_Cell_Ch5_Polar_Over_Turn,0,0,0,,{0},否
env,present,输入,env_1_Design/Battery Cell Simulator/InPort/U_Battery_Cell_Ch6_Output_voltage,0,0,0,,{0},是
env,present,输入,env_1_Design/Battery Cell Simulator/InPort/U_Battery_Cell_Ch6_Enable,0,0,0,,{0},否
env,present,输入,env_1_Design/Battery Cell Simulator/InPort/U_Battery_Cell_Ch6_Polar_Over_Turn,0,0,0,,{0},否
env,present,输入,env_1_Design/Battery Cell Simulator/InPort/Model_Disabled,0,0,0,,{0},否
env,present,输入,env_1_Design/Battery Cell Simulator/InPort/Model_Reset,0,0,0,,{0},否
env,present,输出,env_1_Design/Battery Cell Simulator/OutPort/Y_Battery_Cell_Ch1_Voltage_Feedback,0,0,0,,{0},是
env,present,输出,env_1_Design/Battery Cell Simulator/OutPort/Y_Battery_Cell_Ch1_Current_Feedback,0,0,0,,{0},是
env,present,输出,env_1_Design/Battery Cell Simulator/OutPort/Y_Battery_Cell_Ch1_CV_State,0,0,0,,{0},否
env,present,输出,env_1_Design/Battery Cell Simulator/OutPort/Y_Battery_Cell_Ch1_CC_State,0,0,0,,{0},否
env,present,输出,env_1_Design/Battery Cell Simulator/OutPort/Y_Battery_Cell_Ch1_NEGCC_State,0,0,0,,{0},否
env,present,输出,env_1_Design/Battery Cell Simulator/OutPort/Y_Battery_Cell_Ch1_OV_State,0,0,0,,{0},否
env,present,输出,env_1_Design/Battery Cell Simulator/OutPort/Y_Ch1.Valid,0,0,0,,{0},否
env,present,输出,env_1_Design/Battery Cell Simulator/OutPort/Y_Battery_Cell_Ch2_Voltage_Feedback,0,0,0,,{0},是
env,present,输出,env_1_Design/Battery Cell Simulator/OutPort/Y_Battery_Cell_Ch2_Current_Feedback,0,0,0,,{0},是
env,present,输出,env_1_Design/Battery Cell Simulator/OutPort/Y_Battery_Cell_Ch2_CV_State,0,0,0,,{0},否
env,present,输出,env_1_Design/Battery Cell Simulator/OutPort/Y_Battery_Cell_Ch2_CC_State,0,0,0,,{0},否
env,present,输出,env_1_Design/Battery Cell Simulator/OutPort/Y_Battery_Cell_Ch2_NEGCC_State,0,0,0,,{0},否
env,present,输出,env_1_Design/Battery Cell Simulator/OutPort/Y_Battery_Cell_Ch2_OV_State,0,0,0,,{0},否
env,present,输出,env_1_Design/Battery Cell Simulator/OutPort/Y_Ch2.Valid,0,0,0,,{0},否
env,present,输出,env_1_Design/Battery Cell Simulator/OutPort/Y_Battery_Cell_Ch3_Voltage_Feedback,0,0,0,,{0},是
env,present,输出,env_1_Design/Battery Cell Simulator/OutPort/Y_Battery_Cell_Ch3_Current_Feedback,0,0,0,,{0},是
env,present,输出,env_1_Design/Battery Cell Simulator/OutPort/Y_Battery_Cell_Ch3_CV_State,0,0,0,,{0},否
env,present,输出,env_1_Design/Battery Cell Simulator/OutPort/Y_Battery_Cell_Ch3_CC_State,0,0,0,,{0},否
env,present,输出,env_1_Design/Battery Cell Simulator/OutPort/Y_Battery_Cell_Ch3_NEGCC_State,0,0,0,,{0},否
env,present,输出,env_1_Design/Battery Cell Simulator/OutPort/Y_Battery_Cell_Ch3_OV_State,0,0,0,,{0},否
env,present,输出,env_1_Design/Battery Cell Simulator/OutPort/Y_Ch3.Valid,0,0,0,,{0},否
env,present,输出,env_1_Design/Battery Cell Simulator/OutPort/Y_Battery_Cell_Ch4_Voltage_Feedback,0,0,0,,{0},是
env,present,输出,env_1_Design/Battery Cell Simulator/OutPort/Y_Battery_Cell_Ch4_Current_Feedback,0,0,0,,{0},是
env,present,输出,env_1_Design/Battery Cell Simulator/OutPort/Y_Battery_Cell_Ch4_CV_State,0,0,0,,{0},否
env,present,输出,env_1_Design/Battery Cell Simulator/OutPort/Y_Battery_Cell_Ch4_CC_State,0,0,0,,{0},否
env,present,输出,env_1_Design/Battery Cell Simulator/OutPort/Y_Battery_Cell_Ch4_NEGCC_State,0,0,0,,{0},否
env,present,输出,env_1_Design/Battery Cell Simulator/OutPort/Y_Battery_Cell_Ch4_OV_State,0,0,0,,{0},否
env,present,输出,env_1_Design/Battery Cell Simulator/OutPort/Y_Ch4.Valid,0,0,0,,{0},否
env,present,输出,env_1_Design/Battery Cell Simulator/OutPort/Y_Battery_Cell_Ch5_Voltage_Feedback,0,0,0,,{0},是
env,present,输出,env_1_Design/Battery Cell Simulator/OutPort/Y_Battery_Cell_Ch5_Current_Feedback,0,0,0,,{0},是
env,present,输出,env_1_Design/Battery Cell Simulator/OutPort/Y_Battery_Cell_Ch5_CV_State,0,0,0,,{0},否
env,present,输出,env_1_Design/Battery Cell Simulator/OutPort/Y_Battery_Cell_Ch5_CC_State,0,0,0,,{0},否
env,present,输出,env_1_Design/Battery Cell Simulator/OutPort/Y_Battery_Cell_Ch5_NEGCC_State,0,0,0,,{0},否
env,present,输出,env_1_Design/Battery Cell Simulator/OutPort/Y_Battery_Cell_Ch5_OV_State,0,0,0,,{0},否
env,present,输出,env_1_Design/Battery Cell Simulator/OutPort/Y_Ch5.Valid,0,0,0,,{0},否
env,present,输出,env_1_Design/Battery Cell Simulator/OutPort/Y_Battery_Cell_Ch6_Voltage_Feedback,0,0,0,,{0},是
env,present,输出,env_1_Design/Battery Cell Simulator/OutPort/Y_Battery_Cell_Ch6_Current_Feedback,0,0,0,,{0},是
env,present,输出,env_1_Design/Battery Cell Simulator/OutPort/Y_Battery_Cell_Ch6_CV_State,0,0,0,,{0},否
env,present,输出,env_1_Design/Battery Cell Simulator/OutPort/Y_Battery_Cell_Ch6_CC_State,0,0,0,,{0},否
env,present,输出,env_1_Design/Battery Cell Simulator/OutPort/Y_Battery_Cell_Ch6_NEGCC_State,0,0,0,,{0},否
env,present,输出,env_1_Design/Battery Cell Simulator/OutPort/Y_Battery_Cell_Ch6_OV_State,0,0,0,,{0},否
env,present,输出,env_1_Design/Battery Cell Simulator/OutPort/Y_Ch6.Valid,0,0,0,,{0},否
env,present,内部/未标记,env_1_Design/Battery Cell Simulator/Measurement/Runtime(us),0,7,357,"1.255, 1.455, 1.655, 1.855, 2.055, 2.455, 2.655, 2.855, 3.055, 3.255 …","{0, 1, 2, 3, 4, 5, 6, 7}",否
env,present,内部/未标记,env_1_Design/Battery Cell Simulator/Measurement/Runtime_Min(us),0,2,4,"11.855, 12.055, 86.655, 86.855","{0, 1, 2}",否
env,present,内部/未标记,env_1_Design/Battery Cell Simulator/Measurement/Runtime_Max(us),11,14,1,20.655,"{11, 14}",否
env,present,内部/未标记,env_1_Design/Battery Cell Simulator/Measurement/Schedule_Interval(us),4843,5145,612,"1.255, 1.455, 1.655, 1.855, 2.055, 2.255, 2.455, 2.655, 2.855, 3.055 …",min=4843; max=5145; distinct=186,否
env,present,内部/未标记,env_1_Design/Battery Cell Simulator/Measurement/Schedule_Interval_Min(us),4803,4818,1,33.855,"{4803, 4818}",否
env,present,内部/未标记,env_1_Design/Battery Cell Simulator/Measurement/Schedule_Interval_Max(us),5188,5204,1,33.855,"{5188, 5204}",否
env,present,内部/未标记,env_1_Design/Battery Cell Simulator/Measurement/Schedule_Count,3902,28622,618,"1.255, 1.455, 1.655, 1.855, 2.055, 2.255, 2.455, 2.655, 2.855, 3.055 …",min=3902; max=28622; distinct=619,否
env,present,内部/未标记,env_1_Design/Battery Cell Simulator/Measurement/Activate_Fail_Count,0,0,0,,{0},否
env,present,内部/未标记,env_1_Design/Battery Cell Simulator/Measurement/Processor,5,15,569,"1.455, 1.655, 1.855, 2.055, 2.255, 2.455, 2.655, 2.855, 3.055, 3.255 …",min=5; max=15; distinct=11,否
env,present,输入,env_1_Design/CAN/InPort/CAN_CH1.U_CAN_Ch1_TxDisable,0,0,0,,{0},否
env,present,输入,env_1_Design/CAN/InPort/CAN_CH1.U_J1939_Ch1_TxDisable,0,0,0,,{0},否
env,present,输入,env_1_Design/CAN/InPort/CAN_CH1.U_CAN_Ch1_RxDisable,0,0,0,,{0},否
env,present,输入,env_1_Design/CAN/InPort/CAN_CH1.U_J1939_Ch1_RxDisable,0,0,0,,{0},否
env,present,输入,env_1_Design/CAN/InPort/CAN_CH1.Sample_Point_Test.Enable,0,0,0,,{0},否
env,present,输入,env_1_Design/CAN/InPort/CAN_CH2.U_CAN_Ch2_TxDisable,0,0,0,,{0},否
env,present,输入,env_1_Design/CAN/InPort/CAN_CH2.U_J1939_Ch2_TxDisable,0,0,0,,{0},否
env,present,输入,env_1_Design/CAN/InPort/CAN_CH2.U_CAN_Ch2_RxDisable,0,0,0,,{0},否
env,present,输入,env_1_Design/CAN/InPort/CAN_CH2.U_J1939_Ch2_RxDisable,0,0,0,,{0},否
env,present,输入,env_1_Design/CAN/InPort/CAN_CH2.Sample_Point_Test.Enable,0,0,0,,{0},否
env,present,输入,env_1_Design/CAN/InPort/CAN_CH3.U_CAN_Ch3_TxDisable,0,0,0,,{0},否
env,present,输入,env_1_Design/CAN/InPort/CAN_CH3.U_J1939_Ch3_TxDisable,0,0,0,,{0},否
env,present,输入,env_1_Design/CAN/InPort/CAN_CH3.U_CAN_Ch3_RxDisable,0,0,0,,{0},否
env,present,输入,env_1_Design/CAN/InPort/CAN_CH3.U_J1939_Ch3_RxDisable,0,0,0,,{0},否
env,present,输入,env_1_Design/CAN/InPort/CAN_CH3.Sample_Point_Test.Enable,0,0,0,,{0},否
env,present,输入,env_1_Design/CAN/InPort/CAN_CH4.U_CAN_Ch4_TxDisable,0,0,0,,{0},否
env,present,输入,env_1_Design/CAN/InPort/CAN_CH4.U_J1939_Ch4_TxDisable,0,0,0,,{0},否
env,present,输入,env_1_Design/CAN/InPort/CAN_CH4.U_CAN_Ch4_RxDisable,0,0,0,,{0},否
env,present,输入,env_1_Design/CAN/InPort/CAN_CH4.U_J1939_Ch4_RxDisable,0,0,0,,{0},否
env,present,输入,env_1_Design/CAN/InPort/CAN_CH4.Sample_Point_Test.Enable,0,0,0,,{0},否
env,present,输入,env_1_Design/CAN/InPort/CAN_CH5.U_CAN_Ch5_TxDisable,0,0,0,,{0},否
env,present,输入,env_1_Design/CAN/InPort/CAN_CH5.U_J1939_Ch5_TxDisable,0,0,0,,{0},否
env,present,输入,env_1_Design/CAN/InPort/CAN_CH5.U_CAN_Ch5_RxDisable,0,0,0,,{0},否
env,present,输入,env_1_Design/CAN/InPort/CAN_CH5.U_J1939_Ch5_RxDisable,0,0,0,,{0},否
env,present,输入,env_1_Design/CAN/InPort/CAN_CH5.Sample_Point_Test.Enable,0,0,0,,{0},否
env,present,输入,env_1_Design/CAN/InPort/CAN_CH6.U_CAN_Ch6_TxDisable,0,0,0,,{0},否
env,present,输入,env_1_Design/CAN/InPort/CAN_CH6.U_J1939_Ch6_TxDisable,0,0,0,,{0},否
env,present,输入,env_1_Design/CAN/InPort/CAN_CH6.U_CAN_Ch6_RxDisable,0,0,0,,{0},否
env,present,输入,env_1_Design/CAN/InPort/CAN_CH6.U_J1939_Ch6_RxDisable,0,0,0,,{0},否
env,present,输入,env_1_Design/CAN/InPort/CAN_CH6.Sample_Point_Test.Enable,0,0,0,,{0},否
env,present,输入,env_1_Design/CAN/InPort/CAN_CH7.U_CAN_Ch7_TxDisable,0,0,0,,{0},否
env,present,输入,env_1_Design/CAN/InPort/CAN_CH7.U_J1939_Ch7_TxDisable,0,0,0,,{0},否
env,present,输入,env_1_Design/CAN/InPort/CAN_CH7.U_CAN_Ch7_RxDisable,0,0,0,,{0},否
env,present,输入,env_1_Design/CAN/InPort/CAN_CH7.U_J1939_Ch7_RxDisable,0,0,0,,{0},否
env,present,输入,env_1_Design/CAN/InPort/CAN_CH7.Sample_Point_Test.Enable,0,0,0,,{0},否
env,present,输入,env_1_Design/CAN/InPort/CAN_CH8.U_CAN_Ch8_TxDisable,0,0,0,,{0},否
env,present,输入,env_1_Design/CAN/InPort/CAN_CH8.U_J1939_Ch8_TxDisable,0,0,0,,{0},否
env,present,输入,env_1_Design/CAN/InPort/CAN_CH8.U_CAN_Ch8_RxDisable,0,0,0,,{0},否
env,present,输入,env_1_Design/CAN/InPort/CAN_CH8.U_J1939_Ch8_RxDisable,0,0,0,,{0},否
env,present,输入,env_1_Design/CAN/InPort/CAN_CH8.Sample_Point_Test.Enable,0,0,0,,{0},否
env,present,输入,env_1_Design/CAN/InPort/Model_Disabled,0,0,0,,{0},否
env,present,输入,env_1_Design/CAN/InPort/Model_Reset,0,0,0,,{0},否
env,present,输出,env_1_Design/CAN/OutPort/CAN_CH1.Config.Y_CAN_Ch1_Mode,2,2,0,,{2},否
env,present,输出,env_1_Design/CAN/OutPort/CAN_CH1.Config.Y_CAN_Ch1_Bitrate,500000,500000,0,,{500000},否
env,present,输出,env_1_Design/CAN/OutPort/CAN_CH1.Config.Y_CAN_Ch1_SamplePoint,0.75,0.75,0,,{0.75},否
env,present,输出,env_1_Design/CAN/OutPort/CAN_CH1.Config.Y_CAN_Ch1_DataBitrate,2e+06,2e+06,0,,{2e+06},否
env,present,输出,env_1_Design/CAN/OutPort/CAN_CH1.Config.Y_CAN_Ch1_DataSamplePoint,0.75,0.75,0,,{0.75},否
env,present,输出,env_1_Design/CAN/OutPort/CAN_CH1.Statistic.Y_CAN_Ch1_Busload,23.255,24.099,123,"2.055, 3.055, 4.055, 5.055, 6.055, 7.255, 8.055, 9.055, 10.255, 11.055 …",min=23.255; max=24.099; distinct=90,否
env,present,输出,env_1_Design/CAN/OutPort/CAN_CH1.Statistic.Chip State.Y_CAN_Ch1_ChipState,1,1,0,,{1},否
env,present,输出,env_1_Design/CAN/OutPort/CAN_CH1.Statistic.Chip State.Y_CAN_Ch1_TransmitErrorCount,128,128,0,,{128},否
env,present,输出,env_1_Design/CAN/OutPort/CAN_CH1.Statistic.Chip State.Y_CAN_Ch1_ReceiveErrorCount,0,0,0,,{0},否
env,present,输出,env_1_Design/CAN/OutPort/CAN_CH1.Statistic.Transmit.Y_CAN_Ch1_TotalTxFramesCnt,11731,86488,618,"1.255, 1.455, 1.655, 1.855, 2.055, 2.255, 2.455, 2.655, 2.855, 3.055 …",min=11731; max=86488; distinct=619,否
env,present,输出,env_1_Design/CAN/OutPort/CAN_CH1.Statistic.Transmit.Y_CAN_Ch1_TxFramesCnt,603,641,120,"1.255, 2.255, 3.255, 4.255, 5.255, 6.455, 7.455, 8.455, 9.455, 10.455 …",min=603; max=641; distinct=28,否
env,present,输出,env_1_Design/CAN/OutPort/CAN_CH1.Statistic.Transmit.Y_CAN_Ch1_TotalTxStdFramesCnt,11769,86489,618,"1.255, 1.455, 1.655, 1.855, 2.055, 2.255, 2.455, 2.655, 2.855, 3.055 …",min=11769; max=86489; distinct=619,否
env,present,输出,env_1_Design/CAN/OutPort/CAN_CH1.Statistic.Transmit.Y_CAN_Ch1_TxStdFramesCnt,604,640,119,"1.255, 2.255, 3.255, 4.255, 5.255, 6.455, 7.455, 8.455, 9.455, 10.455 …",min=604; max=640; distinct=28,否
env,present,输出,env_1_Design/CAN/OutPort/CAN_CH1.Statistic.Transmit.Y_CAN_Ch1_TotalTxExtFramesCnt,0,0,0,,{0},否
env,present,输出,env_1_Design/CAN/OutPort/CAN_CH1.Statistic.Transmit.Y_CAN_Ch1_TxExtFramesCnt,0,0,0,,{0},否
env,present,输出,env_1_Design/CAN/OutPort/CAN_CH1.Statistic.Transmit.Y_CAN_Ch1_TotalTxStdRemoteFramesCnt,0,0,0,,{0},否
env,present,输出,env_1_Design/CAN/OutPort/CAN_CH1.Statistic.Transmit.Y_CAN_Ch1_TxStdRemoteFramesCnt,0,0,0,,{0},否
env,present,输出,env_1_Design/CAN/OutPort/CAN_CH1.Statistic.Transmit.Y_CAN_Ch1_TotalTxExtRemoteFramesCnt,0,0,0,,{0},否
env,present,输出,env_1_Design/CAN/OutPort/CAN_CH1.Statistic.Transmit.Y_CAN_Ch1_TxExtRemoteFramesCnt,0,0,0,,{0},否
env,present,输出,env_1_Design/CAN/OutPort/CAN_CH1.Statistic.Receive.Y_CAN_Ch1_TotalRxFramesCnt,6218,45793,618,"1.255, 1.455, 1.655, 1.855, 2.055, 2.255, 2.455, 2.655, 2.855, 3.055 …",min=6218; max=45793; distinct=619,否
env,present,输出,env_1_Design/CAN/OutPort/CAN_CH1.Statistic.Receive.Y_CAN_Ch1_RxFramesCnt,323,335,97,"1.255, 4.255, 5.255, 6.455, 7.455, 8.455, 9.455, 10.455, 12.655, 13.655 …",min=323; max=335; distinct=12,否
env,present,输出,env_1_Design/CAN/OutPort/CAN_CH1.Statistic.Receive.Y_CAN_Ch1_TotalRxStdFramesCnt,6244,45795,618,"1.255, 1.455, 1.655, 1.855, 2.055, 2.255, 2.455, 2.655, 2.855, 3.055 …",min=6244; max=45795; distinct=619,否
env,present,输出,env_1_Design/CAN/OutPort/CAN_CH1.Statistic.Receive.Y_CAN_Ch1_RxStdFramesCnt,323,335,103,"1.255, 2.255, 3.255, 5.255, 6.455, 8.455, 9.455, 10.455, 11.455, 13.655 …",min=323; max=335; distinct=12,否
env,present,输出,env_1_Design/CAN/OutPort/CAN_CH1.Statistic.Receive.Y_CAN_Ch1_TotalRxExtFramesCnt,0,0,0,,{0},否
env,present,输出,env_1_Design/CAN/OutPort/CAN_CH1.Statistic.Receive.Y_CAN_Ch1_RxExtFramesCnt,0,0,0,,{0},否
env,present,输出,env_1_Design/CAN/OutPort/CAN_CH1.Statistic.Receive.Y_CAN_Ch1_TotalRxStdRemoteFramesCnt,0,0,0,,{0},否
env,present,输出,env_1_Design/CAN/OutPort/CAN_CH1.Statistic.Receive.Y_CAN_Ch1_RxStdRemoteFramesCnt,0,0,0,,{0},否
env,present,输出,env_1_Design/CAN/OutPort/CAN_CH1.Statistic.Receive.Y_CAN_Ch1_TotalRxExtRemoteFramesCnt,0,0,0,,{0},否
env,present,输出,env_1_Design/CAN/OutPort/CAN_CH1.Statistic.Receive.Y_CAN_Ch1_RxExtRemoteFramesCnt,0,0,0,,{0},否
env,present,输出,env_1_Design/CAN/OutPort/CAN_CH1.Statistic.ErrorFrame.Y_CAN_Ch1_TotalTxErrorsCnt,0,0,0,,{0},否
env,present,输出,env_1_Design/CAN/OutPort/CAN_CH1.Statistic.ErrorFrame.Y_CAN_Ch1_TotalRxErrorsCnt,0,0,0,,{0},否
env,present,输出,env_1_Design/CAN/OutPort/CAN_CH1.Statistic.ErrorFrame.Y_CAN_Ch1_TotalErrorsCnt,0,0,0,,{0},否
env,present,输出,env_1_Design/CAN/OutPort/CAN_CH1.Statistic.ErrorFrame.Y_CAN_Ch1_TxErrorsCnt,0,0,0,,{0},否
env,present,输出,env_1_Design/CAN/OutPort/CAN_CH1.Statistic.ErrorFrame.Y_CAN_Ch1_RxErrorsCnt,0,0,0,,{0},否
env,present,输出,env_1_Design/CAN/OutPort/CAN_CH1.Statistic.ErrorFrame.Y_CAN_Ch1_ErrorsCnt,0,0,0,,{0},否
env,present,输出,env_1_Design/CAN/OutPort/CAN_CH1.Statistic.ErrorFrame.Y_CAN_Ch1_TotalNackErrorsCnt,0,0,0,,{0},否
env,present,输出,env_1_Design/CAN/OutPort/CAN_CH1.Statistic.ErrorFrame.Y_CAN_Ch1_TotalSufferErrorsCnt,0,0,0,,{0},否
env,present,输出,env_1_Design/CAN/OutPort/CAN_CH1.Statistic.ErrorFrame.Y_CAN_Ch1_TotalBit0ErrorsCnt,0,0,0,,{0},否
env,present,输出,env_1_Design/CAN/OutPort/CAN_CH1.Statistic.ErrorFrame.Y_CAN_Ch1_TotalBit1ErrorsCnt,0,0,0,,{0},否
env,present,输出,env_1_Design/CAN/OutPort/CAN_CH1.Statistic.ErrorFrame.Y_CAN_Ch1_TotalCrcErrorsCnt,0,0,0,,{0},否
env,present,输出,env_1_Design/CAN/OutPort/CAN_CH1.Statistic.ErrorFrame.Y_CAN_Ch1_TotalFormErrorsCnt,0,0,0,,{0},否
env,present,输出,env_1_Design/CAN/OutPort/CAN_CH1.Statistic.ErrorFrame.Y_CAN_Ch1_NackErrorsCnt,0,0,0,,{0},否
env,present,输出,env_1_Design/CAN/OutPort/CAN_CH1.Statistic.ErrorFrame.Y_CAN_Ch1_SufferErrorsCnt,0,0,0,,{0},否
env,present,输出,env_1_Design/CAN/OutPort/CAN_CH1.Statistic.ErrorFrame.Y_CAN_Ch1_Bit0ErrorsCnt,0,0,0,,{0},否
env,present,输出,env_1_Design/CAN/OutPort/CAN_CH1.Statistic.ErrorFrame.Y_CAN_Ch1_Bit1ErrorsCnt,0,0,0,,{0},否
env,present,输出,env_1_Design/CAN/OutPort/CAN_CH1.Statistic.ErrorFrame.Y_CAN_Ch1_CrcErrorsCnt,0,0,0,,{0},否
env,present,输出,env_1_Design/CAN/OutPort/CAN_CH1.Statistic.ErrorFrame.Y_CAN_Ch1_FormErrorsCnt,0,0,0,,{0},否
env,present,输出,env_1_Design/CAN/OutPort/CAN_CH1.Statistic.AllFrame.Y_CAN_Ch1_TotalFramesCnt,17949,132281,618,"1.255, 1.455, 1.655, 1.855, 2.055, 2.255, 2.455, 2.655, 2.855, 3.055 …",min=17949; max=132281; distinct=619,否
env,present,输出,env_1_Design/CAN/OutPort/CAN_CH1.Statistic.AllFrame.Y_CAN_Ch1_FramesCnt,927,971,120,"1.255, 2.255, 3.255, 4.255, 5.255, 6.455, 7.455, 8.455, 9.455, 10.455 …",min=927; max=971; distinct=32,否
env,present,输出,env_1_Design/CAN/OutPort/CAN_CH1.Statistic.AllFrame.Y_CAN_Ch1_TotalStdFramesCnt,18013,132284,618,"1.255, 1.455, 1.655, 1.855, 2.055, 2.255, 2.455, 2.655, 2.855, 3.055 …",min=18013; max=132284; distinct=619,否
env,present,输出,env_1_Design/CAN/OutPort/CAN_CH1.Statistic.AllFrame.Y_CAN_Ch1_StdFramesCnt,927,970,118,"1.255, 2.255, 3.255, 4.255, 5.255, 6.455, 7.455, 8.455, 9.455, 10.455 …",min=927; max=970; distinct=30,否
env,present,输出,env_1_Design/CAN/OutPort/CAN_CH1.Statistic.AllFrame.Y_CAN_Ch1_TotalExtFramesCnt,0,0,0,,{0},否
env,present,输出,env_1_Design/CAN/OutPort/CAN_CH1.Statistic.AllFrame.Y_CAN_Ch1_ExtFramesCnt,0,0,0,,{0},否
env,present,输出,env_1_Design/CAN/OutPort/CAN_CH1.Statistic.AllFrame.Y_CAN_Ch1_TotalStdRemoteFramesCnt,0,0,0,,{0},否
env,present,输出,env_1_Design/CAN/OutPort/CAN_CH1.Statistic.AllFrame.Y_CAN_Ch1_StdRemoteFramesCnt,0,0,0,,{0},否
env,present,输出,env_1_Design/CAN/OutPort/CAN_CH1.Statistic.AllFrame.Y_CAN_Ch1_TotalExtRemoteFramesCnt,0,0,0,,{0},否
env,present,输出,env_1_Design/CAN/OutPort/CAN_CH1.Statistic.AllFrame.Y_CAN_Ch1_ExtRemoteFramesCnt,0,0,0,,{0},否
env,present,输出,env_1_Design/CAN/OutPort/CAN_CH1.Statistic.Y_CAN_Ch1_BurstTime,0,0,0,,{0},否
env,present,输出,env_1_Design/CAN/OutPort/CAN_CH1.Valid,0,0,0,,{0},否
env,present,输出,env_1_Design/CAN/OutPort/CAN_CH1.Background_Traffic.Valid,0,0,0,,{0},否
env,present,输出,env_1_Design/CAN/OutPort/CAN_CH1.Sample_Point_Test.Result,0,0,0,,{0},否
env,present,输出,env_1_Design/CAN/OutPort/CAN_CH1.Sample_Point_Test.Arbitration_Phase.Measeure_Sample_Ponit,0,0,0,,{0},否
env,present,输出,env_1_Design/CAN/OutPort/CAN_CH1.Sample_Point_Test.Data_Phase.Measeure_Sample_Ponit,0,0,0,,{0},否
env,present,输出,env_1_Design/CAN/OutPort/CAN_CH1.Sample_Point_Test.Valid,0,0,0,,{0},否
env,present,输出,env_1_Design/CAN/OutPort/CAN_CH1.Error_Inject.Valid,0,0,0,,{0},否
env,present,输出,env_1_Design/CAN/OutPort/CAN_CH1.Custom_Sequence.Valid,0,0,0,,{0},否
env,present,输出,env_1_Design/CAN/OutPort/CAN_CH2.Config.Y_CAN_Ch2_Mode,2,2,0,,{2},否
env,present,输出,env_1_Design/CAN/OutPort/CAN_CH2.Config.Y_CAN_Ch2_Bitrate,500000,500000,0,,{500000},否
env,present,输出,env_1_Design/CAN/OutPort/CAN_CH2.Config.Y_CAN_Ch2_SamplePoint,0.75,0.75,0,,{0.75},否
env,present,输出,env_1_Design/CAN/OutPort/CAN_CH2.Config.Y_CAN_Ch2_DataBitrate,2e+06,2e+06,0,,{2e+06},否
env,present,输出,env_1_Design/CAN/OutPort/CAN_CH2.Config.Y_CAN_Ch2_DataSamplePoint,0.75,0.75,0,,{0.75},否
env,present,输出,env_1_Design/CAN/OutPort/CAN_CH2.Statistic.Y_CAN_Ch2_Busload,10.964,11.808,122,"2.055, 3.055, 4.055, 5.055, 6.055, 7.255, 8.055, 9.055, 10.255, 11.055 …",min=10.964; max=11.808; distinct=87,否
env,present,输出,env_1_Design/CAN/OutPort/CAN_CH2.Statistic.Chip State.Y_CAN_Ch2_ChipState,1,1,0,,{1},否
env,present,输出,env_1_Design/CAN/OutPort/CAN_CH2.Statistic.Chip State.Y_CAN_Ch2_TransmitErrorCount,128,128,0,,{128},否
env,present,输出,env_1_Design/CAN/OutPort/CAN_CH2.Statistic.Chip State.Y_CAN_Ch2_ReceiveErrorCount,0,0,0,,{0},否
env,present,输出,env_1_Design/CAN/OutPort/CAN_CH2.Statistic.Transmit.Y_CAN_Ch2_TotalTxFramesCnt,1164,8580,618,"1.255, 1.455, 1.655, 1.855, 2.055, 2.255, 2.455, 2.655, 2.855, 3.055 …",min=1164; max=8580; distinct=619,否
env,present,输出,env_1_Design/CAN/OutPort/CAN_CH2.Statistic.Transmit.Y_CAN_Ch2_TxFramesCnt,60,66,81,"1.255, 2.255, 4.255, 5.255, 7.455, 8.455, 10.455, 11.455, 13.655, 14.655 …","{60, 61, 62, 63, 64, 65, 66}",否
env,present,输出,env_1_Design/CAN/OutPort/CAN_CH2.Statistic.Transmit.Y_CAN_Ch2_TotalTxStdFramesCnt,1164,8580,618,"1.255, 1.455, 1.655, 1.855, 2.055, 2.255, 2.455, 2.655, 2.855, 3.055 …",min=1164; max=8580; distinct=619,否
env,present,输出,env_1_Design/CAN/OutPort/CAN_CH2.Statistic.Transmit.Y_CAN_Ch2_TxStdFramesCnt,60,66,90,"1.255, 2.255, 4.255, 5.255, 7.455, 8.455, 10.455, 11.455, 13.655, 14.655 …","{60, 61, 62, 63, 64, 65, 66}",否
env,present,输出,env_1_Design/CAN/OutPort/CAN_CH2.Statistic.Transmit.Y_CAN_Ch2_TotalTxExtFramesCnt,0,0,0,,{0},否
env,present,输出,env_1_Design/CAN/OutPort/CAN_CH2.Statistic.Transmit.Y_CAN_Ch2_TxExtFramesCnt,0,0,0,,{0},否
env,present,输出,env_1_Design/CAN/OutPort/CAN_CH2.Statistic.Transmit.Y_CAN_Ch2_TotalTxStdRemoteFramesCnt,0,0,0,,{0},否
env,present,输出,env_1_Design/CAN/OutPort/CAN_CH2.Statistic.Transmit.Y_CAN_Ch2_TxStdRemoteFramesCnt,0,0,0,,{0},否
env,present,输出,env_1_Design/CAN/OutPort/CAN_CH2.Statistic.Transmit.Y_CAN_Ch2_TotalTxExtRemoteFramesCnt,0,0,0,,{0},否
env,present,输出,env_1_Design/CAN/OutPort/CAN_CH2.Statistic.Transmit.Y_CAN_Ch2_TxExtRemoteFramesCnt,0,0,0,,{0},否
env,present,输出,env_1_Design/CAN/OutPort/CAN_CH2.Statistic.Receive.Y_CAN_Ch2_TotalRxFramesCnt,8160,60098,618,"1.255, 1.455, 1.655, 1.855, 2.055, 2.255, 2.455, 2.655, 2.855, 3.055 …",min=8160; max=60098; distinct=619,否
env,present,输出,env_1_Design/CAN/OutPort/CAN_CH2.Statistic.Receive.Y_CAN_Ch2_RxFramesCnt,420,448,118,"1.255, 2.255, 3.255, 4.255, 5.255, 6.455, 7.455, 8.455, 9.455, 10.455 …",min=420; max=448; distinct=26,否
env,present,输出,env_1_Design/PWM Input/OutPort/Y_Ch8_PWM_In_Period,0,0,0,,{0},否
env,present,输出,env_1_Design/PWM Input/OutPort/Y_Ch8_PWM_In_Duty_Ratio,0,0,0,,{0},否
env,present,输出,env_1_Design/PWM Input/OutPort/Y_Ch8_PWM_In_Amplitude,0,0,0,,{0},否
env,present,输出,env_1_Design/PWM Input/OutPort/Y_Ch8_Support_Features,0,0,0,,{0},否
env,present,输出,env_1_Design/PWM Input/OutPort/Y_Ch8.Valid,0,0,0,,{0},否
env,present,输出,env_1_Design/PWM Input/OutPort/Y_Ch9_PWM_In_Frequency,0,0,0,,{0},否
env,present,输出,env_1_Design/PWM Input/OutPort/Y_Ch9_PWM_In_Period,0,0,0,,{0},否
env,present,输出,env_1_Design/PWM Input/OutPort/Y_Ch9_PWM_In_Duty_Ratio,0,0,0,,{0},否
env,present,输出,env_1_Design/PWM Input/OutPort/Y_Ch9_PWM_In_Amplitude,0,0,0,,{0},否
env,present,输出,env_1_Design/PWM Input/OutPort/Y_Ch9_Support_Features,0,0,0,,{0},否
env,present,输出,env_1_Design/PWM Input/OutPort/Y_Ch9.Valid,0,0,0,,{0},否
env,present,输出,env_1_Design/PWM Input/OutPort/Y_Ch10_PWM_In_Frequency,0,0,0,,{0},否
env,present,输出,env_1_Design/PWM Input/OutPort/Y_Ch10_PWM_In_Period,0,0,0,,{0},否
env,present,输出,env_1_Design/PWM Input/OutPort/Y_Ch10_PWM_In_Duty_Ratio,0,0,0,,{0},否
env,present,输出,env_1_Design/PWM Input/OutPort/Y_Ch10_PWM_In_Amplitude,0,0,0,,{0},否
env,present,输出,env_1_Design/PWM Input/OutPort/Y_Ch10_Support_Features,0,0,0,,{0},否
env,present,输出,env_1_Design/PWM Input/OutPort/Y_Ch10.Valid,0,0,0,,{0},否
env,present,输出,env_1_Design/PWM Input/OutPort/Y_Ch11_PWM_In_Frequency,0,0,0,,{0},否
env,present,输出,env_1_Design/PWM Input/OutPort/Y_Ch11_PWM_In_Period,0,0,0,,{0},否
env,present,输出,env_1_Design/PWM Input/OutPort/Y_Ch11_PWM_In_Duty_Ratio,0,0,0,,{0},否
env,present,输出,env_1_Design/PWM Input/OutPort/Y_Ch11_PWM_In_Amplitude,0,0,0,,{0},否
env,present,输出,env_1_Design/PWM Input/OutPort/Y_Ch11_Support_Features,0,0,0,,{0},否
env,present,输出,env_1_Design/PWM Input/OutPort/Y_Ch11.Valid,0,0,0,,{0},否
env,present,输出,env_1_Design/PWM Input/OutPort/Y_Ch12_PWM_In_Frequency,0,0,0,,{0},否
env,present,输出,env_1_Design/PWM Input/OutPort/Y_Ch12_PWM_In_Period,0,0,0,,{0},否
env,present,输出,env_1_Design/PWM Input/OutPort/Y_Ch12_PWM_In_Duty_Ratio,0,0,0,,{0},否
env,present,输出,env_1_Design/PWM Input/OutPort/Y_Ch12_PWM_In_Amplitude,0,0,0,,{0},否
env,present,输出,env_1_Design/PWM Input/OutPort/Y_Ch12_Support_Features,0,0,0,,{0},否
env,present,输出,env_1_Design/PWM Input/OutPort/Y_Ch12.Valid,0,0,0,,{0},否
env,present,输出,env_1_Design/PWM Input/OutPort/Y_Ch13_PWM_In_Frequency,0,0,0,,{0},否
env,present,输出,env_1_Design/PWM Input/OutPort/Y_Ch13_PWM_In_Period,0,0,0,,{0},否
env,present,输出,env_1_Design/PWM Input/OutPort/Y_Ch13_PWM_In_Duty_Ratio,0,0,0,,{0},否
env,present,输出,env_1_Design/PWM Input/OutPort/Y_Ch13_PWM_In_Amplitude,0,0,0,,{0},否
env,present,输出,env_1_Design/PWM Input/OutPort/Y_Ch13_Support_Features,0,0,0,,{0},否
env,present,输出,env_1_Design/PWM Input/OutPort/Y_Ch13.Valid,0,0,0,,{0},否
env,present,输出,env_1_Design/PWM Input/OutPort/Y_Ch14_PWM_In_Frequency,0,0,0,,{0},否
env,present,输出,env_1_Design/PWM Input/OutPort/Y_Ch14_PWM_In_Period,0,0,0,,{0},否
env,present,输出,env_1_Design/PWM Input/OutPort/Y_Ch14_PWM_In_Duty_Ratio,0,0,0,,{0},否
env,present,输出,env_1_Design/PWM Input/OutPort/Y_Ch14_PWM_In_Amplitude,0,0,0,,{0},否
env,present,输出,env_1_Design/PWM Input/OutPort/Y_Ch14_Support_Features,0,0,0,,{0},否
env,present,输出,env_1_Design/PWM Input/OutPort/Y_Ch14.Valid,0,0,0,,{0},否
env,present,输出,env_1_Design/PWM Input/OutPort/Y_Ch15_PWM_In_Frequency,0,0,0,,{0},否
env,present,输出,env_1_Design/PWM Input/OutPort/Y_Ch15_PWM_In_Period,0,0,0,,{0},否
env,present,输出,env_1_Design/PWM Input/OutPort/Y_Ch15_PWM_In_Duty_Ratio,0,0,0,,{0},否
env,present,输出,env_1_Design/PWM Input/OutPort/Y_Ch15_PWM_In_Amplitude,0,0,0,,{0},否
env,present,输出,env_1_Design/PWM Input/OutPort/Y_Ch15_Support_Features,0,0,0,,{0},否
env,present,输出,env_1_Design/PWM Input/OutPort/Y_Ch15.Valid,0,0,0,,{0},否
env,present,输出,env_1_Design/PWM Input/OutPort/Y_Ch16_PWM_In_Frequency,0,0,0,,{0},否
env,present,输出,env_1_Design/PWM Input/OutPort/Y_Ch16_PWM_In_Period,0,0,0,,{0},否
env,present,输出,env_1_Design/PWM Input/OutPort/Y_Ch16_PWM_In_Duty_Ratio,0,0,0,,{0},否
env,present,输出,env_1_Design/PWM Input/OutPort/Y_Ch16_PWM_In_Amplitude,0,0,0,,{0},否
env,present,输出,env_1_Design/PWM Input/OutPort/Y_Ch16_Support_Features,0,0,0,,{0},否
env,present,输出,env_1_Design/PWM Input/OutPort/Y_Ch16.Valid,0,0,0,,{0},否
env,present,输出,env_1_Design/PWM Input/OutPort/Y_Ch17_PWM_In_Frequency,0,0,0,,{0},否
env,present,输出,env_1_Design/PWM Input/OutPort/Y_Ch17_PWM_In_Period,0,0,0,,{0},否
env,present,输出,env_1_Design/PWM Input/OutPort/Y_Ch17_PWM_In_Duty_Ratio,0,0,0,,{0},否
env,present,输出,env_1_Design/PWM Input/OutPort/Y_Ch17_PWM_In_Amplitude,0,0,0,,{0},否
env,present,输出,env_1_Design/PWM Input/OutPort/Y_Ch17_Support_Features,0,0,0,,{0},否
env,present,输出,env_1_Design/PWM Input/OutPort/Y_Ch17.Valid,0,0,0,,{0},否
env,present,输出,env_1_Design/PWM Input/OutPort/Y_Ch18_PWM_In_Frequency,0,0,0,,{0},否
env,present,输出,env_1_Design/PWM Input/OutPort/Y_Ch18_PWM_In_Period,0,0,0,,{0},否
env,present,输出,env_1_Design/PWM Input/OutPort/Y_Ch18_PWM_In_Duty_Ratio,0,0,0,,{0},否
env,present,输出,env_1_Design/PWM Input/OutPort/Y_Ch18_PWM_In_Amplitude,0,0,0,,{0},否
env,present,输出,env_1_Design/PWM Input/OutPort/Y_Ch18_Support_Features,0,0,0,,{0},否
env,present,输出,env_1_Design/PWM Input/OutPort/Y_Ch18.Valid,0,0,0,,{0},否
env,present,输出,env_1_Design/PWM Input/OutPort/Y_Ch19_PWM_In_Frequency,0,0,0,,{0},否
env,present,输出,env_1_Design/PWM Input/OutPort/Y_Ch19_PWM_In_Period,0,0,0,,{0},否
env,present,输出,env_1_Design/PWM Input/OutPort/Y_Ch19_PWM_In_Duty_Ratio,0,0,0,,{0},否
env,present,输出,env_1_Design/PWM Input/OutPort/Y_Ch19_PWM_In_Amplitude,0,0,0,,{0},否
env,present,输出,env_1_Design/PWM Input/OutPort/Y_Ch19_Support_Features,0,0,0,,{0},否
env,present,输出,env_1_Design/PWM Input/OutPort/Y_Ch19.Valid,0,0,0,,{0},否
env,present,输出,env_1_Design/PWM Input/OutPort/Y_Ch20_PWM_In_Frequency,0,0,0,,{0},否
env,present,输出,env_1_Design/PWM Input/OutPort/Y_Ch20_PWM_In_Period,0,0,0,,{0},否
env,present,输出,env_1_Design/PWM Input/OutPort/Y_Ch20_PWM_In_Duty_Ratio,0,0,0,,{0},否
env,present,输出,env_1_Design/PWM Input/OutPort/Y_Ch20_PWM_In_Amplitude,0,0,0,,{0},否
env,present,输出,env_1_Design/PWM Input/OutPort/Y_Ch20_Support_Features,0,0,0,,{0},否
env,present,输出,env_1_Design/PWM Input/OutPort/Y_Ch20.Valid,0,0,0,,{0},否
env,present,输出,env_1_Design/PWM Input/OutPort/Y_Ch21_PWM_In_Frequency,0,0,0,,{0},否
env,present,输出,env_1_Design/PWM Input/OutPort/Y_Ch21_PWM_In_Period,0,0,0,,{0},否
env,present,输出,env_1_Design/PWM Input/OutPort/Y_Ch21_PWM_In_Duty_Ratio,0,0,0,,{0},否
env,present,输出,env_1_Design/PWM Input/OutPort/Y_Ch21_PWM_In_Amplitude,0,0,0,,{0},否
env,present,输出,env_1_Design/PWM Input/OutPort/Y_Ch21_Support_Features,0,0,0,,{0},否
env,present,输出,env_1_Design/PWM Input/OutPort/Y_Ch21.Valid,0,0,0,,{0},否
env,present,输出,env_1_Design/PWM Input/OutPort/Y_Ch22_PWM_In_Frequency,0,0,0,,{0},否
env,present,输出,env_1_Design/PWM Input/OutPort/Y_Ch22_PWM_In_Period,0,0,0,,{0},否
env,present,输出,env_1_Design/PWM Input/OutPort/Y_Ch22_PWM_In_Duty_Ratio,0,0,0,,{0},否
env,present,输出,env_1_Design/PWM Input/OutPort/Y_Ch22_PWM_In_Amplitude,0,0,0,,{0},否
env,present,输出,env_1_Design/PWM Input/OutPort/Y_Ch22_Support_Features,0,0,0,,{0},否
env,present,输出,env_1_Design/PWM Input/OutPort/Y_Ch22.Valid,0,0,0,,{0},否
env,present,输出,env_1_Design/PWM Input/OutPort/Y_Ch23_PWM_In_Frequency,0,0,0,,{0},否
env,present,输出,env_1_Design/PWM Input/OutPort/Y_Ch23_PWM_In_Period,0,0,0,,{0},否
env,present,输出,env_1_Design/PWM Input/OutPort/Y_Ch23_PWM_In_Duty_Ratio,0,0,0,,{0},否
env,present,输出,env_1_Design/PWM Input/OutPort/Y_Ch23_PWM_In_Amplitude,0,0,0,,{0},否
env,present,输出,env_1_Design/PWM Input/OutPort/Y_Ch23_Support_Features,0,0,0,,{0},否
env,present,输出,env_1_Design/PWM Input/OutPort/Y_Ch23.Valid,0,0,0,,{0},否
env,present,输出,env_1_Design/PWM Input/OutPort/Y_Ch24_PWM_In_Frequency,0,0,0,,{0},否
env,present,输出,env_1_Design/PWM Input/OutPort/Y_Ch24_PWM_In_Period,0,0,0,,{0},否
env,present,输出,env_1_Design/PWM Input/OutPort/Y_Ch24_PWM_In_Duty_Ratio,0,0,0,,{0},否
env,present,输出,env_1_Design/PWM Input/OutPort/Y_Ch24_PWM_In_Amplitude,0,0,0,,{0},否
env,present,输出,env_1_Design/PWM Input/OutPort/Y_Ch24_Support_Features,0,0,0,,{0},否
env,present,输出,env_1_Design/PWM Input/OutPort/Y_Ch24.Valid,0,0,0,,{0},否
env,present,输出,env_1_Design/PWM Input/OutPort/Y_Ch25_PWM_In_Frequency,0,0,0,,{0},否
env,present,输出,env_1_Design/PWM Input/OutPort/Y_Ch25_PWM_In_Period,0,0,0,,{0},否
env,present,输出,env_1_Design/PWM Input/OutPort/Y_Ch25_PWM_In_Duty_Ratio,0,0,0,,{0},否
env,present,输出,env_1_Design/PWM Input/OutPort/Y_Ch25_PWM_In_Amplitude,0,0,0,,{0},否
env,present,输出,env_1_Design/PWM Input/OutPort/Y_Ch25_Support_Features,0,0,0,,{0},否
env,present,输出,env_1_Design/PWM Input/OutPort/Y_Ch25.Valid,0,0,0,,{0},否
env,present,输出,env_1_Design/PWM Input/OutPort/Y_Ch26_PWM_In_Frequency,0,0,0,,{0},否
env,present,输出,env_1_Design/PWM Input/OutPort/Y_Ch26_PWM_In_Period,0,0,0,,{0},否
env,present,输出,env_1_Design/PWM Input/OutPort/Y_Ch26_PWM_In_Duty_Ratio,0,0,0,,{0},否
env,present,输出,env_1_Design/PWM Input/OutPort/Y_Ch26_PWM_In_Amplitude,0,0,0,,{0},否
env,present,输出,env_1_Design/PWM Input/OutPort/Y_Ch26_Support_Features,0,0,0,,{0},否
env,present,输出,env_1_Design/PWM Input/OutPort/Y_Ch26.Valid,0,0,0,,{0},否
env,present,输出,env_1_Design/PWM Input/OutPort/Y_Ch27_PWM_In_Frequency,0,0,0,,{0},否
env,present,输出,env_1_Design/PWM Input/OutPort/Y_Ch27_PWM_In_Period,0,0,0,,{0},否
env,present,输出,env_1_Design/PWM Input/OutPort/Y_Ch27_PWM_In_Duty_Ratio,0,0,0,,{0},否
env,present,输出,env_1_Design/PWM Input/OutPort/Y_Ch27_PWM_In_Amplitude,0,0,0,,{0},否
env,present,输出,env_1_Design/PWM Input/OutPort/Y_Ch27_Support_Features,0,0,0,,{0},否
env,present,输出,env_1_Design/PWM Input/OutPort/Y_Ch27.Valid,0,0,0,,{0},否
env,present,输出,env_1_Design/PWM Input/OutPort/Y_Ch28_PWM_In_Frequency,0,0,0,,{0},否
env,present,输出,env_1_Design/PWM Input/OutPort/Y_Ch28_PWM_In_Period,0,0,0,,{0},否
env,present,输出,env_1_Design/PWM Input/OutPort/Y_Ch28_PWM_In_Duty_Ratio,0,0,0,,{0},否
env,present,输出,env_1_Design/PWM Input/OutPort/Y_Ch28_PWM_In_Amplitude,0,0,0,,{0},否
env,present,输出,env_1_Design/PWM Input/OutPort/Y_Ch28_Support_Features,0,0,0,,{0},否
env,present,输出,env_1_Design/PWM Input/OutPort/Y_Ch28.Valid,0,0,0,,{0},否
env,present,输出,env_1_Design/PWM Input/OutPort/Y_Ch29_PWM_In_Frequency,0,0,0,,{0},否
env,present,输出,env_1_Design/PWM Input/OutPort/Y_Ch29_PWM_In_Period,0,0,0,,{0},否
env,present,输出,env_1_Design/PWM Input/OutPort/Y_Ch29_PWM_In_Duty_Ratio,0,0,0,,{0},否
env,present,输出,env_1_Design/PWM Input/OutPort/Y_Ch29_PWM_In_Amplitude,0,0,0,,{0},否
env,present,输出,env_1_Design/PWM Input/OutPort/Y_Ch29_Support_Features,0,0,0,,{0},否
env,present,输出,env_1_Design/PWM Input/OutPort/Y_Ch29.Valid,0,0,0,,{0},否
env,present,输出,env_1_Design/PWM Input/OutPort/Y_Ch30_PWM_In_Frequency,0,0,0,,{0},否
env,present,输出,env_1_Design/PWM Input/OutPort/Y_Ch30_PWM_In_Period,0,0,0,,{0},否
env,present,输出,env_1_Design/PWM Input/OutPort/Y_Ch30_PWM_In_Duty_Ratio,0,0,0,,{0},否
env,present,输出,env_1_Design/PWM Input/OutPort/Y_Ch30_PWM_In_Amplitude,0,0,0,,{0},否
env,present,输出,env_1_Design/PWM Input/OutPort/Y_Ch30_Support_Features,0,0,0,,{0},否
env,present,输出,env_1_Design/PWM Input/OutPort/Y_Ch30.Valid,0,0,0,,{0},否
env,present,输出,env_1_Design/PWM Input/OutPort/Y_Ch31_PWM_In_Frequency,0,0,0,,{0},否
env,present,输出,env_1_Design/PWM Input/OutPort/Y_Ch31_PWM_In_Period,0,0,0,,{0},否
env,present,输出,env_1_Design/PWM Input/OutPort/Y_Ch31_PWM_In_Duty_Ratio,0,0,0,,{0},否
env,present,输出,env_1_Design/PWM Input/OutPort/Y_Ch31_PWM_In_Amplitude,0,0,0,,{0},否
env,present,输出,env_1_Design/PWM Input/OutPort/Y_Ch31_Support_Features,0,0,0,,{0},否
env,present,输出,env_1_Design/PWM Input/OutPort/Y_Ch31.Valid,0,0,0,,{0},否
env,present,输出,env_1_Design/PWM Input/OutPort/Y_Ch32_PWM_In_Frequency,0,0,0,,{0},否
env,present,输出,env_1_Design/PWM Input/OutPort/Y_Ch32_PWM_In_Period,0,0,0,,{0},否
env,present,输出,env_1_Design/PWM Input/OutPort/Y_Ch32_PWM_In_Duty_Ratio,0,0,0,,{0},否
env,present,输出,env_1_Design/PWM Input/OutPort/Y_Ch32_PWM_In_Amplitude,0,0,0,,{0},否
env,present,输出,env_1_Design/PWM Input/OutPort/Y_Ch32_Support_Features,0,0,0,,{0},否
env,present,输出,env_1_Design/PWM Input/OutPort/Y_Ch32.Valid,0,0,0,,{0},否
env,present,输出,env_1_Design/PWM Input/OutPort/Y_Ch33_PWM_In_Frequency,0,0,0,,{0},否
env,present,输出,env_1_Design/PWM Input/OutPort/Y_Ch33_PWM_In_Period,0,0,0,,{0},否
env,present,输出,env_1_Design/PWM Input/OutPort/Y_Ch33_PWM_In_Duty_Ratio,0,0,0,,{0},否
env,present,输出,env_1_Design/PWM Input/OutPort/Y_Ch33_PWM_In_Amplitude,0,0,0,,{0},否
env,present,输出,env_1_Design/PWM Input/OutPort/Y_Ch33_Support_Features,0,0,0,,{0},否
env,present,输出,env_1_Design/PWM Input/OutPort/Y_Ch33.Valid,0,0,0,,{0},否
env,present,输出,env_1_Design/PWM Input/OutPort/Y_Ch34_PWM_In_Frequency,0,0,0,,{0},否
env,present,输出,env_1_Design/PWM Input/OutPort/Y_Ch34_PWM_In_Period,0,0,0,,{0},否
env,present,输出,env_1_Design/PWM Input/OutPort/Y_Ch34_PWM_In_Duty_Ratio,0,0,0,,{0},否
env,present,输出,env_1_Design/PWM Input/OutPort/Y_Ch34_PWM_In_Amplitude,0,0,0,,{0},否
env,present,输出,env_1_Design/PWM Input/OutPort/Y_Ch34_Support_Features,0,0,0,,{0},否
env,present,输出,env_1_Design/PWM Input/OutPort/Y_Ch34.Valid,0,0,0,,{0},否
env,present,输出,env_1_Design/PWM Input/OutPort/Y_Ch35_PWM_In_Frequency,0,0,0,,{0},否
env,present,输出,env_1_Design/PWM Input/OutPort/Y_Ch35_PWM_In_Period,0,0,0,,{0},否
env,present,输出,env_1_Design/PWM Input/OutPort/Y_Ch35_PWM_In_Duty_Ratio,0,0,0,,{0},否
env,present,输出,env_1_Design/PWM Input/OutPort/Y_Ch35_PWM_In_Amplitude,0,0,0,,{0},否
env,present,输出,env_1_Design/PWM Input/OutPort/Y_Ch35_Support_Features,0,0,0,,{0},否
env,present,输出,env_1_Design/PWM Input/OutPort/Y_Ch35.Valid,0,0,0,,{0},否
env,present,输出,env_1_Design/PWM Input/OutPort/Y_Ch36_PWM_In_Frequency,0,0,0,,{0},否
env,present,输出,env_1_Design/PWM Input/OutPort/Y_Ch36_PWM_In_Period,0,0,0,,{0},否
env,present,输出,env_1_Design/PWM Input/OutPort/Y_Ch36_PWM_In_Duty_Ratio,0,0,0,,{0},否
env,present,输出,env_1_Design/PWM Input/OutPort/Y_Ch36_PWM_In_Amplitude,0,0,0,,{0},否
env,present,输出,env_1_Design/PWM Input/OutPort/Y_Ch36_Support_Features,0,0,0,,{0},否
env,present,输出,env_1_Design/PWM Input/OutPort/Y_Ch36.Valid,0,0,0,,{0},否
env,present,输出,env_1_Design/PWM Input/OutPort/Y_Ch37_PWM_In_Frequency,0,0,0,,{0},否
env,present,输出,env_1_Design/PWM Input/OutPort/Y_Ch37_PWM_In_Period,0,0,0,,{0},否
env,present,输出,env_1_Design/PWM Input/OutPort/Y_Ch37_PWM_In_Duty_Ratio,0,0,0,,{0},否
env,present,输出,env_1_Design/PWM Input/OutPort/Y_Ch37_PWM_In_Amplitude,0,0,0,,{0},否
env,present,输出,env_1_Design/PWM Input/OutPort/Y_Ch37_Support_Features,0,0,0,,{0},否
env,present,输出,env_1_Design/PWM Input/OutPort/Y_Ch37.Valid,0,0,0,,{0},否
env,present,输出,env_1_Design/PWM Input/OutPort/Y_Ch38_PWM_In_Frequency,0,0,0,,{0},否
env,present,输出,env_1_Design/PWM Input/OutPort/Y_Ch38_PWM_In_Period,0,0,0,,{0},否
env,present,输出,env_1_Design/PWM Input/OutPort/Y_Ch38_PWM_In_Duty_Ratio,0,0,0,,{0},否
env,present,输出,env_1_Design/PWM Input/OutPort/Y_Ch38_PWM_In_Amplitude,0,0,0,,{0},否
env,present,输出,env_1_Design/PWM Input/OutPort/Y_Ch38_Support_Features,0,0,0,,{0},否
env,present,输出,env_1_Design/PWM Input/OutPort/Y_Ch38.Valid,0,0,0,,{0},否
env,present,输出,env_1_Design/PWM Input/OutPort/Y_Ch39_PWM_In_Frequency,0,0,0,,{0},否
env,present,输出,env_1_Design/PWM Input/OutPort/Y_Ch39_PWM_In_Period,0,0,0,,{0},否
env,present,输出,env_1_Design/PWM Input/OutPort/Y_Ch39_PWM_In_Duty_Ratio,0,0,0,,{0},否
env,present,输出,env_1_Design/PWM Input/OutPort/Y_Ch39_PWM_In_Amplitude,0,0,0,,{0},否
env,present,输出,env_1_Design/PWM Input/OutPort/Y_Ch39_Support_Features,0,0,0,,{0},否
env,present,输出,env_1_Design/PWM Input/OutPort/Y_Ch39.Valid,0,0,0,,{0},否
env,present,输出,env_1_Design/PWM Input/OutPort/Y_Ch40_PWM_In_Frequency,0,0,0,,{0},否
env,present,输出,env_1_Design/PWM Input/OutPort/Y_Ch40_PWM_In_Period,0,0,0,,{0},否
env,present,输出,env_1_Design/PWM Input/OutPort/Y_Ch40_PWM_In_Duty_Ratio,0,0,0,,{0},否
env,present,输出,env_1_Design/PWM Input/OutPort/Y_Ch40_PWM_In_Amplitude,0,0,0,,{0},否
env,present,输出,env_1_Design/PWM Input/OutPort/Y_Ch40_Support_Features,0,0,0,,{0},否
env,present,输出,env_1_Design/PWM Input/OutPort/Y_Ch40.Valid,0,0,0,,{0},否
env,present,输出,env_1_Design/PWM Input/OutPort/Y_Ch41_PWM_In_Frequency,0,0,0,,{0},否
env,present,输出,env_1_Design/PWM Input/OutPort/Y_Ch41_PWM_In_Period,0,0,0,,{0},否
env,present,输出,env_1_Design/PWM Input/OutPort/Y_Ch41_PWM_In_Duty_Ratio,0,0,0,,{0},否
env,present,输出,env_1_Design/Voltage Output/OutPort/Y_Ch39_Support_Features,0,0,0,,{0},是
env,present,输出,env_1_Design/Voltage Output/OutPort/Y_Ch39.Valid,0,0,0,,{0},是
env,present,输出,env_1_Design/Voltage Output/OutPort/Y_Ch40_Support_Features,0,0,0,,{0},是
env,present,输出,env_1_Design/Voltage Output/OutPort/Y_Ch40.Valid,0,0,0,,{0},是
env,present,输出,env_1_Design/Voltage Output/OutPort/Y_Ch41_Support_Features,0,0,0,,{0},是
env,present,输出,env_1_Design/Voltage Output/OutPort/Y_Ch41.Valid,0,0,0,,{0},是
env,present,输出,env_1_Design/Voltage Output/OutPort/Y_Ch42_Support_Features,0,0,0,,{0},是
env,present,输出,env_1_Design/Voltage Output/OutPort/Y_Ch42.Valid,0,0,0,,{0},是
env,present,输出,env_1_Design/Voltage Output/OutPort/Y_Ch43_Support_Features,0,0,0,,{0},是
env,present,输出,env_1_Design/Voltage Output/OutPort/Y_Ch43.Valid,0,0,0,,{0},是
env,present,输出,env_1_Design/Voltage Output/OutPort/Y_Ch44_Support_Features,0,0,0,,{0},是
env,present,输出,env_1_Design/Voltage Output/OutPort/Y_Ch44.Valid,0,0,0,,{0},是
env,present,输出,env_1_Design/Voltage Output/OutPort/Y_Ch45_Support_Features,0,0,0,,{0},是
env,present,输出,env_1_Design/Voltage Output/OutPort/Y_Ch45.Valid,0,0,0,,{0},是
env,present,输出,env_1_Design/Voltage Output/OutPort/Y_Ch46_Support_Features,0,0,0,,{0},是
env,present,输出,env_1_Design/Voltage Output/OutPort/Y_Ch46.Valid,0,0,0,,{0},是
env,present,输出,env_1_Design/Voltage Output/OutPort/Y_Ch47_Support_Features,0,0,0,,{0},是
env,present,输出,env_1_Design/Voltage Output/OutPort/Y_Ch47.Valid,0,0,0,,{0},是
env,present,输出,env_1_Design/Voltage Output/OutPort/Y_Ch48_Support_Features,0,0,0,,{0},是
env,present,输出,env_1_Design/Voltage Output/OutPort/Y_Ch48.Valid,0,0,0,,{0},是
env,present,内部/未标记,env_1_Design/Voltage Output/Measurement/Runtime(us),1,18,521,"1.509, 1.709, 1.909, 2.109, 2.309, 2.509, 2.709, 2.909, 3.309, 3.509 …",min=1; max=18; distinct=14,是
env,present,内部/未标记,env_1_Design/Voltage Output/Measurement/Runtime_Min(us),1,1,0,,{1},是
env,present,内部/未标记,env_1_Design/Voltage Output/Measurement/Runtime_Max(us),32,37,1,85.309,"{32, 37}",是
env,present,内部/未标记,env_1_Design/Voltage Output/Measurement/Schedule_Interval(us),1,939,588,"1.509, 1.709, 1.909, 2.109, 2.309, 2.509, 2.709, 2.909, 3.109, 3.309 …",min=1; max=939; distinct=56,是
env,present,内部/未标记,env_1_Design/Voltage Output/Measurement/Schedule_Interval_Min(us),1,1,0,,{1},是
env,present,内部/未标记,env_1_Design/Voltage Output/Measurement/Schedule_Interval_Max(us),1184,2266,2,"54.909, 62.509","{1184, 1190, 2266}",是
env,present,内部/未标记,env_1_Design/Voltage Output/Measurement/Schedule_Count,116108,838715,618,"1.509, 1.709, 1.909, 2.109, 2.309, 2.509, 2.709, 2.909, 3.109, 3.309 …",min=116108; max=838715; distinct=619,是
env,present,内部/未标记,env_1_Design/Voltage Output/Measurement/Activate_Fail_Count,0,0,0,,{0},是
env,present,内部/未标记,env_1_Design/Voltage Output/Measurement/Processor,5,15,569,"1.509, 1.709, 1.909, 2.109, 2.309, 2.509, 2.709, 2.909, 3.309, 3.509 …",min=5; max=15; distinct=11,是
env,present,输出,env_1_Design/Voltage Input/OutPort/Y_Ch6.Valid,0,0,0,,{0},是
env,present,输出,env_1_Design/Voltage Input/OutPort/Y_Ch7_Present_Voltage,-0.008,0.01,167,"2.862, 3.262, 3.462, 4.062, 4.262, 4.462, 5.062, 5.262, 5.862, 6.662 …",min=-0.008; max=0.01; distinct=9,是
env,present,输出,env_1_Design/Voltage Input/OutPort/Y_Ch7_Average_Voltage,0.000108,0.000248,398,"1.662, 2.062, 2.262, 2.662, 2.862, 3.262, 3.462, 3.862, 4.062, 4.462 …",min=0.000108; max=0.000248; distinct=51,是
env,present,输出,env_1_Design/Voltage Input/OutPort/Y_Ch7_Support_Features,0,0,0,,{0},是
env,present,输出,env_1_Design/Voltage Input/OutPort/Y_Ch7.Valid,0,0,0,,{0},是
env,present,输出,env_1_Design/Voltage Input/OutPort/Y_Ch8_Present_Voltage,-0.002,0.002,44,"8.462, 8.662, 9.262, 9.462, 21.862, 22.062, 36.062, 36.262, 36.662, 38.062 …","{-0.002, 0, 0.002}",是
env,present,输出,env_1_Design/Voltage Input/OutPort/Y_Ch8_Average_Voltage,-0.0002,-0.000128,387,"1.662, 2.062, 2.262, 2.662, 2.862, 3.262, 3.462, 3.862, 4.062, 4.462 …",min=-0.0002; max=-0.000128; distinct=29,是
env,present,输出,env_1_Design/Voltage Input/OutPort/Y_Ch8_Support_Features,0,0,0,,{0},是
env,present,输出,env_1_Design/Voltage Input/OutPort/Y_Ch8.Valid,0,0,0,,{0},是
env,present,输出,env_1_Design/Voltage Input/OutPort/Y_Ch9_Present_Voltage,4.944,4.952,387,"1.662, 2.062, 2.462, 2.662, 2.862, 3.062, 3.262, 3.662, 3.862, 4.062 …","{4.944, 4.946, 4.948, 4.95, 4.952}",是
env,present,输出,env_1_Design/Voltage Input/OutPort/Y_Ch9_Average_Voltage,4.94783,4.94829,404,"1.662, 2.062, 2.262, 2.662, 2.862, 3.262, 3.462, 3.862, 4.062, 4.462 …",min=4.94783; max=4.94829; distinct=141,是
env,present,输出,env_1_Design/Voltage Input/OutPort/Y_Ch9_Support_Features,0,0,0,,{0},是
env,present,输出,env_1_Design/Voltage Input/OutPort/Y_Ch9.Valid,0,0,0,,{0},是
env,present,输出,env_1_Design/Voltage Input/OutPort/Y_Ch10_Present_Voltage,4.958,4.966,384,"2.662, 2.862, 3.062, 3.262, 3.662, 3.862, 4.462, 4.662, 4.862, 5.062 …","{4.958, 4.96, 4.962, 4.964, 4.966}",是
env,present,输出,env_1_Design/Voltage Input/OutPort/Y_Ch10_Average_Voltage,4.96057,4.96108,408,"1.662, 2.062, 2.262, 2.662, 2.862, 3.262, 3.462, 3.862, 4.062, 4.462 …",min=4.96057; max=4.96108; distinct=152,是
env,present,输出,env_1_Design/Voltage Input/OutPort/Y_Ch10_Support_Features,0,0,0,,{0},是
env,present,输出,env_1_Design/Voltage Input/OutPort/Y_Ch10.Valid,0,0,0,,{0},是
env,present,输出,env_1_Design/Voltage Input/OutPort/Y_Ch11_Present_Voltage,4.946,4.954,380,"1.662, 1.862, 2.662, 2.862, 3.062, 3.262, 3.662, 3.862, 4.462, 4.662 …","{4.946, 4.948, 4.95, 4.952, 4.954}",是
env,present,输出,env_1_Design/Voltage Input/OutPort/Y_Ch11_Average_Voltage,4.94846,4.94893,407,"1.662, 2.062, 2.262, 2.662, 2.862, 3.262, 3.462, 3.862, 4.062, 4.462 …",min=4.94846; max=4.94893; distinct=149,是
env,present,输出,env_1_Design/Voltage Input/OutPort/Y_Ch11_Support_Features,0,0,0,,{0},是
env,present,输出,env_1_Design/Voltage Input/OutPort/Y_Ch11.Valid,0,0,0,,{0},是
env,present,输出,env_1_Design/Voltage Input/OutPort/Y_Ch12_Present_Voltage,-0.004,0.016,207,"1.662, 1.862, 2.662, 4.062, 4.262, 4.462, 4.862, 5.062, 5.262, 6.462 …","{-0.004, 0.002, 0.004, 0.006, 0.008, 0.01, 0.014, 0.016}",是
env,present,输出,env_1_Design/Voltage Input/OutPort/Y_Ch12_Average_Voltage,0.006384,0.006688,401,"1.662, 2.062, 2.262, 2.662, 2.862, 3.262, 3.462, 3.862, 4.062, 4.462 …",min=0.006384; max=0.006688; distinct=90,是
env,present,输出,env_1_Design/Voltage Input/OutPort/Y_Ch12_Support_Features,0,0,0,,{0},是
env,present,输出,env_1_Design/Voltage Input/OutPort/Y_Ch12.Valid,0,0,0,,{0},是
env,present,输出,env_1_Design/Voltage Input/OutPort/Y_Ch13_Present_Voltage,0,0.002,174,"1.862, 2.062, 2.462, 8.862, 9.062, 12.462, 12.662, 13.262, 13.462, 14.662 …","{0, 0.002}",是
env,present,输出,env_1_Design/Voltage Input/OutPort/Y_Ch13_Average_Voltage,0.000746,0.00108,404,"1.662, 2.062, 2.262, 2.662, 2.862, 3.262, 3.462, 3.862, 4.062, 4.462 …",min=0.000746; max=0.00108; distinct=112,是
env,present,输出,env_1_Design/Voltage Input/OutPort/Y_Ch13_Support_Features,0,0,0,,{0},是
env,present,输出,env_1_Design/Voltage Input/OutPort/Y_Ch13.Valid,0,0,0,,{0},是
env,present,输出,env_1_Design/Voltage Input/OutPort/Y_Ch14_Present_Voltage,-0.006,-0.002,106,"14.062, 14.262, 17.062, 17.262, 17.662, 17.862, 28.862, 29.062, 29.662, 29.862 …","{-0.006, -0.004, -0.002}",是
env,present,输出,env_1_Design/Voltage Input/OutPort/Y_Ch14_Average_Voltage,-0.00454,-0.004372,396,"1.662, 2.062, 2.262, 2.662, 2.862, 3.262, 3.462, 3.862, 4.062, 4.462 …",min=-0.00454; max=-0.004372; distinct=63,是
env,present,输出,env_1_Design/Voltage Input/OutPort/Y_Ch14_Support_Features,0,0,0,,{0},是
env,present,输出,env_1_Design/Voltage Input/OutPort/Y_Ch14.Valid,0,0,0,,{0},是
env,present,输出,env_1_Design/Voltage Input/OutPort/Y_Ch15_Present_Voltage,-0.002,0,108,"1.662, 1.862, 2.062, 2.262, 2.862, 3.262, 4.062, 4.262, 4.662, 4.862 …","{-0.002, 0}",是
env,present,输出,env_1_Design/Voltage Input/OutPort/Y_Ch15_Average_Voltage,-0.001692,-0.001484,400,"1.662, 2.062, 2.662, 2.862, 3.262, 3.462, 3.862, 4.062, 4.462, 4.662 …",min=-0.001692; max=-0.001484; distinct=68,是
env,present,输出,env_1_Design/Voltage Input/OutPort/Y_Ch15_Support_Features,0,0,0,,{0},是
env,present,输出,env_1_Design/Voltage Input/OutPort/Y_Ch15.Valid,0,0,0,,{0},是
env,present,输出,env_1_Design/Voltage Input/OutPort/Y_Ch16_Present_Voltage,-0.002,0,50,"36.262, 36.462, 36.662, 38.062, 38.262, 39.462, 39.662, 40.062, 40.462, 40.862 …","{-0.002, 0}",是
env,present,输出,env_1_Design/Voltage Input/OutPort/Y_Ch16_Average_Voltage,-0.00034,-0.000188,391,"1.662, 2.062, 2.262, 2.662, 2.862, 3.262, 3.462, 3.862, 4.062, 4.462 …",min=-0.00034; max=-0.000188; distinct=55,是
env,present,输出,env_1_Design/Voltage Input/OutPort/Y_Ch16_Support_Features,0,0,0,,{0},是
env,present,输出,env_1_Design/Voltage Input/OutPort/Y_Ch16.Valid,0,0,0,,{0},是
env,present,输出,env_1_Design/Voltage Input/OutPort/Y_Ch17_Present_Voltage,0.002,0.006,38,"9.062, 9.262, 37.262, 37.862, 38.062, 38.262, 38.462, 38.662, 38.862, 39.062 …","{0.002, 0.004, 0.006}",是
env,present,输出,env_1_Design/Voltage Input/OutPort/Y_Ch17_Average_Voltage,0.003846,0.003948,379,"1.662, 2.062, 2.262, 2.662, 3.262, 3.462, 3.862, 4.062, 4.462, 5.062 …",min=0.003846; max=0.003948; distinct=38,是
env,present,输出,env_1_Design/Voltage Input/OutPort/Y_Ch17_Support_Features,0,0,0,,{0},是
env,present,输出,env_1_Design/Voltage Input/OutPort/Y_Ch17.Valid,0,0,0,,{0},是
env,present,输出,env_1_Design/Voltage Input/OutPort/Y_Ch18_Present_Voltage,-0.006,-0.004,193,"1.862, 2.062, 2.862, 3.062, 3.262, 3.462, 3.862, 4.062, 4.462, 4.662 …","{-0.006, -0.004}",是
env,present,输出,env_1_Design/Voltage Input/OutPort/Y_Ch18_Average_Voltage,-0.005128,-0.004798,399,"1.662, 2.062, 2.262, 2.662, 2.862, 3.262, 3.462, 3.862, 4.062, 4.462 …",min=-0.005128; max=-0.004798; distinct=95,是
env,present,输出,env_1_Design/Voltage Input/OutPort/Y_Ch18_Support_Features,0,0,0,,{0},是
env,present,输出,env_1_Design/Voltage Input/OutPort/Y_Ch18.Valid,0,0,0,,{0},是
env,present,输出,env_1_Design/Voltage Input/OutPort/Y_Ch19_Present_Voltage,0.002,0.004,90,"16.062, 16.262, 29.862, 30.062, 30.662, 31.062, 34.862, 35.062, 36.062, 36.262 …","{0.002, 0.004}",是
env,present,输出,env_1_Design/Voltage Input/OutPort/Y_Ch19_Average_Voltage,0.003512,0.003724,398,"1.662, 2.062, 2.262, 2.662, 2.862, 3.262, 3.462, 3.862, 4.062, 4.462 …",min=0.003512; max=0.003724; distinct=63,是
env,present,输出,env_1_Design/Voltage Input/OutPort/Y_Ch19_Support_Features,0,0,0,,{0},是
env,present,输出,env_1_Design/Voltage Input/OutPort/Y_Ch19.Valid,0,0,0,,{0},是
env,present,输出,env_1_Design/Voltage Input/OutPort/Y_Ch20_Present_Voltage,-0.002,0,185,"1.862, 3.262, 3.662, 11.862, 12.062, 13.262, 13.462, 14.062, 14.462, 14.662 …","{-0.002, 0}",是
env,present,输出,env_1_Design/Voltage Input/OutPort/Y_Ch20_Average_Voltage,-0.001184,-0.000888,399,"1.662, 2.062, 2.262, 2.662, 2.862, 3.262, 3.462, 3.862, 4.062, 4.462 …",min=-0.001184; max=-0.000888; distinct=97,是
env,present,输出,env_1_Design/Voltage Input/OutPort/Y_Ch20_Support_Features,0,0,0,,{0},是
env,present,输出,env_1_Design/Voltage Input/OutPort/Y_Ch20.Valid,0,0,0,,{0},是
env,present,输出,env_1_Design/Voltage Input/OutPort/Y_Ch21_Present_Voltage,0.002,0.006,68,"4.062, 4.262, 6.862, 7.062, 7.262, 7.862, 8.462, 8.662, 9.262, 9.662 …","{0.002, 0.004, 0.006}",是
env,present,输出,env_1_Design/Voltage Input/OutPort/Y_Ch21_Average_Voltage,0.004048,0.004168,388,"1.662, 2.062, 2.262, 2.662, 2.862, 3.262, 3.462, 3.862, 4.062, 4.462 …",min=0.004048; max=0.004168; distinct=36,是
env,present,输出,env_1_Design/Voltage Input/OutPort/Y_Ch21_Support_Features,0,0,0,,{0},是
env,present,输出,env_1_Design/Voltage Input/OutPort/Y_Ch21.Valid,0,0,0,,{0},是
env,present,输出,env_1_Design/Voltage Input/OutPort/Y_Ch22_Present_Voltage,0,0.006,48,"5.062, 5.262, 6.262, 6.462, 6.862, 7.262, 7.462, 7.662, 8.462, 8.662 …","{0, 0.002, 0.006}",是
env,present,输出,env_1_Design/Voltage Input/OutPort/Y_Ch22_Average_Voltage,0.00202,0.002224,393,"1.662, 2.062, 2.262, 2.662, 2.862, 3.262, 3.462, 3.862, 4.462, 4.662 …",min=0.00202; max=0.002224; distinct=57,是
env,present,输出,env_1_Design/Voltage Input/OutPort/Y_Ch22_Support_Features,0,0,0,,{0},是
env,present,输出,env_1_Design/Voltage Input/OutPort/Y_Ch22.Valid,0,0,0,,{0},是
env,present,输出,env_1_Design/Voltage Input/OutPort/Y_Ch23_Present_Voltage,0.002,0.006,54,"7.462, 7.662, 8.462, 8.662, 9.262, 9.662, 9.862, 10.062, 10.462, 10.662 …","{0.002, 0.004, 0.006}",是
env,present,输出,env_1_Design/Voltage Input/OutPort/Y_Ch23_Average_Voltage,0.003964,0.004104,384,"1.662, 2.062, 2.262, 2.662, 2.862, 3.262, 3.462, 3.862, 4.062, 4.462 …",min=0.003964; max=0.004104; distinct=42,是
env,present,输出,env_1_Design/Voltage Input/OutPort/Y_Ch23_Support_Features,0,0,0,,{0},是
env,present,输出,env_1_Design/Voltage Input/OutPort/Y_Ch23.Valid,0,0,0,,{0},是
env,present,输出,env_1_Design/Voltage Input/OutPort/Y_Ch24_Present_Voltage,0.004,0.008,148,"1.662, 2.462, 2.862, 4.262, 4.462, 5.462, 5.662, 11.862, 12.062, 12.462 …","{0.004, 0.008}",是
env,present,输出,env_1_Design/Voltage Input/OutPort/Y_Ch24_Average_Voltage,0.005408,0.006052,402,"1.662, 2.062, 2.262, 2.662, 2.862, 3.262, 3.462, 3.862, 4.062, 4.462 …",min=0.005408; max=0.006052; distinct=95,是
env,present,输出,env_1_Design/Voltage Input/OutPort/Y_Ch24_Support_Features,0,0,0,,{0},是
env,present,输出,env_1_Design/Voltage Input/OutPort/Y_Ch24.Valid,0,0,0,,{0},是
env,present,输出,env_1_Design/Voltage Input/OutPort/Y_Ch25_Present_Voltage,0,0,0,,{0},是
env,present,输出,env_1_Design/Voltage Input/OutPort/Y_Ch25_Average_Voltage,0,0,0,,{0},是
env,present,输出,env_1_Design/Voltage Input/OutPort/Y_Ch25_Support_Features,0,0,0,,{0},是
env,present,输出,env_1_Design/Voltage Input/OutPort/Y_Ch25.Valid,0,0,0,,{0},是
env,present,输出,env_1_Design/Voltage Input/OutPort/Y_Ch26_Present_Voltage,0,0,0,,{0},是
env,present,输出,env_1_Design/Voltage Input/OutPort/Y_Ch26_Average_Voltage,0,0,0,,{0},是
env,present,输出,env_1_Design/Voltage Input/OutPort/Y_Ch26_Support_Features,0,0,0,,{0},是
env,present,输出,env_1_Design/Voltage Input/OutPort/Y_Ch26.Valid,0,0,0,,{0},是
env,present,输出,env_1_Design/Voltage Input/OutPort/Y_Ch27_Present_Voltage,0,0,0,,{0},是
env,present,输出,env_1_Design/Voltage Input/OutPort/Y_Ch27_Average_Voltage,0,0,0,,{0},是
env,present,输出,env_1_Design/Voltage Input/OutPort/Y_Ch27_Support_Features,0,0,0,,{0},是
env,present,输出,env_1_Design/Voltage Input/OutPort/Y_Ch27.Valid,0,0,0,,{0},是
env,present,输出,env_1_Design/Voltage Input/OutPort/Y_Ch28_Present_Voltage,0,0,0,,{0},是
env,present,输出,env_1_Design/Voltage Input/OutPort/Y_Ch28_Average_Voltage,0,0,0,,{0},是
env,present,输出,env_1_Design/Voltage Input/OutPort/Y_Ch28_Support_Features,0,0,0,,{0},是
env,present,输出,env_1_Design/Voltage Input/OutPort/Y_Ch28.Valid,0,0,0,,{0},是
env,present,输出,env_1_Design/Voltage Input/OutPort/Y_Ch29_Present_Voltage,0,0,0,,{0},是
env,present,输出,env_1_Design/Voltage Input/OutPort/Y_Ch29_Average_Voltage,0,0,0,,{0},是
env,present,输出,env_1_Design/Voltage Input/OutPort/Y_Ch29_Support_Features,0,0,0,,{0},是
env,present,输出,env_1_Design/Voltage Input/OutPort/Y_Ch29.Valid,0,0,0,,{0},是
env,present,输出,env_1_Design/Voltage Input/OutPort/Y_Ch30_Present_Voltage,0,0,0,,{0},是
env,present,输出,env_1_Design/Voltage Input/OutPort/Y_Ch30_Average_Voltage,0,0,0,,{0},是
env,present,输出,env_1_Design/Voltage Input/OutPort/Y_Ch30_Support_Features,0,0,0,,{0},是
env,present,输出,env_1_Design/Voltage Input/OutPort/Y_Ch30.Valid,0,0,0,,{0},是
env,present,输出,env_1_Design/Voltage Input/OutPort/Y_Ch31_Present_Voltage,0,0,0,,{0},是
env,present,输出,env_1_Design/Voltage Input/OutPort/Y_Ch31_Average_Voltage,0,0,0,,{0},是
env,present,输出,env_1_Design/Voltage Input/OutPort/Y_Ch31_Support_Features,0,0,0,,{0},是
env,present,输出,env_1_Design/Voltage Input/OutPort/Y_Ch31.Valid,0,0,0,,{0},是
env,present,输出,env_1_Design/Voltage Input/OutPort/Y_Ch32_Present_Voltage,0,0,0,,{0},是
env,present,输出,env_1_Design/Voltage Input/OutPort/Y_Ch32_Average_Voltage,0,0,0,,{0},是
env,present,输出,env_1_Design/Voltage Input/OutPort/Y_Ch32_Support_Features,0,0,0,,{0},是
env,present,输出,env_1_Design/Voltage Input/OutPort/Y_Ch32.Valid,0,0,0,,{0},是
env,present,输出,env_1_Design/Voltage Input/OutPort/Y_Ch33_Present_Voltage,0,0,0,,{0},是
env,present,输出,env_1_Design/Voltage Input/OutPort/Y_Ch33_Average_Voltage,0,0,0,,{0},是
env,present,输出,env_1_Design/Voltage Input/OutPort/Y_Ch33_Support_Features,0,0,0,,{0},是
env,present,输出,env_1_Design/Voltage Input/OutPort/Y_Ch33.Valid,0,0,0,,{0},是
env,present,输出,env_1_Design/Voltage Input/OutPort/Y_Ch34_Present_Voltage,0,0,0,,{0},是
env,present,输出,env_1_Design/Voltage Input/OutPort/Y_Ch34_Average_Voltage,0,0,0,,{0},是
env,present,输出,env_1_Design/Voltage Input/OutPort/Y_Ch34_Support_Features,0,0,0,,{0},是
env,present,输出,env_1_Design/Voltage Input/OutPort/Y_Ch34.Valid,0,0,0,,{0},是
env,present,输出,env_1_Design/Voltage Input/OutPort/Y_Ch35_Present_Voltage,0,0,0,,{0},是
env,present,输出,env_1_Design/Voltage Input/OutPort/Y_Ch35_Average_Voltage,0,0,0,,{0},是
env,present,输出,env_1_Design/Voltage Input/OutPort/Y_Ch35_Support_Features,0,0,0,,{0},是
env,present,输出,env_1_Design/Voltage Input/OutPort/Y_Ch35.Valid,0,0,0,,{0},是
env,present,输出,env_1_Design/Voltage Input/OutPort/Y_Ch36_Present_Voltage,0,0,0,,{0},是
env,present,输出,env_1_Design/Voltage Input/OutPort/Y_Ch36_Average_Voltage,0,0,0,,{0},是
env,present,输出,env_1_Design/Voltage Input/OutPort/Y_Ch36_Support_Features,0,0,0,,{0},是
env,present,输出,env_1_Design/Voltage Input/OutPort/Y_Ch36.Valid,0,0,0,,{0},是
env,present,输出,env_1_Design/Voltage Input/OutPort/Y_Ch37_Present_Voltage,0,0,0,,{0},是
env,present,输出,env_1_Design/Voltage Input/OutPort/Y_Ch37_Average_Voltage,0,0,0,,{0},是
env,present,输出,env_1_Design/Voltage Input/OutPort/Y_Ch37_Support_Features,0,0,0,,{0},是
env,present,输出,env_1_Design/Voltage Input/OutPort/Y_Ch37.Valid,0,0,0,,{0},是
env,present,输出,env_1_Design/Voltage Input/OutPort/Y_Ch38_Present_Voltage,0,0,0,,{0},是
env,present,输出,env_1_Design/Voltage Input/OutPort/Y_Ch38_Average_Voltage,0,0,0,,{0},是
env,present,输出,env_1_Design/Voltage Input/OutPort/Y_Ch38_Support_Features,0,0,0,,{0},是
env,present,输出,env_1_Design/Voltage Input/OutPort/Y_Ch38.Valid,0,0,0,,{0},是
env,present,输出,env_1_Design/Voltage Input/OutPort/Y_Ch39_Present_Voltage,0,0,0,,{0},是
env,present,输出,env_1_Design/Voltage Input/OutPort/Y_Ch39_Average_Voltage,0,0,0,,{0},是
env,present,输出,env_1_Design/Voltage Input/OutPort/Y_Ch39_Support_Features,0,0,0,,{0},是
env,present,输出,env_1_Design/Voltage Input/OutPort/Y_Ch39.Valid,0,0,0,,{0},是
env,present,输出,env_1_Design/Voltage Input/OutPort/Y_Ch40_Present_Voltage,0,0,0,,{0},是
env,present,输出,env_1_Design/Voltage Input/OutPort/Y_Ch40_Average_Voltage,0,0,0,,{0},是
env,present,输出,env_1_Design/Voltage Input/OutPort/Y_Ch40_Support_Features,0,0,0,,{0},是
env,present,输出,env_1_Design/Voltage Input/OutPort/Y_Ch40.Valid,0,0,0,,{0},是
env,present,输出,env_1_Design/Voltage Input/OutPort/Y_Ch41_Present_Voltage,0,0,0,,{0},是
env,present,输出,env_1_Design/Voltage Input/OutPort/Y_Ch41_Average_Voltage,0,0,0,,{0},是
env,present,输出,env_1_Design/Voltage Input/OutPort/Y_Ch41_Support_Features,0,0,0,,{0},是
env,present,输出,env_1_Design/Voltage Input/OutPort/Y_Ch41.Valid,0,0,0,,{0},是
env,present,输出,env_1_Design/Voltage Input/OutPort/Y_Ch42_Present_Voltage,0,0,0,,{0},是
env,present,输出,env_1_Design/Voltage Input/OutPort/Y_Ch42_Average_Voltage,0,0,0,,{0},是
env,present,输出,env_1_Design/Voltage Input/OutPort/Y_Ch42_Support_Features,0,0,0,,{0},是
env,present,输出,env_1_Design/Voltage Input/OutPort/Y_Ch42.Valid,0,0,0,,{0},是
env,present,输出,env_1_Design/Voltage Input/OutPort/Y_Ch43_Present_Voltage,0,0,0,,{0},是
env,present,输出,env_1_Design/Voltage Input/OutPort/Y_Ch43_Average_Voltage,0,0,0,,{0},是
env,present,输出,env_1_Design/Voltage Input/OutPort/Y_Ch43_Support_Features,0,0,0,,{0},是
env,present,输出,env_1_Design/Voltage Input/OutPort/Y_Ch43.Valid,0,0,0,,{0},是
env,present,输出,env_1_Design/Voltage Input/OutPort/Y_Ch44_Present_Voltage,0,0,0,,{0},是
env,present,输出,env_1_Design/Voltage Input/OutPort/Y_Ch44_Average_Voltage,0,0,0,,{0},是
env,present,输出,env_1_Design/Voltage Input/OutPort/Y_Ch44_Support_Features,0,0,0,,{0},是
env,present,输出,env_1_Design/Voltage Input/OutPort/Y_Ch44.Valid,0,0,0,,{0},是
env,present,输出,env_1_Design/Voltage Input/OutPort/Y_Ch45_Present_Voltage,0,0,0,,{0},是
env,present,输出,env_1_Design/Voltage Input/OutPort/Y_Ch45_Average_Voltage,0,0,0,,{0},是
env,present,输出,env_1_Design/Voltage Input/OutPort/Y_Ch45_Support_Features,0,0,0,,{0},是
env,present,输出,env_1_Design/Voltage Input/OutPort/Y_Ch45.Valid,0,0,0,,{0},是
env,present,输出,env_1_Design/Voltage Input/OutPort/Y_Ch46_Present_Voltage,0,0,0,,{0},是
env,present,输出,env_1_Design/Voltage Input/OutPort/Y_Ch46_Average_Voltage,0,0,0,,{0},是
env,present,输出,env_1_Design/Voltage Input/OutPort/Y_Ch46_Support_Features,0,0,0,,{0},是
env,present,输出,env_1_Design/Voltage Input/OutPort/Y_Ch46.Valid,0,0,0,,{0},是
env,present,输出,env_1_Design/Voltage Input/OutPort/Y_Ch47_Present_Voltage,0,0,0,,{0},是
env,present,输出,env_1_Design/Voltage Input/OutPort/Y_Ch47_Average_Voltage,0,0,0,,{0},是
env,present,输出,env_1_Design/Voltage Input/OutPort/Y_Ch47_Support_Features,0,0,0,,{0},是
env,present,输出,env_1_Design/Voltage Input/OutPort/Y_Ch47.Valid,0,0,0,,{0},是
env,present,输出,env_1_Design/Voltage Input/OutPort/Y_Ch48_Present_Voltage,0,0,0,,{0},是
env,present,输出,env_1_Design/Voltage Input/OutPort/Y_Ch48_Average_Voltage,0,0,0,,{0},是
env,present,输出,env_1_Design/Voltage Input/OutPort/Y_Ch48_Support_Features,0,0,0,,{0},是
env,present,输出,env_1_Design/Voltage Input/OutPort/Y_Ch48.Valid,0,0,0,,{0},是
env,present,内部/未标记,env_1_Design/Voltage Input/Measurement/Runtime(us),6,22,505,"1.662, 1.862, 2.062, 2.262, 2.462, 2.662, 2.862, 3.062, 3.262, 4.062 …",min=6; max=22; distinct=13,是
env,present,内部/未标记,env_1_Design/Voltage Input/Measurement/Runtime_Min(us),5,6,1,21.862,"{5, 6}",是
env,present,内部/未标记,env_1_Design/Voltage Input/Measurement/Runtime_Max(us),43,43,0,,{43},是
env,present,内部/未标记,env_1_Design/Voltage Input/Measurement/Schedule_Interval(us),4981,5072,588,"1.662, 1.862, 2.062, 2.262, 2.462, 2.662, 2.862, 3.062, 3.462, 3.662 …",min=4981; max=5072; distinct=33,是
env,present,内部/未标记,env_1_Design/Voltage Input/Measurement/Schedule_Interval_Min(us),4839,4839,0,,{4839},是
env,present,内部/未标记,env_1_Design/Voltage Input/Measurement/Schedule_Interval_Max(us),5159,5159,0,,{5159},是
env,present,内部/未标记,env_1_Design/Voltage Input/Measurement/Schedule_Count,3983,28663,617,"1.662, 1.862, 2.062, 2.262, 2.462, 2.662, 2.862, 3.062, 3.262, 3.462 …",min=3983; max=28663; distinct=618,是
env,present,内部/未标记,env_1_Design/Voltage Input/Measurement/Activate_Fail_Count,0,0,0,,{0},是
env,present,内部/未标记,env_1_Design/Voltage Input/Measurement/Processor,5,15,557,"1.662, 1.862, 2.062, 2.262, 2.462, 2.662, 2.862, 3.062, 3.262, 3.462 …",min=5; max=15; distinct=11,是
env,present,输入,env_1_Design/Voltage Output/InPort/U_Ch1_Voltage_Out,0,0,0,,{0},是
env,present,输入,env_1_Design/Voltage Output/InPort/U_Ch1_Voltage_Out_Enable,0,0,0,,{0},是
env,present,输入,env_1_Design/Voltage Output/InPort/U_Ch1_FIU_Value,0,0,0,,{0},是
env,present,输入,env_1_Design/Voltage Output/InPort/U_Ch2_Voltage_Out,0,0,0,,{0},是
env,present,输入,env_1_Design/Voltage Output/InPort/U_Ch2_Voltage_Out_Enable,0,0,0,,{0},是
env,present,输入,env_1_Design/Voltage Output/InPort/U_Ch2_FIU_Value,0,0,0,,{0},是
env,present,输入,env_1_Design/Voltage Output/InPort/U_Ch3_Voltage_Out,0,0,0,,{0},是
env,present,输入,env_1_Design/Voltage Output/InPort/U_Ch3_Voltage_Out_Enable,0,0,0,,{0},是
env,present,输入,env_1_Design/Voltage Output/InPort/U_Ch3_FIU_Value,0,0,0,,{0},是
env,present,输入,env_1_Design/Voltage Output/InPort/U_Ch4_Voltage_Out,0,0,0,,{0},是
env,present,输入,env_1_Design/Voltage Output/InPort/U_Ch4_Voltage_Out_Enable,1,1,0,,{1},是
env,present,输入,env_1_Design/Voltage Output/InPort/U_Ch4_FIU_Value,0,0,0,,{0},是
env,present,输入,env_1_Design/Voltage Output/InPort/U_Ch5_Voltage_Out,0,0,0,,{0},是
env,present,输入,env_1_Design/Voltage Output/InPort/U_Ch5_Voltage_Out_Enable,0,0,0,,{0},是
env,present,输入,env_1_Design/Voltage Output/InPort/U_Ch5_FIU_Value,0,0,0,,{0},是
env,present,输入,env_1_Design/Voltage Output/InPort/U_Ch6_Voltage_Out,0,0,0,,{0},是
env,present,输入,env_1_Design/Voltage Output/InPort/U_Ch6_Voltage_Out_Enable,0,0,0,,{0},是
env,present,输入,env_1_Design/Voltage Output/InPort/U_Ch6_FIU_Value,0,0,0,,{0},是
env,present,输入,env_1_Design/Voltage Output/InPort/U_Ch7_Voltage_Out,1,1,0,,{1},是
env,present,输入,env_1_Design/Voltage Output/InPort/U_Ch7_Voltage_Out_Enable,1,1,0,,{1},是
env,present,输入,env_1_Design/Voltage Output/InPort/U_Ch7_FIU_Value,0,0,0,,{0},是
env,present,输入,env_1_Design/Voltage Output/InPort/U_Ch8_Voltage_Out,0.5,0.5,0,,{0.5},是
env,present,输出,env_1_Design/LIN/OutPort/LIN_CH8.Statistic.Wakeup.Y_LIN_Ch8_WakeupsCommandsCnt,0,0,0,,{0},否
env,present,输出,env_1_Design/LIN/OutPort/LIN_CH8.Statistic.Sleep.Y_LIN_Ch8_SleepCommandsCnt,0,0,0,,{0},否
env,present,内部/未标记,env_1_Design/LIN/Measurement/Runtime(us),1,10,375,"1.798, 1.998, 2.398, 2.598, 2.798, 3.198, 3.598, 3.798, 3.998, 4.198 …",min=1; max=10; distinct=9,否
env,present,内部/未标记,env_1_Design/LIN/Measurement/Runtime_Min(us),1,1,0,,{1},否
env,present,内部/未标记,env_1_Design/LIN/Measurement/Runtime_Max(us),14,17,2,"38.198, 89.598","{14, 15, 17}",否
env,present,内部/未标记,env_1_Design/LIN/Measurement/Schedule_Interval(us),4849,5154,589,"1.798, 1.998, 2.198, 2.398, 2.598, 2.798, 2.998, 3.198, 3.398, 3.598 …",min=4849; max=5154; distinct=114,否
env,present,内部/未标记,env_1_Design/LIN/Measurement/Schedule_Interval_Min(us),4802,4833,1,33.798,"{4802, 4833}",否
env,present,内部/未标记,env_1_Design/LIN/Measurement/Schedule_Interval_Max(us),5161,5194,2,"3.998, 33.798","{5161, 5173, 5194}",否
env,present,内部/未标记,env_1_Design/LIN/Measurement/Schedule_Count,4009,28649,616,"1.798, 1.998, 2.198, 2.398, 2.598, 2.798, 2.998, 3.198, 3.398, 3.598 …",min=4009; max=28649; distinct=617,否
env,present,内部/未标记,env_1_Design/LIN/Measurement/Activate_Fail_Count,0,0,0,,{0},否
env,present,内部/未标记,env_1_Design/LIN/Measurement/Processor,5,15,560,"1.798, 1.998, 2.198, 2.398, 2.598, 2.798, 3.198, 3.398, 3.798, 3.998 …",min=5; max=15; distinct=11,否
env,present,输入,env_1_Design/PWM Input/InPort/U_Ch1_PWM_In_Enable,0,0,0,,{0},否
env,present,输入,env_1_Design/PWM Input/InPort/U_Ch1_PWM_In_FIU,0,0,0,,{0},否
env,present,输入,env_1_Design/PWM Input/InPort/U_Ch1_PWM_In_SafetySwitch,0,0,0,,{0},否
env,present,输入,env_1_Design/PWM Input/InPort/U_Ch2_PWM_In_Enable,0,0,0,,{0},否
env,present,输入,env_1_Design/PWM Input/InPort/U_Ch2_PWM_In_FIU,0,0,0,,{0},否
env,present,输入,env_1_Design/PWM Input/InPort/U_Ch2_PWM_In_SafetySwitch,0,0,0,,{0},否
env,present,输入,env_1_Design/PWM Input/InPort/U_Ch3_PWM_In_Enable,0,0,0,,{0},否
env,present,输入,env_1_Design/PWM Input/InPort/U_Ch3_PWM_In_FIU,0,0,0,,{0},否
env,present,输入,env_1_Design/PWM Input/InPort/U_Ch3_PWM_In_SafetySwitch,0,0,0,,{0},否
env,present,输入,env_1_Design/PWM Input/InPort/U_Ch4_PWM_In_Enable,0,0,0,,{0},否
env,present,输入,env_1_Design/PWM Input/InPort/U_Ch4_PWM_In_FIU,0,0,0,,{0},否
env,present,输入,env_1_Design/PWM Input/InPort/U_Ch4_PWM_In_SafetySwitch,0,0,0,,{0},否
env,present,输入,env_1_Design/PWM Input/InPort/U_Ch5_PWM_In_Enable,0,0,0,,{0},否
env,present,输入,env_1_Design/PWM Input/InPort/U_Ch5_PWM_In_FIU,0,0,0,,{0},否
env,present,输入,env_1_Design/PWM Input/InPort/U_Ch5_PWM_In_SafetySwitch,0,0,0,,{0},否
env,present,输入,env_1_Design/PWM Input/InPort/U_Ch6_PWM_In_Enable,0,0,0,,{0},否
env,present,输入,env_1_Design/PWM Input/InPort/U_Ch6_PWM_In_FIU,0,0,0,,{0},否
env,present,输入,env_1_Design/PWM Input/InPort/U_Ch6_PWM_In_SafetySwitch,0,0,0,,{0},否
env,present,输入,env_1_Design/PWM Input/InPort/U_Ch7_PWM_In_Enable,0,0,0,,{0},否
env,present,输入,env_1_Design/PWM Input/InPort/U_Ch7_PWM_In_FIU,0,0,0,,{0},否
env,present,输入,env_1_Design/PWM Input/InPort/U_Ch7_PWM_In_SafetySwitch,0,0,0,,{0},否
env,present,输入,env_1_Design/PWM Input/InPort/U_Ch8_PWM_In_Enable,0,0,0,,{0},否
env,present,输入,env_1_Design/PWM Input/InPort/U_Ch8_PWM_In_FIU,0,0,0,,{0},否
env,present,输入,env_1_Design/PWM Input/InPort/U_Ch8_PWM_In_SafetySwitch,0,0,0,,{0},否
env,present,输入,env_1_Design/PWM Input/InPort/U_Ch9_PWM_In_Enable,0,0,0,,{0},否
env,present,输入,env_1_Design/PWM Input/InPort/U_Ch9_PWM_In_FIU,0,0,0,,{0},否
env,present,输入,env_1_Design/PWM Input/InPort/U_Ch9_PWM_In_SafetySwitch,0,0,0,,{0},否
env,present,输入,env_1_Design/PWM Input/InPort/U_Ch10_PWM_In_Enable,0,0,0,,{0},否
env,present,输入,env_1_Design/PWM Input/InPort/U_Ch10_PWM_In_FIU,0,0,0,,{0},否
env,present,输入,env_1_Design/PWM Input/InPort/U_Ch10_PWM_In_SafetySwitch,0,0,0,,{0},否
env,present,输入,env_1_Design/PWM Input/InPort/U_Ch11_PWM_In_Enable,0,0,0,,{0},否
env,present,输入,env_1_Design/PWM Input/InPort/U_Ch11_PWM_In_FIU,0,0,0,,{0},否
env,present,输入,env_1_Design/PWM Input/InPort/U_Ch11_PWM_In_SafetySwitch,0,0,0,,{0},否
env,present,输入,env_1_Design/PWM Input/InPort/U_Ch12_PWM_In_Enable,0,0,0,,{0},否
env,present,输入,env_1_Design/PWM Input/InPort/U_Ch12_PWM_In_FIU,0,0,0,,{0},否
env,present,输入,env_1_Design/PWM Input/InPort/U_Ch12_PWM_In_SafetySwitch,0,0,0,,{0},否
env,present,输入,env_1_Design/PWM Input/InPort/U_Ch13_PWM_In_Enable,0,0,0,,{0},否
env,present,输入,env_1_Design/PWM Input/InPort/U_Ch13_PWM_In_FIU,0,0,0,,{0},否
env,present,输入,env_1_Design/PWM Input/InPort/U_Ch13_PWM_In_SafetySwitch,0,0,0,,{0},否
env,present,输入,env_1_Design/PWM Input/InPort/U_Ch14_PWM_In_Enable,0,0,0,,{0},否
env,present,输入,env_1_Design/PWM Input/InPort/U_Ch14_PWM_In_FIU,0,0,0,,{0},否
env,present,输入,env_1_Design/PWM Input/InPort/U_Ch14_PWM_In_SafetySwitch,0,0,0,,{0},否
env,present,输入,env_1_Design/PWM Input/InPort/U_Ch15_PWM_In_Enable,0,0,0,,{0},否
env,present,输入,env_1_Design/PWM Input/InPort/U_Ch15_PWM_In_FIU,0,0,0,,{0},否
env,present,输入,env_1_Design/PWM Input/InPort/U_Ch15_PWM_In_SafetySwitch,0,0,0,,{0},否
env,present,输入,env_1_Design/PWM Input/InPort/U_Ch16_PWM_In_Enable,0,0,0,,{0},否
env,present,输入,env_1_Design/PWM Input/InPort/U_Ch16_PWM_In_FIU,0,0,0,,{0},否
env,present,输入,env_1_Design/PWM Input/InPort/U_Ch16_PWM_In_SafetySwitch,0,0,0,,{0},否
env,present,输入,env_1_Design/PWM Input/InPort/U_Ch17_PWM_In_Enable,0,0,0,,{0},否
env,present,输入,env_1_Design/PWM Input/InPort/U_Ch17_PWM_In_FIU,0,0,0,,{0},否
env,present,输入,env_1_Design/PWM Input/InPort/U_Ch17_PWM_In_SafetySwitch,0,0,0,,{0},否
env,present,输入,env_1_Design/PWM Input/InPort/U_Ch18_PWM_In_Enable,0,0,0,,{0},否
env,present,输入,env_1_Design/PWM Input/InPort/U_Ch18_PWM_In_FIU,0,0,0,,{0},否
env,present,输入,env_1_Design/PWM Input/InPort/U_Ch18_PWM_In_SafetySwitch,0,0,0,,{0},否
env,present,输入,env_1_Design/PWM Input/InPort/U_Ch19_PWM_In_Enable,0,0,0,,{0},否
env,present,输入,env_1_Design/PWM Input/InPort/U_Ch19_PWM_In_FIU,0,0,0,,{0},否
env,present,输入,env_1_Design/PWM Input/InPort/U_Ch19_PWM_In_SafetySwitch,0,0,0,,{0},否
env,present,输入,env_1_Design/PWM Input/InPort/U_Ch20_PWM_In_Enable,0,0,0,,{0},否
env,present,输入,env_1_Design/PWM Input/InPort/U_Ch20_PWM_In_FIU,0,0,0,,{0},否
env,present,输入,env_1_Design/PWM Input/InPort/U_Ch20_PWM_In_SafetySwitch,0,0,0,,{0},否
env,present,输入,env_1_Design/PWM Input/InPort/U_Ch21_PWM_In_Enable,0,0,0,,{0},否
env,present,输入,env_1_Design/PWM Input/InPort/U_Ch21_PWM_In_FIU,0,0,0,,{0},否
env,present,输入,env_1_Design/PWM Input/InPort/U_Ch21_PWM_In_SafetySwitch,0,0,0,,{0},否
env,present,输入,env_1_Design/PWM Input/InPort/U_Ch22_PWM_In_Enable,0,0,0,,{0},否
env,present,输入,env_1_Design/PWM Input/InPort/U_Ch22_PWM_In_FIU,0,0,0,,{0},否
env,present,输入,env_1_Design/PWM Input/InPort/U_Ch22_PWM_In_SafetySwitch,0,0,0,,{0},否
env,present,输入,env_1_Design/PWM Input/InPort/U_Ch23_PWM_In_Enable,0,0,0,,{0},否
env,present,输入,env_1_Design/PWM Input/InPort/U_Ch23_PWM_In_FIU,0,0,0,,{0},否
env,present,输入,env_1_Design/PWM Input/InPort/U_Ch23_PWM_In_SafetySwitch,0,0,0,,{0},否
env,present,输入,env_1_Design/PWM Input/InPort/U_Ch24_PWM_In_Enable,0,0,0,,{0},否
env,present,输入,env_1_Design/PWM Input/InPort/U_Ch24_PWM_In_FIU,0,0,0,,{0},否
env,present,输入,env_1_Design/PWM Input/InPort/U_Ch24_PWM_In_SafetySwitch,0,0,0,,{0},否
env,present,输入,env_1_Design/PWM Input/InPort/U_Ch25_PWM_In_Enable,0,0,0,,{0},否
env,present,输入,env_1_Design/PWM Input/InPort/U_Ch25_PWM_In_FIU,0,0,0,,{0},否
env,present,输入,env_1_Design/PWM Input/InPort/U_Ch25_PWM_In_SafetySwitch,0,0,0,,{0},否
env,present,输入,env_1_Design/PWM Input/InPort/U_Ch26_PWM_In_Enable,0,0,0,,{0},否
env,present,输入,env_1_Design/PWM Input/InPort/U_Ch26_PWM_In_FIU,0,0,0,,{0},否
env,present,输入,env_1_Design/PWM Input/InPort/U_Ch26_PWM_In_SafetySwitch,0,0,0,,{0},否
env,present,输入,env_1_Design/PWM Input/InPort/U_Ch27_PWM_In_Enable,0,0,0,,{0},否
env,present,输入,env_1_Design/PWM Input/InPort/U_Ch27_PWM_In_FIU,0,0,0,,{0},否
env,present,输入,env_1_Design/PWM Input/InPort/U_Ch27_PWM_In_SafetySwitch,0,0,0,,{0},否
env,present,输入,env_1_Design/PWM Input/InPort/U_Ch28_PWM_In_Enable,0,0,0,,{0},否
env,present,输入,env_1_Design/PWM Input/InPort/U_Ch28_PWM_In_FIU,0,0,0,,{0},否
env,present,输入,env_1_Design/PWM Input/InPort/U_Ch28_PWM_In_SafetySwitch,0,0,0,,{0},否
env,present,输入,env_1_Design/PWM Input/InPort/U_Ch29_PWM_In_Enable,0,0,0,,{0},否
env,present,输入,env_1_Design/PWM Input/InPort/U_Ch29_PWM_In_FIU,0,0,0,,{0},否
env,present,输入,env_1_Design/PWM Input/InPort/U_Ch29_PWM_In_SafetySwitch,0,0,0,,{0},否
env,present,输入,env_1_Design/PWM Input/InPort/U_Ch30_PWM_In_Enable,0,0,0,,{0},否
env,present,输入,env_1_Design/PWM Input/InPort/U_Ch30_PWM_In_FIU,0,0,0,,{0},否
env,present,输入,env_1_Design/PWM Input/InPort/U_Ch30_PWM_In_SafetySwitch,0,0,0,,{0},否
env,present,输入,env_1_Design/PWM Input/InPort/U_Ch31_PWM_In_Enable,0,0,0,,{0},否
env,present,输入,env_1_Design/PWM Input/InPort/U_Ch31_PWM_In_FIU,0,0,0,,{0},否
env,present,输入,env_1_Design/PWM Input/InPort/U_Ch31_PWM_In_SafetySwitch,0,0,0,,{0},否
env,present,输入,env_1_Design/PWM Input/InPort/U_Ch32_PWM_In_Enable,0,0,0,,{0},否
env,present,输入,env_1_Design/PWM Input/InPort/U_Ch32_PWM_In_FIU,0,0,0,,{0},否
env,present,输入,env_1_Design/PWM Input/InPort/U_Ch32_PWM_In_SafetySwitch,0,0,0,,{0},否
env,present,输入,env_1_Design/PWM Input/InPort/U_Ch33_PWM_In_Enable,0,0,0,,{0},否
env,present,输入,env_1_Design/PWM Input/InPort/U_Ch33_PWM_In_FIU,0,0,0,,{0},否
env,present,输入,env_1_Design/PWM Input/InPort/U_Ch33_PWM_In_SafetySwitch,0,0,0,,{0},否
env,present,输入,env_1_Design/PWM Input/InPort/U_Ch34_PWM_In_Enable,0,0,0,,{0},否
env,present,输入,env_1_Design/PWM Input/InPort/U_Ch34_PWM_In_FIU,0,0,0,,{0},否
env,present,输入,env_1_Design/PWM Input/InPort/U_Ch34_PWM_In_SafetySwitch,0,0,0,,{0},否
env,present,输入,env_1_Design/PWM Input/InPort/U_Ch35_PWM_In_Enable,0,0,0,,{0},否
env,present,输入,env_1_Design/PWM Input/InPort/U_Ch35_PWM_In_FIU,0,0,0,,{0},否
env,present,输入,env_1_Design/PWM Input/InPort/U_Ch35_PWM_In_SafetySwitch,0,0,0,,{0},否
env,present,输入,env_1_Design/PWM Input/InPort/U_Ch36_PWM_In_Enable,0,0,0,,{0},否
env,present,输入,env_1_Design/PWM Input/InPort/U_Ch36_PWM_In_FIU,0,0,0,,{0},否
env,present,输入,env_1_Design/PWM Input/InPort/U_Ch36_PWM_In_SafetySwitch,0,0,0,,{0},否
env,present,输入,env_1_Design/PWM Input/InPort/U_Ch37_PWM_In_Enable,0,0,0,,{0},否
env,present,输入,env_1_Design/PWM Input/InPort/U_Ch37_PWM_In_FIU,0,0,0,,{0},否
env,present,输入,env_1_Design/PWM Input/InPort/U_Ch37_PWM_In_SafetySwitch,0,0,0,,{0},否
env,present,输入,env_1_Design/PWM Input/InPort/U_Ch38_PWM_In_Enable,0,0,0,,{0},否
env,present,输入,env_1_Design/PWM Input/InPort/U_Ch38_PWM_In_FIU,0,0,0,,{0},否
env,present,输入,env_1_Design/PWM Input/InPort/U_Ch38_PWM_In_SafetySwitch,0,0,0,,{0},否
env,present,输入,env_1_Design/PWM Input/InPort/U_Ch39_PWM_In_Enable,0,0,0,,{0},否
env,present,输入,env_1_Design/PWM Input/InPort/U_Ch39_PWM_In_FIU,0,0,0,,{0},否
env,present,输入,env_1_Design/PWM Input/InPort/U_Ch39_PWM_In_SafetySwitch,0,0,0,,{0},否
env,present,输入,env_1_Design/PWM Input/InPort/U_Ch40_PWM_In_Enable,0,0,0,,{0},否
env,present,输入,env_1_Design/PWM Input/InPort/U_Ch40_PWM_In_FIU,0,0,0,,{0},否
env,present,输入,env_1_Design/PWM Input/InPort/U_Ch40_PWM_In_SafetySwitch,0,0,0,,{0},否
env,present,输入,env_1_Design/PWM Input/InPort/U_Ch41_PWM_In_Enable,0,0,0,,{0},否
env,present,输入,env_1_Design/PWM Input/InPort/U_Ch41_PWM_In_FIU,0,0,0,,{0},否
env,present,输入,env_1_Design/PWM Input/InPort/U_Ch41_PWM_In_SafetySwitch,0,0,0,,{0},否
env,present,输入,env_1_Design/PWM Input/InPort/U_Ch42_PWM_In_Enable,0,0,0,,{0},否
env,present,输入,env_1_Design/PWM Input/InPort/U_Ch42_PWM_In_FIU,0,0,0,,{0},否
env,present,输入,env_1_Design/PWM Input/InPort/U_Ch42_PWM_In_SafetySwitch,0,0,0,,{0},否
env,present,输入,env_1_Design/PWM Input/InPort/U_Ch43_PWM_In_Enable,0,0,0,,{0},否
env,present,输入,env_1_Design/PWM Input/InPort/U_Ch43_PWM_In_FIU,0,0,0,,{0},否
env,present,输入,env_1_Design/PWM Input/InPort/U_Ch43_PWM_In_SafetySwitch,0,0,0,,{0},否
env,present,输入,env_1_Design/PWM Input/InPort/U_Ch44_PWM_In_Enable,0,0,0,,{0},否
env,present,输入,env_1_Design/PWM Input/InPort/U_Ch44_PWM_In_FIU,0,0,0,,{0},否
env,present,输入,env_1_Design/PWM Input/InPort/U_Ch44_PWM_In_SafetySwitch,0,0,0,,{0},否
env,present,输入,env_1_Design/PWM Input/InPort/U_Ch45_PWM_In_Enable,0,0,0,,{0},否
env,present,输入,env_1_Design/PWM Input/InPort/U_Ch45_PWM_In_FIU,0,0,0,,{0},否
env,present,输入,env_1_Design/PWM Input/InPort/U_Ch45_PWM_In_SafetySwitch,0,0,0,,{0},否
env,present,输入,env_1_Design/PWM Input/InPort/U_Ch46_PWM_In_Enable,0,0,0,,{0},否
env,present,输入,env_1_Design/PWM Input/InPort/U_Ch46_PWM_In_FIU,0,0,0,,{0},否
env,present,输入,env_1_Design/PWM Input/InPort/U_Ch46_PWM_In_SafetySwitch,0,0,0,,{0},否
env,present,输入,env_1_Design/PWM Input/InPort/U_Ch47_PWM_In_Enable,0,0,0,,{0},否
env,present,输入,env_1_Design/PWM Input/InPort/U_Ch47_PWM_In_FIU,0,0,0,,{0},否
env,present,输入,env_1_Design/PWM Input/InPort/U_Ch47_PWM_In_SafetySwitch,0,0,0,,{0},否
env,present,输入,env_1_Design/PWM Input/InPort/U_Ch48_PWM_In_Enable,0,0,0,,{0},否
env,present,输入,env_1_Design/PWM Input/InPort/U_Ch48_PWM_In_FIU,0,0,0,,{0},否
env,present,输入,env_1_Design/PWM Input/InPort/U_Ch48_PWM_In_SafetySwitch,0,0,0,,{0},否
env,present,输入,env_1_Design/PWM Input/InPort/Model_Disabled,0,0,0,,{0},否
env,present,输入,env_1_Design/PWM Input/InPort/Model_Reset,0,0,0,,{0},否
env,present,输出,env_1_Design/PWM Input/OutPort/Y_Ch1_PWM_In_Frequency,0,0,0,,{0},否
env,present,输出,env_1_Design/PWM Input/OutPort/Y_Ch1_PWM_In_Period,0,0,0,,{0},否
env,present,输出,env_1_Design/PWM Input/OutPort/Y_Ch1_PWM_In_Duty_Ratio,0,0,0,,{0},否
env,present,输出,env_1_Design/PWM Input/OutPort/Y_Ch1_PWM_In_Amplitude,0,0,0,,{0},否
env,present,输出,env_1_Design/PWM Input/OutPort/Y_Ch1_Support_Features,0,0,0,,{0},否
env,present,输出,env_1_Design/PWM Input/OutPort/Y_Ch1.Valid,0,0,0,,{0},否
env,present,输出,env_1_Design/PWM Input/OutPort/Y_Ch2_PWM_In_Frequency,0,0,0,,{0},否
env,present,输出,env_1_Design/PWM Input/OutPort/Y_Ch2_PWM_In_Period,0,0,0,,{0},否
env,present,输出,env_1_Design/PWM Input/OutPort/Y_Ch2_PWM_In_Duty_Ratio,0,0,0,,{0},否
env,present,输出,env_1_Design/PWM Input/OutPort/Y_Ch2_PWM_In_Amplitude,0,0,0,,{0},否
env,present,输出,env_1_Design/PWM Input/OutPort/Y_Ch2_Support_Features,0,0,0,,{0},否
env,present,输出,env_1_Design/PWM Input/OutPort/Y_Ch2.Valid,0,0,0,,{0},否
env,present,输出,env_1_Design/PWM Input/OutPort/Y_Ch3_PWM_In_Frequency,0,0,0,,{0},否
env,present,输出,env_1_Design/PWM Input/OutPort/Y_Ch3_PWM_In_Period,0,0,0,,{0},否
env,present,输出,env_1_Design/PWM Input/OutPort/Y_Ch3_PWM_In_Duty_Ratio,0,0,0,,{0},否
env,present,输出,env_1_Design/PWM Input/OutPort/Y_Ch3_PWM_In_Amplitude,0,0,0,,{0},否
env,present,输出,env_1_Design/PWM Input/OutPort/Y_Ch3_Support_Features,0,0,0,,{0},否
env,present,输出,env_1_Design/PWM Input/OutPort/Y_Ch3.Valid,0,0,0,,{0},否
env,present,输出,env_1_Design/PWM Input/OutPort/Y_Ch4_PWM_In_Frequency,0,0,0,,{0},否
env,present,输出,env_1_Design/PWM Input/OutPort/Y_Ch4_PWM_In_Period,0,0,0,,{0},否
env,present,输出,env_1_Design/PWM Input/OutPort/Y_Ch4_PWM_In_Duty_Ratio,0,0,0,,{0},否
env,present,输出,env_1_Design/PWM Input/OutPort/Y_Ch4_PWM_In_Amplitude,0,0,0,,{0},否
env,present,输出,env_1_Design/PWM Input/OutPort/Y_Ch4_Support_Features,0,0,0,,{0},否
env,present,输出,env_1_Design/PWM Input/OutPort/Y_Ch4.Valid,0,0,0,,{0},否
env,present,输出,env_1_Design/PWM Input/OutPort/Y_Ch5_PWM_In_Frequency,0,0,0,,{0},否
env,present,输出,env_1_Design/PWM Input/OutPort/Y_Ch5_PWM_In_Period,0,0,0,,{0},否
env,present,输出,env_1_Design/PWM Input/OutPort/Y_Ch5_PWM_In_Duty_Ratio,0,0,0,,{0},否
env,present,输出,env_1_Design/PWM Input/OutPort/Y_Ch5_PWM_In_Amplitude,0,0,0,,{0},否
env,present,输出,env_1_Design/PWM Input/OutPort/Y_Ch5_Support_Features,0,0,0,,{0},否
env,present,输出,env_1_Design/PWM Input/OutPort/Y_Ch5.Valid,0,0,0,,{0},否
env,present,输出,env_1_Design/PWM Input/OutPort/Y_Ch6_PWM_In_Frequency,0,0,0,,{0},否
env,present,输出,env_1_Design/PWM Input/OutPort/Y_Ch6_PWM_In_Period,0,0,0,,{0},否
env,present,输出,env_1_Design/PWM Input/OutPort/Y_Ch6_PWM_In_Duty_Ratio,0,0,0,,{0},否
env,present,输出,env_1_Design/PWM Input/OutPort/Y_Ch6_PWM_In_Amplitude,0,0,0,,{0},否
env,present,输出,env_1_Design/PWM Input/OutPort/Y_Ch6_Support_Features,0,0,0,,{0},否
env,present,输出,env_1_Design/PWM Input/OutPort/Y_Ch6.Valid,0,0,0,,{0},否
env,present,输出,env_1_Design/PWM Input/OutPort/Y_Ch7_PWM_In_Frequency,0,0,0,,{0},否
env,present,输出,env_1_Design/PWM Input/OutPort/Y_Ch7_PWM_In_Period,0,0,0,,{0},否
env,present,输出,env_1_Design/PWM Input/OutPort/Y_Ch7_PWM_In_Duty_Ratio,0,0,0,,{0},否
env,present,输出,env_1_Design/PWM Input/OutPort/Y_Ch7_PWM_In_Amplitude,0,0,0,,{0},否
env,present,输出,env_1_Design/PWM Input/OutPort/Y_Ch7_Support_Features,0,0,0,,{0},否
env,present,输出,env_1_Design/PWM Input/OutPort/Y_Ch7.Valid,0,0,0,,{0},否
env,present,输出,env_1_Design/PWM Input/OutPort/Y_Ch8_PWM_In_Frequency,0,0,0,,{0},否
env,present,输出,env_1_Design/CAN/OutPort/CAN_CH2.Statistic.Receive.Y_CAN_Ch2_TotalRxStdFramesCnt,8476,60226,616,"1.933, 2.133, 2.333, 2.533, 2.733, 2.933, 3.133, 3.333, 3.533, 3.733 …",min=8476; max=60226; distinct=617,否
env,present,输出,env_1_Design/CAN/OutPort/CAN_CH2.Statistic.Receive.Y_CAN_Ch2_RxStdFramesCnt,420,448,116,"2.133, 3.333, 4.333, 5.333, 6.333, 7.333, 8.333, 9.533, 10.533, 11.533 …",min=420; max=448; distinct=23,否
env,present,输出,env_1_Design/CAN/OutPort/CAN_CH2.Statistic.Receive.Y_CAN_Ch2_TotalRxExtFramesCnt,0,0,0,,{0},否
env,present,输出,env_1_Design/CAN/OutPort/CAN_CH2.Statistic.Receive.Y_CAN_Ch2_RxExtFramesCnt,0,0,0,,{0},否
env,present,输出,env_1_Design/CAN/OutPort/CAN_CH2.Statistic.Receive.Y_CAN_Ch2_TotalRxStdRemoteFramesCnt,0,0,0,,{0},否
env,present,输出,env_1_Design/CAN/OutPort/CAN_CH2.Statistic.Receive.Y_CAN_Ch2_RxStdRemoteFramesCnt,0,0,0,,{0},否
env,present,输出,env_1_Design/CAN/OutPort/CAN_CH2.Statistic.Receive.Y_CAN_Ch2_TotalRxExtRemoteFramesCnt,0,0,0,,{0},否
env,present,输出,env_1_Design/CAN/OutPort/CAN_CH2.Statistic.Receive.Y_CAN_Ch2_RxExtRemoteFramesCnt,0,0,0,,{0},否
env,present,输出,env_1_Design/CAN/OutPort/CAN_CH2.Statistic.ErrorFrame.Y_CAN_Ch2_TotalTxErrorsCnt,0,0,0,,{0},否
env,present,输出,env_1_Design/CAN/OutPort/CAN_CH2.Statistic.ErrorFrame.Y_CAN_Ch2_TotalRxErrorsCnt,0,0,0,,{0},否
env,present,输出,env_1_Design/CAN/OutPort/CAN_CH2.Statistic.ErrorFrame.Y_CAN_Ch2_TotalErrorsCnt,0,0,0,,{0},否
env,present,输出,env_1_Design/CAN/OutPort/CAN_CH2.Statistic.ErrorFrame.Y_CAN_Ch2_TxErrorsCnt,0,0,0,,{0},否
env,present,输出,env_1_Design/CAN/OutPort/CAN_CH2.Statistic.ErrorFrame.Y_CAN_Ch2_RxErrorsCnt,0,0,0,,{0},否
env,present,输出,env_1_Design/CAN/OutPort/CAN_CH2.Statistic.ErrorFrame.Y_CAN_Ch2_ErrorsCnt,0,0,0,,{0},否
env,present,输出,env_1_Design/CAN/OutPort/CAN_CH2.Statistic.ErrorFrame.Y_CAN_Ch2_TotalNackErrorsCnt,0,0,0,,{0},否
env,present,输出,env_1_Design/CAN/OutPort/CAN_CH2.Statistic.ErrorFrame.Y_CAN_Ch2_TotalSufferErrorsCnt,0,0,0,,{0},否
env,present,输出,env_1_Design/CAN/OutPort/CAN_CH2.Statistic.ErrorFrame.Y_CAN_Ch2_TotalBit0ErrorsCnt,0,0,0,,{0},否
env,present,输出,env_1_Design/CAN/OutPort/CAN_CH2.Statistic.ErrorFrame.Y_CAN_Ch2_TotalBit1ErrorsCnt,0,0,0,,{0},否
env,present,输出,env_1_Design/CAN/OutPort/CAN_CH2.Statistic.ErrorFrame.Y_CAN_Ch2_TotalCrcErrorsCnt,0,0,0,,{0},否
env,present,输出,env_1_Design/CAN/OutPort/CAN_CH2.Statistic.ErrorFrame.Y_CAN_Ch2_TotalFormErrorsCnt,0,0,0,,{0},否
env,present,输出,env_1_Design/CAN/OutPort/CAN_CH2.Statistic.ErrorFrame.Y_CAN_Ch2_NackErrorsCnt,0,0,0,,{0},否
env,present,输出,env_1_Design/CAN/OutPort/CAN_CH2.Statistic.ErrorFrame.Y_CAN_Ch2_SufferErrorsCnt,0,0,0,,{0},否
env,present,输出,env_1_Design/CAN/OutPort/CAN_CH2.Statistic.ErrorFrame.Y_CAN_Ch2_Bit0ErrorsCnt,0,0,0,,{0},否
env,present,输出,env_1_Design/CAN/OutPort/CAN_CH2.Statistic.ErrorFrame.Y_CAN_Ch2_Bit1ErrorsCnt,0,0,0,,{0},否
env,present,输出,env_1_Design/CAN/OutPort/CAN_CH2.Statistic.ErrorFrame.Y_CAN_Ch2_CrcErrorsCnt,0,0,0,,{0},否
env,present,输出,env_1_Design/CAN/OutPort/CAN_CH2.Statistic.ErrorFrame.Y_CAN_Ch2_FormErrorsCnt,0,0,0,,{0},否
env,present,输出,env_1_Design/CAN/OutPort/CAN_CH2.Statistic.AllFrame.Y_CAN_Ch2_TotalFramesCnt,9673,68774,616,"1.933, 2.133, 2.333, 2.533, 2.733, 2.933, 3.133, 3.333, 3.533, 3.733 …",min=9673; max=68774; distinct=617,否
env,present,输出,env_1_Design/CAN/OutPort/CAN_CH2.Statistic.AllFrame.Y_CAN_Ch2_FramesCnt,480,514,117,"2.133, 3.333, 4.333, 5.333, 6.333, 7.333, 8.333, 9.533, 10.533, 11.533 …",min=480; max=514; distinct=29,否
env,present,输出,env_1_Design/CAN/OutPort/CAN_CH2.Statistic.AllFrame.Y_CAN_Ch2_TotalStdFramesCnt,9682,68824,616,"1.933, 2.133, 2.333, 2.533, 2.733, 2.933, 3.133, 3.333, 3.533, 3.733 …",min=9682; max=68824; distinct=617,否
env,present,输出,env_1_Design/CAN/OutPort/CAN_CH2.Statistic.AllFrame.Y_CAN_Ch2_StdFramesCnt,480,514,114,"2.133, 3.333, 4.333, 5.333, 6.333, 7.333, 8.333, 9.533, 10.533, 11.533 …",min=480; max=514; distinct=24,否
env,present,输出,env_1_Design/CAN/OutPort/CAN_CH2.Statistic.AllFrame.Y_CAN_Ch2_TotalExtFramesCnt,0,0,0,,{0},否
env,present,输出,env_1_Design/CAN/OutPort/CAN_CH2.Statistic.AllFrame.Y_CAN_Ch2_ExtFramesCnt,0,0,0,,{0},否
env,present,输出,env_1_Design/CAN/OutPort/CAN_CH2.Statistic.AllFrame.Y_CAN_Ch2_TotalStdRemoteFramesCnt,0,0,0,,{0},否
env,present,输出,env_1_Design/CAN/OutPort/CAN_CH2.Statistic.AllFrame.Y_CAN_Ch2_StdRemoteFramesCnt,0,0,0,,{0},否
env,present,输出,env_1_Design/CAN/OutPort/CAN_CH2.Statistic.AllFrame.Y_CAN_Ch2_TotalExtRemoteFramesCnt,0,0,0,,{0},否
env,present,输出,env_1_Design/CAN/OutPort/CAN_CH2.Statistic.AllFrame.Y_CAN_Ch2_ExtRemoteFramesCnt,0,0,0,,{0},否
env,present,输出,env_1_Design/CAN/OutPort/CAN_CH2.Statistic.Y_CAN_Ch2_BurstTime,0,0,0,,{0},否
env,present,输出,env_1_Design/CAN/OutPort/CAN_CH2.Valid,0,0,0,,{0},否
env,present,输出,env_1_Design/CAN/OutPort/CAN_CH2.Background_Traffic.Valid,0,0,0,,{0},否
env,present,输出,env_1_Design/CAN/OutPort/CAN_CH2.Sample_Point_Test.Result,0,0,0,,{0},否
env,present,输出,env_1_Design/CAN/OutPort/CAN_CH2.Sample_Point_Test.Arbitration_Phase.Measeure_Sample_Ponit,0,0,0,,{0},否
env,present,输出,env_1_Design/CAN/OutPort/CAN_CH2.Sample_Point_Test.Data_Phase.Measeure_Sample_Ponit,0,0,0,,{0},否
env,present,输出,env_1_Design/CAN/OutPort/CAN_CH2.Sample_Point_Test.Valid,0,0,0,,{0},否
env,present,输出,env_1_Design/CAN/OutPort/CAN_CH2.Error_Inject.Valid,0,0,0,,{0},否
env,present,输出,env_1_Design/CAN/OutPort/CAN_CH2.Custom_Sequence.Valid,0,0,0,,{0},否
env,present,输出,env_1_Design/CAN/OutPort/CAN_CH3.Config.Y_CAN_Ch3_Mode,2,2,0,,{2},否
env,present,输出,env_1_Design/CAN/OutPort/CAN_CH3.Config.Y_CAN_Ch3_Bitrate,500000,500000,0,,{500000},否
env,present,输出,env_1_Design/CAN/OutPort/CAN_CH3.Config.Y_CAN_Ch3_SamplePoint,0.75,0.75,0,,{0.75},否
env,present,输出,env_1_Design/CAN/OutPort/CAN_CH3.Config.Y_CAN_Ch3_DataBitrate,2e+06,2e+06,0,,{2e+06},否
env,present,输出,env_1_Design/CAN/OutPort/CAN_CH3.Config.Y_CAN_Ch3_DataSamplePoint,0.75,0.75,0,,{0.75},否
env,present,输出,env_1_Design/CAN/OutPort/CAN_CH3.Statistic.Y_CAN_Ch3_Busload,0,0,0,,{0},否
env,present,输出,env_1_Design/CAN/OutPort/CAN_CH3.Statistic.Chip State.Y_CAN_Ch3_ChipState,1,1,0,,{1},否
env,present,输出,env_1_Design/CAN/OutPort/CAN_CH3.Statistic.Chip State.Y_CAN_Ch3_TransmitErrorCount,0,0,0,,{0},否
env,present,输出,env_1_Design/CAN/OutPort/CAN_CH3.Statistic.Chip State.Y_CAN_Ch3_ReceiveErrorCount,0,0,0,,{0},否
env,present,输出,env_1_Design/CAN/OutPort/CAN_CH3.Statistic.Transmit.Y_CAN_Ch3_TotalTxFramesCnt,0,0,0,,{0},否
env,present,输出,env_1_Design/CAN/OutPort/CAN_CH3.Statistic.Transmit.Y_CAN_Ch3_TxFramesCnt,0,0,0,,{0},否
env,present,输出,env_1_Design/CAN/OutPort/CAN_CH3.Statistic.Transmit.Y_CAN_Ch3_TotalTxStdFramesCnt,0,0,0,,{0},否
env,present,输出,env_1_Design/CAN/OutPort/CAN_CH3.Statistic.Transmit.Y_CAN_Ch3_TxStdFramesCnt,0,0,0,,{0},否
env,present,输出,env_1_Design/CAN/OutPort/CAN_CH3.Statistic.Transmit.Y_CAN_Ch3_TotalTxExtFramesCnt,0,0,0,,{0},否
env,present,输出,env_1_Design/CAN/OutPort/CAN_CH3.Statistic.Transmit.Y_CAN_Ch3_TxExtFramesCnt,0,0,0,,{0},否
env,present,输出,env_1_Design/CAN/OutPort/CAN_CH3.Statistic.Transmit.Y_CAN_Ch3_TotalTxStdRemoteFramesCnt,0,0,0,,{0},否
env,present,输出,env_1_Design/CAN/OutPort/CAN_CH3.Statistic.Transmit.Y_CAN_Ch3_TxStdRemoteFramesCnt,0,0,0,,{0},否
env,present,输出,env_1_Design/CAN/OutPort/CAN_CH3.Statistic.Transmit.Y_CAN_Ch3_TotalTxExtRemoteFramesCnt,0,0,0,,{0},否
env,present,输出,env_1_Design/CAN/OutPort/CAN_CH3.Statistic.Transmit.Y_CAN_Ch3_TxExtRemoteFramesCnt,0,0,0,,{0},否
env,present,输出,env_1_Design/CAN/OutPort/CAN_CH3.Statistic.Receive.Y_CAN_Ch3_TotalRxFramesCnt,0,0,0,,{0},否
env,present,输出,env_1_Design/CAN/OutPort/CAN_CH3.Statistic.Receive.Y_CAN_Ch3_RxFramesCnt,0,0,0,,{0},否
env,present,输出,env_1_Design/CAN/OutPort/CAN_CH3.Statistic.Receive.Y_CAN_Ch3_TotalRxStdFramesCnt,0,0,0,,{0},否
env,present,输出,env_1_Design/CAN/OutPort/CAN_CH3.Statistic.Receive.Y_CAN_Ch3_RxStdFramesCnt,0,0,0,,{0},否
env,present,输出,env_1_Design/CAN/OutPort/CAN_CH3.Statistic.Receive.Y_CAN_Ch3_TotalRxExtFramesCnt,0,0,0,,{0},否
env,present,输出,env_1_Design/CAN/OutPort/CAN_CH3.Statistic.Receive.Y_CAN_Ch3_RxExtFramesCnt,0,0,0,,{0},否
env,present,输出,env_1_Design/CAN/OutPort/CAN_CH3.Statistic.Receive.Y_CAN_Ch3_TotalRxStdRemoteFramesCnt,0,0,0,,{0},否
env,present,输出,env_1_Design/CAN/OutPort/CAN_CH3.Statistic.Receive.Y_CAN_Ch3_RxStdRemoteFramesCnt,0,0,0,,{0},否
env,present,输出,env_1_Design/CAN/OutPort/CAN_CH3.Statistic.Receive.Y_CAN_Ch3_TotalRxExtRemoteFramesCnt,0,0,0,,{0},否
env,present,输出,env_1_Design/CAN/OutPort/CAN_CH3.Statistic.Receive.Y_CAN_Ch3_RxExtRemoteFramesCnt,0,0,0,,{0},否
env,present,输出,env_1_Design/CAN/OutPort/CAN_CH3.Statistic.ErrorFrame.Y_CAN_Ch3_TotalTxErrorsCnt,0,0,0,,{0},否
env,present,输出,env_1_Design/CAN/OutPort/CAN_CH3.Statistic.ErrorFrame.Y_CAN_Ch3_TotalRxErrorsCnt,0,0,0,,{0},否
env,present,输出,env_1_Design/CAN/OutPort/CAN_CH3.Statistic.ErrorFrame.Y_CAN_Ch3_TotalErrorsCnt,0,0,0,,{0},否
env,present,输出,env_1_Design/CAN/OutPort/CAN_CH3.Statistic.ErrorFrame.Y_CAN_Ch3_TxErrorsCnt,0,0,0,,{0},否
env,present,输出,env_1_Design/CAN/OutPort/CAN_CH3.Statistic.ErrorFrame.Y_CAN_Ch3_RxErrorsCnt,0,0,0,,{0},否
env,present,输出,env_1_Design/CAN/OutPort/CAN_CH3.Statistic.ErrorFrame.Y_CAN_Ch3_ErrorsCnt,0,0,0,,{0},否
env,present,输出,env_1_Design/CAN/OutPort/CAN_CH3.Statistic.ErrorFrame.Y_CAN_Ch3_TotalNackErrorsCnt,0,0,0,,{0},否
env,present,输出,env_1_Design/CAN/OutPort/CAN_CH3.Statistic.ErrorFrame.Y_CAN_Ch3_TotalSufferErrorsCnt,0,0,0,,{0},否
env,present,输出,env_1_Design/CAN/OutPort/CAN_CH3.Statistic.ErrorFrame.Y_CAN_Ch3_TotalBit0ErrorsCnt,0,0,0,,{0},否
env,present,输出,env_1_Design/CAN/OutPort/CAN_CH3.Statistic.ErrorFrame.Y_CAN_Ch3_TotalBit1ErrorsCnt,0,0,0,,{0},否
env,present,输出,env_1_Design/CAN/OutPort/CAN_CH3.Statistic.ErrorFrame.Y_CAN_Ch3_TotalCrcErrorsCnt,0,0,0,,{0},否
env,present,输出,env_1_Design/CAN/OutPort/CAN_CH3.Statistic.ErrorFrame.Y_CAN_Ch3_TotalFormErrorsCnt,0,0,0,,{0},否
env,present,输出,env_1_Design/CAN/OutPort/CAN_CH3.Statistic.ErrorFrame.Y_CAN_Ch3_NackErrorsCnt,0,0,0,,{0},否
env,present,输出,env_1_Design/CAN/OutPort/CAN_CH3.Statistic.ErrorFrame.Y_CAN_Ch3_SufferErrorsCnt,0,0,0,,{0},否
env,present,输出,env_1_Design/CAN/OutPort/CAN_CH3.Statistic.ErrorFrame.Y_CAN_Ch3_Bit0ErrorsCnt,0,0,0,,{0},否
env,present,输出,env_1_Design/CAN/OutPort/CAN_CH3.Statistic.ErrorFrame.Y_CAN_Ch3_Bit1ErrorsCnt,0,0,0,,{0},否
env,present,输出,env_1_Design/CAN/OutPort/CAN_CH3.Statistic.ErrorFrame.Y_CAN_Ch3_CrcErrorsCnt,0,0,0,,{0},否
env,present,输出,env_1_Design/CAN/OutPort/CAN_CH3.Statistic.ErrorFrame.Y_CAN_Ch3_FormErrorsCnt,0,0,0,,{0},否
env,present,输出,env_1_Design/CAN/OutPort/CAN_CH3.Statistic.AllFrame.Y_CAN_Ch3_TotalFramesCnt,0,0,0,,{0},否
env,present,输出,env_1_Design/CAN/OutPort/CAN_CH3.Statistic.AllFrame.Y_CAN_Ch3_FramesCnt,0,0,0,,{0},否
env,present,输出,env_1_Design/CAN/OutPort/CAN_CH3.Statistic.AllFrame.Y_CAN_Ch3_TotalStdFramesCnt,0,0,0,,{0},否
env,present,输出,env_1_Design/CAN/OutPort/CAN_CH3.Statistic.AllFrame.Y_CAN_Ch3_StdFramesCnt,0,0,0,,{0},否
env,present,输出,env_1_Design/CAN/OutPort/CAN_CH3.Statistic.AllFrame.Y_CAN_Ch3_TotalExtFramesCnt,0,0,0,,{0},否
env,present,输出,env_1_Design/CAN/OutPort/CAN_CH3.Statistic.AllFrame.Y_CAN_Ch3_ExtFramesCnt,0,0,0,,{0},否
env,present,输出,env_1_Design/CAN/OutPort/CAN_CH3.Statistic.AllFrame.Y_CAN_Ch3_TotalStdRemoteFramesCnt,0,0,0,,{0},否
env,present,输出,env_1_Design/CAN/OutPort/CAN_CH3.Statistic.AllFrame.Y_CAN_Ch3_StdRemoteFramesCnt,0,0,0,,{0},否
env,present,输出,env_1_Design/CAN/OutPort/CAN_CH3.Statistic.AllFrame.Y_CAN_Ch3_TotalExtRemoteFramesCnt,0,0,0,,{0},否
env,present,输出,env_1_Design/CAN/OutPort/CAN_CH3.Statistic.AllFrame.Y_CAN_Ch3_ExtRemoteFramesCnt,0,0,0,,{0},否
env,present,输出,env_1_Design/CAN/OutPort/CAN_CH3.Statistic.Y_CAN_Ch3_BurstTime,0,0,0,,{0},否
env,present,输出,env_1_Design/CAN/OutPort/CAN_CH3.Valid,0,0,0,,{0},否
env,present,输出,env_1_Design/CAN/OutPort/CAN_CH3.Background_Traffic.Valid,0,0,0,,{0},否
env,present,输出,env_1_Design/CAN/OutPort/CAN_CH3.Sample_Point_Test.Result,0,0,0,,{0},否
env,present,输出,env_1_Design/CAN/OutPort/CAN_CH3.Sample_Point_Test.Arbitration_Phase.Measeure_Sample_Ponit,0,0,0,,{0},否
env,present,输出,env_1_Design/CAN/OutPort/CAN_CH3.Sample_Point_Test.Data_Phase.Measeure_Sample_Ponit,0,0,0,,{0},否
env,present,输出,env_1_Design/CAN/OutPort/CAN_CH3.Sample_Point_Test.Valid,0,0,0,,{0},否
env,present,输出,env_1_Design/CAN/OutPort/CAN_CH3.Error_Inject.Valid,0,0,0,,{0},否
env,present,输出,env_1_Design/CAN/OutPort/CAN_CH3.Custom_Sequence.Valid,0,0,0,,{0},否
env,present,输出,env_1_Design/CAN/OutPort/CAN_CH4.Config.Y_CAN_Ch4_Mode,2,2,0,,{2},否
env,present,输出,env_1_Design/CAN/OutPort/CAN_CH4.Config.Y_CAN_Ch4_Bitrate,500000,500000,0,,{500000},否
env,present,输出,env_1_Design/CAN/OutPort/CAN_CH4.Config.Y_CAN_Ch4_SamplePoint,0.75,0.75,0,,{0.75},否
env,present,输出,env_1_Design/CAN/OutPort/CAN_CH4.Config.Y_CAN_Ch4_DataBitrate,2e+06,2e+06,0,,{2e+06},否
env,present,输出,env_1_Design/CAN/OutPort/CAN_CH4.Config.Y_CAN_Ch4_DataSamplePoint,0.75,0.75,0,,{0.75},否
env,present,输出,env_1_Design/CAN/OutPort/CAN_CH4.Statistic.Y_CAN_Ch4_Busload,0,0,0,,{0},否
env,present,输出,env_1_Design/CAN/OutPort/CAN_CH4.Statistic.Chip State.Y_CAN_Ch4_ChipState,1,1,0,,{1},否
env,present,输出,env_1_Design/CAN/OutPort/CAN_CH4.Statistic.Chip State.Y_CAN_Ch4_TransmitErrorCount,0,0,0,,{0},否
env,present,输出,env_1_Design/CAN/OutPort/CAN_CH4.Statistic.Chip State.Y_CAN_Ch4_ReceiveErrorCount,0,0,0,,{0},否
env,present,输出,env_1_Design/CAN/OutPort/CAN_CH4.Statistic.Transmit.Y_CAN_Ch4_TotalTxFramesCnt,0,0,0,,{0},否
env,present,输出,env_1_Design/CAN/OutPort/CAN_CH4.Statistic.Transmit.Y_CAN_Ch4_TxFramesCnt,0,0,0,,{0},否
env,present,输出,env_1_Design/CAN/OutPort/CAN_CH4.Statistic.Transmit.Y_CAN_Ch4_TotalTxStdFramesCnt,0,0,0,,{0},否
env,present,输出,env_1_Design/CAN/OutPort/CAN_CH4.Statistic.Transmit.Y_CAN_Ch4_TxStdFramesCnt,0,0,0,,{0},否
env,present,输出,env_1_Design/CAN/OutPort/CAN_CH4.Statistic.Transmit.Y_CAN_Ch4_TotalTxExtFramesCnt,0,0,0,,{0},否
env,present,输出,env_1_Design/CAN/OutPort/CAN_CH4.Statistic.Transmit.Y_CAN_Ch4_TxExtFramesCnt,0,0,0,,{0},否
env,present,输出,env_1_Design/CAN/OutPort/CAN_CH4.Statistic.Transmit.Y_CAN_Ch4_TotalTxStdRemoteFramesCnt,0,0,0,,{0},否
env,present,输出,env_1_Design/CAN/OutPort/CAN_CH4.Statistic.Transmit.Y_CAN_Ch4_TxStdRemoteFramesCnt,0,0,0,,{0},否
env,present,输出,env_1_Design/CAN/OutPort/CAN_CH4.Statistic.Transmit.Y_CAN_Ch4_TotalTxExtRemoteFramesCnt,0,0,0,,{0},否
env,present,输出,env_1_Design/CAN/OutPort/CAN_CH4.Statistic.Transmit.Y_CAN_Ch4_TxExtRemoteFramesCnt,0,0,0,,{0},否
env,present,输出,env_1_Design/CAN/OutPort/CAN_CH4.Statistic.Receive.Y_CAN_Ch4_TotalRxFramesCnt,0,0,0,,{0},否
env,present,输出,env_1_Design/CAN/OutPort/CAN_CH4.Statistic.Receive.Y_CAN_Ch4_RxFramesCnt,0,0,0,,{0},否
env,present,输出,env_1_Design/CAN/OutPort/CAN_CH4.Statistic.Receive.Y_CAN_Ch4_TotalRxStdFramesCnt,0,0,0,,{0},否
env,present,输出,env_1_Design/CAN/OutPort/CAN_CH4.Statistic.Receive.Y_CAN_Ch4_RxStdFramesCnt,0,0,0,,{0},否
env,present,输出,env_1_Design/CAN/OutPort/CAN_CH4.Statistic.Receive.Y_CAN_Ch4_TotalRxExtFramesCnt,0,0,0,,{0},否
env,present,输出,env_1_Design/CAN/OutPort/CAN_CH4.Statistic.Receive.Y_CAN_Ch4_RxExtFramesCnt,0,0,0,,{0},否
env,present,输出,env_1_Design/CAN/OutPort/CAN_CH4.Statistic.Receive.Y_CAN_Ch4_TotalRxStdRemoteFramesCnt,0,0,0,,{0},否
env,present,输出,env_1_Design/CAN/OutPort/CAN_CH4.Statistic.Receive.Y_CAN_Ch4_RxStdRemoteFramesCnt,0,0,0,,{0},否
env,present,输出,env_1_Design/CAN/OutPort/CAN_CH4.Statistic.Receive.Y_CAN_Ch4_TotalRxExtRemoteFramesCnt,0,0,0,,{0},否
env,present,输出,env_1_Design/CAN/OutPort/CAN_CH4.Statistic.Receive.Y_CAN_Ch4_RxExtRemoteFramesCnt,0,0,0,,{0},否
env,present,输出,env_1_Design/CAN/OutPort/CAN_CH4.Statistic.ErrorFrame.Y_CAN_Ch4_TotalTxErrorsCnt,0,0,0,,{0},否
env,present,输出,env_1_Design/CAN/OutPort/CAN_CH4.Statistic.ErrorFrame.Y_CAN_Ch4_TotalRxErrorsCnt,0,0,0,,{0},否
env,present,输出,env_1_Design/CAN/OutPort/CAN_CH4.Statistic.ErrorFrame.Y_CAN_Ch4_TotalErrorsCnt,0,0,0,,{0},否
env,present,输出,env_1_Design/CAN/OutPort/CAN_CH4.Statistic.ErrorFrame.Y_CAN_Ch4_TxErrorsCnt,0,0,0,,{0},否
env,present,输出,env_1_Design/CAN/OutPort/CAN_CH4.Statistic.ErrorFrame.Y_CAN_Ch4_RxErrorsCnt,0,0,0,,{0},否
env,present,输出,env_1_Design/CAN/OutPort/CAN_CH4.Statistic.ErrorFrame.Y_CAN_Ch4_ErrorsCnt,0,0,0,,{0},否
env,present,输出,env_1_Design/CAN/OutPort/CAN_CH4.Statistic.ErrorFrame.Y_CAN_Ch4_TotalNackErrorsCnt,0,0,0,,{0},否
env,present,输出,env_1_Design/CAN/OutPort/CAN_CH4.Statistic.ErrorFrame.Y_CAN_Ch4_TotalSufferErrorsCnt,0,0,0,,{0},否
env,present,输出,env_1_Design/CAN/OutPort/CAN_CH4.Statistic.ErrorFrame.Y_CAN_Ch4_TotalBit0ErrorsCnt,0,0,0,,{0},否
env,present,输出,env_1_Design/CAN/OutPort/CAN_CH4.Statistic.ErrorFrame.Y_CAN_Ch4_TotalBit1ErrorsCnt,0,0,0,,{0},否
env,present,输出,env_1_Design/CAN/OutPort/CAN_CH4.Statistic.ErrorFrame.Y_CAN_Ch4_TotalCrcErrorsCnt,0,0,0,,{0},否
env,present,输出,env_1_Design/CAN/OutPort/CAN_CH4.Statistic.ErrorFrame.Y_CAN_Ch4_TotalFormErrorsCnt,0,0,0,,{0},否
env,present,输出,env_1_Design/CAN/OutPort/CAN_CH4.Statistic.ErrorFrame.Y_CAN_Ch4_NackErrorsCnt,0,0,0,,{0},否
env,present,输出,env_1_Design/CAN/OutPort/CAN_CH4.Statistic.ErrorFrame.Y_CAN_Ch4_SufferErrorsCnt,0,0,0,,{0},否
env,present,输出,env_1_Design/CAN/OutPort/CAN_CH4.Statistic.ErrorFrame.Y_CAN_Ch4_Bit0ErrorsCnt,0,0,0,,{0},否
env,present,输出,env_1_Design/CAN/OutPort/CAN_CH4.Statistic.ErrorFrame.Y_CAN_Ch4_Bit1ErrorsCnt,0,0,0,,{0},否
env,present,输出,env_1_Design/CAN/OutPort/CAN_CH4.Statistic.ErrorFrame.Y_CAN_Ch4_CrcErrorsCnt,0,0,0,,{0},否
env,present,输出,env_1_Design/CAN/OutPort/CAN_CH4.Statistic.ErrorFrame.Y_CAN_Ch4_FormErrorsCnt,0,0,0,,{0},否
env,present,输出,env_1_Design/CAN/OutPort/CAN_CH4.Statistic.AllFrame.Y_CAN_Ch4_TotalFramesCnt,0,0,0,,{0},否
env,present,输出,env_1_Design/CAN/OutPort/CAN_CH4.Statistic.AllFrame.Y_CAN_Ch4_FramesCnt,0,0,0,,{0},否
env,present,输出,env_1_Design/CAN/OutPort/CAN_CH4.Statistic.AllFrame.Y_CAN_Ch4_TotalStdFramesCnt,0,0,0,,{0},否
env,present,输出,env_1_Design/CAN/OutPort/CAN_CH4.Statistic.AllFrame.Y_CAN_Ch4_StdFramesCnt,0,0,0,,{0},否
env,present,输出,env_1_Design/CAN/OutPort/CAN_CH4.Statistic.AllFrame.Y_CAN_Ch4_TotalExtFramesCnt,0,0,0,,{0},否
env,present,输出,env_1_Design/CAN/OutPort/CAN_CH4.Statistic.AllFrame.Y_CAN_Ch4_ExtFramesCnt,0,0,0,,{0},否
env,present,输出,env_1_Design/CAN/OutPort/CAN_CH4.Statistic.AllFrame.Y_CAN_Ch4_TotalStdRemoteFramesCnt,0,0,0,,{0},否
env,present,输出,env_1_Design/CAN/OutPort/CAN_CH4.Statistic.AllFrame.Y_CAN_Ch4_StdRemoteFramesCnt,0,0,0,,{0},否
env,present,输出,env_1_Design/CAN/OutPort/CAN_CH4.Statistic.AllFrame.Y_CAN_Ch4_TotalExtRemoteFramesCnt,0,0,0,,{0},否
env,present,输出,env_1_Design/CAN/OutPort/CAN_CH4.Statistic.AllFrame.Y_CAN_Ch4_ExtRemoteFramesCnt,0,0,0,,{0},否
env,present,输出,env_1_Design/CAN/OutPort/CAN_CH4.Statistic.Y_CAN_Ch4_BurstTime,0,0,0,,{0},否
env,present,输出,env_1_Design/CAN/OutPort/CAN_CH4.Valid,0,0,0,,{0},否
env,present,输出,env_1_Design/CAN/OutPort/CAN_CH4.Background_Traffic.Valid,0,0,0,,{0},否
env,present,输出,env_1_Design/CAN/OutPort/CAN_CH4.Sample_Point_Test.Result,0,0,0,,{0},否
env,present,输出,env_1_Design/CAN/OutPort/CAN_CH4.Sample_Point_Test.Arbitration_Phase.Measeure_Sample_Ponit,0,0,0,,{0},否
env,present,输出,env_1_Design/CAN/OutPort/CAN_CH4.Sample_Point_Test.Data_Phase.Measeure_Sample_Ponit,0,0,0,,{0},否
env,present,输出,env_1_Design/CAN/OutPort/CAN_CH4.Sample_Point_Test.Valid,0,0,0,,{0},否
env,present,输出,env_1_Design/CAN/OutPort/CAN_CH4.Error_Inject.Valid,0,0,0,,{0},否
env,present,输出,env_1_Design/CAN/OutPort/CAN_CH4.Custom_Sequence.Valid,0,0,0,,{0},否
env,present,输出,env_1_Design/CAN/OutPort/CAN_CH5.Config.Y_CAN_Ch5_Mode,2,2,0,,{2},否
env,present,输出,env_1_Design/CAN/OutPort/CAN_CH5.Config.Y_CAN_Ch5_Bitrate,500000,500000,0,,{500000},否
env,present,输出,env_1_Design/CAN/OutPort/CAN_CH5.Config.Y_CAN_Ch5_SamplePoint,0.75,0.75,0,,{0.75},否
env,present,输出,env_1_Design/CAN/OutPort/CAN_CH5.Config.Y_CAN_Ch5_DataBitrate,2e+06,2e+06,0,,{2e+06},否
env,present,输出,env_1_Design/CAN/OutPort/CAN_CH5.Config.Y_CAN_Ch5_DataSamplePoint,0.75,0.75,0,,{0.75},否
env,present,输出,env_1_Design/CAN/OutPort/CAN_CH5.Statistic.Y_CAN_Ch5_Busload,0,0,0,,{0},否
env,present,输出,env_1_Design/CAN/OutPort/CAN_CH5.Statistic.Chip State.Y_CAN_Ch5_ChipState,1,1,0,,{1},否
env,present,输出,env_1_Design/CAN/OutPort/CAN_CH5.Statistic.Chip State.Y_CAN_Ch5_TransmitErrorCount,0,0,0,,{0},否
env,present,输出,env_1_Design/CAN/OutPort/CAN_CH5.Statistic.Chip State.Y_CAN_Ch5_ReceiveErrorCount,0,0,0,,{0},否
env,present,输出,env_1_Design/CAN/OutPort/CAN_CH5.Statistic.Transmit.Y_CAN_Ch5_TotalTxFramesCnt,0,0,0,,{0},否
env,present,输出,env_1_Design/CAN/OutPort/CAN_CH5.Statistic.Transmit.Y_CAN_Ch5_TxFramesCnt,0,0,0,,{0},否
env,present,输出,env_1_Design/CAN/OutPort/CAN_CH5.Statistic.Transmit.Y_CAN_Ch5_TotalTxStdFramesCnt,0,0,0,,{0},否
env,present,输出,env_1_Design/CAN/OutPort/CAN_CH5.Statistic.Transmit.Y_CAN_Ch5_TxStdFramesCnt,0,0,0,,{0},否
env,present,输出,env_1_Design/CAN/OutPort/CAN_CH5.Statistic.Transmit.Y_CAN_Ch5_TotalTxExtFramesCnt,0,0,0,,{0},否
env,present,输出,env_1_Design/CAN/OutPort/CAN_CH5.Statistic.Transmit.Y_CAN_Ch5_TxExtFramesCnt,0,0,0,,{0},否
env,present,输出,env_1_Design/CAN/OutPort/CAN_CH5.Statistic.Transmit.Y_CAN_Ch5_TotalTxStdRemoteFramesCnt,0,0,0,,{0},否
env,present,输出,env_1_Design/CAN/OutPort/CAN_CH5.Statistic.Transmit.Y_CAN_Ch5_TxStdRemoteFramesCnt,0,0,0,,{0},否
env,present,输出,env_1_Design/CAN/OutPort/CAN_CH5.Statistic.Transmit.Y_CAN_Ch5_TotalTxExtRemoteFramesCnt,0,0,0,,{0},否
env,present,输出,env_1_Design/CAN/OutPort/CAN_CH5.Statistic.Transmit.Y_CAN_Ch5_TxExtRemoteFramesCnt,0,0,0,,{0},否
env,present,输出,env_1_Design/CAN/OutPort/CAN_CH5.Statistic.Receive.Y_CAN_Ch5_TotalRxFramesCnt,0,0,0,,{0},否
env,present,输出,env_1_Design/CAN/OutPort/CAN_CH5.Statistic.Receive.Y_CAN_Ch5_RxFramesCnt,0,0,0,,{0},否
env,present,输出,env_1_Design/CAN/OutPort/CAN_CH5.Statistic.Receive.Y_CAN_Ch5_TotalRxStdFramesCnt,0,0,0,,{0},否
env,present,输出,env_1_Design/CAN/OutPort/CAN_CH5.Statistic.Receive.Y_CAN_Ch5_RxStdFramesCnt,0,0,0,,{0},否
env,present,输出,env_1_Design/Digital Input/OutPort/Y_Ch2_Support_Features,0,0,0,,{0},否
env,present,输出,env_1_Design/Digital Input/OutPort/Y_Ch2.Valid,0,1,204,"2.056, 2.456, 3.856, 4.256, 4.856, 5.056, 5.656, 5.856, 6.456, 6.656 …","{0, 1}",否
env,present,输出,env_1_Design/Digital Input/OutPort/Y_DI_Ch3_On_Off_Status,0,0,0,,{0},否
env,present,输出,env_1_Design/Digital Input/OutPort/Y_Ch3_Support_Features,0,0,0,,{0},否
env,present,输出,env_1_Design/Digital Input/OutPort/Y_Ch3.Valid,0,1,204,"2.056, 2.456, 3.856, 4.256, 4.856, 5.056, 5.656, 5.856, 6.456, 6.656 …","{0, 1}",否
env,present,输出,env_1_Design/Digital Input/OutPort/Y_DI_Ch4_On_Off_Status,0,0,0,,{0},否
env,present,输出,env_1_Design/Digital Input/OutPort/Y_Ch4_Support_Features,0,0,0,,{0},否
env,present,输出,env_1_Design/Digital Input/OutPort/Y_Ch4.Valid,0,1,204,"2.056, 2.456, 3.856, 4.256, 4.856, 5.056, 5.656, 5.856, 6.456, 6.656 …","{0, 1}",否
env,present,输出,env_1_Design/Digital Input/OutPort/Y_DI_Ch5_On_Off_Status,0,0,0,,{0},否
env,present,输出,env_1_Design/Digital Input/OutPort/Y_Ch5_Support_Features,0,0,0,,{0},否
env,present,输出,env_1_Design/Digital Input/OutPort/Y_Ch5.Valid,0,1,204,"2.056, 2.456, 3.856, 4.256, 4.856, 5.056, 5.656, 5.856, 6.456, 6.656 …","{0, 1}",否
env,present,输出,env_1_Design/Digital Input/OutPort/Y_DI_Ch6_On_Off_Status,0,0,0,,{0},否
env,present,输出,env_1_Design/Digital Input/OutPort/Y_Ch6_Support_Features,0,0,0,,{0},否
env,present,输出,env_1_Design/Digital Input/OutPort/Y_Ch6.Valid,0,1,204,"2.056, 2.456, 3.856, 4.256, 4.856, 5.056, 5.656, 5.856, 6.456, 6.656 …","{0, 1}",否
env,present,输出,env_1_Design/Digital Input/OutPort/Y_DI_Ch7_On_Off_Status,0,0,0,,{0},否
env,present,输出,env_1_Design/Digital Input/OutPort/Y_Ch7_Support_Features,0,0,0,,{0},否
env,present,输出,env_1_Design/Digital Input/OutPort/Y_Ch7.Valid,0,1,204,"2.056, 2.456, 3.856, 4.256, 4.856, 5.056, 5.656, 5.856, 6.456, 6.656 …","{0, 1}",否
env,present,输出,env_1_Design/Digital Input/OutPort/Y_DI_Ch8_On_Off_Status,0,0,0,,{0},否
env,present,输出,env_1_Design/Digital Input/OutPort/Y_Ch8_Support_Features,0,0,0,,{0},否
env,present,输出,env_1_Design/Digital Input/OutPort/Y_Ch8.Valid,0,1,204,"2.056, 2.456, 3.856, 4.256, 4.856, 5.056, 5.656, 5.856, 6.456, 6.656 …","{0, 1}",否
env,present,输出,env_1_Design/Digital Input/OutPort/Y_DI_Ch9_On_Off_Status,0,0,0,,{0},否
env,present,输出,env_1_Design/Digital Input/OutPort/Y_Ch9_Support_Features,0,0,0,,{0},否
env,present,输出,env_1_Design/Digital Input/OutPort/Y_Ch9.Valid,0,1,204,"2.056, 2.456, 3.856, 4.256, 4.856, 5.056, 5.656, 5.856, 6.456, 6.656 …","{0, 1}",否
env,present,输出,env_1_Design/Digital Input/OutPort/Y_DI_Ch10_On_Off_Status,0,0,0,,{0},否
env,present,输出,env_1_Design/Digital Input/OutPort/Y_Ch10_Support_Features,0,0,0,,{0},否
env,present,输出,env_1_Design/Digital Input/OutPort/Y_Ch10.Valid,0,1,204,"2.056, 2.456, 3.856, 4.256, 4.856, 5.056, 5.656, 5.856, 6.456, 6.656 …","{0, 1}",否
env,present,输出,env_1_Design/Digital Input/OutPort/Y_DI_Ch11_On_Off_Status,0,0,0,,{0},否
env,present,输出,env_1_Design/Digital Input/OutPort/Y_Ch11_Support_Features,0,0,0,,{0},否
env,present,输出,env_1_Design/Digital Input/OutPort/Y_Ch11.Valid,0,1,204,"2.056, 2.456, 3.856, 4.256, 4.856, 5.056, 5.656, 5.856, 6.456, 6.656 …","{0, 1}",否
env,present,输出,env_1_Design/Digital Input/OutPort/Y_DI_Ch12_On_Off_Status,0,0,0,,{0},否
env,present,输出,env_1_Design/Digital Input/OutPort/Y_Ch12_Support_Features,0,0,0,,{0},否
env,present,输出,env_1_Design/Digital Input/OutPort/Y_Ch12.Valid,0,1,204,"2.056, 2.456, 3.856, 4.256, 4.856, 5.056, 5.656, 5.856, 6.456, 6.656 …","{0, 1}",否
env,present,输出,env_1_Design/Digital Input/OutPort/Y_DI_Ch13_On_Off_Status,0,0,0,,{0},否
env,present,输出,env_1_Design/Digital Input/OutPort/Y_Ch13_Support_Features,0,0,0,,{0},否
env,present,输出,env_1_Design/Digital Input/OutPort/Y_Ch13.Valid,0,1,204,"2.056, 2.456, 3.856, 4.256, 4.856, 5.056, 5.656, 5.856, 6.456, 6.656 …","{0, 1}",否
env,present,输出,env_1_Design/Digital Input/OutPort/Y_DI_Ch14_On_Off_Status,0,0,0,,{0},否
env,present,输出,env_1_Design/Digital Input/OutPort/Y_Ch14_Support_Features,0,0,0,,{0},否
env,present,输出,env_1_Design/Digital Input/OutPort/Y_Ch14.Valid,0,1,204,"2.056, 2.456, 3.856, 4.256, 4.856, 5.056, 5.656, 5.856, 6.456, 6.656 …","{0, 1}",否
env,present,输出,env_1_Design/Digital Input/OutPort/Y_DI_Ch15_On_Off_Status,0,0,0,,{0},否
env,present,输出,env_1_Design/Digital Input/OutPort/Y_Ch15_Support_Features,0,0,0,,{0},否
env,present,输出,env_1_Design/Digital Input/OutPort/Y_Ch15.Valid,0,1,204,"2.056, 2.456, 3.856, 4.256, 4.856, 5.056, 5.656, 5.856, 6.456, 6.656 …","{0, 1}",否
env,present,输出,env_1_Design/Digital Input/OutPort/Y_DI_Ch16_On_Off_Status,0,0,0,,{0},否
env,present,输出,env_1_Design/Digital Input/OutPort/Y_Ch16_Support_Features,0,0,0,,{0},否
env,present,输出,env_1_Design/Digital Input/OutPort/Y_Ch16.Valid,0,1,204,"2.056, 2.456, 3.856, 4.256, 4.856, 5.056, 5.656, 5.856, 6.456, 6.656 …","{0, 1}",否
env,present,输出,env_1_Design/Digital Input/OutPort/Y_DI_Ch17_On_Off_Status,0,0,0,,{0},否
env,present,输出,env_1_Design/Digital Input/OutPort/Y_Ch17_Support_Features,0,0,0,,{0},否
env,present,输出,env_1_Design/Digital Input/OutPort/Y_Ch17.Valid,0,1,204,"2.056, 2.456, 3.856, 4.256, 4.856, 5.056, 5.656, 5.856, 6.456, 6.656 …","{0, 1}",否
env,present,输出,env_1_Design/Digital Input/OutPort/Y_DI_Ch18_On_Off_Status,0,0,0,,{0},否
env,present,输出,env_1_Design/Digital Input/OutPort/Y_Ch18_Support_Features,0,0,0,,{0},否
env,present,输出,env_1_Design/Digital Input/OutPort/Y_Ch18.Valid,0,1,204,"2.056, 2.456, 3.856, 4.256, 4.856, 5.056, 5.656, 5.856, 6.456, 6.656 …","{0, 1}",否
env,present,输出,env_1_Design/Digital Input/OutPort/Y_DI_Ch19_On_Off_Status,0,0,0,,{0},否
env,present,输出,env_1_Design/Digital Input/OutPort/Y_Ch19_Support_Features,0,0,0,,{0},否
env,present,输出,env_1_Design/Digital Input/OutPort/Y_Ch19.Valid,0,1,204,"2.056, 2.456, 3.856, 4.256, 4.856, 5.056, 5.656, 5.856, 6.456, 6.656 …","{0, 1}",否
env,present,输出,env_1_Design/Digital Input/OutPort/Y_DI_Ch20_On_Off_Status,0,0,0,,{0},否
env,present,输出,env_1_Design/Digital Input/OutPort/Y_Ch20_Support_Features,0,0,0,,{0},否
env,present,输出,env_1_Design/Digital Input/OutPort/Y_Ch20.Valid,0,1,204,"2.056, 2.456, 3.856, 4.256, 4.856, 5.056, 5.656, 5.856, 6.456, 6.656 …","{0, 1}",否
env,present,输出,env_1_Design/Digital Input/OutPort/Y_DI_Ch21_On_Off_Status,0,0,0,,{0},否
env,present,输出,env_1_Design/Digital Input/OutPort/Y_Ch21_Support_Features,0,0,0,,{0},否
env,present,输出,env_1_Design/Digital Input/OutPort/Y_Ch21.Valid,0,1,204,"2.056, 2.456, 3.856, 4.256, 4.856, 5.056, 5.656, 5.856, 6.456, 6.656 …","{0, 1}",否
env,present,输出,env_1_Design/Digital Input/OutPort/Y_DI_Ch22_On_Off_Status,0,0,0,,{0},否
env,present,输出,env_1_Design/Digital Input/OutPort/Y_Ch22_Support_Features,0,0,0,,{0},否
env,present,输出,env_1_Design/Digital Input/OutPort/Y_Ch22.Valid,0,0,0,,{0},否
env,present,输出,env_1_Design/Digital Input/OutPort/Y_DI_Ch23_On_Off_Status,0,0,0,,{0},否
env,present,输出,env_1_Design/Digital Input/OutPort/Y_Ch23_Support_Features,0,0,0,,{0},否
env,present,输出,env_1_Design/Digital Input/OutPort/Y_Ch23.Valid,0,0,0,,{0},否
env,present,输出,env_1_Design/Digital Input/OutPort/Y_DI_Ch24_On_Off_Status,0,0,0,,{0},否
env,present,输出,env_1_Design/Digital Input/OutPort/Y_Ch24_Support_Features,0,0,0,,{0},否
env,present,输出,env_1_Design/Digital Input/OutPort/Y_Ch24.Valid,0,0,0,,{0},否
env,present,输出,env_1_Design/Digital Input/OutPort/Y_DI_Ch25_On_Off_Status,0,0,0,,{0},否
env,present,输出,env_1_Design/Digital Input/OutPort/Y_Ch25_Support_Features,0,0,0,,{0},否
env,present,输出,env_1_Design/Digital Input/OutPort/Y_Ch25.Valid,0,0,0,,{0},否
env,present,输出,env_1_Design/Digital Input/OutPort/Y_DI_Ch26_On_Off_Status,0,0,0,,{0},否
env,present,输出,env_1_Design/Digital Input/OutPort/Y_Ch26_Support_Features,0,0,0,,{0},否
env,present,输出,env_1_Design/Digital Input/OutPort/Y_Ch26.Valid,0,0,0,,{0},否
env,present,输出,env_1_Design/Digital Input/OutPort/Y_DI_Ch27_On_Off_Status,0,0,0,,{0},否
env,present,输出,env_1_Design/Digital Input/OutPort/Y_Ch27_Support_Features,0,0,0,,{0},否
env,present,输出,env_1_Design/Digital Input/OutPort/Y_Ch27.Valid,0,0,0,,{0},否
env,present,输出,env_1_Design/Digital Input/OutPort/Y_DI_Ch28_On_Off_Status,0,0,0,,{0},否
env,present,输出,env_1_Design/Digital Input/OutPort/Y_Ch28_Support_Features,0,0,0,,{0},否
env,present,输出,env_1_Design/Digital Input/OutPort/Y_Ch28.Valid,0,0,0,,{0},否
env,present,输出,env_1_Design/Digital Input/OutPort/Y_DI_Ch29_On_Off_Status,0,0,0,,{0},否
env,present,输出,env_1_Design/Digital Input/OutPort/Y_Ch29_Support_Features,0,0,0,,{0},否
env,present,输出,env_1_Design/Digital Input/OutPort/Y_Ch29.Valid,0,0,0,,{0},否
env,present,输出,env_1_Design/Digital Input/OutPort/Y_DI_Ch30_On_Off_Status,0,0,0,,{0},否
env,present,输出,env_1_Design/Digital Input/OutPort/Y_Ch30_Support_Features,0,0,0,,{0},否
env,present,输出,env_1_Design/Digital Input/OutPort/Y_Ch30.Valid,0,0,0,,{0},否
env,present,输出,env_1_Design/Digital Input/OutPort/Y_DI_Ch31_On_Off_Status,0,0,0,,{0},否
env,present,输出,env_1_Design/Digital Input/OutPort/Y_Ch31_Support_Features,0,0,0,,{0},否
env,present,输出,env_1_Design/Digital Input/OutPort/Y_Ch31.Valid,0,0,0,,{0},否
env,present,输出,env_1_Design/Digital Input/OutPort/Y_DI_Ch32_On_Off_Status,0,0,0,,{0},否
env,present,输出,env_1_Design/Digital Input/OutPort/Y_Ch32_Support_Features,0,0,0,,{0},否
env,present,输出,env_1_Design/Digital Input/OutPort/Y_Ch32.Valid,0,0,0,,{0},否
env,present,输出,env_1_Design/Digital Input/OutPort/Y_DI_Ch33_On_Off_Status,0,0,0,,{0},否
env,present,输出,env_1_Design/Digital Input/OutPort/Y_Ch33_Support_Features,0,0,0,,{0},否
env,present,输出,env_1_Design/Digital Input/OutPort/Y_Ch33.Valid,0,0,0,,{0},否
env,present,输出,env_1_Design/Digital Input/OutPort/Y_DI_Ch34_On_Off_Status,0,0,0,,{0},否
env,present,输出,env_1_Design/Digital Input/OutPort/Y_Ch34_Support_Features,0,0,0,,{0},否
env,present,输出,env_1_Design/Digital Input/OutPort/Y_Ch34.Valid,0,0,0,,{0},否
env,present,输出,env_1_Design/Digital Input/OutPort/Y_DI_Ch35_On_Off_Status,0,0,0,,{0},否
env,present,输出,env_1_Design/Digital Input/OutPort/Y_Ch35_Support_Features,0,0,0,,{0},否
env,present,输出,env_1_Design/Digital Input/OutPort/Y_Ch35.Valid,0,0,0,,{0},否
env,present,输出,env_1_Design/Digital Input/OutPort/Y_DI_Ch36_On_Off_Status,0,0,0,,{0},否
env,present,输出,env_1_Design/Digital Input/OutPort/Y_Ch36_Support_Features,0,0,0,,{0},否
env,present,输出,env_1_Design/Digital Input/OutPort/Y_Ch36.Valid,0,0,0,,{0},否
env,present,输出,env_1_Design/Digital Input/OutPort/Y_DI_Ch37_On_Off_Status,0,0,0,,{0},否
env,present,输出,env_1_Design/Digital Input/OutPort/Y_Ch37_Support_Features,0,0,0,,{0},否
env,present,输出,env_1_Design/Digital Input/OutPort/Y_Ch37.Valid,0,0,0,,{0},否
env,present,输出,env_1_Design/Digital Input/OutPort/Y_DI_Ch38_On_Off_Status,0,0,0,,{0},否
env,present,输出,env_1_Design/Digital Input/OutPort/Y_Ch38_Support_Features,0,0,0,,{0},否
env,present,输出,env_1_Design/Digital Input/OutPort/Y_Ch38.Valid,0,0,0,,{0},否
env,present,输出,env_1_Design/Digital Input/OutPort/Y_DI_Ch39_On_Off_Status,0,0,0,,{0},否
env,present,输出,env_1_Design/Digital Input/OutPort/Y_Ch39_Support_Features,0,0,0,,{0},否
env,present,输出,env_1_Design/Digital Input/OutPort/Y_Ch39.Valid,0,0,0,,{0},否
env,present,输出,env_1_Design/Digital Input/OutPort/Y_DI_Ch40_On_Off_Status,0,0,0,,{0},否
env,present,输出,env_1_Design/Digital Input/OutPort/Y_Ch40_Support_Features,0,0,0,,{0},否
env,present,输出,env_1_Design/Digital Input/OutPort/Y_Ch40.Valid,0,0,0,,{0},否
env,present,输出,env_1_Design/Digital Input/OutPort/Y_DI_Ch41_On_Off_Status,0,0,0,,{0},否
env,present,输出,env_1_Design/Digital Input/OutPort/Y_Ch41_Support_Features,0,0,0,,{0},否
env,present,输出,env_1_Design/Digital Input/OutPort/Y_Ch41.Valid,0,0,0,,{0},否
env,present,输出,env_1_Design/Digital Input/OutPort/Y_DI_Ch42_On_Off_Status,0,0,0,,{0},否
env,present,输出,env_1_Design/Digital Input/OutPort/Y_Ch42_Support_Features,0,0,0,,{0},否
env,present,输出,env_1_Design/Digital Input/OutPort/Y_Ch42.Valid,0,0,0,,{0},否
env,present,输出,env_1_Design/Digital Input/OutPort/Y_DI_Ch43_On_Off_Status,0,0,0,,{0},否
env,present,输出,env_1_Design/Digital Input/OutPort/Y_Ch43_Support_Features,0,0,0,,{0},否
env,present,输出,env_1_Design/Digital Input/OutPort/Y_Ch43.Valid,0,0,0,,{0},否
env,present,输出,env_1_Design/Digital Input/OutPort/Y_DI_Ch44_On_Off_Status,0,0,0,,{0},否
env,present,输出,env_1_Design/Digital Input/OutPort/Y_Ch44_Support_Features,0,0,0,,{0},否
env,present,输出,env_1_Design/Digital Input/OutPort/Y_Ch44.Valid,0,0,0,,{0},否
env,present,输出,env_1_Design/Digital Input/OutPort/Y_DI_Ch45_On_Off_Status,0,0,0,,{0},否
env,present,输出,env_1_Design/Digital Input/OutPort/Y_Ch45_Support_Features,0,0,0,,{0},否
env,present,输出,env_1_Design/Digital Input/OutPort/Y_Ch45.Valid,0,0,0,,{0},否
env,present,输出,env_1_Design/Digital Input/OutPort/Y_DI_Ch46_On_Off_Status,0,0,0,,{0},否
env,present,输出,env_1_Design/Digital Input/OutPort/Y_Ch46_Support_Features,0,0,0,,{0},否
env,present,输出,env_1_Design/Digital Input/OutPort/Y_Ch46.Valid,0,0,0,,{0},否
env,present,输出,env_1_Design/Digital Input/OutPort/Y_DI_Ch47_On_Off_Status,0,0,0,,{0},否
env,present,输出,env_1_Design/Digital Input/OutPort/Y_Ch47_Support_Features,0,0,0,,{0},否
env,present,输出,env_1_Design/Digital Input/OutPort/Y_Ch47.Valid,0,0,0,,{0},否
env,present,输出,env_1_Design/Digital Input/OutPort/Y_DI_Ch48_On_Off_Status,0,0,0,,{0},否
env,present,输出,env_1_Design/Digital Input/OutPort/Y_Ch48_Support_Features,0,0,0,,{0},否
env,present,输出,env_1_Design/Digital Input/OutPort/Y_Ch48.Valid,0,0,0,,{0},否
env,present,内部/未标记,env_1_Design/Digital Input/Measurement/Runtime(us),6,23,512,"2.056, 2.256, 2.456, 2.656, 2.856, 3.056, 3.256, 3.456, 3.656, 3.856 …",min=6; max=23; distinct=16,否
env,present,内部/未标记,env_1_Design/Digital Input/Measurement/Runtime_Min(us),5,5,0,,{5},否
env,present,内部/未标记,env_1_Design/Digital Input/Measurement/Runtime_Max(us),45,45,0,,{45},否
env,present,内部/未标记,env_1_Design/Digital Input/Measurement/Schedule_Interval(us),4841,5142,610,"2.056, 2.256, 2.456, 2.656, 2.856, 3.056, 3.256, 3.456, 3.656, 3.856 …",min=4841; max=5142; distinct=176,否
env,present,内部/未标记,env_1_Design/Digital Input/Measurement/Schedule_Interval_Min(us),4815,4828,2,"4.056, 36.056","{4815, 4819, 4828}",否
env,present,内部/未标记,env_1_Design/Digital Input/Measurement/Schedule_Interval_Max(us),5179,5181,1,4.056,"{5179, 5181}",否
env,present,内部/未标记,env_1_Design/Digital Input/Measurement/Schedule_Count,4062,28662,615,"2.056, 2.256, 2.456, 2.656, 2.856, 3.056, 3.256, 3.456, 3.656, 3.856 …",min=4062; max=28662; distinct=616,否
env,present,内部/未标记,env_1_Design/Digital Input/Measurement/Activate_Fail_Count,0,0,0,,{0},否
env,present,内部/未标记,env_1_Design/Digital Input/Measurement/Processor,5,15,562,"2.056, 2.256, 2.456, 2.656, 2.856, 3.056, 3.256, 3.456, 3.656, 3.856 …",min=5; max=15; distinct=11,否
env,present,输入,env_1_Design/Digital Output/InPort/U_DO_Ch1_ValueLevel,0,0,0,,{0},否
env,present,输入,env_1_Design/Digital Output/InPort/U_DO_Ch1_OutCmd,0,0,0,,{0},否
env,present,输入,env_1_Design/Digital Output/InPort/U_DO_Ch1_Enable,0,0,0,,{0},否
env,present,输入,env_1_Design/Digital Output/InPort/U_DO_Ch1_FIU_Value,0,0,0,,{0},否
env,present,输入,env_1_Design/Digital Output/InPort/U_DO_Ch2_ValueLevel,0,0,0,,{0},否
env,present,输入,env_1_Design/Digital Output/InPort/U_DO_Ch2_OutCmd,0,0,0,,{0},否
env,present,输入,env_1_Design/Digital Output/InPort/U_DO_Ch2_Enable,1,1,0,,{1},否
env,present,输入,env_1_Design/Digital Output/InPort/U_DO_Ch2_FIU_Value,0,0,0,,{0},否
env,present,输入,env_1_Design/Digital Output/InPort/U_DO_Ch3_ValueLevel,0,0,0,,{0},否
env,present,输入,env_1_Design/Digital Output/InPort/U_DO_Ch3_OutCmd,0,0,0,,{0},否
env,present,输入,env_1_Design/Digital Output/InPort/U_DO_Ch3_Enable,0,0,0,,{0},否
env,present,输入,env_1_Design/Digital Output/InPort/U_DO_Ch3_FIU_Value,0,0,0,,{0},否
env,present,输入,env_1_Design/Digital Output/InPort/U_DO_Ch4_ValueLevel,0,0,0,,{0},否
env,present,输入,env_1_Design/Digital Output/InPort/U_DO_Ch4_OutCmd,0,0,0,,{0},否
env,present,输入,env_1_Design/Digital Output/InPort/U_DO_Ch4_Enable,0,0,0,,{0},否
env,present,输入,env_1_Design/Digital Output/InPort/U_DO_Ch4_FIU_Value,0,0,0,,{0},否
env,present,输入,env_1_Design/Digital Output/InPort/U_DO_Ch5_ValueLevel,0,0,0,,{0},否
env,present,输入,env_1_Design/Digital Output/InPort/U_DO_Ch5_OutCmd,0,0,0,,{0},否
env,present,输入,env_1_Design/Digital Output/InPort/U_DO_Ch5_Enable,0,0,0,,{0},否
env,present,输入,env_1_Design/Digital Output/InPort/U_DO_Ch5_FIU_Value,0,0,0,,{0},否
env,present,输入,env_1_Design/Digital Output/InPort/U_DO_Ch6_ValueLevel,0,0,0,,{0},否
env,present,输入,env_1_Design/Digital Output/InPort/U_DO_Ch6_OutCmd,0,0,0,,{0},否
env,present,输入,env_1_Design/Digital Output/InPort/U_DO_Ch6_Enable,0,0,0,,{0},否
env,present,输入,env_1_Design/Digital Output/InPort/U_DO_Ch6_FIU_Value,0,0,0,,{0},否
env,present,输入,env_1_Design/Digital Output/InPort/U_DO_Ch7_ValueLevel,0,0,0,,{0},否
env,present,输入,env_1_Design/Digital Output/InPort/U_DO_Ch7_OutCmd,0,0,0,,{0},否
env,present,输入,env_1_Design/Digital Output/InPort/U_DO_Ch7_Enable,0,0,0,,{0},否
env,present,输入,env_1_Design/Digital Output/InPort/U_DO_Ch7_FIU_Value,0,0,0,,{0},否
env,present,输入,env_1_Design/Digital Output/InPort/U_DO_Ch8_ValueLevel,0,0,0,,{0},否
env,present,输入,env_1_Design/Digital Output/InPort/U_DO_Ch8_OutCmd,0,0,0,,{0},否
env,present,输入,env_1_Design/Digital Output/InPort/U_DO_Ch8_Enable,0,0,0,,{0},否
env,present,输入,env_1_Design/Digital Output/InPort/U_DO_Ch8_FIU_Value,0,0,0,,{0},否
env,present,输入,env_1_Design/Digital Output/InPort/U_DO_Ch9_ValueLevel,0,0,0,,{0},否
env,present,输入,env_1_Design/Digital Output/InPort/U_DO_Ch9_OutCmd,0,0,0,,{0},否
env,present,输入,env_1_Design/Digital Output/InPort/U_DO_Ch9_Enable,0,0,0,,{0},否
env,present,输入,env_1_Design/Digital Output/InPort/U_DO_Ch9_FIU_Value,0,0,0,,{0},否
env,present,输入,env_1_Design/Digital Output/InPort/U_DO_Ch10_ValueLevel,0,0,0,,{0},否
env,present,输入,env_1_Design/Digital Output/InPort/U_DO_Ch10_OutCmd,0,0,0,,{0},否
env,present,输入,env_1_Design/Digital Output/InPort/U_DO_Ch10_Enable,0,0,0,,{0},否
env,present,输入,env_1_Design/Digital Output/InPort/U_DO_Ch10_FIU_Value,0,0,0,,{0},否
env,present,输入,env_1_Design/Digital Output/InPort/U_DO_Ch11_ValueLevel,0,0,0,,{0},否
env,present,输入,env_1_Design/Digital Output/InPort/U_DO_Ch11_OutCmd,0,0,0,,{0},否
env,present,输入,env_1_Design/Digital Output/InPort/U_DO_Ch11_Enable,0,0,0,,{0},否
env,present,输入,env_1_Design/Digital Output/InPort/U_DO_Ch11_FIU_Value,0,0,0,,{0},否
env,present,输入,env_1_Design/Digital Output/InPort/U_DO_Ch12_ValueLevel,0,0,0,,{0},否
env,present,输入,env_1_Design/Digital Output/InPort/U_DO_Ch12_OutCmd,0,0,0,,{0},否
env,present,输入,env_1_Design/Digital Output/InPort/U_DO_Ch12_Enable,0,0,0,,{0},否
env,present,输入,env_1_Design/Digital Output/InPort/U_DO_Ch12_FIU_Value,0,0,0,,{0},否
env,present,输入,env_1_Design/Digital Output/InPort/U_DO_Ch13_ValueLevel,0,0,0,,{0},否
env,present,输入,env_1_Design/Digital Output/InPort/U_DO_Ch13_OutCmd,0,0,0,,{0},否
env,present,输入,env_1_Design/Digital Output/InPort/U_DO_Ch13_Enable,0,0,0,,{0},否
env,present,输入,env_1_Design/Voltage Output/InPort/U_Ch8_Voltage_Out_Enable,1,1,0,,{1},是
env,present,输入,env_1_Design/Voltage Output/InPort/U_Ch8_FIU_Value,0,0,0,,{0},是
env,present,输入,env_1_Design/Voltage Output/InPort/U_Ch9_Voltage_Out,1,4,2,"16.798, 20.598","{1, 4}",是
env,present,输入,env_1_Design/Voltage Output/InPort/U_Ch9_Voltage_Out_Enable,1,1,0,,{1},是
env,present,输入,env_1_Design/Voltage Output/InPort/U_Ch9_FIU_Value,0,0,0,,{0},是
env,present,输入,env_1_Design/Voltage Output/InPort/U_Ch10_Voltage_Out,0.5,2,2,"16.798, 20.598","{0.5, 2}",是
env,present,输入,env_1_Design/Voltage Output/InPort/U_Ch10_Voltage_Out_Enable,1,1,0,,{1},是
env,present,输入,env_1_Design/Voltage Output/InPort/U_Ch10_FIU_Value,0,0,0,,{0},是
env,present,输入,env_1_Design/Voltage Output/InPort/U_Ch11_Voltage_Out,0,0,0,,{0},是
env,present,输入,env_1_Design/Voltage Output/InPort/U_Ch11_Voltage_Out_Enable,0,0,0,,{0},是
env,present,输入,env_1_Design/Voltage Output/InPort/U_Ch11_FIU_Value,0,0,0,,{0},是
env,present,输入,env_1_Design/Voltage Output/InPort/U_Ch12_Voltage_Out,0,0,0,,{0},是
env,present,输入,env_1_Design/Voltage Output/InPort/U_Ch12_Voltage_Out_Enable,0,0,0,,{0},是
env,present,输入,env_1_Design/Voltage Output/InPort/U_Ch12_FIU_Value,0,0,0,,{0},是
env,present,输入,env_1_Design/Voltage Output/InPort/U_Ch13_Voltage_Out,0,0,0,,{0},是
env,present,输入,env_1_Design/Voltage Output/InPort/U_Ch13_Voltage_Out_Enable,0,0,0,,{0},是
env,present,输入,env_1_Design/Voltage Output/InPort/U_Ch13_FIU_Value,0,0,0,,{0},是
env,present,输入,env_1_Design/Voltage Output/InPort/U_Ch14_Voltage_Out,0,0,0,,{0},是
env,present,输入,env_1_Design/Voltage Output/InPort/U_Ch14_Voltage_Out_Enable,0,0,0,,{0},是
env,present,输入,env_1_Design/Voltage Output/InPort/U_Ch14_FIU_Value,0,0,0,,{0},是
env,present,输入,env_1_Design/Voltage Output/InPort/U_Ch15_Voltage_Out,0,0,0,,{0},是
env,present,输入,env_1_Design/Voltage Output/InPort/U_Ch15_Voltage_Out_Enable,0,0,0,,{0},是
env,present,输入,env_1_Design/Voltage Output/InPort/U_Ch15_FIU_Value,0,0,0,,{0},是
env,present,输入,env_1_Design/Voltage Output/InPort/U_Ch16_Voltage_Out,0,0,0,,{0},是
env,present,输入,env_1_Design/Voltage Output/InPort/U_Ch16_Voltage_Out_Enable,0,0,0,,{0},是
env,present,输入,env_1_Design/Voltage Output/InPort/U_Ch16_FIU_Value,0,0,0,,{0},是
env,present,输入,env_1_Design/Voltage Output/InPort/U_Ch17_Voltage_Out,0,0,0,,{0},是
env,present,输入,env_1_Design/Voltage Output/InPort/U_Ch17_Voltage_Out_Enable,0,0,0,,{0},是
env,present,输入,env_1_Design/Voltage Output/InPort/U_Ch17_FIU_Value,0,0,0,,{0},是
env,present,输入,env_1_Design/Voltage Output/InPort/U_Ch18_Voltage_Out,0,0,0,,{0},是
env,present,输入,env_1_Design/Voltage Output/InPort/U_Ch18_Voltage_Out_Enable,0,0,0,,{0},是
env,present,输入,env_1_Design/Voltage Output/InPort/U_Ch18_FIU_Value,0,0,0,,{0},是
env,present,输入,env_1_Design/Voltage Output/InPort/U_Ch19_Voltage_Out,0,0,0,,{0},是
env,present,输入,env_1_Design/Voltage Output/InPort/U_Ch19_Voltage_Out_Enable,0,0,0,,{0},是
env,present,输入,env_1_Design/Voltage Output/InPort/U_Ch19_FIU_Value,0,0,0,,{0},是
env,present,输入,env_1_Design/Voltage Output/InPort/U_Ch20_Voltage_Out,0,0,0,,{0},是
env,present,输入,env_1_Design/Voltage Output/InPort/U_Ch20_Voltage_Out_Enable,0,0,0,,{0},是
env,present,输入,env_1_Design/Voltage Output/InPort/U_Ch20_FIU_Value,0,0,0,,{0},是
env,present,输入,env_1_Design/Voltage Output/InPort/U_Ch21_Voltage_Out,0,0,0,,{0},是
env,present,输入,env_1_Design/Voltage Output/InPort/U_Ch21_Voltage_Out_Enable,0,0,0,,{0},是
env,present,输入,env_1_Design/Voltage Output/InPort/U_Ch21_FIU_Value,0,0,0,,{0},是
env,present,输入,env_1_Design/Voltage Output/InPort/U_Ch22_Voltage_Out,0,0,0,,{0},是
env,present,输入,env_1_Design/Voltage Output/InPort/U_Ch22_Voltage_Out_Enable,0,0,0,,{0},是
env,present,输入,env_1_Design/Voltage Output/InPort/U_Ch22_FIU_Value,0,0,0,,{0},是
env,present,输入,env_1_Design/Voltage Output/InPort/U_Ch23_Voltage_Out,0,0,0,,{0},是
env,present,输入,env_1_Design/Voltage Output/InPort/U_Ch23_Voltage_Out_Enable,0,0,0,,{0},是
env,present,输入,env_1_Design/Voltage Output/InPort/U_Ch23_FIU_Value,0,0,0,,{0},是
env,present,输入,env_1_Design/Voltage Output/InPort/U_Ch24_Voltage_Out,0,0,0,,{0},是
env,present,输入,env_1_Design/Voltage Output/InPort/U_Ch24_Voltage_Out_Enable,0,0,0,,{0},是
env,present,输入,env_1_Design/Voltage Output/InPort/U_Ch24_FIU_Value,0,0,0,,{0},是
env,present,输入,env_1_Design/Voltage Output/InPort/U_Ch25_Voltage_Out,0,0,0,,{0},是
env,present,输入,env_1_Design/Voltage Output/InPort/U_Ch25_Voltage_Out_Enable,0,0,0,,{0},是
env,present,输入,env_1_Design/Voltage Output/InPort/U_Ch25_FIU_Value,0,0,0,,{0},是
env,present,输入,env_1_Design/Voltage Output/InPort/U_Ch26_Voltage_Out,0,0,0,,{0},是
env,present,输入,env_1_Design/Voltage Output/InPort/U_Ch26_Voltage_Out_Enable,0,0,0,,{0},是
env,present,输入,env_1_Design/Voltage Output/InPort/U_Ch26_FIU_Value,0,0,0,,{0},是
env,present,输入,env_1_Design/Voltage Output/InPort/U_Ch27_Voltage_Out,0,0,0,,{0},是
env,present,输入,env_1_Design/Voltage Output/InPort/U_Ch27_Voltage_Out_Enable,0,0,0,,{0},是
env,present,输入,env_1_Design/Voltage Output/InPort/U_Ch27_FIU_Value,0,0,0,,{0},是
env,present,输入,env_1_Design/Voltage Output/InPort/U_Ch28_Voltage_Out,0,0,0,,{0},是
env,present,输入,env_1_Design/Voltage Output/InPort/U_Ch28_Voltage_Out_Enable,0,0,0,,{0},是
env,present,输入,env_1_Design/Voltage Output/InPort/U_Ch28_FIU_Value,0,0,0,,{0},是
env,present,输入,env_1_Design/Voltage Output/InPort/U_Ch29_Voltage_Out,0,0,0,,{0},是
env,present,输入,env_1_Design/Voltage Output/InPort/U_Ch29_Voltage_Out_Enable,0,0,0,,{0},是
env,present,输入,env_1_Design/Voltage Output/InPort/U_Ch29_FIU_Value,0,0,0,,{0},是
env,present,输入,env_1_Design/Voltage Output/InPort/U_Ch30_Voltage_Out,0,0,0,,{0},是
env,present,输入,env_1_Design/Voltage Output/InPort/U_Ch30_Voltage_Out_Enable,0,0,0,,{0},是
env,present,输入,env_1_Design/Voltage Output/InPort/U_Ch30_FIU_Value,0,0,0,,{0},是
env,present,输入,env_1_Design/Voltage Output/InPort/U_Ch31_Voltage_Out,0,0,0,,{0},是
env,present,输入,env_1_Design/Voltage Output/InPort/U_Ch31_Voltage_Out_Enable,0,0,0,,{0},是
env,present,输入,env_1_Design/Voltage Output/InPort/U_Ch31_FIU_Value,0,0,0,,{0},是
env,present,输入,env_1_Design/Voltage Output/InPort/U_Ch32_Voltage_Out,0,0,0,,{0},是
env,present,输入,env_1_Design/Voltage Output/InPort/U_Ch32_Voltage_Out_Enable,0,0,0,,{0},是
env,present,输入,env_1_Design/Voltage Output/InPort/U_Ch32_FIU_Value,0,0,0,,{0},是
env,present,输入,env_1_Design/Voltage Output/InPort/U_Ch33_Voltage_Out,0,0,0,,{0},是
env,present,输入,env_1_Design/Voltage Output/InPort/U_Ch33_Voltage_Out_Enable,0,0,0,,{0},是
env,present,输入,env_1_Design/Voltage Output/InPort/U_Ch33_FIU_Value,0,0,0,,{0},是
env,present,输入,env_1_Design/Voltage Output/InPort/U_Ch34_Voltage_Out,0,0,0,,{0},是
env,present,输入,env_1_Design/Voltage Output/InPort/U_Ch34_Voltage_Out_Enable,0,0,0,,{0},是
env,present,输入,env_1_Design/Voltage Output/InPort/U_Ch34_FIU_Value,0,0,0,,{0},是
env,present,输入,env_1_Design/Voltage Output/InPort/U_Ch35_Voltage_Out,0,0,0,,{0},是
env,present,输入,env_1_Design/Voltage Output/InPort/U_Ch35_Voltage_Out_Enable,0,0,0,,{0},是
env,present,输入,env_1_Design/Voltage Output/InPort/U_Ch35_FIU_Value,0,0,0,,{0},是
env,present,输入,env_1_Design/Voltage Output/InPort/U_Ch36_Voltage_Out,0,0,0,,{0},是
env,present,输入,env_1_Design/Voltage Output/InPort/U_Ch36_Voltage_Out_Enable,0,0,0,,{0},是
env,present,输入,env_1_Design/Voltage Output/InPort/U_Ch36_FIU_Value,0,0,0,,{0},是
env,present,输入,env_1_Design/Voltage Output/InPort/U_Ch37_Voltage_Out,0,0,0,,{0},是
env,present,输入,env_1_Design/Voltage Output/InPort/U_Ch37_Voltage_Out_Enable,0,0,0,,{0},是
env,present,输入,env_1_Design/Voltage Output/InPort/U_Ch37_FIU_Value,0,0,0,,{0},是
env,present,输入,env_1_Design/Voltage Output/InPort/U_Ch38_Voltage_Out,0,0,0,,{0},是
env,present,输入,env_1_Design/Voltage Output/InPort/U_Ch38_Voltage_Out_Enable,0,0,0,,{0},是
env,present,输入,env_1_Design/Voltage Output/InPort/U_Ch38_FIU_Value,0,0,0,,{0},是
env,present,输入,env_1_Design/Voltage Output/InPort/U_Ch39_Voltage_Out,0,0,0,,{0},是
env,present,输入,env_1_Design/Voltage Output/InPort/U_Ch39_Voltage_Out_Enable,0,0,0,,{0},是
env,present,输入,env_1_Design/Voltage Output/InPort/U_Ch39_FIU_Value,0,0,0,,{0},是
env,present,输入,env_1_Design/Voltage Output/InPort/U_Ch40_Voltage_Out,0,0,0,,{0},是
env,present,输入,env_1_Design/Voltage Output/InPort/U_Ch40_Voltage_Out_Enable,0,0,0,,{0},是
env,present,输入,env_1_Design/Voltage Output/InPort/U_Ch40_FIU_Value,0,0,0,,{0},是
env,present,输入,env_1_Design/Voltage Output/InPort/U_Ch41_Voltage_Out,0,0,0,,{0},是
env,present,输入,env_1_Design/Voltage Output/InPort/U_Ch41_Voltage_Out_Enable,0,0,0,,{0},是
env,present,输入,env_1_Design/Voltage Output/InPort/U_Ch41_FIU_Value,0,0,0,,{0},是
env,present,输入,env_1_Design/Voltage Output/InPort/U_Ch42_Voltage_Out,0,0,0,,{0},是
env,present,输入,env_1_Design/Voltage Output/InPort/U_Ch42_Voltage_Out_Enable,0,0,0,,{0},是
env,present,输入,env_1_Design/Voltage Output/InPort/U_Ch42_FIU_Value,0,0,0,,{0},是
env,present,输入,env_1_Design/Voltage Output/InPort/U_Ch43_Voltage_Out,0,0,0,,{0},是
env,present,输入,env_1_Design/Voltage Output/InPort/U_Ch43_Voltage_Out_Enable,0,0,0,,{0},是
env,present,输入,env_1_Design/Voltage Output/InPort/U_Ch43_FIU_Value,0,0,0,,{0},是
env,present,输入,env_1_Design/Voltage Output/InPort/U_Ch44_Voltage_Out,0,0,0,,{0},是
env,present,输入,env_1_Design/Voltage Output/InPort/U_Ch44_Voltage_Out_Enable,0,0,0,,{0},是
env,present,输入,env_1_Design/Voltage Output/InPort/U_Ch44_FIU_Value,0,0,0,,{0},是
env,present,输入,env_1_Design/Voltage Output/InPort/U_Ch45_Voltage_Out,0,0,0,,{0},是
env,present,输入,env_1_Design/Voltage Output/InPort/U_Ch45_Voltage_Out_Enable,0,0,0,,{0},是
env,present,输入,env_1_Design/Voltage Output/InPort/U_Ch45_FIU_Value,0,0,0,,{0},是
env,present,输入,env_1_Design/Voltage Output/InPort/U_Ch46_Voltage_Out,0,0,0,,{0},是
env,present,输入,env_1_Design/Voltage Output/InPort/U_Ch46_Voltage_Out_Enable,0,0,0,,{0},是
env,present,输入,env_1_Design/Voltage Output/InPort/U_Ch46_FIU_Value,0,0,0,,{0},是
env,present,输入,env_1_Design/Voltage Output/InPort/U_Ch47_Voltage_Out,0,0,0,,{0},是
env,present,输入,env_1_Design/Voltage Output/InPort/U_Ch47_Voltage_Out_Enable,0,0,0,,{0},是
env,present,输入,env_1_Design/Voltage Output/InPort/U_Ch47_FIU_Value,0,0,0,,{0},是
env,present,输入,env_1_Design/Voltage Output/InPort/U_Ch48_Voltage_Out,0,0,0,,{0},是
env,present,输入,env_1_Design/Voltage Output/InPort/U_Ch48_Voltage_Out_Enable,0,0,0,,{0},是
env,present,输入,env_1_Design/Voltage Output/InPort/U_Ch48_FIU_Value,0,0,0,,{0},是
env,present,输入,env_1_Design/Voltage Output/InPort/Model_Disabled,0,0,0,,{0},是
env,present,输入,env_1_Design/Voltage Output/InPort/Model_Reset,0,0,0,,{0},是
env,present,输出,env_1_Design/Voltage Output/OutPort/Y_Ch1_Support_Features,0,0,0,,{0},是
env,present,输出,env_1_Design/Voltage Output/OutPort/Y_Ch1.Valid,0,0,0,,{0},是
env,present,输出,env_1_Design/Voltage Output/OutPort/Y_Ch2_Support_Features,0,0,0,,{0},是
env,present,输出,env_1_Design/Voltage Output/OutPort/Y_Ch2.Valid,0,0,0,,{0},是
env,present,输出,env_1_Design/Voltage Output/OutPort/Y_Ch3_Support_Features,0,0,0,,{0},是
env,present,输出,env_1_Design/Voltage Output/OutPort/Y_Ch3.Valid,0,0,0,,{0},是
env,present,输出,env_1_Design/Voltage Output/OutPort/Y_Ch4_Support_Features,0,0,0,,{0},是
env,present,输出,env_1_Design/Voltage Output/OutPort/Y_Ch4.Valid,1,1,0,,{1},是
env,present,输出,env_1_Design/Voltage Output/OutPort/Y_Ch5_Support_Features,0,0,0,,{0},是
env,present,输出,env_1_Design/Voltage Output/OutPort/Y_Ch5.Valid,0,0,0,,{0},是
env,present,输出,env_1_Design/Voltage Output/OutPort/Y_Ch6_Support_Features,0,0,0,,{0},是
env,present,输出,env_1_Design/Voltage Output/OutPort/Y_Ch6.Valid,0,0,0,,{0},是
env,present,输出,env_1_Design/Voltage Output/OutPort/Y_Ch7_Support_Features,0,0,0,,{0},是
env,present,输出,env_1_Design/Voltage Output/OutPort/Y_Ch7.Valid,1,1,0,,{1},是
env,present,输出,env_1_Design/Voltage Output/OutPort/Y_Ch8_Support_Features,0,0,0,,{0},是
env,present,输出,env_1_Design/Voltage Output/OutPort/Y_Ch8.Valid,1,1,0,,{1},是
env,present,输出,env_1_Design/Voltage Output/OutPort/Y_Ch9_Support_Features,0,0,0,,{0},是
env,present,输出,env_1_Design/Voltage Output/OutPort/Y_Ch9.Valid,1,1,0,,{1},是
env,present,输出,env_1_Design/Voltage Output/OutPort/Y_Ch10_Support_Features,0,0,0,,{0},是
env,present,输出,env_1_Design/Voltage Output/OutPort/Y_Ch10.Valid,1,1,0,,{1},是
env,present,输出,env_1_Design/Voltage Output/OutPort/Y_Ch11_Support_Features,0,0,0,,{0},是
env,present,输出,env_1_Design/Voltage Output/OutPort/Y_Ch11.Valid,0,0,0,,{0},是
env,present,输出,env_1_Design/Voltage Output/OutPort/Y_Ch12_Support_Features,0,0,0,,{0},是
env,present,输出,env_1_Design/Voltage Output/OutPort/Y_Ch12.Valid,0,0,0,,{0},是
env,present,输出,env_1_Design/Voltage Output/OutPort/Y_Ch13_Support_Features,0,0,0,,{0},是
env,present,输出,env_1_Design/Voltage Output/OutPort/Y_Ch13.Valid,0,0,0,,{0},是
env,present,输出,env_1_Design/Voltage Output/OutPort/Y_Ch14_Support_Features,0,0,0,,{0},是
env,present,输出,env_1_Design/Voltage Output/OutPort/Y_Ch14.Valid,0,0,0,,{0},是
env,present,输出,env_1_Design/Voltage Output/OutPort/Y_Ch15_Support_Features,0,0,0,,{0},是
env,present,输出,env_1_Design/Voltage Output/OutPort/Y_Ch15.Valid,0,0,0,,{0},是
env,present,输出,env_1_Design/Voltage Output/OutPort/Y_Ch16_Support_Features,0,0,0,,{0},是
env,present,输出,env_1_Design/Voltage Output/OutPort/Y_Ch16.Valid,0,0,0,,{0},是
env,present,输出,env_1_Design/Voltage Output/OutPort/Y_Ch17_Support_Features,0,0,0,,{0},是
env,present,输出,env_1_Design/Voltage Output/OutPort/Y_Ch17.Valid,0,0,0,,{0},是
env,present,输出,env_1_Design/Voltage Output/OutPort/Y_Ch18_Support_Features,0,0,0,,{0},是
env,present,输出,env_1_Design/Voltage Output/OutPort/Y_Ch18.Valid,0,0,0,,{0},是
env,present,输出,env_1_Design/Voltage Output/OutPort/Y_Ch19_Support_Features,0,0,0,,{0},是
env,present,输出,env_1_Design/Voltage Output/OutPort/Y_Ch19.Valid,0,0,0,,{0},是
env,present,输出,env_1_Design/Voltage Output/OutPort/Y_Ch20_Support_Features,0,0,0,,{0},是
env,present,输出,env_1_Design/Voltage Output/OutPort/Y_Ch20.Valid,0,0,0,,{0},是
env,present,输出,env_1_Design/Voltage Output/OutPort/Y_Ch21_Support_Features,0,0,0,,{0},是
env,present,输出,env_1_Design/Voltage Output/OutPort/Y_Ch21.Valid,0,0,0,,{0},是
env,present,输出,env_1_Design/Voltage Output/OutPort/Y_Ch22_Support_Features,0,0,0,,{0},是
env,present,输出,env_1_Design/Voltage Output/OutPort/Y_Ch22.Valid,0,0,0,,{0},是
env,present,输出,env_1_Design/Voltage Output/OutPort/Y_Ch23_Support_Features,0,0,0,,{0},是
env,present,输出,env_1_Design/Voltage Output/OutPort/Y_Ch23.Valid,0,0,0,,{0},是
env,present,输出,env_1_Design/Voltage Output/OutPort/Y_Ch24_Support_Features,0,0,0,,{0},是
env,present,输出,env_1_Design/Voltage Output/OutPort/Y_Ch24.Valid,0,0,0,,{0},是
env,present,输出,env_1_Design/Voltage Output/OutPort/Y_Ch25_Support_Features,0,0,0,,{0},是
env,present,输出,env_1_Design/Voltage Output/OutPort/Y_Ch25.Valid,0,0,0,,{0},是
env,present,输出,env_1_Design/Voltage Output/OutPort/Y_Ch26_Support_Features,0,0,0,,{0},是
env,present,输出,env_1_Design/Voltage Output/OutPort/Y_Ch26.Valid,0,0,0,,{0},是
env,present,输出,env_1_Design/Voltage Output/OutPort/Y_Ch27_Support_Features,0,0,0,,{0},是
env,present,输出,env_1_Design/Voltage Output/OutPort/Y_Ch27.Valid,0,0,0,,{0},是
env,present,输出,env_1_Design/Voltage Output/OutPort/Y_Ch28_Support_Features,0,0,0,,{0},是
env,present,输出,env_1_Design/Voltage Output/OutPort/Y_Ch28.Valid,0,0,0,,{0},是
env,present,输出,env_1_Design/Voltage Output/OutPort/Y_Ch29_Support_Features,0,0,0,,{0},是
env,present,输出,env_1_Design/Voltage Output/OutPort/Y_Ch29.Valid,0,0,0,,{0},是
env,present,输出,env_1_Design/Voltage Output/OutPort/Y_Ch30_Support_Features,0,0,0,,{0},是
env,present,输出,env_1_Design/Voltage Output/OutPort/Y_Ch30.Valid,0,0,0,,{0},是
env,present,输出,env_1_Design/Voltage Output/OutPort/Y_Ch31_Support_Features,0,0,0,,{0},是
env,present,输出,env_1_Design/Voltage Output/OutPort/Y_Ch31.Valid,0,0,0,,{0},是
env,present,输出,env_1_Design/Voltage Output/OutPort/Y_Ch32_Support_Features,0,0,0,,{0},是
env,present,输出,env_1_Design/Voltage Output/OutPort/Y_Ch32.Valid,0,0,0,,{0},是
env,present,输出,env_1_Design/Voltage Output/OutPort/Y_Ch33_Support_Features,0,0,0,,{0},是
env,present,输出,env_1_Design/Voltage Output/OutPort/Y_Ch33.Valid,0,0,0,,{0},是
env,present,输出,env_1_Design/Voltage Output/OutPort/Y_Ch34_Support_Features,0,0,0,,{0},是
env,present,输出,env_1_Design/Voltage Output/OutPort/Y_Ch34.Valid,0,0,0,,{0},是
env,present,输出,env_1_Design/Voltage Output/OutPort/Y_Ch35_Support_Features,0,0,0,,{0},是
env,present,输出,env_1_Design/Voltage Output/OutPort/Y_Ch35.Valid,0,0,0,,{0},是
env,present,输出,env_1_Design/Voltage Output/OutPort/Y_Ch36_Support_Features,0,0,0,,{0},是
env,present,输出,env_1_Design/Voltage Output/OutPort/Y_Ch36.Valid,0,0,0,,{0},是
env,present,输出,env_1_Design/Voltage Output/OutPort/Y_Ch37_Support_Features,0,0,0,,{0},是
env,present,输出,env_1_Design/Voltage Output/OutPort/Y_Ch37.Valid,0,0,0,,{0},是
env,present,输出,env_1_Design/Voltage Output/OutPort/Y_Ch38_Support_Features,0,0,0,,{0},是
env,present,输出,env_1_Design/Voltage Output/OutPort/Y_Ch38.Valid,0,0,0,,{0},是
env,present,输出,env_1_Design/CAN/OutPort/CAN_CH8.Statistic.Receive.Y_CAN_Ch8_TotalRxStdRemoteFramesCnt,0,0,0,,{0},否
env,present,输出,env_1_Design/CAN/OutPort/CAN_CH8.Statistic.Receive.Y_CAN_Ch8_RxStdRemoteFramesCnt,0,0,0,,{0},否
env,present,输出,env_1_Design/CAN/OutPort/CAN_CH8.Statistic.Receive.Y_CAN_Ch8_TotalRxExtRemoteFramesCnt,0,0,0,,{0},否
env,present,输出,env_1_Design/CAN/OutPort/CAN_CH8.Statistic.Receive.Y_CAN_Ch8_RxExtRemoteFramesCnt,0,0,0,,{0},否
env,present,输出,env_1_Design/CAN/OutPort/CAN_CH8.Statistic.ErrorFrame.Y_CAN_Ch8_TotalTxErrorsCnt,0,0,0,,{0},否
env,present,输出,env_1_Design/CAN/OutPort/CAN_CH8.Statistic.ErrorFrame.Y_CAN_Ch8_TotalRxErrorsCnt,0,0,0,,{0},否
env,present,输出,env_1_Design/CAN/OutPort/CAN_CH8.Statistic.ErrorFrame.Y_CAN_Ch8_TotalErrorsCnt,0,0,0,,{0},否
env,present,输出,env_1_Design/CAN/OutPort/CAN_CH8.Statistic.ErrorFrame.Y_CAN_Ch8_TxErrorsCnt,0,0,0,,{0},否
env,present,输出,env_1_Design/CAN/OutPort/CAN_CH8.Statistic.ErrorFrame.Y_CAN_Ch8_RxErrorsCnt,0,0,0,,{0},否
env,present,输出,env_1_Design/CAN/OutPort/CAN_CH8.Statistic.ErrorFrame.Y_CAN_Ch8_ErrorsCnt,0,0,0,,{0},否
env,present,输出,env_1_Design/CAN/OutPort/CAN_CH8.Statistic.ErrorFrame.Y_CAN_Ch8_TotalNackErrorsCnt,0,0,0,,{0},否
env,present,输出,env_1_Design/CAN/OutPort/CAN_CH8.Statistic.ErrorFrame.Y_CAN_Ch8_TotalSufferErrorsCnt,0,0,0,,{0},否
env,present,输出,env_1_Design/CAN/OutPort/CAN_CH8.Statistic.ErrorFrame.Y_CAN_Ch8_TotalBit0ErrorsCnt,0,0,0,,{0},否
env,present,输出,env_1_Design/CAN/OutPort/CAN_CH8.Statistic.ErrorFrame.Y_CAN_Ch8_TotalBit1ErrorsCnt,0,0,0,,{0},否
env,present,输出,env_1_Design/CAN/OutPort/CAN_CH8.Statistic.ErrorFrame.Y_CAN_Ch8_TotalCrcErrorsCnt,0,0,0,,{0},否
env,present,输出,env_1_Design/CAN/OutPort/CAN_CH8.Statistic.ErrorFrame.Y_CAN_Ch8_TotalFormErrorsCnt,0,0,0,,{0},否
env,present,输出,env_1_Design/CAN/OutPort/CAN_CH8.Statistic.ErrorFrame.Y_CAN_Ch8_NackErrorsCnt,0,0,0,,{0},否
env,present,输出,env_1_Design/CAN/OutPort/CAN_CH8.Statistic.ErrorFrame.Y_CAN_Ch8_SufferErrorsCnt,0,0,0,,{0},否
env,present,输出,env_1_Design/CAN/OutPort/CAN_CH8.Statistic.ErrorFrame.Y_CAN_Ch8_Bit0ErrorsCnt,0,0,0,,{0},否
env,present,输出,env_1_Design/CAN/OutPort/CAN_CH8.Statistic.ErrorFrame.Y_CAN_Ch8_Bit1ErrorsCnt,0,0,0,,{0},否
env,present,输出,env_1_Design/CAN/OutPort/CAN_CH8.Statistic.ErrorFrame.Y_CAN_Ch8_CrcErrorsCnt,0,0,0,,{0},否
env,present,输出,env_1_Design/CAN/OutPort/CAN_CH8.Statistic.ErrorFrame.Y_CAN_Ch8_FormErrorsCnt,0,0,0,,{0},否
env,present,输出,env_1_Design/CAN/OutPort/CAN_CH8.Statistic.AllFrame.Y_CAN_Ch8_TotalFramesCnt,0,0,0,,{0},否
env,present,输出,env_1_Design/CAN/OutPort/CAN_CH8.Statistic.AllFrame.Y_CAN_Ch8_FramesCnt,0,0,0,,{0},否
env,present,输出,env_1_Design/CAN/OutPort/CAN_CH8.Statistic.AllFrame.Y_CAN_Ch8_TotalStdFramesCnt,0,0,0,,{0},否
env,present,输出,env_1_Design/CAN/OutPort/CAN_CH8.Statistic.AllFrame.Y_CAN_Ch8_StdFramesCnt,0,0,0,,{0},否
env,present,输出,env_1_Design/CAN/OutPort/CAN_CH8.Statistic.AllFrame.Y_CAN_Ch8_TotalExtFramesCnt,0,0,0,,{0},否
env,present,输出,env_1_Design/CAN/OutPort/CAN_CH8.Statistic.AllFrame.Y_CAN_Ch8_ExtFramesCnt,0,0,0,,{0},否
env,present,输出,env_1_Design/CAN/OutPort/CAN_CH8.Statistic.AllFrame.Y_CAN_Ch8_TotalStdRemoteFramesCnt,0,0,0,,{0},否
env,present,输出,env_1_Design/CAN/OutPort/CAN_CH8.Statistic.AllFrame.Y_CAN_Ch8_StdRemoteFramesCnt,0,0,0,,{0},否
env,present,输出,env_1_Design/CAN/OutPort/CAN_CH8.Statistic.AllFrame.Y_CAN_Ch8_TotalExtRemoteFramesCnt,0,0,0,,{0},否
env,present,输出,env_1_Design/CAN/OutPort/CAN_CH8.Statistic.AllFrame.Y_CAN_Ch8_ExtRemoteFramesCnt,0,0,0,,{0},否
env,present,输出,env_1_Design/CAN/OutPort/CAN_CH8.Statistic.Y_CAN_Ch8_BurstTime,0,0,0,,{0},否
env,present,输出,env_1_Design/CAN/OutPort/CAN_CH8.Valid,0,0,0,,{0},否
env,present,输出,env_1_Design/CAN/OutPort/CAN_CH8.Background_Traffic.Valid,0,0,0,,{0},否
env,present,输出,env_1_Design/CAN/OutPort/CAN_CH8.Sample_Point_Test.Result,0,0,0,,{0},否
env,present,输出,env_1_Design/CAN/OutPort/CAN_CH8.Sample_Point_Test.Arbitration_Phase.Measeure_Sample_Ponit,0,0,0,,{0},否
env,present,输出,env_1_Design/CAN/OutPort/CAN_CH8.Sample_Point_Test.Data_Phase.Measeure_Sample_Ponit,0,0,0,,{0},否
env,present,输出,env_1_Design/CAN/OutPort/CAN_CH8.Sample_Point_Test.Valid,0,0,0,,{0},否
env,present,输出,env_1_Design/CAN/OutPort/CAN_CH8.Error_Inject.Valid,0,0,0,,{0},否
env,present,输出,env_1_Design/CAN/OutPort/CAN_CH8.Custom_Sequence.Valid,0,0,0,,{0},否
env,present,内部/未标记,env_1_Design/CAN/Measurement/Runtime(us),5,17,504,"2.335, 2.535, 2.935, 3.135, 3.335, 3.735, 3.935, 4.135, 4.335, 4.535 …",min=5; max=17; distinct=13,否
env,present,内部/未标记,env_1_Design/CAN/Measurement/Runtime_Min(us),1,1,0,,{1},否
env,present,内部/未标记,env_1_Design/CAN/Measurement/Runtime_Max(us),45,45,0,,{45},否
env,present,内部/未标记,env_1_Design/CAN/Measurement/Schedule_Interval(us),840,1123,595,"2.335, 2.535, 2.735, 3.135, 3.335, 3.535, 3.735, 3.935, 4.135, 4.335 …",min=840; max=1123; distinct=88,否
env,present,内部/未标记,env_1_Design/CAN/Measurement/Schedule_Interval_Min(us),2,2,0,,{2},否
env,present,内部/未标记,env_1_Design/CAN/Measurement/Schedule_Interval_Max(us),6273,7402,1,62.535,"{6273, 7402}",否
env,present,内部/未标记,env_1_Design/CAN/Measurement/Schedule_Count,13372,93236,613,"2.335, 2.535, 2.735, 2.935, 3.135, 3.335, 3.535, 3.735, 3.935, 4.135 …",min=13372; max=93236; distinct=614,否
env,present,内部/未标记,env_1_Design/CAN/Measurement/Activate_Fail_Count,0,0,0,,{0},否
env,present,内部/未标记,env_1_Design/CAN/Measurement/Processor,5,15,565,"2.535, 2.735, 2.935, 3.135, 3.335, 3.535, 3.735, 3.935, 4.135, 4.335 …",min=5; max=15; distinct=11,否
env,present,输入,env_1_Design/Digital Input/InPort/U_DI_Ch1_Enable,0,0,0,,{0},否
env,present,输入,env_1_Design/Digital Input/InPort/U_DI_Ch1_FIU_Value,0,0,0,,{0},否
env,present,输入,env_1_Design/Digital Input/InPort/U_DI_Ch1_SafetySwitch,0,0,0,,{0},否
env,present,输入,env_1_Design/Digital Input/InPort/U_DI_Ch2_Enable,0,0,0,,{0},否
env,present,输入,env_1_Design/Digital Input/InPort/U_DI_Ch2_FIU_Value,0,0,0,,{0},否
env,present,输入,env_1_Design/Digital Input/InPort/U_DI_Ch2_SafetySwitch,0,0,0,,{0},否
env,present,输入,env_1_Design/Digital Input/InPort/U_DI_Ch3_Enable,0,0,0,,{0},否
env,present,输入,env_1_Design/Digital Input/InPort/U_DI_Ch3_FIU_Value,0,0,0,,{0},否
env,present,输入,env_1_Design/Digital Input/InPort/U_DI_Ch3_SafetySwitch,0,0,0,,{0},否
env,present,输入,env_1_Design/Digital Input/InPort/U_DI_Ch4_Enable,0,0,0,,{0},否
env,present,输入,env_1_Design/Digital Input/InPort/U_DI_Ch4_FIU_Value,0,0,0,,{0},否
env,present,输入,env_1_Design/Digital Input/InPort/U_DI_Ch4_SafetySwitch,0,0,0,,{0},否
env,present,输入,env_1_Design/Digital Input/InPort/U_DI_Ch5_Enable,0,0,0,,{0},否
env,present,输入,env_1_Design/Digital Input/InPort/U_DI_Ch5_FIU_Value,0,0,0,,{0},否
env,present,输入,env_1_Design/Digital Input/InPort/U_DI_Ch5_SafetySwitch,0,0,0,,{0},否
env,present,输入,env_1_Design/Digital Input/InPort/U_DI_Ch6_Enable,0,0,0,,{0},否
env,present,输入,env_1_Design/Digital Input/InPort/U_DI_Ch6_FIU_Value,0,0,0,,{0},否
env,present,输入,env_1_Design/Digital Input/InPort/U_DI_Ch6_SafetySwitch,0,0,0,,{0},否
env,present,输入,env_1_Design/Digital Input/InPort/U_DI_Ch7_Enable,0,0,0,,{0},否
env,present,输入,env_1_Design/Digital Input/InPort/U_DI_Ch7_FIU_Value,0,0,0,,{0},否
env,present,输入,env_1_Design/Digital Input/InPort/U_DI_Ch7_SafetySwitch,0,0,0,,{0},否
env,present,输入,env_1_Design/Digital Input/InPort/U_DI_Ch8_Enable,0,0,0,,{0},否
env,present,输入,env_1_Design/Digital Input/InPort/U_DI_Ch8_FIU_Value,0,0,0,,{0},否
env,present,输入,env_1_Design/Digital Input/InPort/U_DI_Ch8_SafetySwitch,0,0,0,,{0},否
env,present,输入,env_1_Design/Digital Input/InPort/U_DI_Ch9_Enable,0,0,0,,{0},否
env,present,输入,env_1_Design/Digital Input/InPort/U_DI_Ch9_FIU_Value,0,0,0,,{0},否
env,present,输入,env_1_Design/Digital Input/InPort/U_DI_Ch9_SafetySwitch,0,0,0,,{0},否
env,present,输入,env_1_Design/Digital Input/InPort/U_DI_Ch10_Enable,0,0,0,,{0},否
env,present,输入,env_1_Design/Digital Input/InPort/U_DI_Ch10_FIU_Value,0,0,0,,{0},否
env,present,输入,env_1_Design/Digital Input/InPort/U_DI_Ch10_SafetySwitch,0,0,0,,{0},否
env,present,输入,env_1_Design/Digital Input/InPort/U_DI_Ch11_Enable,0,0,0,,{0},否
env,present,输入,env_1_Design/Digital Input/InPort/U_DI_Ch11_FIU_Value,0,0,0,,{0},否
env,present,输入,env_1_Design/Digital Input/InPort/U_DI_Ch11_SafetySwitch,0,0,0,,{0},否
env,present,输入,env_1_Design/Digital Input/InPort/U_DI_Ch12_Enable,0,0,0,,{0},否
env,present,输入,env_1_Design/Digital Input/InPort/U_DI_Ch12_FIU_Value,0,0,0,,{0},否
env,present,输入,env_1_Design/Digital Input/InPort/U_DI_Ch12_SafetySwitch,0,0,0,,{0},否
env,present,输入,env_1_Design/Digital Input/InPort/U_DI_Ch13_Enable,0,0,0,,{0},否
env,present,输入,env_1_Design/Digital Input/InPort/U_DI_Ch13_FIU_Value,0,0,0,,{0},否
env,present,输入,env_1_Design/Digital Input/InPort/U_DI_Ch13_SafetySwitch,0,0,0,,{0},否
env,present,输入,env_1_Design/Digital Input/InPort/U_DI_Ch14_Enable,0,0,0,,{0},否
env,present,输入,env_1_Design/Digital Input/InPort/U_DI_Ch14_FIU_Value,0,0,0,,{0},否
env,present,输入,env_1_Design/Digital Input/InPort/U_DI_Ch14_SafetySwitch,0,0,0,,{0},否
env,present,输入,env_1_Design/Digital Input/InPort/U_DI_Ch15_Enable,0,0,0,,{0},否
env,present,输入,env_1_Design/Digital Input/InPort/U_DI_Ch15_FIU_Value,0,0,0,,{0},否
env,present,输入,env_1_Design/Digital Input/InPort/U_DI_Ch15_SafetySwitch,0,0,0,,{0},否
env,present,输入,env_1_Design/Digital Input/InPort/U_DI_Ch16_Enable,0,0,0,,{0},否
env,present,输入,env_1_Design/Digital Input/InPort/U_DI_Ch16_FIU_Value,0,0,0,,{0},否
env,present,输入,env_1_Design/Digital Input/InPort/U_DI_Ch16_SafetySwitch,0,0,0,,{0},否
env,present,输入,env_1_Design/Digital Input/InPort/U_DI_Ch17_Enable,0,0,0,,{0},否
env,present,输入,env_1_Design/Digital Input/InPort/U_DI_Ch17_FIU_Value,0,0,0,,{0},否
env,present,输入,env_1_Design/Digital Input/InPort/U_DI_Ch17_SafetySwitch,0,0,0,,{0},否
env,present,输入,env_1_Design/Digital Input/InPort/U_DI_Ch18_Enable,0,0,0,,{0},否
env,present,输入,env_1_Design/Digital Input/InPort/U_DI_Ch18_FIU_Value,0,0,0,,{0},否
env,present,输入,env_1_Design/Digital Input/InPort/U_DI_Ch18_SafetySwitch,0,0,0,,{0},否
env,present,输入,env_1_Design/Digital Input/InPort/U_DI_Ch19_Enable,0,0,0,,{0},否
env,present,输入,env_1_Design/Digital Input/InPort/U_DI_Ch19_FIU_Value,0,0,0,,{0},否
env,present,输入,env_1_Design/Digital Input/InPort/U_DI_Ch19_SafetySwitch,0,0,0,,{0},否
env,present,输入,env_1_Design/Digital Input/InPort/U_DI_Ch20_Enable,0,0,0,,{0},否
env,present,输入,env_1_Design/Digital Input/InPort/U_DI_Ch20_FIU_Value,0,0,0,,{0},否
env,present,输入,env_1_Design/Digital Input/InPort/U_DI_Ch20_SafetySwitch,0,0,0,,{0},否
env,present,输入,env_1_Design/Digital Input/InPort/U_DI_Ch21_Enable,0,0,0,,{0},否
env,present,输入,env_1_Design/Digital Input/InPort/U_DI_Ch21_FIU_Value,0,0,0,,{0},否
env,present,输入,env_1_Design/Digital Input/InPort/U_DI_Ch21_SafetySwitch,0,0,0,,{0},否
env,present,输入,env_1_Design/Digital Input/InPort/U_DI_Ch22_Enable,0,0,0,,{0},否
env,present,输入,env_1_Design/Digital Input/InPort/U_DI_Ch22_FIU_Value,0,0,0,,{0},否
env,present,输入,env_1_Design/Digital Input/InPort/U_DI_Ch22_SafetySwitch,0,0,0,,{0},否
env,present,输入,env_1_Design/Digital Input/InPort/U_DI_Ch23_Enable,0,0,0,,{0},否
env,present,输入,env_1_Design/Digital Input/InPort/U_DI_Ch23_FIU_Value,0,0,0,,{0},否
env,present,输入,env_1_Design/Digital Input/InPort/U_DI_Ch23_SafetySwitch,0,0,0,,{0},否
env,present,输入,env_1_Design/Digital Input/InPort/U_DI_Ch24_Enable,0,0,0,,{0},否
env,present,输入,env_1_Design/Digital Input/InPort/U_DI_Ch24_FIU_Value,0,0,0,,{0},否
env,present,输入,env_1_Design/Digital Input/InPort/U_DI_Ch24_SafetySwitch,0,0,0,,{0},否
env,present,输入,env_1_Design/Digital Input/InPort/U_DI_Ch25_Enable,0,0,0,,{0},否
env,present,输入,env_1_Design/Digital Input/InPort/U_DI_Ch25_FIU_Value,0,0,0,,{0},否
env,present,输入,env_1_Design/Digital Input/InPort/U_DI_Ch25_SafetySwitch,0,0,0,,{0},否
env,present,输入,env_1_Design/Digital Input/InPort/U_DI_Ch26_Enable,0,0,0,,{0},否
env,present,输入,env_1_Design/Digital Input/InPort/U_DI_Ch26_FIU_Value,0,0,0,,{0},否
env,present,输入,env_1_Design/Digital Input/InPort/U_DI_Ch26_SafetySwitch,0,0,0,,{0},否
env,present,输入,env_1_Design/Digital Input/InPort/U_DI_Ch27_Enable,0,0,0,,{0},否
env,present,输入,env_1_Design/Digital Input/InPort/U_DI_Ch27_FIU_Value,0,0,0,,{0},否
env,present,输入,env_1_Design/Digital Input/InPort/U_DI_Ch27_SafetySwitch,0,0,0,,{0},否
env,present,输入,env_1_Design/Digital Input/InPort/U_DI_Ch28_Enable,0,0,0,,{0},否
env,present,输入,env_1_Design/Digital Input/InPort/U_DI_Ch28_FIU_Value,0,0,0,,{0},否
env,present,输入,env_1_Design/Digital Input/InPort/U_DI_Ch28_SafetySwitch,0,0,0,,{0},否
env,present,输入,env_1_Design/Digital Input/InPort/U_DI_Ch29_Enable,0,0,0,,{0},否
env,present,输入,env_1_Design/Digital Input/InPort/U_DI_Ch29_FIU_Value,0,0,0,,{0},否
env,present,输入,env_1_Design/Digital Input/InPort/U_DI_Ch29_SafetySwitch,0,0,0,,{0},否
env,present,输入,env_1_Design/Digital Input/InPort/U_DI_Ch30_Enable,0,0,0,,{0},否
env,present,输入,env_1_Design/Digital Input/InPort/U_DI_Ch30_FIU_Value,0,0,0,,{0},否
env,present,输入,env_1_Design/Digital Input/InPort/U_DI_Ch30_SafetySwitch,0,0,0,,{0},否
env,present,输入,env_1_Design/Digital Input/InPort/U_DI_Ch31_Enable,0,0,0,,{0},否
env,present,输入,env_1_Design/Digital Input/InPort/U_DI_Ch31_FIU_Value,0,0,0,,{0},否
env,present,输入,env_1_Design/Digital Input/InPort/U_DI_Ch31_SafetySwitch,0,0,0,,{0},否
env,present,输入,env_1_Design/Digital Input/InPort/U_DI_Ch32_Enable,0,0,0,,{0},否
env,present,输入,env_1_Design/Digital Input/InPort/U_DI_Ch32_FIU_Value,0,0,0,,{0},否
env,present,输入,env_1_Design/Digital Input/InPort/U_DI_Ch32_SafetySwitch,0,0,0,,{0},否
env,present,输入,env_1_Design/Digital Input/InPort/U_DI_Ch33_Enable,0,0,0,,{0},否
env,present,输入,env_1_Design/Digital Input/InPort/U_DI_Ch33_FIU_Value,0,0,0,,{0},否
env,present,输入,env_1_Design/Digital Input/InPort/U_DI_Ch33_SafetySwitch,0,0,0,,{0},否
env,present,输入,env_1_Design/Digital Input/InPort/U_DI_Ch34_Enable,0,0,0,,{0},否
env,present,输入,env_1_Design/Digital Input/InPort/U_DI_Ch34_FIU_Value,0,0,0,,{0},否
env,present,输入,env_1_Design/Digital Input/InPort/U_DI_Ch34_SafetySwitch,0,0,0,,{0},否
env,present,输入,env_1_Design/Digital Input/InPort/U_DI_Ch35_Enable,0,0,0,,{0},否
env,present,输入,env_1_Design/Digital Input/InPort/U_DI_Ch35_FIU_Value,0,0,0,,{0},否
env,present,输入,env_1_Design/Digital Input/InPort/U_DI_Ch35_SafetySwitch,0,0,0,,{0},否
env,present,输入,env_1_Design/Digital Input/InPort/U_DI_Ch36_Enable,0,0,0,,{0},否
env,present,输入,env_1_Design/Digital Input/InPort/U_DI_Ch36_FIU_Value,0,0,0,,{0},否
env,present,输入,env_1_Design/Digital Input/InPort/U_DI_Ch36_SafetySwitch,0,0,0,,{0},否
env,present,输入,env_1_Design/Digital Input/InPort/U_DI_Ch37_Enable,0,0,0,,{0},否
env,present,输入,env_1_Design/Digital Input/InPort/U_DI_Ch37_FIU_Value,0,0,0,,{0},否
env,present,输入,env_1_Design/Digital Input/InPort/U_DI_Ch37_SafetySwitch,0,0,0,,{0},否
env,present,输入,env_1_Design/Digital Input/InPort/U_DI_Ch38_Enable,0,0,0,,{0},否
env,present,输入,env_1_Design/Digital Input/InPort/U_DI_Ch38_FIU_Value,0,0,0,,{0},否
env,present,输入,env_1_Design/Digital Input/InPort/U_DI_Ch38_SafetySwitch,0,0,0,,{0},否
env,present,输入,env_1_Design/Digital Input/InPort/U_DI_Ch39_Enable,0,0,0,,{0},否
env,present,输入,env_1_Design/Digital Input/InPort/U_DI_Ch39_FIU_Value,0,0,0,,{0},否
env,present,输入,env_1_Design/Digital Input/InPort/U_DI_Ch39_SafetySwitch,0,0,0,,{0},否
env,present,输入,env_1_Design/Digital Input/InPort/U_DI_Ch40_Enable,0,0,0,,{0},否
env,present,输入,env_1_Design/Digital Input/InPort/U_DI_Ch40_FIU_Value,0,0,0,,{0},否
env,present,输入,env_1_Design/Digital Input/InPort/U_DI_Ch40_SafetySwitch,0,0,0,,{0},否
env,present,输入,env_1_Design/Digital Input/InPort/U_DI_Ch41_Enable,0,0,0,,{0},否
env,present,输入,env_1_Design/Digital Input/InPort/U_DI_Ch41_FIU_Value,0,0,0,,{0},否
env,present,输入,env_1_Design/Digital Input/InPort/U_DI_Ch41_SafetySwitch,0,0,0,,{0},否
env,present,输入,env_1_Design/Digital Input/InPort/U_DI_Ch42_Enable,0,0,0,,{0},否
env,present,输入,env_1_Design/Digital Input/InPort/U_DI_Ch42_FIU_Value,0,0,0,,{0},否
env,present,输入,env_1_Design/Digital Input/InPort/U_DI_Ch42_SafetySwitch,0,0,0,,{0},否
env,present,输入,env_1_Design/Digital Input/InPort/U_DI_Ch43_Enable,0,0,0,,{0},否
env,present,输入,env_1_Design/Digital Input/InPort/U_DI_Ch43_FIU_Value,0,0,0,,{0},否
env,present,输入,env_1_Design/Digital Input/InPort/U_DI_Ch43_SafetySwitch,0,0,0,,{0},否
env,present,输入,env_1_Design/Digital Input/InPort/U_DI_Ch44_Enable,0,0,0,,{0},否
env,present,输入,env_1_Design/Digital Input/InPort/U_DI_Ch44_FIU_Value,0,0,0,,{0},否
env,present,输入,env_1_Design/Digital Input/InPort/U_DI_Ch44_SafetySwitch,0,0,0,,{0},否
env,present,输入,env_1_Design/Digital Input/InPort/U_DI_Ch45_Enable,0,0,0,,{0},否
env,present,输入,env_1_Design/Digital Input/InPort/U_DI_Ch45_FIU_Value,0,0,0,,{0},否
env,present,输入,env_1_Design/Digital Input/InPort/U_DI_Ch45_SafetySwitch,0,0,0,,{0},否
env,present,输入,env_1_Design/Digital Input/InPort/U_DI_Ch46_Enable,0,0,0,,{0},否
env,present,输入,env_1_Design/Digital Input/InPort/U_DI_Ch46_FIU_Value,0,0,0,,{0},否
env,present,输入,env_1_Design/Digital Input/InPort/U_DI_Ch46_SafetySwitch,0,0,0,,{0},否
env,present,输入,env_1_Design/Digital Input/InPort/U_DI_Ch47_Enable,0,0,0,,{0},否
env,present,输入,env_1_Design/Digital Input/InPort/U_DI_Ch47_FIU_Value,0,0,0,,{0},否
env,present,输入,env_1_Design/Digital Input/InPort/U_DI_Ch47_SafetySwitch,0,0,0,,{0},否
env,present,输入,env_1_Design/Digital Input/InPort/U_DI_Ch48_Enable,0,0,0,,{0},否
env,present,输入,env_1_Design/Digital Input/InPort/U_DI_Ch48_FIU_Value,0,0,0,,{0},否
env,present,输入,env_1_Design/Digital Input/InPort/U_DI_Ch48_SafetySwitch,0,0,0,,{0},否
env,present,输入,env_1_Design/Digital Input/InPort/Model_Disabled,0,0,0,,{0},否
env,present,输入,env_1_Design/Digital Input/InPort/Model_Reset,0,0,0,,{0},否
env,present,输出,env_1_Design/Digital Input/OutPort/Y_DI_Ch1_On_Off_Status,0,0,0,,{0},否
env,present,输出,env_1_Design/Digital Input/OutPort/Y_Ch1_Support_Features,0,0,0,,{0},否
env,present,输出,env_1_Design/Digital Input/OutPort/Y_Ch1.Valid,0,1,227,"2.735, 2.935, 3.135, 3.335, 4.135, 4.335, 6.735, 7.135, 8.135, 8.335 …","{0, 1}",否
env,present,输出,env_1_Design/Digital Input/OutPort/Y_DI_Ch2_On_Off_Status,0,0,0,,{0},否
