"OutputName","OutputDataType","OutputGroup","OutputRefBlock","OutputInternalSymbol","InputName","InputDataType","InputGroup","InputRefBlock","InputInternalSymbol","DependencyKind","DependencyConfidence","Explanation","FaultInjectionHint","Evidence"
"Veh_1.PlantModel.PlantModel.Driveline.FrontMotSpd","Double","Plant/state output","Veh_1/PlantModel/PlantModel/Driveline/FrontMotSpd","Veh_1_B.VCar_Outport_jrn","Veh_1.FromVCU.CAN.VCU_Body.GW_VCU_2.VCU_TqReqCmd","Double","VCU/CAN input","Veh_1/FromVCU/CAN/VCU_Body/GW_VCU_2/VCU_TqReqCmd","Veh_1_B.VCar_Inport_m","Indirect input dependency","Static generated-C data flow","Plant/state output output has a generated-code data path from the VCU/CAN input input. A path does not guarantee a change in every runtime condition; state, parameters, and guards may suppress it.","After modifying this input, monitor Veh_1.PlantModel.PlantModel.Driveline.FrontMotSpd; record baseline, injected value, recovery value, and duration.","Veh_1_code_info_extio.xml + Veh_1.c: Veh_1_B.VCar_Outport_jrn <- Veh_1_B.VCar_Inport_m"
"Veh_1.PlantModel.PlantModel.Driveline.RearMotSpd","Double","Plant/state output","Veh_1/PlantModel/PlantModel/Driveline/RearMotSpd","Veh_1_B.VCar_Outport_j0","Veh_1.Driver.BrakeMode ","Double","Driver input","Veh_1/Driver/BrakeMode","Veh_1_B.VCar_Inport","Indirect input dependency","Static generated-C data flow","Plant/state output output has a generated-code data path from the Driver input input. A path does not guarantee a change in every runtime condition; state, parameters, and guards may suppress it.","After modifying this input, monitor Veh_1.PlantModel.PlantModel.Driveline.RearMotSpd; record baseline, injected value, recovery value, and duration.","Veh_1_code_info_extio.xml + Veh_1.c: Veh_1_B.VCar_Outport_j0 <- Veh_1_B.VCar_Inport"
"Veh_1.PlantModel.PlantModel.Driveline.RearMotSpd","Double","Plant/state output","Veh_1/PlantModel/PlantModel/Driveline/RearMotSpd","Veh_1_B.VCar_Outport_j0","Veh_1.Driver.Gear_Button","Double","Driver input","Veh_1/Driver/Gear_Button","Veh_1_B.VCar_Inport_n5","Indirect input dependency","Static generated-C data flow","Plant/state output output has a generated-code data path from the Driver input input. A path does not guarantee a change in every runtime condition; state, parameters, and guards may suppress it.","After modifying this input, monitor Veh_1.PlantModel.PlantModel.Driveline.RearMotSpd; record baseline, injected value, recovery value, and duration.","Veh_1_code_info_extio.xml + Veh_1.c: Veh_1_B.VCar_Outport_j0 <- Veh_1_B.VCar_Inport_n5"
"Veh_1.PlantModel.PlantModel.Driveline.RearMotSpd","Double","Plant/state output","Veh_1/PlantModel/PlantModel/Driveline/RearMotSpd","Veh_1_B.VCar_Outport_j0","Veh_1.FromVCU.CAN.VCU_Body.GW_VCU_2.VCU_TqReqCmd","Double","VCU/CAN input","Veh_1/FromVCU/CAN/VCU_Body/GW_VCU_2/VCU_TqReqCmd","Veh_1_B.VCar_Inport_m","Indirect input dependency","Static generated-C data flow","Plant/state output output has a generated-code data path from the VCU/CAN input input. A path does not guarantee a change in every runtime condition; state, parameters, and guards may suppress it.","After modifying this input, monitor Veh_1.PlantModel.PlantModel.Driveline.RearMotSpd; record baseline, injected value, recovery value, and duration.","Veh_1_code_info_extio.xml + Veh_1.c: Veh_1_B.VCar_Outport_j0 <- Veh_1_B.VCar_Inport_m"
"Veh_1.PlantModel.PlantModel.Powertrain.FMotor.Motor.MotTrq","Double","Plant/state output","Veh_1/PlantModel/PlantModel/Powertrain/FMotor/Motor/MotTrq","Veh_1_B.VCar_Outport_brd","Veh_1.FromVCU.CAN.VCU_Body.GW_VCU_2.VCU_TqReqCmd","Double","VCU/CAN input","Veh_1/FromVCU/CAN/VCU_Body/GW_VCU_2/VCU_TqReqCmd","Veh_1_B.VCar_Inport_m","Indirect input dependency","Static generated-C data flow","Plant/state output output has a generated-code data path from the VCU/CAN input input. A path does not guarantee a change in every runtime condition; state, parameters, and guards may suppress it.","After modifying this input, monitor Veh_1.PlantModel.PlantModel.Powertrain.FMotor.Motor.MotTrq; record baseline, injected value, recovery value, and duration.","Veh_1_code_info_extio.xml + Veh_1.c: Veh_1_B.VCar_Outport_brd <- Veh_1_B.VCar_Inport_m"
"Veh_1.PlantModel.PlantModel.Powertrain.FMotor.Motor.MotTrqManagement.FTrq","Double","Plant/state output","Veh_1/PlantModel/PlantModel/Powertrain/FMotor/Motor/MotTrqManagement/FTrq","Veh_1_B.VCar_Outport_dx4","Veh_1.FromVCU.CAN.VCU_Body.GW_VCU_2.VCU_TqReqCmd","Double","VCU/CAN input","Veh_1/FromVCU/CAN/VCU_Body/GW_VCU_2/VCU_TqReqCmd","Veh_1_B.VCar_Inport_m","Indirect input dependency","Static generated-C data flow","Plant/state output output has a generated-code data path from the VCU/CAN input input. A path does not guarantee a change in every runtime condition; state, parameters, and guards may suppress it.","After modifying this input, monitor Veh_1.PlantModel.PlantModel.Powertrain.FMotor.Motor.MotTrqManagement.FTrq; record baseline, injected value, recovery value, and duration.","Veh_1_code_info_extio.xml + Veh_1.c: Veh_1_B.VCar_Outport_dx4 <- Veh_1_B.VCar_Inport_m"
"Veh_1.PlantModel.PlantModel.Powertrain.RMotor.Motor.MotTrqManagement.RTrq","Double","Plant/state output","Veh_1/PlantModel/PlantModel/Powertrain/RMotor/Motor/MotTrqManagement/RTrq","Veh_1_B.VCar_Outport_due","Veh_1.Driver.BrakeMode ","Double","Driver input","Veh_1/Driver/BrakeMode","Veh_1_B.VCar_Inport","Indirect input dependency","Static generated-C data flow","Plant/state output output has a generated-code data path from the Driver input input. A path does not guarantee a change in every runtime condition; state, parameters, and guards may suppress it.","After modifying this input, monitor Veh_1.PlantModel.PlantModel.Powertrain.RMotor.Motor.MotTrqManagement.RTrq; record baseline, injected value, recovery value, and duration.","Veh_1_code_info_extio.xml + Veh_1.c: Veh_1_B.VCar_Outport_due <- Veh_1_B.VCar_Inport"
"Veh_1.PlantModel.PlantModel.Powertrain.RMotor.Motor.MotTrqManagement.RTrq","Double","Plant/state output","Veh_1/PlantModel/PlantModel/Powertrain/RMotor/Motor/MotTrqManagement/RTrq","Veh_1_B.VCar_Outport_due","Veh_1.Driver.Gear_Button","Double","Driver input","Veh_1/Driver/Gear_Button","Veh_1_B.VCar_Inport_n5","Indirect input dependency","Static generated-C data flow","Plant/state output output has a generated-code data path from the Driver input input. A path does not guarantee a change in every runtime condition; state, parameters, and guards may suppress it.","After modifying this input, monitor Veh_1.PlantModel.PlantModel.Powertrain.RMotor.Motor.MotTrqManagement.RTrq; record baseline, injected value, recovery value, and duration.","Veh_1_code_info_extio.xml + Veh_1.c: Veh_1_B.VCar_Outport_due <- Veh_1_B.VCar_Inport_n5"
"Veh_1.PlantModel.PlantModel.Powertrain.RMotor.Motor.MotTrqManagement.RTrq","Double","Plant/state output","Veh_1/PlantModel/PlantModel/Powertrain/RMotor/Motor/MotTrqManagement/RTrq","Veh_1_B.VCar_Outport_due","Veh_1.FromVCU.CAN.VCU_Body.GW_VCU_2.VCU_TqReqCmd","Double","VCU/CAN input","Veh_1/FromVCU/CAN/VCU_Body/GW_VCU_2/VCU_TqReqCmd","Veh_1_B.VCar_Inport_m","Indirect input dependency","Static generated-C data flow","Plant/state output output has a generated-code data path from the VCU/CAN input input. A path does not guarantee a change in every runtime condition; state, parameters, and guards may suppress it.","After modifying this input, monitor Veh_1.PlantModel.PlantModel.Powertrain.RMotor.Motor.MotTrqManagement.RTrq; record baseline, injected value, recovery value, and duration.","Veh_1_code_info_extio.xml + Veh_1.c: Veh_1_B.VCar_Outport_due <- Veh_1_B.VCar_Inport_m"
"Veh_1.PlantModel.PlantModel.Vehicle1.Vehspeed ","Double","Plant/state output","Veh_1/PlantModel/PlantModel/Vehicle1/Vehspeed","Veh_1_B.VCar_Outport_mcw","Veh_1.Driver.BrakeMode ","Double","Driver input","Veh_1/Driver/BrakeMode","Veh_1_B.VCar_Inport","Indirect input dependency","Static generated-C data flow","Plant/state output output has a generated-code data path from the Driver input input. A path does not guarantee a change in every runtime condition; state, parameters, and guards may suppress it.","After modifying this input, monitor Veh_1.PlantModel.PlantModel.Vehicle1.Vehspeed ; record baseline, injected value, recovery value, and duration.","Veh_1_code_info_extio.xml + Veh_1.c: Veh_1_B.VCar_Outport_mcw <- Veh_1_B.VCar_Inport"
"Veh_1.PlantModel.PlantModel.Vehicle1.Vehspeed ","Double","Plant/state output","Veh_1/PlantModel/PlantModel/Vehicle1/Vehspeed","Veh_1_B.VCar_Outport_mcw","Veh_1.Driver.BrakePedal_perc","Double","Driver input","Veh_1/Driver/BrakePedal_perc","Veh_1_B.VCar_Inport_n","Indirect input dependency","Static generated-C data flow","Plant/state output output has a generated-code data path from the Driver input input. A path does not guarantee a change in every runtime condition; state, parameters, and guards may suppress it.","After modifying this input, monitor Veh_1.PlantModel.PlantModel.Vehicle1.Vehspeed ; record baseline, injected value, recovery value, and duration.","Veh_1_code_info_extio.xml + Veh_1.c: Veh_1_B.VCar_Outport_mcw <- Veh_1_B.VCar_Inport_n"
"Veh_1.PlantModel.PlantModel.Vehicle1.Vehspeed ","Double","Plant/state output","Veh_1/PlantModel/PlantModel/Vehicle1/Vehspeed","Veh_1_B.VCar_Outport_mcw","Veh_1.Driver.Gear_Button","Double","Driver input","Veh_1/Driver/Gear_Button","Veh_1_B.VCar_Inport_n5","Indirect input dependency","Static generated-C data flow","Plant/state output output has a generated-code data path from the Driver input input. A path does not guarantee a change in every runtime condition; state, parameters, and guards may suppress it.","After modifying this input, monitor Veh_1.PlantModel.PlantModel.Vehicle1.Vehspeed ; record baseline, injected value, recovery value, and duration.","Veh_1_code_info_extio.xml + Veh_1.c: Veh_1_B.VCar_Outport_mcw <- Veh_1_B.VCar_Inport_n5"
"Veh_1.PlantModel.PlantModel.Vehicle1.Vehspeed ","Double","Plant/state output","Veh_1/PlantModel/PlantModel/Vehicle1/Vehspeed","Veh_1_B.VCar_Outport_mcw","Veh_1.FromVCU.CAN.VCU_Body.GW_VCU_2.VCU_TqReqCmd","Double","VCU/CAN input","Veh_1/FromVCU/CAN/VCU_Body/GW_VCU_2/VCU_TqReqCmd","Veh_1_B.VCar_Inport_m","Indirect input dependency","Static generated-C data flow","Plant/state output output has a generated-code data path from the VCU/CAN input input. A path does not guarantee a change in every runtime condition; state, parameters, and guards may suppress it.","After modifying this input, monitor Veh_1.PlantModel.PlantModel.Vehicle1.Vehspeed ; record baseline, injected value, recovery value, and duration.","Veh_1_code_info_extio.xml + Veh_1.c: Veh_1_B.VCar_Outport_mcw <- Veh_1_B.VCar_Inport_m"
"Veh_1.PlantModel.PlantModel.Vehicle1.Vehspeed ","Double","Plant/state output","Veh_1/PlantModel/PlantModel/Vehicle1/Vehspeed","Veh_1_B.VCar_Outport_mcw","Veh_1.ToModelbase.FromDriverManeuver.SteeringWheelAngle_rad","Double","Modelbase input","Veh_1/ToModelbase/FromDriverManeuver/SteeringWheelAngle_rad","Veh_1_B.SteeringWheelAnglerad","Indirect input dependency","Static generated-C data flow","Plant/state output output has a generated-code data path from the Modelbase input input. A path does not guarantee a change in every runtime condition; state, parameters, and guards may suppress it.","After modifying this input, monitor Veh_1.PlantModel.PlantModel.Vehicle1.Vehspeed ; record baseline, injected value, recovery value, and duration.","Veh_1_code_info_extio.xml + Veh_1.c: Veh_1_B.VCar_Outport_mcw <- Veh_1_B.SteeringWheelAnglerad"
"Veh_1.ToVCU.bodyCAN_out.SoftDCDCDataToBus.DCDC_1.DCDC_CANError_ToBus","Double","Body CAN output","Veh_1/ToVCU/bodyCAN_out/SoftDCDCDataToBus/DCDC_1/DCDC_CANError_ToBus","Veh_1_B.VCar_Outport_ja2","<none>","","","","","Parameter/state only","Static generated-C data flow","No external model input was reached. Terminal/unresolved nodes: Veh_1_P.DCDC_CANError_Value; Veh_1_P.OvrdVal_Value_pu. Use runtime testing before treating this output as an injection observation.","Prefer outputs with a resolved external input in the same function chain for initial injection tests.","Veh_1_code_info_extio.xml + Veh_1.c: Veh_1_B.VCar_Outport_ja2"
"Veh_1.ToVCU.bodyCAN_out.SoftDCDCDataToBus.DCDC_1.DCDC_Derating_ToBus","Double","Body CAN output","Veh_1/ToVCU/bodyCAN_out/SoftDCDCDataToBus/DCDC_1/DCDC_Derating_ToBus","Veh_1_B.VCar_Outport_cy","<none>","","","","","Parameter/state only","Static generated-C data flow","No external model input was reached. Terminal/unresolved nodes: Veh_1_P.DCDC_Derating_Value; Veh_1_P.OvrdVal_Value_iiv. Use runtime testing before treating this output as an injection observation.","Prefer outputs with a resolved external input in the same function chain for initial injection tests.","Veh_1_code_info_extio.xml + Veh_1.c: Veh_1_B.VCar_Outport_cy"
"Veh_1.ToVCU.bodyCAN_out.SoftDCDCDataToBus.DCDC_1.DCDC_faultlevel_ToBus","Double","Body CAN output","Veh_1/ToVCU/bodyCAN_out/SoftDCDCDataToBus/DCDC_1/DCDC_faultlevel_ToBus","Veh_1_B.VCar_Outport_ei","<none>","","","","","Parameter/state only","Static generated-C data flow","No external model input was reached. Terminal/unresolved nodes: Veh_1_P.DCDC_faultlevel_Value; Veh_1_P.OvrdVal_Value_co. Use runtime testing before treating this output as an injection observation.","Prefer outputs with a resolved external input in the same function chain for initial injection tests.","Veh_1_code_info_extio.xml + Veh_1.c: Veh_1_B.VCar_Outport_ei"
"Veh_1.ToVCU.bodyCAN_out.SoftDCDCDataToBus.DCDC_1.DCDC_InputCurrent_ToBus","Double","Body CAN output","Veh_1/ToVCU/bodyCAN_out/SoftDCDCDataToBus/DCDC_1/DCDC_InputCurrent_ToBus","Veh_1_B.VCar_Outport_kj","<none>","","","","","Parameter/state only","Static generated-C data flow","No external model input was reached. Terminal/unresolved nodes: Veh_1_P.DCDC_InputCurrent_Value; Veh_1_P.OvrdVal_Value_lw1. Use runtime testing before treating this output as an injection observation.","Prefer outputs with a resolved external input in the same function chain for initial injection tests.","Veh_1_code_info_extio.xml + Veh_1.c: Veh_1_B.VCar_Outport_kj"
"Veh_1.ToVCU.bodyCAN_out.SoftDCDCDataToBus.DCDC_1.DCDC_InputVoltage_ToBus","Double","Body CAN output","Veh_1/ToVCU/bodyCAN_out/SoftDCDCDataToBus/DCDC_1/DCDC_InputVoltage_ToBus","Veh_1_B.VCar_Outport_i3","<none>","","","","","Parameter/state only","Static generated-C data flow","No external model input was reached. Terminal/unresolved nodes: Veh_1_P.DCDC_InputVoltage_Value; Veh_1_P.OvrdVal_Value_km. Use runtime testing before treating this output as an injection observation.","Prefer outputs with a resolved external input in the same function chain for initial injection tests.","Veh_1_code_info_extio.xml + Veh_1.c: Veh_1_B.VCar_Outport_i3"
"Veh_1.ToVCU.bodyCAN_out.SoftDCDCDataToBus.DCDC_1.DCDC_OperatingMode_ToBus","Double","Body CAN output","Veh_1/ToVCU/bodyCAN_out/SoftDCDCDataToBus/DCDC_1/DCDC_OperatingMode_ToBus","Veh_1_B.VCar_Outport_nx","<none>","","","","","Parameter/state only","Static generated-C data flow","No external model input was reached. Terminal/unresolved nodes: Veh_1_P.DCDC_OperatingMode_Value; Veh_1_P.OvrdVal_Value_ky. Use runtime testing before treating this output as an injection observation.","Prefer outputs with a resolved external input in the same function chain for initial injection tests.","Veh_1_code_info_extio.xml + Veh_1.c: Veh_1_B.VCar_Outport_nx"
"Veh_1.ToVCU.bodyCAN_out.SoftDCDCDataToBus.DCDC_1.DCDC_OuputOpencircuit_ToBus","Double","Body CAN output","Veh_1/ToVCU/bodyCAN_out/SoftDCDCDataToBus/DCDC_1/DCDC_OuputOpencircuit_ToBus","Veh_1_B.VCar_Outport_jr","<none>","","","","","Parameter/state only","Static generated-C data flow","No external model input was reached. Terminal/unresolved nodes: Veh_1_P.DCDC_OuputOpencircuit_Value; Veh_1_P.OvrdVal_Value_cj. Use runtime testing before treating this output as an injection observation.","Prefer outputs with a resolved external input in the same function chain for initial injection tests.","Veh_1_code_info_extio.xml + Veh_1.c: Veh_1_B.VCar_Outport_jr"
"Veh_1.ToVCU.bodyCAN_out.SoftDCDCDataToBus.DCDC_1.DCDC_OutCurrent_ToBus","Double","Body CAN output","Veh_1/ToVCU/bodyCAN_out/SoftDCDCDataToBus/DCDC_1/DCDC_OutCurrent_ToBus","Veh_1_B.VCar_Outport_ipi","<none>","","","","","Parameter/state only","Static generated-C data flow","No external model input was reached. Terminal/unresolved nodes: Veh_1_P.DCDC_OutCurrent_Value; Veh_1_P.OvrdVal_Value_hu. Use runtime testing before treating this output as an injection observation.","Prefer outputs with a resolved external input in the same function chain for initial injection tests.","Veh_1_code_info_extio.xml + Veh_1.c: Veh_1_B.VCar_Outport_ipi"
"Veh_1.ToVCU.bodyCAN_out.SoftDCDCDataToBus.DCDC_1.DCDC_OutVoltage_ToBus","Double","Body CAN output","Veh_1/ToVCU/bodyCAN_out/SoftDCDCDataToBus/DCDC_1/DCDC_OutVoltage_ToBus","Veh_1_B.VCar_Outport_fob","<none>","","","","","Parameter/state only","Static generated-C data flow","No external model input was reached. Terminal/unresolved nodes: Veh_1_P.DCDC_OutVoltage_Value; Veh_1_P.OvrdVal_Value_gt. Use runtime testing before treating this output as an injection observation.","Prefer outputs with a resolved external input in the same function chain for initial injection tests.","Veh_1_code_info_extio.xml + Veh_1.c: Veh_1_B.VCar_Outport_fob"
"Veh_1.ToVCU.bodyCAN_out.SoftDCDCDataToBus.DCDC_1.DCDC_OverIV_ToBus","Double","Body CAN output","Veh_1/ToVCU/bodyCAN_out/SoftDCDCDataToBus/DCDC_1/DCDC_OverIV_ToBus","Veh_1_B.VCar_Outport_fws","<none>","","","","","Parameter/state only","Static generated-C data flow","No external model input was reached. Terminal/unresolved nodes: Veh_1_P.DCDC_OverIV_Value; Veh_1_P.OvrdVal_Value_b3v. Use runtime testing before treating this output as an injection observation.","Prefer outputs with a resolved external input in the same function chain for initial injection tests.","Veh_1_code_info_extio.xml + Veh_1.c: Veh_1_B.VCar_Outport_fws"
"Veh_1.ToVCU.bodyCAN_out.SoftDCDCDataToBus.DCDC_1.DCDC_OverOC_ToBus","Double","Body CAN output","Veh_1/ToVCU/bodyCAN_out/SoftDCDCDataToBus/DCDC_1/DCDC_OverOC_ToBus","Veh_1_B.VCar_Outport_i2","<none>","","","","","Parameter/state only","Static generated-C data flow","No external model input was reached. Terminal/unresolved nodes: Veh_1_P.DCDC_OverOC_Value; Veh_1_P.OvrdVal_Value_e4p. Use runtime testing before treating this output as an injection observation.","Prefer outputs with a resolved external input in the same function chain for initial injection tests.","Veh_1_code_info_extio.xml + Veh_1.c: Veh_1_B.VCar_Outport_i2"
"Veh_1.ToVCU.bodyCAN_out.SoftDCDCDataToBus.DCDC_1.DCDC_OverOV_ToBus","Double","Body CAN output","Veh_1/ToVCU/bodyCAN_out/SoftDCDCDataToBus/DCDC_1/DCDC_OverOV_ToBus","Veh_1_B.VCar_Outport_je","<none>","","","","","Parameter/state only","Static generated-C data flow","No external model input was reached. Terminal/unresolved nodes: Veh_1_P.DCDC_OverOV_Value; Veh_1_P.OvrdVal_Value_p5. Use runtime testing before treating this output as an injection observation.","Prefer outputs with a resolved external input in the same function chain for initial injection tests.","Veh_1_code_info_extio.xml + Veh_1.c: Veh_1_B.VCar_Outport_je"
"Veh_1.ToVCU.bodyCAN_out.SoftDCDCDataToBus.DCDC_1.DCDC_OverTemp_ToBus","Double","Body CAN output","Veh_1/ToVCU/bodyCAN_out/SoftDCDCDataToBus/DCDC_1/DCDC_OverTemp_ToBus","Veh_1_B.VCar_Outport_d5","<none>","","","","","Parameter/state only","Static generated-C data flow","No external model input was reached. Terminal/unresolved nodes: Veh_1_P.DCDC_OverTemp_Value; Veh_1_P.OvrdVal_Value_lh. Use runtime testing before treating this output as an injection observation.","Prefer outputs with a resolved external input in the same function chain for initial injection tests.","Veh_1_code_info_extio.xml + Veh_1.c: Veh_1_B.VCar_Outport_d5"
"Veh_1.ToVCU.bodyCAN_out.SoftDCDCDataToBus.DCDC_1.DCDC_RealityTemp_ToBus","Double","Body CAN output","Veh_1/ToVCU/bodyCAN_out/SoftDCDCDataToBus/DCDC_1/DCDC_RealityTemp_ToBus","Veh_1_B.VCar_Outport_ifs","<none>","","","","","Parameter/state only","Static generated-C data flow","No external model input was reached. Terminal/unresolved nodes: Veh_1_P.DCDC_RealityTemp_Value; Veh_1_P.OvrdVal_Value_om. Use runtime testing before treating this output as an injection observation.","Prefer outputs with a resolved external input in the same function chain for initial injection tests.","Veh_1_code_info_extio.xml + Veh_1.c: Veh_1_B.VCar_Outport_ifs"
"Veh_1.ToVCU.bodyCAN_out.SoftDCDCDataToBus.DCDC_1.DCDC_stsError_ToBus","Double","Body CAN output","Veh_1/ToVCU/bodyCAN_out/SoftDCDCDataToBus/DCDC_1/DCDC_stsError_ToBus","Veh_1_B.VCar_Outport_jc","<none>","","","","","Parameter/state only","Static generated-C data flow","No external model input was reached. Terminal/unresolved nodes: Veh_1_P.DCDC_stsError_Value; Veh_1_P.OvrdVal_Value_hv. Use runtime testing before treating this output as an injection observation.","Prefer outputs with a resolved external input in the same function chain for initial injection tests.","Veh_1_code_info_extio.xml + Veh_1.c: Veh_1_B.VCar_Outport_jc"
"Veh_1.ToVCU.bodyCAN_out.SoftDCDCDataToBus.DCDC_1.DCDC_UnderIV_ToBus","Double","Body CAN output","Veh_1/ToVCU/bodyCAN_out/SoftDCDCDataToBus/DCDC_1/DCDC_UnderIV_ToBus","Veh_1_B.VCar_Outport_ev","<none>","","","","","Parameter/state only","Static generated-C data flow","No external model input was reached. Terminal/unresolved nodes: Veh_1_P.DCDC_UnderIV_Value; Veh_1_P.OvrdVal_Value_ne2. Use runtime testing before treating this output as an injection observation.","Prefer outputs with a resolved external input in the same function chain for initial injection tests.","Veh_1_code_info_extio.xml + Veh_1.c: Veh_1_B.VCar_Outport_ev"
"Veh_1.ToVCU.bodyCAN_out.SoftDCDCDataToBus.DCDC_1.DCDC_UnderOV_ToBus","Double","Body CAN output","Veh_1/ToVCU/bodyCAN_out/SoftDCDCDataToBus/DCDC_1/DCDC_UnderOV_ToBus","Veh_1_B.VCar_Outport_bcu","<none>","","","","","Parameter/state only","Static generated-C data flow","No external model input was reached. Terminal/unresolved nodes: Veh_1_P.DCDC_UnderOV_Value; Veh_1_P.OvrdVal_Value_kw. Use runtime testing before treating this output as an injection observation.","Prefer outputs with a resolved external input in the same function chain for initial injection tests.","Veh_1_code_info_extio.xml + Veh_1.c: Veh_1_B.VCar_Outport_bcu"
"Veh_1.ToVCU.bodyCAN_out.SoftDCDCDataToBus.DCDC_1_MsgEnable.DCDC_1_MsgDisable","Bool","Body CAN output","Veh_1/ToVCU/bodyCAN_out/SoftDCDCDataToBus/DCDC_1_MsgEnable/DCDC_1_MsgDisable","Veh_1_B.VCar_Outport_pum","<none>","","","","","Parameter/state only","Static generated-C data flow","No external model input was reached. Terminal/unresolved nodes: Veh_1_P.body_out_MsgEnable_Value; Veh_1_P.DCDC_1EnableOvrdVal_Value; Veh_1_P.DCDC_MsgEnable_Value; Veh_1_P.OvrdVal_Value_bp; Veh_1_P.OvrdVal_Value_ez. Use runtime testing before treating this output as an injection observation.","Prefer outputs with a resolved external input in the same function chain for initial injection tests.","Veh_1_code_info_extio.xml + Veh_1.c: Veh_1_B.VCar_Outport_pum"
"Veh_1.ToVCU.bodyCAN_out.SoftDCDCDataToBus.DCDC1_1.DC1_AverageTemp_ToBus","Double","Body CAN output","Veh_1/ToVCU/bodyCAN_out/SoftDCDCDataToBus/DCDC1_1/DC1_AverageTemp_ToBus","Veh_1_B.VCar_Outport_lkp","<none>","","","","","Parameter/state only","Static generated-C data flow","No external model input was reached. Terminal/unresolved nodes: Veh_1_P.DC1_AverageTemp_Value; Veh_1_P.OvrdVal_Value_oz. Use runtime testing before treating this output as an injection observation.","Prefer outputs with a resolved external input in the same function chain for initial injection tests.","Veh_1_code_info_extio.xml + Veh_1.c: Veh_1_B.VCar_Outport_lkp"
"Veh_1.ToVCU.bodyCAN_out.SoftDCDCDataToBus.DCDC1_1.DC1_ChargingTime_ToBus","Double","Body CAN output","Veh_1/ToVCU/bodyCAN_out/SoftDCDCDataToBus/DCDC1_1/DC1_ChargingTime_ToBus","Veh_1_B.VCar_Outport_b4n","<none>","","","","","Parameter/state only","Static generated-C data flow","No external model input was reached. Terminal/unresolved nodes: Veh_1_P.DC1_ChargingTime_Value; Veh_1_P.OvrdVal_Value_izu. Use runtime testing before treating this output as an injection observation.","Prefer outputs with a resolved external input in the same function chain for initial injection tests.","Veh_1_code_info_extio.xml + Veh_1.c: Veh_1_B.VCar_Outport_b4n"
"Veh_1.ToVCU.bodyCAN_out.SoftDCDCDataToBus.DCDC1_1.DC1_ChgConnectSts_ToBus","Double","Body CAN output","Veh_1/ToVCU/bodyCAN_out/SoftDCDCDataToBus/DCDC1_1/DC1_ChgConnectSts_ToBus","Veh_1_B.VCar_Outport_gd","<none>","","","","","Parameter/state only","Static generated-C data flow","No external model input was reached. Terminal/unresolved nodes: Veh_1_P.DC1_ChgConnectSts_Value; Veh_1_P.OvrdVal_Value_nh. Use runtime testing before treating this output as an injection observation.","Prefer outputs with a resolved external input in the same function chain for initial injection tests.","Veh_1_code_info_extio.xml + Veh_1.c: Veh_1_B.VCar_Outport_gd"
"Veh_1.ToVCU.bodyCAN_out.SoftDCDCDataToBus.DCDC1_1.DC1_Faultcode_ToBus","Double","Body CAN output","Veh_1/ToVCU/bodyCAN_out/SoftDCDCDataToBus/DCDC1_1/DC1_Faultcode_ToBus","Veh_1_B.VCar_Outport_n4","<none>","","","","","Parameter/state only","Static generated-C data flow","No external model input was reached. Terminal/unresolved nodes: Veh_1_P.DC1_Faultcode_Value; Veh_1_P.OvrdVal_Value_jl. Use runtime testing before treating this output as an injection observation.","Prefer outputs with a resolved external input in the same function chain for initial injection tests.","Veh_1_code_info_extio.xml + Veh_1.c: Veh_1_B.VCar_Outport_n4"
"Veh_1.ToVCU.bodyCAN_out.SoftDCDCDataToBus.DCDC1_1.DC1_OutputCurr_ToBus","Double","Body CAN output","Veh_1/ToVCU/bodyCAN_out/SoftDCDCDataToBus/DCDC1_1/DC1_OutputCurr_ToBus","Veh_1_B.VCar_Outport_jme","<none>","","","","","Parameter/state only","Static generated-C data flow","No external model input was reached. Terminal/unresolved nodes: Veh_1_P.DC1_OutputCurr_Value; Veh_1_P.OvrdVal_Value_en. Use runtime testing before treating this output as an injection observation.","Prefer outputs with a resolved external input in the same function chain for initial injection tests.","Veh_1_code_info_extio.xml + Veh_1.c: Veh_1_B.VCar_Outport_jme"
"Veh_1.ToVCU.bodyCAN_out.SoftDCDCDataToBus.DCDC1_1.DC1_OutputVoltage_ToBus","Double","Body CAN output","Veh_1/ToVCU/bodyCAN_out/SoftDCDCDataToBus/DCDC1_1/DC1_OutputVoltage_ToBus","Veh_1_B.VCar_Outport_dm","<none>","","","","","Parameter/state only","Static generated-C data flow","No external model input was reached. Terminal/unresolved nodes: Veh_1_P.DC1_OutputVoltage_Value; Veh_1_P.OvrdVal_Value_fmm. Use runtime testing before treating this output as an injection observation.","Prefer outputs with a resolved external input in the same function chain for initial injection tests.","Veh_1_code_info_extio.xml + Veh_1.c: Veh_1_B.VCar_Outport_dm"
"Veh_1.ToVCU.bodyCAN_out.SoftDCDCDataToBus.DCDC1_1.DC1_PDUSts_ToBus","Double","Body CAN output","Veh_1/ToVCU/bodyCAN_out/SoftDCDCDataToBus/DCDC1_1/DC1_PDUSts_ToBus","Veh_1_B.VCar_Outport_ce","<none>","","","","","Parameter/state only","Static generated-C data flow","No external model input was reached. Terminal/unresolved nodes: Veh_1_P.DC1_PDUSts_Value; Veh_1_P.OvrdVal_Value_hk. Use runtime testing before treating this output as an injection observation.","Prefer outputs with a resolved external input in the same function chain for initial injection tests.","Veh_1_code_info_extio.xml + Veh_1.c: Veh_1_B.VCar_Outport_ce"
"Veh_1.ToVCU.bodyCAN_out.SoftDCDCDataToBus.DCDC1_1.DC1_WorkingMode_ToBus","Double","Body CAN output","Veh_1/ToVCU/bodyCAN_out/SoftDCDCDataToBus/DCDC1_1/DC1_WorkingMode_ToBus","Veh_1_B.VCar_Outport_aqm","<none>","","","","","Parameter/state only","Static generated-C data flow","No external model input was reached. Terminal/unresolved nodes: Veh_1_P.DC1_WorkingMode_Value; Veh_1_P.OvrdVal_Value_es. Use runtime testing before treating this output as an injection observation.","Prefer outputs with a resolved external input in the same function chain for initial injection tests.","Veh_1_code_info_extio.xml + Veh_1.c: Veh_1_B.VCar_Outport_aqm"
"Veh_1.ToVCU.bodyCAN_out.SoftDCDCDataToBus.DCDC1_1.NTC_AverageTemp_ToBus","Double","Body CAN output","Veh_1/ToVCU/bodyCAN_out/SoftDCDCDataToBus/DCDC1_1/NTC_AverageTemp_ToBus","Veh_1_B.VCar_Outport_kn","<none>","","","","","Parameter/state only","Static generated-C data flow","No external model input was reached. Terminal/unresolved nodes: Veh_1_P.NTC_AverageTemp_Value; Veh_1_P.OvrdVal_Value_dv. Use runtime testing before treating this output as an injection observation.","Prefer outputs with a resolved external input in the same function chain for initial injection tests.","Veh_1_code_info_extio.xml + Veh_1.c: Veh_1_B.VCar_Outport_kn"
"Veh_1.ToVCU.bodyCAN_out.SoftDCDCDataToBus.DCDC1_1_MsgEnable.DCDC1_1_MsgDisable","Bool","Body CAN output","Veh_1/ToVCU/bodyCAN_out/SoftDCDCDataToBus/DCDC1_1_MsgEnable/DCDC1_1_MsgDisable","Veh_1_B.VCar_Outport_ll","<none>","","","","","Parameter/state only","Static generated-C data flow","No external model input was reached. Terminal/unresolved nodes: Veh_1_P.body_out_MsgEnable_Value; Veh_1_P.DCDC_MsgEnable_Value; Veh_1_P.DCDC1_1EnableOvrdVal_Value; Veh_1_P.OvrdVal_Value_bp; Veh_1_P.OvrdVal_Value_ez. Use runtime testing before treating this output as an injection observation.","Prefer outputs with a resolved external input in the same function chain for initial injection tests.","Veh_1_code_info_extio.xml + Veh_1.c: Veh_1_B.VCar_Outport_ll"
"Veh_1.ToVCU.bodyCAN_out.SoftOBCDataToBus.OBC_1.OBC_CANMsgFault_ToBus","Double","Body CAN output","Veh_1/ToVCU/bodyCAN_out/SoftOBCDataToBus/OBC_1/OBC_CANMsgFault_ToBus","Veh_1_B.VCar_Outport_kp","<none>","","","","","Parameter/state only","Static generated-C data flow","No external model input was reached. Terminal/unresolved nodes: Veh_1_P.OBC_CANMsgFault_Value; Veh_1_P.OvrdVal_Value_oit. Use runtime testing before treating this output as an injection observation.","Prefer outputs with a resolved external input in the same function chain for initial injection tests.","Veh_1_code_info_extio.xml + Veh_1.c: Veh_1_B.VCar_Outport_kp"
"Veh_1.ToVCU.bodyCAN_out.SoftOBCDataToBus.OBC_1.OBC_ChargeCurrent_ToBus","Double","Body CAN output","Veh_1/ToVCU/bodyCAN_out/SoftOBCDataToBus/OBC_1/OBC_ChargeCurrent_ToBus","Veh_1_B.VCar_Outport_e4","<none>","","","","","Parameter/state only","Static generated-C data flow","No external model input was reached. Terminal/unresolved nodes: Veh_1_P.OBC_ChargeCurrent_Value; Veh_1_P.OvrdVal_Value_ed. Use runtime testing before treating this output as an injection observation.","Prefer outputs with a resolved external input in the same function chain for initial injection tests.","Veh_1_code_info_extio.xml + Veh_1.c: Veh_1_B.VCar_Outport_e4"
"Veh_1.ToVCU.bodyCAN_out.SoftOBCDataToBus.OBC_1.OBC_ChargeVoltage_ToBus","Double","Body CAN output","Veh_1/ToVCU/bodyCAN_out/SoftOBCDataToBus/OBC_1/OBC_ChargeVoltage_ToBus","Veh_1_B.VCar_Outport_lb","<none>","","","","","Parameter/state only","Static generated-C data flow","No external model input was reached. Terminal/unresolved nodes: Veh_1_P.OBC_ChargeVoltage_Value; Veh_1_P.OvrdVal_Value_jb. Use runtime testing before treating this output as an injection observation.","Prefer outputs with a resolved external input in the same function chain for initial injection tests.","Veh_1_code_info_extio.xml + Veh_1.c: Veh_1_B.VCar_Outport_lb"
"Veh_1.ToVCU.bodyCAN_out.SoftOBCDataToBus.OBC_1.OBC_FanFault_ToBus","Double","Body CAN output","Veh_1/ToVCU/bodyCAN_out/SoftOBCDataToBus/OBC_1/OBC_FanFault_ToBus","Veh_1_B.VCar_Outport_do","<none>","","","","","Parameter/state only","Static generated-C data flow","No external model input was reached. Terminal/unresolved nodes: Veh_1_P.OBC_FanFault_Value; Veh_1_P.OvrdVal_Value_ph. Use runtime testing before treating this output as an injection observation.","Prefer outputs with a resolved external input in the same function chain for initial injection tests.","Veh_1_code_info_extio.xml + Veh_1.c: Veh_1_B.VCar_Outport_do"
"Veh_1.ToVCU.bodyCAN_out.SoftOBCDataToBus.OBC_1.OBC_HighCurrOutputFault_ToBus","Double","Body CAN output","Veh_1/ToVCU/bodyCAN_out/SoftOBCDataToBus/OBC_1/OBC_HighCurrOutputFault_ToBus","Veh_1_B.VCar_Outport_b5","<none>","","","","","Parameter/state only","Static generated-C data flow","No external model input was reached. Terminal/unresolved nodes: Veh_1_P.OBC_HighCurrOutputFault_Value; Veh_1_P.OvrdVal_Value_dp. Use runtime testing before treating this output as an injection observation.","Prefer outputs with a resolved external input in the same function chain for initial injection tests.","Veh_1_code_info_extio.xml + Veh_1.c: Veh_1_B.VCar_Outport_b5"
"Veh_1.ToVCU.bodyCAN_out.SoftOBCDataToBus.OBC_1.OBC_HighVoltOutputOverVolt_ToBus","Double","Body CAN output","Veh_1/ToVCU/bodyCAN_out/SoftOBCDataToBus/OBC_1/OBC_HighVoltOutputOverVolt_ToBus","Veh_1_B.VCar_Outport_bfc","<none>","","","","","Parameter/state only","Static generated-C data flow","No external model input was reached. Terminal/unresolved nodes: Veh_1_P.OBC_HighVoltOutputOverVolt_Valu; Veh_1_P.OvrdVal_Value_cq. Use runtime testing before treating this output as an injection observation.","Prefer outputs with a resolved external input in the same function chain for initial injection tests.","Veh_1_code_info_extio.xml + Veh_1.c: Veh_1_B.VCar_Outport_bfc"
"Veh_1.ToVCU.bodyCAN_out.SoftOBCDataToBus.OBC_1.OBC_HighVoltOutputShortCircuit_ToBus","Double","Body CAN output","Veh_1/ToVCU/bodyCAN_out/SoftOBCDataToBus/OBC_1/OBC_HighVoltOutputShortCircuit_ToBus","Veh_1_B.VCar_Outport_be","<none>","","","","","Parameter/state only","Static generated-C data flow","No external model input was reached. Terminal/unresolved nodes: Veh_1_P.OBC_HighVoltOutputShortCircuit_; Veh_1_P.OvrdVal_Value_js. Use runtime testing before treating this output as an injection observation.","Prefer outputs with a resolved external input in the same function chain for initial injection tests.","Veh_1_code_info_extio.xml + Veh_1.c: Veh_1_B.VCar_Outport_be"
"Veh_1.ToVCU.bodyCAN_out.SoftOBCDataToBus.OBC_1.OBC_HighVoltOutputUnderVolt_ToBus","Double","Body CAN output","Veh_1/ToVCU/bodyCAN_out/SoftOBCDataToBus/OBC_1/OBC_HighVoltOutputUnderVolt_ToBus","Veh_1_B.VCar_Outport_c5","<none>","","","","","Parameter/state only","Static generated-C data flow","No external model input was reached. Terminal/unresolved nodes: Veh_1_P.OBC_HighVoltOutputUnderVolt_Val; Veh_1_P.OvrdVal_Value_ea. Use runtime testing before treating this output as an injection observation.","Prefer outputs with a resolved external input in the same function chain for initial injection tests.","Veh_1_code_info_extio.xml + Veh_1.c: Veh_1_B.VCar_Outport_c5"
"Veh_1.ToVCU.bodyCAN_out.SoftOBCDataToBus.OBC_1.OBC_InputOverVolt_ToBus","Double","Body CAN output","Veh_1/ToVCU/bodyCAN_out/SoftOBCDataToBus/OBC_1/OBC_InputOverVolt_ToBus","Veh_1_B.VCar_Outport_bk","<none>","","","","","Parameter/state only","Static generated-C data flow","No external model input was reached. Terminal/unresolved nodes: Veh_1_P.OBC_InputOverVolt_Value; Veh_1_P.OvrdVal_Value_mz. Use runtime testing before treating this output as an injection observation.","Prefer outputs with a resolved external input in the same function chain for initial injection tests.","Veh_1_code_info_extio.xml + Veh_1.c: Veh_1_B.VCar_Outport_bk"
"Veh_1.ToVCU.bodyCAN_out.SoftOBCDataToBus.OBC_1.OBC_InputUnderVolt_ToBus","Double","Body CAN output","Veh_1/ToVCU/bodyCAN_out/SoftOBCDataToBus/OBC_1/OBC_InputUnderVolt_ToBus","Veh_1_B.VCar_Outport_dg2","<none>","","","","","Parameter/state only","Static generated-C data flow","No external model input was reached. Terminal/unresolved nodes: Veh_1_P.OBC_InputUnderVolt_Value; Veh_1_P.OvrdVal_Value_gs. Use runtime testing before treating this output as an injection observation.","Prefer outputs with a resolved external input in the same function chain for initial injection tests.","Veh_1_code_info_extio.xml + Veh_1.c: Veh_1_B.VCar_Outport_dg2"
"Veh_1.ToVCU.bodyCAN_out.SoftOBCDataToBus.OBC_1.OBC_LowVoltOTFault_ToBus","Double","Body CAN output","Veh_1/ToVCU/bodyCAN_out/SoftOBCDataToBus/OBC_1/OBC_LowVoltOTFault_ToBus","Veh_1_B.VCar_Outport_ps","<none>","","","","","Parameter/state only","Static generated-C data flow","No external model input was reached. Terminal/unresolved nodes: Veh_1_P.OBC_LowVoltOTFault_Value; Veh_1_P.OvrdVal_Value_fqc. Use runtime testing before treating this output as an injection observation.","Prefer outputs with a resolved external input in the same function chain for initial injection tests.","Veh_1_code_info_extio.xml + Veh_1.c: Veh_1_B.VCar_Outport_ps"
"Veh_1.ToVCU.bodyCAN_out.SoftOBCDataToBus.OBC_1.OBC_NoBattery_ToBus","Double","Body CAN output","Veh_1/ToVCU/bodyCAN_out/SoftOBCDataToBus/OBC_1/OBC_NoBattery_ToBus","Veh_1_B.VCar_Outport_b2r","<none>","","","","","Parameter/state only","Static generated-C data flow","No external model input was reached. Terminal/unresolved nodes: Veh_1_P.OBC_NoBattery_Value; Veh_1_P.OvrdVal_Value_bf. Use runtime testing before treating this output as an injection observation.","Prefer outputs with a resolved external input in the same function chain for initial injection tests.","Veh_1_code_info_extio.xml + Veh_1.c: Veh_1_B.VCar_Outport_b2r"
"Veh_1.ToVCU.bodyCAN_out.SoftOBCDataToBus.OBC_1.OBC_OverTemp_ToBus","Double","Body CAN output","Veh_1/ToVCU/bodyCAN_out/SoftOBCDataToBus/OBC_1/OBC_OverTemp_ToBus","Veh_1_B.VCar_Outport_ax","<none>","","","","","Parameter/state only","Static generated-C data flow","No external model input was reached. Terminal/unresolved nodes: Veh_1_P.OBC_OverTemp_Value; Veh_1_P.OvrdVal_Value_gwi. Use runtime testing before treating this output as an injection observation.","Prefer outputs with a resolved external input in the same function chain for initial injection tests.","Veh_1_code_info_extio.xml + Veh_1.c: Veh_1_B.VCar_Outport_ax"
"Veh_1.ToVCU.bodyCAN_out.SoftOBCDataToBus.OBC_1.OBC_State_ToBus","Double","Body CAN output","Veh_1/ToVCU/bodyCAN_out/SoftOBCDataToBus/OBC_1/OBC_State_ToBus","Veh_1_B.VCar_Outport_n1","<none>","","","","","Parameter/state only","Static generated-C data flow","No external model input was reached. Terminal/unresolved nodes: Veh_1_P.OBC_State_Value; Veh_1_P.OvrdVal_Value_er. Use runtime testing before treating this output as an injection observation.","Prefer outputs with a resolved external input in the same function chain for initial injection tests.","Veh_1_code_info_extio.xml + Veh_1.c: Veh_1_B.VCar_Outport_n1"
"Veh_1.ToVCU.bodyCAN_out.SoftOBCDataToBus.OBC_1_MsgEnable.OBC_1_MsgDisable","Bool","Body CAN output","Veh_1/ToVCU/bodyCAN_out/SoftOBCDataToBus/OBC_1_MsgEnable/OBC_1_MsgDisable","Veh_1_B.VCar_Outport_liw","<none>","","","","","Parameter/state only","Static generated-C data flow","No external model input was reached. Terminal/unresolved nodes: Veh_1_P.body_out_MsgEnable_Value; Veh_1_P.OBC_1EnableOvrdVal_Value; Veh_1_P.OBC_MsgEnable_Value; Veh_1_P.OvrdVal_Value_gdk; Veh_1_P.OvrdVal_Value_gh. Use runtime testing before treating this output as an injection observation.","Prefer outputs with a resolved external input in the same function chain for initial injection tests.","Veh_1_code_info_extio.xml + Veh_1.c: Veh_1_B.VCar_Outport_liw"
"Veh_1.ToVCU.bodyCAN_out.SoftOBCDataToBus.OBC_2.OBC_ACVolageSts_ToBus","Double","Body CAN output","Veh_1/ToVCU/bodyCAN_out/SoftOBCDataToBus/OBC_2/OBC_ACVolageSts_ToBus","Veh_1_B.VCar_Outport_bo","<none>","","","","","Parameter/state only","Static generated-C data flow","No external model input was reached. Terminal/unresolved nodes: Veh_1_P.OBC_ACVolageSts_Value; Veh_1_P.OvrdVal_Value_jj. Use runtime testing before treating this output as an injection observation.","Prefer outputs with a resolved external input in the same function chain for initial injection tests.","Veh_1_code_info_extio.xml + Veh_1.c: Veh_1_B.VCar_Outport_bo"
"Veh_1.ToVCU.bodyCAN_out.SoftOBCDataToBus.OBC_2.OBC_BattConnectSts_ToBus","Double","Body CAN output","Veh_1/ToVCU/bodyCAN_out/SoftOBCDataToBus/OBC_2/OBC_BattConnectSts_ToBus","Veh_1_B.VCar_Outport_kmn","<none>","","","","","Parameter/state only","Static generated-C data flow","No external model input was reached. Terminal/unresolved nodes: Veh_1_P.OBC_BattConnectSts_Value; Veh_1_P.OvrdVal_Value_maq. Use runtime testing before treating this output as an injection observation.","Prefer outputs with a resolved external input in the same function chain for initial injection tests.","Veh_1_code_info_extio.xml + Veh_1.c: Veh_1_B.VCar_Outport_kmn"
"Veh_1.ToVCU.bodyCAN_out.SoftOBCDataToBus.OBC_2.OBC_CommOverTime_ToBus","Double","Body CAN output","Veh_1/ToVCU/bodyCAN_out/SoftOBCDataToBus/OBC_2/OBC_CommOverTime_ToBus","Veh_1_B.VCar_Outport_jn","<none>","","","","","Parameter/state only","Static generated-C data flow","No external model input was reached. Terminal/unresolved nodes: Veh_1_P.OBC_CommOverTime_Value; Veh_1_P.OvrdVal_Value_ic. Use runtime testing before treating this output as an injection observation.","Prefer outputs with a resolved external input in the same function chain for initial injection tests.","Veh_1_code_info_extio.xml + Veh_1.c: Veh_1_B.VCar_Outport_jn"
"Veh_1.ToVCU.bodyCAN_out.SoftOBCDataToBus.OBC_2.OBC_CP_Sts_ToBus","Double","Body CAN output","Veh_1/ToVCU/bodyCAN_out/SoftOBCDataToBus/OBC_2/OBC_CP_Sts_ToBus","Veh_1_B.VCar_Outport_fb","<none>","","","","","Parameter/state only","Static generated-C data flow","No external model input was reached. Terminal/unresolved nodes: Veh_1_P.OBC_CP_Sts_Value; Veh_1_P.OvrdVal_Value_mkh. Use runtime testing before treating this output as an injection observation.","Prefer outputs with a resolved external input in the same function chain for initial injection tests.","Veh_1_code_info_extio.xml + Veh_1.c: Veh_1_B.VCar_Outport_fb"
"Veh_1.ToVCU.bodyCAN_out.SoftOBCDataToBus.OBC_2.OBC_HWSts_ToBus","Double","Body CAN output","Veh_1/ToVCU/bodyCAN_out/SoftOBCDataToBus/OBC_2/OBC_HWSts_ToBus","Veh_1_B.VCar_Outport_i1j","<none>","","","","","Parameter/state only","Static generated-C data flow","No external model input was reached. Terminal/unresolved nodes: Veh_1_P.OBC_HWSts_Value; Veh_1_P.OvrdVal_Value_ab. Use runtime testing before treating this output as an injection observation.","Prefer outputs with a resolved external input in the same function chain for initial injection tests.","Veh_1_code_info_extio.xml + Veh_1.c: Veh_1_B.VCar_Outport_i1j"
"Veh_1.ToVCU.bodyCAN_out.SoftOBCDataToBus.OBC_2.OBC_HWVersion_ToBus","Double","Body CAN output","Veh_1/ToVCU/bodyCAN_out/SoftOBCDataToBus/OBC_2/OBC_HWVersion_ToBus","Veh_1_B.VCar_Outport_j3","<none>","","","","","Parameter/state only","Static generated-C data flow","No external model input was reached. Terminal/unresolved nodes: Veh_1_P.OBC_HWVersion_Value; Veh_1_P.OvrdVal_Value_dn. Use runtime testing before treating this output as an injection observation.","Prefer outputs with a resolved external input in the same function chain for initial injection tests.","Veh_1_code_info_extio.xml + Veh_1.c: Veh_1_B.VCar_Outport_j3"
"Veh_1.ToVCU.bodyCAN_out.SoftOBCDataToBus.OBC_2.OBC_SoftVersion_ToBus","Double","Body CAN output","Veh_1/ToVCU/bodyCAN_out/SoftOBCDataToBus/OBC_2/OBC_SoftVersion_ToBus","Veh_1_B.VCar_Outport_oq","<none>","","","","","Parameter/state only","Static generated-C data flow","No external model input was reached. Terminal/unresolved nodes: Veh_1_P.OBC_SoftVersion_Value; Veh_1_P.OvrdVal_Value_cec. Use runtime testing before treating this output as an injection observation.","Prefer outputs with a resolved external input in the same function chain for initial injection tests.","Veh_1_code_info_extio.xml + Veh_1.c: Veh_1_B.VCar_Outport_oq"
"Veh_1.ToVCU.bodyCAN_out.SoftOBCDataToBus.OBC_2.OBC_Temp_ToBus","Double","Body CAN output","Veh_1/ToVCU/bodyCAN_out/SoftOBCDataToBus/OBC_2/OBC_Temp_ToBus","Veh_1_B.VCar_Outport_ec","<none>","","","","","Parameter/state only","Static generated-C data flow","No external model input was reached. Terminal/unresolved nodes: Veh_1_P.OBC_Temp_Value; Veh_1_P.OvrdVal_Value_n5. Use runtime testing before treating this output as an injection observation.","Prefer outputs with a resolved external input in the same function chain for initial injection tests.","Veh_1_code_info_extio.xml + Veh_1.c: Veh_1_B.VCar_Outport_ec"
"Veh_1.ToVCU.bodyCAN_out.SoftOBCDataToBus.OBC_2.OBC_TempSts_ToBus","Double","Body CAN output","Veh_1/ToVCU/bodyCAN_out/SoftOBCDataToBus/OBC_2/OBC_TempSts_ToBus","Veh_1_B.VCar_Outport_n45","<none>","","","","","Parameter/state only","Static generated-C data flow","No external model input was reached. Terminal/unresolved nodes: Veh_1_P.OBC_TempSts_Value; Veh_1_P.OvrdVal_Value_og. Use runtime testing before treating this output as an injection observation.","Prefer outputs with a resolved external input in the same function chain for initial injection tests.","Veh_1_code_info_extio.xml + Veh_1.c: Veh_1_B.VCar_Outport_n45"
"Veh_1.ToVCU.bodyCAN_out.SoftOBCDataToBus.OBC_2_MsgEnable.OBC_2_MsgDisable","Bool","Body CAN output","Veh_1/ToVCU/bodyCAN_out/SoftOBCDataToBus/OBC_2_MsgEnable/OBC_2_MsgDisable","Veh_1_B.VCar_Outport_ge3","<none>","","","","","Parameter/state only","Static generated-C data flow","No external model input was reached. Terminal/unresolved nodes: Veh_1_P.body_out_MsgEnable_Value; Veh_1_P.OBC_2EnableOvrdVal_Value; Veh_1_P.OBC_MsgEnable_Value; Veh_1_P.OvrdVal_Value_gdk; Veh_1_P.OvrdVal_Value_gh. Use runtime testing before treating this output as an injection observation.","Prefer outputs with a resolved external input in the same function chain for initial injection tests.","Veh_1_code_info_extio.xml + Veh_1.c: Veh_1_B.VCar_Outport_ge3"
"Veh_1.ToVCU.bodyCAN_out.SoftOBCDataToBus.OBC_3.OBC_ACInputVoltage_ToBus","Double","Body CAN output","Veh_1/ToVCU/bodyCAN_out/SoftOBCDataToBus/OBC_3/OBC_ACInputVoltage_ToBus","Veh_1_B.VCar_Outport_oz","<none>","","","","","Parameter/state only","Static generated-C data flow","No external model input was reached. Terminal/unresolved nodes: Veh_1_P.OBC_ACInputVoltage_Value; Veh_1_P.OvrdVal_Value_ld. Use runtime testing before treating this output as an injection observation.","Prefer outputs with a resolved external input in the same function chain for initial injection tests.","Veh_1_code_info_extio.xml + Veh_1.c: Veh_1_B.VCar_Outport_oz"
"Veh_1.ToVCU.bodyCAN_out.SoftOBCDataToBus.OBC_3.OBC_BatteryVoltage_ToBus","Double","Body CAN output","Veh_1/ToVCU/bodyCAN_out/SoftOBCDataToBus/OBC_3/OBC_BatteryVoltage_ToBus","Veh_1_B.VCar_Outport_gy","<none>","","","","","Parameter/state only","Static generated-C data flow","No external model input was reached. Terminal/unresolved nodes: Veh_1_P.OBC_BatteryVoltage_Value; Veh_1_P.OvrdVal_Value_d4. Use runtime testing before treating this output as an injection observation.","Prefer outputs with a resolved external input in the same function chain for initial injection tests.","Veh_1_code_info_extio.xml + Veh_1.c: Veh_1_B.VCar_Outport_gy"
"Veh_1.ToVCU.bodyCAN_out.SoftOBCDataToBus.OBC_3.OBC_CurrentLimit_ToBus","Double","Body CAN output","Veh_1/ToVCU/bodyCAN_out/SoftOBCDataToBus/OBC_3/OBC_CurrentLimit_ToBus","Veh_1_B.VCar_Outport_ewb","<none>","","","","","Parameter/state only","Static generated-C data flow","No external model input was reached. Terminal/unresolved nodes: Veh_1_P.OBC_CurrentLimit_Value; Veh_1_P.OvrdVal_Value_gt1. Use runtime testing before treating this output as an injection observation.","Prefer outputs with a resolved external input in the same function chain for initial injection tests.","Veh_1_code_info_extio.xml + Veh_1.c: Veh_1_B.VCar_Outport_ewb"
"Veh_1.ToVCU.bodyCAN_out.SoftOBCDataToBus.OBC_3.OBC_ErrorFlag_ToBus","Double","Body CAN output","Veh_1/ToVCU/bodyCAN_out/SoftOBCDataToBus/OBC_3/OBC_ErrorFlag_ToBus","Veh_1_B.VCar_Outport_mzj","<none>","","","","","Parameter/state only","Static generated-C data flow","No external model input was reached. Terminal/unresolved nodes: Veh_1_P.OBC_ErrorFlag_Value; Veh_1_P.OvrdVal_Value_kp. Use runtime testing before treating this output as an injection observation.","Prefer outputs with a resolved external input in the same function chain for initial injection tests.","Veh_1_code_info_extio.xml + Veh_1.c: Veh_1_B.VCar_Outport_mzj"
"Veh_1.ToVCU.bodyCAN_out.SoftOBCDataToBus.OBC_3.OBC_PFCVoltage_ToBus","Double","Body CAN output","Veh_1/ToVCU/bodyCAN_out/SoftOBCDataToBus/OBC_3/OBC_PFCVoltage_ToBus","Veh_1_B.VCar_Outport_nc","<none>","","","","","Parameter/state only","Static generated-C data flow","No external model input was reached. Terminal/unresolved nodes: Veh_1_P.OBC_PFCVoltage_Value; Veh_1_P.OvrdVal_Value_dx. Use runtime testing before treating this output as an injection observation.","Prefer outputs with a resolved external input in the same function chain for initial injection tests.","Veh_1_code_info_extio.xml + Veh_1.c: Veh_1_B.VCar_Outport_nc"
"Veh_1.ToVCU.bodyCAN_out.SoftOBCDataToBus.OBC_3_MsgEnable.OBC_3_MsgDisable","Bool","Body CAN output","Veh_1/ToVCU/bodyCAN_out/SoftOBCDataToBus/OBC_3_MsgEnable/OBC_3_MsgDisable","Veh_1_B.VCar_Outport_nb","<none>","","","","","Parameter/state only","Static generated-C data flow","No external model input was reached. Terminal/unresolved nodes: Veh_1_P.body_out_MsgEnable_Value; Veh_1_P.OBC_3EnableOvrdVal_Value; Veh_1_P.OBC_MsgEnable_Value; Veh_1_P.OvrdVal_Value_gdk; Veh_1_P.OvrdVal_Value_gh. Use runtime testing before treating this output as an injection observation.","Prefer outputs with a resolved external input in the same function chain for initial injection tests.","Veh_1_code_info_extio.xml + Veh_1.c: Veh_1_B.VCar_Outport_nb"
"Veh_1.ToVCU.bodyCAN_out.SoftOBCDataToBus.OBC_4.OBC_ACInputCurrent_ToBus","Double","Body CAN output","Veh_1/ToVCU/bodyCAN_out/SoftOBCDataToBus/OBC_4/OBC_ACInputCurrent_ToBus","Veh_1_B.VCar_Outport_ib4","<none>","","","","","Parameter/state only","Static generated-C data flow","No external model input was reached. Terminal/unresolved nodes: Veh_1_P.OBC_ACInputCurrent_Value; Veh_1_P.OvrdVal_Value_ici. Use runtime testing before treating this output as an injection observation.","Prefer outputs with a resolved external input in the same function chain for initial injection tests.","Veh_1_code_info_extio.xml + Veh_1.c: Veh_1_B.VCar_Outport_ib4"
"Veh_1.ToVCU.bodyCAN_out.SoftOBCDataToBus.OBC_4.OBC_BMSWakeSts_ToBus","Double","Body CAN output","Veh_1/ToVCU/bodyCAN_out/SoftOBCDataToBus/OBC_4/OBC_BMSWakeSts_ToBus","Veh_1_B.VCar_Outport_kg","<none>","","","","","Parameter/state only","Static generated-C data flow","No external model input was reached. Terminal/unresolved nodes: Veh_1_P.OBC_BMSWakeSts_Value; Veh_1_P.OvrdVal_Value_f4. Use runtime testing before treating this output as an injection observation.","Prefer outputs with a resolved external input in the same function chain for initial injection tests.","Veh_1_code_info_extio.xml + Veh_1.c: Veh_1_B.VCar_Outport_kg"
"Veh_1.ToVCU.bodyCAN_out.SoftOBCDataToBus.OBC_4.OBC_CCSts_ToBus","Double","Body CAN output","Veh_1/ToVCU/bodyCAN_out/SoftOBCDataToBus/OBC_4/OBC_CCSts_ToBus","Veh_1_B.VCar_Outport_eg","<none>","","","","","Parameter/state only","Static generated-C data flow","No external model input was reached. Terminal/unresolved nodes: Veh_1_P.OBC_CCSts_Value; Veh_1_P.OvrdVal_Value_a2. Use runtime testing before treating this output as an injection observation.","Prefer outputs with a resolved external input in the same function chain for initial injection tests.","Veh_1_code_info_extio.xml + Veh_1.c: Veh_1_B.VCar_Outport_eg"
"Veh_1.ToVCU.bodyCAN_out.SoftOBCDataToBus.OBC_4.OBC_ChrgPiletMaxCurr_ToBus","Double","Body CAN output","Veh_1/ToVCU/bodyCAN_out/SoftOBCDataToBus/OBC_4/OBC_ChrgPiletMaxCurr_ToBus","Veh_1_B.VCar_Outport_bt","<none>","","","","","Parameter/state only","Static generated-C data flow","No external model input was reached. Terminal/unresolved nodes: Veh_1_P.OBC_ChrgPiletMaxCurr_Value; Veh_1_P.OvrdVal_Value_a5. Use runtime testing before treating this output as an injection observation.","Prefer outputs with a resolved external input in the same function chain for initial injection tests.","Veh_1_code_info_extio.xml + Veh_1.c: Veh_1_B.VCar_Outport_bt"
"Veh_1.ToVCU.bodyCAN_out.SoftOBCDataToBus.OBC_4.OBC_ChrgPortTemp1_ToBus","Double","Body CAN output","Veh_1/ToVCU/bodyCAN_out/SoftOBCDataToBus/OBC_4/OBC_ChrgPortTemp1_ToBus","Veh_1_B.VCar_Outport_oi2","<none>","","","","","Parameter/state only","Static generated-C data flow","No external model input was reached. Terminal/unresolved nodes: Veh_1_P.OBC_ChrgPortTemp1_Value; Veh_1_P.OvrdVal_Value_ax2. Use runtime testing before treating this output as an injection observation.","Prefer outputs with a resolved external input in the same function chain for initial injection tests.","Veh_1_code_info_extio.xml + Veh_1.c: Veh_1_B.VCar_Outport_oi2"
"Veh_1.ToVCU.bodyCAN_out.SoftOBCDataToBus.OBC_4.OBC_ChrgPortTemp2_ToBus","Double","Body CAN output","Veh_1/ToVCU/bodyCAN_out/SoftOBCDataToBus/OBC_4/OBC_ChrgPortTemp2_ToBus","Veh_1_B.VCar_Outport_ca","<none>","","","","","Parameter/state only","Static generated-C data flow","No external model input was reached. Terminal/unresolved nodes: Veh_1_P.OBC_ChrgPortTemp2_Value; Veh_1_P.OvrdVal_Value_eam. Use runtime testing before treating this output as an injection observation.","Prefer outputs with a resolved external input in the same function chain for initial injection tests.","Veh_1_code_info_extio.xml + Veh_1.c: Veh_1_B.VCar_Outport_ca"
"Veh_1.ToVCU.bodyCAN_out.SoftOBCDataToBus.OBC_4.OBC_CPDuty_ToBus","Double","Body CAN output","Veh_1/ToVCU/bodyCAN_out/SoftOBCDataToBus/OBC_4/OBC_CPDuty_ToBus","Veh_1_B.VCar_Outport_me","<none>","","","","","Parameter/state only","Static generated-C data flow","No external model input was reached. Terminal/unresolved nodes: Veh_1_P.OBC_CPDuty_Value; Veh_1_P.OvrdVal_Value_hx. Use runtime testing before treating this output as an injection observation.","Prefer outputs with a resolved external input in the same function chain for initial injection tests.","Veh_1_code_info_extio.xml + Veh_1.c: Veh_1_B.VCar_Outport_me"
"Veh_1.ToVCU.bodyCAN_out.SoftOBCDataToBus.OBC_4.OBC_Faultlevel_ToBus","Double","Body CAN output","Veh_1/ToVCU/bodyCAN_out/SoftOBCDataToBus/OBC_4/OBC_Faultlevel_ToBus","Veh_1_B.VCar_Outport_lb4","<none>","","","","","Parameter/state only","Static generated-C data flow","No external model input was reached. Terminal/unresolved nodes: Veh_1_P.OBC_Faultlevel_Value; Veh_1_P.OvrdVal_Value_it. Use runtime testing before treating this output as an injection observation.","Prefer outputs with a resolved external input in the same function chain for initial injection tests.","Veh_1_code_info_extio.xml + Veh_1.c: Veh_1_B.VCar_Outport_lb4"
"Veh_1.ToVCU.bodyCAN_out.SoftOBCDataToBus.OBC_4.OBC_S2Sts_ToBus","Double","Body CAN output","Veh_1/ToVCU/bodyCAN_out/SoftOBCDataToBus/OBC_4/OBC_S2Sts_ToBus","Veh_1_B.VCar_Outport_nch","<none>","","","","","Parameter/state only","Static generated-C data flow","No external model input was reached. Terminal/unresolved nodes: Veh_1_P.OBC_S2Sts_Value; Veh_1_P.OvrdVal_Value_a5s. Use runtime testing before treating this output as an injection observation.","Prefer outputs with a resolved external input in the same function chain for initial injection tests.","Veh_1_code_info_extio.xml + Veh_1.c: Veh_1_B.VCar_Outport_nch"
"Veh_1.ToVCU.bodyCAN_out.SoftOBCDataToBus.OBC_4.Unused_ToBus","Double","Body CAN output","Veh_1/ToVCU/bodyCAN_out/SoftOBCDataToBus/OBC_4/Unused_ToBus","Veh_1_B.VCar_Outport_ms","<none>","","","","","Parameter/state only","Static generated-C data flow","No external model input was reached. Terminal/unresolved nodes: Veh_1_P.OvrdVal_Value_eov; Veh_1_P.Unused_Value. Use runtime testing before treating this output as an injection observation.","Prefer outputs with a resolved external input in the same function chain for initial injection tests.","Veh_1_code_info_extio.xml + Veh_1.c: Veh_1_B.VCar_Outport_ms"
"Veh_1.ToVCU.bodyCAN_out.SoftOBCDataToBus.OBC_4_MsgEnable.OBC_4_MsgDisable","Bool","Body CAN output","Veh_1/ToVCU/bodyCAN_out/SoftOBCDataToBus/OBC_4_MsgEnable/OBC_4_MsgDisable","Veh_1_B.VCar_Outport_p0","<none>","","","","","Parameter/state only","Static generated-C data flow","No external model input was reached. Terminal/unresolved nodes: Veh_1_P.body_out_MsgEnable_Value; Veh_1_P.OBC_4EnableOvrdVal_Value; Veh_1_P.OBC_MsgEnable_Value; Veh_1_P.OvrdVal_Value_gdk; Veh_1_P.OvrdVal_Value_gh. Use runtime testing before treating this output as an injection observation.","Prefer outputs with a resolved external input in the same function chain for initial injection tests.","Veh_1_code_info_extio.xml + Veh_1.c: Veh_1_B.VCar_Outport_p0"
"Veh_1.ToVCU.HW.Digital Output.Digital Output1.BRKWeak","Double","Hardware digital output","Veh_1/ToVCU/HW/Digital Output/Digital Output1/BRKWeak","Veh_1_B.VCar_Outport","<none>","","","","","Unresolved static path","Static generated-C data flow","No external model input was reached. Terminal/unresolved nodes: Veh_1_P.OvrdVal_Value. Use runtime testing before treating this output as an injection observation.","Prefer outputs with a resolved external input in the same function chain for initial injection tests.","Veh_1_code_info_extio.xml + Veh_1.c: Veh_1_B.VCar_Outport"
"Veh_1.ToVCU.HW.Digital Output.Digital Output1.U_DO_Ch1_Enable_Out","Double","Hardware digital output","Veh_1/ToVCU/HW/Digital Output/Digital Output1/U_DO_Ch1_Enable_Out","Veh_1_B.VCar_Outport_c","<none>","","","","","Parameter/state only","Static generated-C data flow","No external model input was reached. Terminal/unresolved nodes: Veh_1_P.Off_Value; Veh_1_P.U_Ch1_Voltage_Out_Enable_Value. Use runtime testing before treating this output as an injection observation.","Prefer outputs with a resolved external input in the same function chain for initial injection tests.","Veh_1_code_info_extio.xml + Veh_1.c: Veh_1_B.VCar_Outport_c"
"Veh_1.ToVCU.HW.Digital Output.Digital Output10.U_DO_Ch10_Enable_Out","Double","Hardware digital output","Veh_1/ToVCU/HW/Digital Output/Digital Output10/U_DO_Ch10_Enable_Out","Veh_1_B.VCar_Outport_m","<none>","","","","","Parameter/state only","Static generated-C data flow","No external model input was reached. Terminal/unresolved nodes: Veh_1_P.Off_Value_p; Veh_1_P.U_Ch1_Voltage_Out_Enable_Valu_i. Use runtime testing before treating this output as an injection observation.","Prefer outputs with a resolved external input in the same function chain for initial injection tests.","Veh_1_code_info_extio.xml + Veh_1.c: Veh_1_B.VCar_Outport_m"
"Veh_1.ToVCU.HW.Digital Output.Digital Output10.U_DO_Ch10_OutCmd_Out","Double","Hardware digital output","Veh_1/ToVCU/HW/Digital Output/Digital Output10/U_DO_Ch10_OutCmd_Out","Veh_1_B.VCar_Outport_e","<none>","","","","","Parameter/state only","Static generated-C data flow","No external model input was reached. Terminal/unresolved nodes: Veh_1_P.OvrdVal_Value_g; Veh_1_P.U_DO_Ch10_OutCmd_Value. Use runtime testing before treating this output as an injection observation.","Prefer outputs with a resolved external input in the same function chain for initial injection tests.","Veh_1_code_info_extio.xml + Veh_1.c: Veh_1_B.VCar_Outport_e"
"Veh_1.ToVCU.HW.Digital Output.Digital Output11.U_DO_Ch11_Enable_Out","Double","Hardware digital output","Veh_1/ToVCU/HW/Digital Output/Digital Output11/U_DO_Ch11_Enable_Out","Veh_1_B.VCar_Outport_a","<none>","","","","","Parameter/state only","Static generated-C data flow","No external model input was reached. Terminal/unresolved nodes: Veh_1_P.Off_Value_h; Veh_1_P.U_Ch1_Voltage_Out_Enable_Valu_g. Use runtime testing before treating this output as an injection observation.","Prefer outputs with a resolved external input in the same function chain for initial injection tests.","Veh_1_code_info_extio.xml + Veh_1.c: Veh_1_B.VCar_Outport_a"
"Veh_1.ToVCU.HW.Digital Output.Digital Output11.U_DO_Ch11_OutCmd_Out","Double","Hardware digital output","Veh_1/ToVCU/HW/Digital Output/Digital Output11/U_DO_Ch11_OutCmd_Out","Veh_1_B.VCar_Outport_k","<none>","","","","","Parameter/state only","Static generated-C data flow","No external model input was reached. Terminal/unresolved nodes: Veh_1_P.OvrdVal_Value_m; Veh_1_P.U_DO_Ch11_OutCmd_Value. Use runtime testing before treating this output as an injection observation.","Prefer outputs with a resolved external input in the same function chain for initial injection tests.","Veh_1_code_info_extio.xml + Veh_1.c: Veh_1_B.VCar_Outport_k"
"Veh_1.ToVCU.HW.Digital Output.Digital Output12.U_DO_Ch12_Enable_Out","Double","Hardware digital output","Veh_1/ToVCU/HW/Digital Output/Digital Output12/U_DO_Ch12_Enable_Out","Veh_1_B.VCar_Outport_h","<none>","","","","","Parameter/state only","Static generated-C data flow","No external model input was reached. Terminal/unresolved nodes: Veh_1_P.Off_Value_c; Veh_1_P.U_Ch1_Voltage_Out_Enable_Valu_n. Use runtime testing before treating this output as an injection observation.","Prefer outputs with a resolved external input in the same function chain for initial injection tests.","Veh_1_code_info_extio.xml + Veh_1.c: Veh_1_B.VCar_Outport_h"
"Veh_1.ToVCU.HW.Digital Output.Digital Output12.U_DO_Ch12_OutCmd_Out","Double","Hardware digital output","Veh_1/ToVCU/HW/Digital Output/Digital Output12/U_DO_Ch12_OutCmd_Out","Veh_1_B.VCar_Outport_ki","<none>","","","","","Parameter/state only","Static generated-C data flow","No external model input was reached. Terminal/unresolved nodes: Veh_1_P.OvrdVal_Value_i; Veh_1_P.U_DO_Ch12_OutCmd_Value. Use runtime testing before treating this output as an injection observation.","Prefer outputs with a resolved external input in the same function chain for initial injection tests.","Veh_1_code_info_extio.xml + Veh_1.c: Veh_1_B.VCar_Outport_ki"
"Veh_1.ToVCU.HW.Digital Output.Digital Output13.U_DO_Ch13_Enable_Out","Double","Hardware digital output","Veh_1/ToVCU/HW/Digital Output/Digital Output13/U_DO_Ch13_Enable_Out","Veh_1_B.VCar_Outport_p","<none>","","","","","Parameter/state only","Static generated-C data flow","No external model input was reached. Terminal/unresolved nodes: Veh_1_P.Off_Value_n; Veh_1_P.U_Ch1_Voltage_Out_Enable_Valu_k. Use runtime testing before treating this output as an injection observation.","Prefer outputs with a resolved external input in the same function chain for initial injection tests.","Veh_1_code_info_extio.xml + Veh_1.c: Veh_1_B.VCar_Outport_p"
"Veh_1.ToVCU.HW.Digital Output.Digital Output13.U_DO_Ch13_OutCmd_Out","Double","Hardware digital output","Veh_1/ToVCU/HW/Digital Output/Digital Output13/U_DO_Ch13_OutCmd_Out","Veh_1_B.VCar_Outport_o","<none>","","","","","Parameter/state only","Static generated-C data flow","No external model input was reached. Terminal/unresolved nodes: Veh_1_P.OvrdVal_Value_j; Veh_1_P.U_DO_Ch13_OutCmd_Value. Use runtime testing before treating this output as an injection observation.","Prefer outputs with a resolved external input in the same function chain for initial injection tests.","Veh_1_code_info_extio.xml + Veh_1.c: Veh_1_B.VCar_Outport_o"
"Veh_1.ToVCU.HW.Digital Output.Digital Output14.U_DO_Ch14_Enable_Out","Double","Hardware digital output","Veh_1/ToVCU/HW/Digital Output/Digital Output14/U_DO_Ch14_Enable_Out","Veh_1_B.VCar_Outport_at","<none>","","","","","Parameter/state only","Static generated-C data flow","No external model input was reached. Terminal/unresolved nodes: Veh_1_P.Off_Value_pl; Veh_1_P.U_Ch1_Voltage_Out_Enable_Valu_p. Use runtime testing before treating this output as an injection observation.","Prefer outputs with a resolved external input in the same function chain for initial injection tests.","Veh_1_code_info_extio.xml + Veh_1.c: Veh_1_B.VCar_Outport_at"
"Veh_1.ToVCU.HW.Digital Output.Digital Output14.U_DO_Ch14_OutCmd_Out","Double","Hardware digital output","Veh_1/ToVCU/HW/Digital Output/Digital Output14/U_DO_Ch14_OutCmd_Out","Veh_1_B.VCar_Outport_m3","<none>","","","","","Parameter/state only","Static generated-C data flow","No external model input was reached. Terminal/unresolved nodes: Veh_1_P.OvrdVal_Value_a; Veh_1_P.U_DO_Ch14_OutCmd_Value. Use runtime testing before treating this output as an injection observation.","Prefer outputs with a resolved external input in the same function chain for initial injection tests.","Veh_1_code_info_extio.xml + Veh_1.c: Veh_1_B.VCar_Outport_m3"
"Veh_1.ToVCU.HW.Digital Output.Digital Output15.U_DO_Ch15_Enable_Out","Double","Hardware digital output","Veh_1/ToVCU/HW/Digital Output/Digital Output15/U_DO_Ch15_Enable_Out","Veh_1_B.VCar_Outport_pg","<none>","","","","","Parameter/state only","Static generated-C data flow","No external model input was reached. Terminal/unresolved nodes: Veh_1_P.Off_Value_e; Veh_1_P.U_Ch1_Voltage_Out_Enable_Valu_o. Use runtime testing before treating this output as an injection observation.","Prefer outputs with a resolved external input in the same function chain for initial injection tests.","Veh_1_code_info_extio.xml + Veh_1.c: Veh_1_B.VCar_Outport_pg"
"Veh_1.ToVCU.HW.Digital Output.Digital Output15.U_DO_Ch15_OutCmd_Out","Double","Hardware digital output","Veh_1/ToVCU/HW/Digital Output/Digital Output15/U_DO_Ch15_OutCmd_Out","Veh_1_B.VCar_Outport_b","<none>","","","","","Parameter/state only","Static generated-C data flow","No external model input was reached. Terminal/unresolved nodes: Veh_1_P.OvrdVal_Value_ak; Veh_1_P.U_DO_Ch15_OutCmd_Value. Use runtime testing before treating this output as an injection observation.","Prefer outputs with a resolved external input in the same function chain for initial injection tests.","Veh_1_code_info_extio.xml + Veh_1.c: Veh_1_B.VCar_Outport_b"
"Veh_1.ToVCU.HW.Digital Output.Digital Output16.U_DO_Ch16_Enable_Out","Double","Hardware digital output","Veh_1/ToVCU/HW/Digital Output/Digital Output16/U_DO_Ch16_Enable_Out","Veh_1_B.VCar_Outport_hl","<none>","","","","","Parameter/state only","Static generated-C data flow","No external model input was reached. Terminal/unresolved nodes: Veh_1_P.Off_Value_p1; Veh_1_P.U_Ch1_Voltage_Out_Enable_Val_iv. Use runtime testing before treating this output as an injection observation.","Prefer outputs with a resolved external input in the same function chain for initial injection tests.","Veh_1_code_info_extio.xml + Veh_1.c: Veh_1_B.VCar_Outport_hl"
"Veh_1.ToVCU.HW.Digital Output.Digital Output16.U_DO_Ch16_OutCmd_Out","Double","Hardware digital output","Veh_1/ToVCU/HW/Digital Output/Digital Output16/U_DO_Ch16_OutCmd_Out","Veh_1_B.VCar_Outport_af","<none>","","","","","Parameter/state only","Static generated-C data flow","No external model input was reached. Terminal/unresolved nodes: Veh_1_P.OvrdVal_Value_f; Veh_1_P.U_DO_Ch16_OutCmd_Value. Use runtime testing before treating this output as an injection observation.","Prefer outputs with a resolved external input in the same function chain for initial injection tests.","Veh_1_code_info_extio.xml + Veh_1.c: Veh_1_B.VCar_Outport_af"
"Veh_1.ToVCU.HW.Digital Output.Digital Output17.U_DO_Ch17_Enable_Out","Double","Hardware digital output","Veh_1/ToVCU/HW/Digital Output/Digital Output17/U_DO_Ch17_Enable_Out","Veh_1_B.VCar_Outport_ko","<none>","","","","","Parameter/state only","Static generated-C data flow","No external model input was reached. Terminal/unresolved nodes: Veh_1_P.Off_Value_b; Veh_1_P.U_Ch1_Voltage_Out_Enable_Valu_a. Use runtime testing before treating this output as an injection observation.","Prefer outputs with a resolved external input in the same function chain for initial injection tests.","Veh_1_code_info_extio.xml + Veh_1.c: Veh_1_B.VCar_Outport_ko"
"Veh_1.ToVCU.HW.Digital Output.Digital Output17.U_DO_Ch17_OutCmd_Out","Double","Hardware digital output","Veh_1/ToVCU/HW/Digital Output/Digital Output17/U_DO_Ch17_OutCmd_Out","Veh_1_B.VCar_Outport_ow","<none>","","","","","Parameter/state only","Static generated-C data flow","No external model input was reached. Terminal/unresolved nodes: Veh_1_P.OvrdVal_Value_c; Veh_1_P.U_DO_Ch17_OutCmd_Value. Use runtime testing before treating this output as an injection observation.","Prefer outputs with a resolved external input in the same function chain for initial injection tests.","Veh_1_code_info_extio.xml + Veh_1.c: Veh_1_B.VCar_Outport_ow"
"Veh_1.ToVCU.HW.Digital Output.Digital Output18.U_DO_Ch18_Enable_Out","Double","Hardware digital output","Veh_1/ToVCU/HW/Digital Output/Digital Output18/U_DO_Ch18_Enable_Out","Veh_1_B.VCar_Outport_l","<none>","","","","","Parameter/state only","Static generated-C data flow","No external model input was reached. Terminal/unresolved nodes: Veh_1_P.Off_Value_hz; Veh_1_P.U_Ch1_Voltage_Out_Enable_Valu_e. Use runtime testing before treating this output as an injection observation.","Prefer outputs with a resolved external input in the same function chain for initial injection tests.","Veh_1_code_info_extio.xml + Veh_1.c: Veh_1_B.VCar_Outport_l"
"Veh_1.ToVCU.HW.Digital Output.Digital Output18.U_DO_Ch18_OutCmd_Out","Double","Hardware digital output","Veh_1/ToVCU/HW/Digital Output/Digital Output18/U_DO_Ch18_OutCmd_Out","Veh_1_B.VCar_Outport_mp","<none>","","","","","Parameter/state only","Static generated-C data flow","No external model input was reached. Terminal/unresolved nodes: Veh_1_P.OvrdVal_Value_d; Veh_1_P.U_DO_Ch18_OutCmd_Value. Use runtime testing before treating this output as an injection observation.","Prefer outputs with a resolved external input in the same function chain for initial injection tests.","Veh_1_code_info_extio.xml + Veh_1.c: Veh_1_B.VCar_Outport_mp"
"Veh_1.ToVCU.HW.Digital Output.Digital Output19.U_DO_Ch19_Enable_Out","Double","Hardware digital output","Veh_1/ToVCU/HW/Digital Output/Digital Output19/U_DO_Ch19_Enable_Out","Veh_1_B.VCar_Outport_cv","<none>","","","","","Parameter/state only","Static generated-C data flow","No external model input was reached. Terminal/unresolved nodes: Veh_1_P.Off_Value_a; Veh_1_P.U_Ch1_Voltage_Out_Enable_Valu_j. Use runtime testing before treating this output as an injection observation.","Prefer outputs with a resolved external input in the same function chain for initial injection tests.","Veh_1_code_info_extio.xml + Veh_1.c: Veh_1_B.VCar_Outport_cv"
"Veh_1.ToVCU.HW.Digital Output.Digital Output19.U_DO_Ch19_OutCmd_Out","Double","Hardware digital output","Veh_1/ToVCU/HW/Digital Output/Digital Output19/U_DO_Ch19_OutCmd_Out","Veh_1_B.VCar_Outport_d","<none>","","","","","Parameter/state only","Static generated-C data flow","No external model input was reached. Terminal/unresolved nodes: Veh_1_P.OvrdVal_Value_gc; Veh_1_P.U_DO_Ch19_OutCmd_Value. Use runtime testing before treating this output as an injection observation.","Prefer outputs with a resolved external input in the same function chain for initial injection tests.","Veh_1_code_info_extio.xml + Veh_1.c: Veh_1_B.VCar_Outport_d"
"Veh_1.ToVCU.HW.Digital Output.Digital Output2.BRKStr","Double","Hardware digital output","Veh_1/ToVCU/HW/Digital Output/Digital Output2/BRKStr","Veh_1_B.VCar_Outport_ke","<none>","","","","","Unresolved static path","Static generated-C data flow","No external model input was reached. Terminal/unresolved nodes: Veh_1_P.OvrdVal_Value_mb. Use runtime testing before treating this output as an injection observation.","Prefer outputs with a resolved external input in the same function chain for initial injection tests.","Veh_1_code_info_extio.xml + Veh_1.c: Veh_1_B.VCar_Outport_ke"
"Veh_1.ToVCU.HW.Digital Output.Digital Output2.U_DO_Ch2_Enable_Out","Double","Hardware digital output","Veh_1/ToVCU/HW/Digital Output/Digital Output2/U_DO_Ch2_Enable_Out","Veh_1_B.VCar_Outport_k4","<none>","","","","","Parameter/state only","Static generated-C data flow","No external model input was reached. Terminal/unresolved nodes: Veh_1_P.Off_Value_bj; Veh_1_P.U_Ch1_Voltage_Out_Enable_Valu_d. Use runtime testing before treating this output as an injection observation.","Prefer outputs with a resolved external input in the same function chain for initial injection tests.","Veh_1_code_info_extio.xml + Veh_1.c: Veh_1_B.VCar_Outport_k4"
"Veh_1.ToVCU.HW.Digital Output.Digital Output20.U_DO_Ch20_Enable_Out","Double","Hardware digital output","Veh_1/ToVCU/HW/Digital Output/Digital Output20/U_DO_Ch20_Enable_Out","Veh_1_B.VCar_Outport_az","<none>","","","","","Parameter/state only","Static generated-C data flow","No external model input was reached. Terminal/unresolved nodes: Veh_1_P.Off_Value_g; Veh_1_P.U_Ch1_Voltage_Out_Enable_Valu_h. Use runtime testing before treating this output as an injection observation.","Prefer outputs with a resolved external input in the same function chain for initial injection tests.","Veh_1_code_info_extio.xml + Veh_1.c: Veh_1_B.VCar_Outport_az"
"Veh_1.ToVCU.HW.Digital Output.Digital Output20.U_DO_Ch20_OutCmd_Out","Double","Hardware digital output","Veh_1/ToVCU/HW/Digital Output/Digital Output20/U_DO_Ch20_OutCmd_Out","Veh_1_B.VCar_Outport_n","<none>","","","","","Parameter/state only","Static generated-C data flow","No external model input was reached. Terminal/unresolved nodes: Veh_1_P.OvrdVal_Value_cg; Veh_1_P.U_DO_Ch20_OutCmd_Value. Use runtime testing before treating this output as an injection observation.","Prefer outputs with a resolved external input in the same function chain for initial injection tests.","Veh_1_code_info_extio.xml + Veh_1.c: Veh_1_B.VCar_Outport_n"
"Veh_1.ToVCU.HW.Digital Output.Digital Output21.U_DO_Ch21_Enable_Out","Double","Hardware digital output","Veh_1/ToVCU/HW/Digital Output/Digital Output21/U_DO_Ch21_Enable_Out","Veh_1_B.VCar_Outport_i","<none>","","","","","Parameter/state only","Static generated-C data flow","No external model input was reached. Terminal/unresolved nodes: Veh_1_P.Off_Value_m; Veh_1_P.U_Ch1_Voltage_Out_Enable_Val_n5. Use runtime testing before treating this output as an injection observation.","Prefer outputs with a resolved external input in the same function chain for initial injection tests.","Veh_1_code_info_extio.xml + Veh_1.c: Veh_1_B.VCar_Outport_i"
"Veh_1.ToVCU.HW.Digital Output.Digital Output21.U_DO_Ch21_OutCmd_Out","Double","Hardware digital output","Veh_1/ToVCU/HW/Digital Output/Digital Output21/U_DO_Ch21_OutCmd_Out","Veh_1_B.VCar_Outport_nr","<none>","","","","","Parameter/state only","Static generated-C data flow","No external model input was reached. Terminal/unresolved nodes: Veh_1_P.OvrdVal_Value_fv; Veh_1_P.U_DO_Ch21_OutCmd_Value. Use runtime testing before treating this output as an injection observation.","Prefer outputs with a resolved external input in the same function chain for initial injection tests.","Veh_1_code_info_extio.xml + Veh_1.c: Veh_1_B.VCar_Outport_nr"
"Veh_1.ToVCU.HW.Digital Output.Digital Output22.U_DO_Ch22_Enable_Out","Double","Hardware digital output","Veh_1/ToVCU/HW/Digital Output/Digital Output22/U_DO_Ch22_Enable_Out","Veh_1_B.VCar_Outport_en","<none>","","","","","Parameter/state only","Static generated-C data flow","No external model input was reached. Terminal/unresolved nodes: Veh_1_P.Off_Value_hg; Veh_1_P.U_Ch1_Voltage_Out_Enable_Val_nr. Use runtime testing before treating this output as an injection observation.","Prefer outputs with a resolved external input in the same function chain for initial injection tests.","Veh_1_code_info_extio.xml + Veh_1.c: Veh_1_B.VCar_Outport_en"
"Veh_1.ToVCU.HW.Digital Output.Digital Output22.U_DO_Ch22_OutCmd_Out","Double","Hardware digital output","Veh_1/ToVCU/HW/Digital Output/Digital Output22/U_DO_Ch22_OutCmd_Out","Veh_1_B.VCar_Outport_ii","<none>","","","","","Parameter/state only","Static generated-C data flow","No external model input was reached. Terminal/unresolved nodes: Veh_1_P.OvrdVal_Value_n; Veh_1_P.U_DO_Ch22_OutCmd_Value. Use runtime testing before treating this output as an injection observation.","Prefer outputs with a resolved external input in the same function chain for initial injection tests.","Veh_1_code_info_extio.xml + Veh_1.c: Veh_1_B.VCar_Outport_ii"
"Veh_1.ToVCU.HW.Digital Output.Digital Output23.U_DO_Ch23_Enable_Out","Double","Hardware digital output","Veh_1/ToVCU/HW/Digital Output/Digital Output23/U_DO_Ch23_Enable_Out","Veh_1_B.VCar_Outport_f","<none>","","","","","Parameter/state only","Static generated-C data flow","No external model input was reached. Terminal/unresolved nodes: Veh_1_P.Off_Value_br; Veh_1_P.U_Ch1_Voltage_Out_Enable_Valu_c. Use runtime testing before treating this output as an injection observation.","Prefer outputs with a resolved external input in the same function chain for initial injection tests.","Veh_1_code_info_extio.xml + Veh_1.c: Veh_1_B.VCar_Outport_f"
"Veh_1.ToVCU.HW.Digital Output.Digital Output23.U_DO_Ch23_OutCmd_Out","Double","Hardware digital output","Veh_1/ToVCU/HW/Digital Output/Digital Output23/U_DO_Ch23_OutCmd_Out","Veh_1_B.VCar_Outport_em","<none>","","","","","Parameter/state only","Static generated-C data flow","No external model input was reached. Terminal/unresolved nodes: Veh_1_P.OvrdVal_Value_k; Veh_1_P.U_DO_Ch23_OutCmd_Value. Use runtime testing before treating this output as an injection observation.","Prefer outputs with a resolved external input in the same function chain for initial injection tests.","Veh_1_code_info_extio.xml + Veh_1.c: Veh_1_B.VCar_Outport_em"
"Veh_1.ToVCU.HW.Digital Output.Digital Output24.U_DO_Ch24_Enable_Out","Double","Hardware digital output","Veh_1/ToVCU/HW/Digital Output/Digital Output24/U_DO_Ch24_Enable_Out","Veh_1_B.VCar_Outport_b0","<none>","","","","","Parameter/state only","Static generated-C data flow","No external model input was reached. Terminal/unresolved nodes: Veh_1_P.Off_Value_l; Veh_1_P.U_Ch1_Voltage_Out_Enable_Val_oy. Use runtime testing before treating this output as an injection observation.","Prefer outputs with a resolved external input in the same function chain for initial injection tests.","Veh_1_code_info_extio.xml + Veh_1.c: Veh_1_B.VCar_Outport_b0"
"Veh_1.ToVCU.HW.Digital Output.Digital Output24.U_DO_Ch24_OutCmd_Out","Double","Hardware digital output","Veh_1/ToVCU/HW/Digital Output/Digital Output24/U_DO_Ch24_OutCmd_Out","Veh_1_B.VCar_Outport_g","<none>","","","","","Parameter/state only","Static generated-C data flow","No external model input was reached. Terminal/unresolved nodes: Veh_1_P.OvrdVal_Value_e; Veh_1_P.U_DO_Ch24_OutCmd_Value. Use runtime testing before treating this output as an injection observation.","Prefer outputs with a resolved external input in the same function chain for initial injection tests.","Veh_1_code_info_extio.xml + Veh_1.c: Veh_1_B.VCar_Outport_g"
"Veh_1.ToVCU.HW.Digital Output.Digital Output25.U_DO_Ch25_Enable_Out","Double","Hardware digital output","Veh_1/ToVCU/HW/Digital Output/Digital Output25/U_DO_Ch25_Enable_Out","Veh_1_B.VCar_Outport_hg","<none>","","","","","Parameter/state only","Static generated-C data flow","No external model input was reached. Terminal/unresolved nodes: Veh_1_P.Off_Value_ei; Veh_1_P.U_Ch1_Voltage_Out_Enable_Val_d4. Use runtime testing before treating this output as an injection observation.","Prefer outputs with a resolved external input in the same function chain for initial injection tests.","Veh_1_code_info_extio.xml + Veh_1.c: Veh_1_B.VCar_Outport_hg"
"Veh_1.ToVCU.HW.Digital Output.Digital Output25.U_DO_Ch25_OutCmd_Out","Double","Hardware digital output","Veh_1/ToVCU/HW/Digital Output/Digital Output25/U_DO_Ch25_OutCmd_Out","Veh_1_B.VCar_Outport_a3","<none>","","","","","Parameter/state only","Static generated-C data flow","No external model input was reached. Terminal/unresolved nodes: Veh_1_P.OvrdVal_Value_fn; Veh_1_P.U_DO_Ch25_OutCmd_Value. Use runtime testing before treating this output as an injection observation.","Prefer outputs with a resolved external input in the same function chain for initial injection tests.","Veh_1_code_info_extio.xml + Veh_1.c: Veh_1_B.VCar_Outport_a3"
"Veh_1.ToVCU.HW.Digital Output.Digital Output26.U_DO_Ch26_Enable_Out","Double","Hardware digital output","Veh_1/ToVCU/HW/Digital Output/Digital Output26/U_DO_Ch26_Enable_Out","Veh_1_B.VCar_Outport_j","<none>","","","","","Parameter/state only","Static generated-C data flow","No external model input was reached. Terminal/unresolved nodes: Veh_1_P.Off_Value_i; Veh_1_P.U_Ch1_Voltage_Out_Enable_Val_kn. Use runtime testing before treating this output as an injection observation.","Prefer outputs with a resolved external input in the same function chain for initial injection tests.","Veh_1_code_info_extio.xml + Veh_1.c: Veh_1_B.VCar_Outport_j"
"Veh_1.ToVCU.HW.Digital Output.Digital Output26.U_DO_Ch26_OutCmd_Out","Double","Hardware digital output","Veh_1/ToVCU/HW/Digital Output/Digital Output26/U_DO_Ch26_OutCmd_Out","Veh_1_B.VCar_Outport_ad","<none>","","","","","Parameter/state only","Static generated-C data flow","No external model input was reached. Terminal/unresolved nodes: Veh_1_P.OvrdVal_Value_l; Veh_1_P.U_DO_Ch26_OutCmd_Value. Use runtime testing before treating this output as an injection observation.","Prefer outputs with a resolved external input in the same function chain for initial injection tests.","Veh_1_code_info_extio.xml + Veh_1.c: Veh_1_B.VCar_Outport_ad"
"Veh_1.ToVCU.HW.Digital Output.Digital Output27.U_DO_Ch27_Enable_Out","Double","Hardware digital output","Veh_1/ToVCU/HW/Digital Output/Digital Output27/U_DO_Ch27_Enable_Out","Veh_1_B.VCar_Outport_kib","<none>","","","","","Parameter/state only","Static generated-C data flow","No external model input was reached. Terminal/unresolved nodes: Veh_1_P.Off_Value_ix; Veh_1_P.U_Ch1_Voltage_Out_Enable_Val_kv. Use runtime testing before treating this output as an injection observation.","Prefer outputs with a resolved external input in the same function chain for initial injection tests.","Veh_1_code_info_extio.xml + Veh_1.c: Veh_1_B.VCar_Outport_kib"
"Veh_1.ToVCU.HW.Digital Output.Digital Output27.U_DO_Ch27_OutCmd_Out","Double","Hardware digital output","Veh_1/ToVCU/HW/Digital Output/Digital Output27/U_DO_Ch27_OutCmd_Out","Veh_1_B.VCar_Outport_bc","<none>","","","","","Parameter/state only","Static generated-C data flow","No external model input was reached. Terminal/unresolved nodes: Veh_1_P.OvrdVal_Value_of; Veh_1_P.U_DO_Ch27_OutCmd_Value. Use runtime testing before treating this output as an injection observation.","Prefer outputs with a resolved external input in the same function chain for initial injection tests.","Veh_1_code_info_extio.xml + Veh_1.c: Veh_1_B.VCar_Outport_bc"
"Veh_1.ToVCU.HW.Digital Output.Digital Output28.U_DO_Ch28_Enable_Out","Double","Hardware digital output","Veh_1/ToVCU/HW/Digital Output/Digital Output28/U_DO_Ch28_Enable_Out","Veh_1_B.VCar_Outport_a5","<none>","","","","","Parameter/state only","Static generated-C data flow","No external model input was reached. Terminal/unresolved nodes: Veh_1_P.Off_Value_no; Veh_1_P.U_Ch1_Voltage_Out_Enable_Val_jk. Use runtime testing before treating this output as an injection observation.","Prefer outputs with a resolved external input in the same function chain for initial injection tests.","Veh_1_code_info_extio.xml + Veh_1.c: Veh_1_B.VCar_Outport_a5"
"Veh_1.ToVCU.HW.Digital Output.Digital Output28.U_DO_Ch28_OutCmd_Out","Double","Hardware digital output","Veh_1/ToVCU/HW/Digital Output/Digital Output28/U_DO_Ch28_OutCmd_Out","Veh_1_B.VCar_Outport_h2","<none>","","","","","Parameter/state only","Static generated-C data flow","No external model input was reached. Terminal/unresolved nodes: Veh_1_P.OvrdVal_Value_h; Veh_1_P.U_DO_Ch28_OutCmd_Value. Use runtime testing before treating this output as an injection observation.","Prefer outputs with a resolved external input in the same function chain for initial injection tests.","Veh_1_code_info_extio.xml + Veh_1.c: Veh_1_B.VCar_Outport_h2"
"Veh_1.ToVCU.HW.Digital Output.Digital Output29.U_DO_Ch29_Enable_Out","Double","Hardware digital output","Veh_1/ToVCU/HW/Digital Output/Digital Output29/U_DO_Ch29_Enable_Out","Veh_1_B.VCar_Outport_mc","<none>","","","","","Parameter/state only","Static generated-C data flow","No external model input was reached. Terminal/unresolved nodes: Veh_1_P.Off_Value_gs; Veh_1_P.U_Ch1_Voltage_Out_Enable_Valu_f. Use runtime testing before treating this output as an injection observation.","Prefer outputs with a resolved external input in the same function chain for initial injection tests.","Veh_1_code_info_extio.xml + Veh_1.c: Veh_1_B.VCar_Outport_mc"
"Veh_1.ToVCU.HW.Digital Output.Digital Output29.U_DO_Ch29_OutCmd_Out","Double","Hardware digital output","Veh_1/ToVCU/HW/Digital Output/Digital Output29/U_DO_Ch29_OutCmd_Out","Veh_1_B.VCar_Outport_n0","<none>","","","","","Parameter/state only","Static generated-C data flow","No external model input was reached. Terminal/unresolved nodes: Veh_1_P.OvrdVal_Value_lk; Veh_1_P.U_DO_Ch29_OutCmd_Value. Use runtime testing before treating this output as an injection observation.","Prefer outputs with a resolved external input in the same function chain for initial injection tests.","Veh_1_code_info_extio.xml + Veh_1.c: Veh_1_B.VCar_Outport_n0"
"Veh_1.ToVCU.HW.Digital Output.Digital Output3.U_DO_Ch3_Enable_Out","Double","Hardware digital output","Veh_1/ToVCU/HW/Digital Output/Digital Output3/U_DO_Ch3_Enable_Out","Veh_1_B.VCar_Outport_js","<none>","","","","","Parameter/state only","Static generated-C data flow","No external model input was reached. Terminal/unresolved nodes: Veh_1_P.Off_Value_ht; Veh_1_P.U_Ch1_Voltage_Out_Enable_Val_au. Use runtime testing before treating this output as an injection observation.","Prefer outputs with a resolved external input in the same function chain for initial injection tests.","Veh_1_code_info_extio.xml + Veh_1.c: Veh_1_B.VCar_Outport_js"
"Veh_1.ToVCU.HW.Digital Output.Digital Output3.U_DO_Ch3_OutCmd_Out","Double","Hardware digital output","Veh_1/ToVCU/HW/Digital Output/Digital Output3/U_DO_Ch3_OutCmd_Out","Veh_1_B.VCar_Outport_b4","<none>","","","","","Parameter/state only","Static generated-C data flow","No external model input was reached. Terminal/unresolved nodes: Veh_1_P.OvrdVal_Value_ls; Veh_1_P.U_DO_Ch3_OutCmd_Value. Use runtime testing before treating this output as an injection observation.","Prefer outputs with a resolved external input in the same function chain for initial injection tests.","Veh_1_code_info_extio.xml + Veh_1.c: Veh_1_B.VCar_Outport_b4"
"Veh_1.ToVCU.HW.Digital Output.Digital Output30.U_DO_Ch30_Enable_Out","Double","Hardware digital output","Veh_1/ToVCU/HW/Digital Output/Digital Output30/U_DO_Ch30_Enable_Out","Veh_1_B.VCar_Outport_ip","<none>","","","","","Parameter/state only","Static generated-C data flow","No external model input was reached. Terminal/unresolved nodes: Veh_1_P.Off_Value_cw; Veh_1_P.U_Ch1_Voltage_Out_Enable_Val_ac. Use runtime testing before treating this output as an injection observation.","Prefer outputs with a resolved external input in the same function chain for initial injection tests.","Veh_1_code_info_extio.xml + Veh_1.c: Veh_1_B.VCar_Outport_ip"
"Veh_1.ToVCU.HW.Digital Output.Digital Output30.U_DO_Ch30_OutCmd_Out","Double","Hardware digital output","Veh_1/ToVCU/HW/Digital Output/Digital Output30/U_DO_Ch30_OutCmd_Out","Veh_1_B.VCar_Outport_f5","<none>","","","","","Parameter/state only","Static generated-C data flow","No external model input was reached. Terminal/unresolved nodes: Veh_1_P.OvrdVal_Value_lw; Veh_1_P.U_DO_Ch30_OutCmd_Value. Use runtime testing before treating this output as an injection observation.","Prefer outputs with a resolved external input in the same function chain for initial injection tests.","Veh_1_code_info_extio.xml + Veh_1.c: Veh_1_B.VCar_Outport_f5"
"Veh_1.ToVCU.HW.Digital Output.Digital Output31.U_DO_Ch31_Enable_Out","Double","Hardware digital output","Veh_1/ToVCU/HW/Digital Output/Digital Output31/U_DO_Ch31_Enable_Out","Veh_1_B.VCar_Outport_d1","<none>","","","","","Parameter/state only","Static generated-C data flow","No external model input was reached. Terminal/unresolved nodes: Veh_1_P.Off_Value_nq; Veh_1_P.U_Ch1_Voltage_Out_Enable_Val_nz. Use runtime testing before treating this output as an injection observation.","Prefer outputs with a resolved external input in the same function chain for initial injection tests.","Veh_1_code_info_extio.xml + Veh_1.c: Veh_1_B.VCar_Outport_d1"
"Veh_1.ToVCU.HW.Digital Output.Digital Output31.U_DO_Ch31_OutCmd_Out","Double","Hardware digital output","Veh_1/ToVCU/HW/Digital Output/Digital Output31/U_DO_Ch31_OutCmd_Out","Veh_1_B.VCar_Outport_ij","<none>","","","","","Parameter/state only","Static generated-C data flow","No external model input was reached. Terminal/unresolved nodes: Veh_1_P.OvrdVal_Value_hg; Veh_1_P.U_DO_Ch31_OutCmd_Value. Use runtime testing before treating this output as an injection observation.","Prefer outputs with a resolved external input in the same function chain for initial injection tests.","Veh_1_code_info_extio.xml + Veh_1.c: Veh_1_B.VCar_Outport_ij"
"Veh_1.ToVCU.HW.Digital Output.Digital Output32.U_DO_Ch32_Enable_Out","Double","Hardware digital output","Veh_1/ToVCU/HW/Digital Output/Digital Output32/U_DO_Ch32_Enable_Out","Veh_1_B.VCar_Outport_ny","<none>","","","","","Parameter/state only","Static generated-C data flow","No external model input was reached. Terminal/unresolved nodes: Veh_1_P.Off_Value_j; Veh_1_P.U_Ch1_Voltage_Out_Enable_Val_km. Use runtime testing before treating this output as an injection observation.","Prefer outputs with a resolved external input in the same function chain for initial injection tests.","Veh_1_code_info_extio.xml + Veh_1.c: Veh_1_B.VCar_Outport_ny"
"Veh_1.ToVCU.HW.Digital Output.Digital Output32.U_DO_Ch32_OutCmd_Out","Double","Hardware digital output","Veh_1/ToVCU/HW/Digital Output/Digital Output32/U_DO_Ch32_OutCmd_Out","Veh_1_B.VCar_Outport_fp","<none>","","","","","Parameter/state only","Static generated-C data flow","No external model input was reached. Terminal/unresolved nodes: Veh_1_P.OvrdVal_Value_oq; Veh_1_P.U_DO_Ch32_OutCmd_Value. Use runtime testing before treating this output as an injection observation.","Prefer outputs with a resolved external input in the same function chain for initial injection tests.","Veh_1_code_info_extio.xml + Veh_1.c: Veh_1_B.VCar_Outport_fp"
"Veh_1.ToVCU.HW.Digital Output.Digital Output33.U_DO_Ch33_Enable_Out","Double","Hardware digital output","Veh_1/ToVCU/HW/Digital Output/Digital Output33/U_DO_Ch33_Enable_Out","Veh_1_B.VCar_Outport_ph","<none>","","","","","Parameter/state only","Static generated-C data flow","No external model input was reached. Terminal/unresolved nodes: Veh_1_P.Off_Value_iy; Veh_1_P.U_Ch1_Voltage_Out_Enable_Val_f3. Use runtime testing before treating this output as an injection observation.","Prefer outputs with a resolved external input in the same function chain for initial injection tests.","Veh_1_code_info_extio.xml + Veh_1.c: Veh_1_B.VCar_Outport_ph"
"Veh_1.ToVCU.HW.Digital Output.Digital Output33.U_DO_Ch33_OutCmd_Out","Double","Hardware digital output","Veh_1/ToVCU/HW/Digital Output/Digital Output33/U_DO_Ch33_OutCmd_Out","Veh_1_B.VCar_Outport_ab","<none>","","","","","Parameter/state only","Static generated-C data flow","No external model input was reached. Terminal/unresolved nodes: Veh_1_P.OvrdVal_Value_fq; Veh_1_P.U_DO_Ch33_OutCmd_Value. Use runtime testing before treating this output as an injection observation.","Prefer outputs with a resolved external input in the same function chain for initial injection tests.","Veh_1_code_info_extio.xml + Veh_1.c: Veh_1_B.VCar_Outport_ab"
"Veh_1.ToVCU.HW.Digital Output.Digital Output34.U_DO_Ch34_Enable_Out","Double","Hardware digital output","Veh_1/ToVCU/HW/Digital Output/Digital Output34/U_DO_Ch34_Enable_Out","Veh_1_B.VCar_Outport_fg","<none>","","","","","Parameter/state only","Static generated-C data flow","No external model input was reached. Terminal/unresolved nodes: Veh_1_P.Off_Value_h0; Veh_1_P.U_Ch1_Voltage_Out_Enable_Val_i3. Use runtime testing before treating this output as an injection observation.","Prefer outputs with a resolved external input in the same function chain for initial injection tests.","Veh_1_code_info_extio.xml + Veh_1.c: Veh_1_B.VCar_Outport_fg"
"Veh_1.ToVCU.HW.Digital Output.Digital Output34.U_DO_Ch34_OutCmd_Out","Double","Hardware digital output","Veh_1/ToVCU/HW/Digital Output/Digital Output34/U_DO_Ch34_OutCmd_Out","Veh_1_B.VCar_Outport_f2","<none>","","","","","Parameter/state only","Static generated-C data flow","No external model input was reached. Terminal/unresolved nodes: Veh_1_P.OvrdVal_Value_nr; Veh_1_P.U_DO_Ch34_OutCmd_Value. Use runtime testing before treating this output as an injection observation.","Prefer outputs with a resolved external input in the same function chain for initial injection tests.","Veh_1_code_info_extio.xml + Veh_1.c: Veh_1_B.VCar_Outport_f2"
"Veh_1.ToVCU.HW.Digital Output.Digital Output35.U_DO_Ch35_Enable_Out","Double","Hardware digital output","Veh_1/ToVCU/HW/Digital Output/Digital Output35/U_DO_Ch35_Enable_Out","Veh_1_B.VCar_Outport_le","<none>","","","","","Parameter/state only","Static generated-C data flow","No external model input was reached. Terminal/unresolved nodes: Veh_1_P.Off_Value_ja; Veh_1_P.U_Ch1_Voltage_Out_Enable_Val_ig. Use runtime testing before treating this output as an injection observation.","Prefer outputs with a resolved external input in the same function chain for initial injection tests.","Veh_1_code_info_extio.xml + Veh_1.c: Veh_1_B.VCar_Outport_le"
"Veh_1.ToVCU.HW.Digital Output.Digital Output35.U_DO_Ch35_OutCmd_Out","Double","Hardware digital output","Veh_1/ToVCU/HW/Digital Output/Digital Output35/U_DO_Ch35_OutCmd_Out","Veh_1_B.VCar_Outport_k2","<none>","","","","","Parameter/state only","Static generated-C data flow","No external model input was reached. Terminal/unresolved nodes: Veh_1_P.OvrdVal_Value_p; Veh_1_P.U_DO_Ch35_OutCmd_Value. Use runtime testing before treating this output as an injection observation.","Prefer outputs with a resolved external input in the same function chain for initial injection tests.","Veh_1_code_info_extio.xml + Veh_1.c: Veh_1_B.VCar_Outport_k2"
"Veh_1.ToVCU.HW.Digital Output.Digital Output36.U_DO_Ch36_Enable_Out","Double","Hardware digital output","Veh_1/ToVCU/HW/Digital Output/Digital Output36/U_DO_Ch36_Enable_Out","Veh_1_B.VCar_Outport_np","<none>","","","","","Parameter/state only","Static generated-C data flow","No external model input was reached. Terminal/unresolved nodes: Veh_1_P.Off_Value_f; Veh_1_P.U_Ch1_Voltage_Out_Enable_Val_kq. Use runtime testing before treating this output as an injection observation.","Prefer outputs with a resolved external input in the same function chain for initial injection tests.","Veh_1_code_info_extio.xml + Veh_1.c: Veh_1_B.VCar_Outport_np"
"Veh_1.ToVCU.HW.Digital Output.Digital Output36.U_DO_Ch36_OutCmd_Out","Double","Hardware digital output","Veh_1/ToVCU/HW/Digital Output/Digital Output36/U_DO_Ch36_OutCmd_Out","Veh_1_B.VCar_Outport_jv","<none>","","","","","Parameter/state only","Static generated-C data flow","No external model input was reached. Terminal/unresolved nodes: Veh_1_P.OvrdVal_Value_nl; Veh_1_P.U_DO_Ch36_OutCmd_Value. Use runtime testing before treating this output as an injection observation.","Prefer outputs with a resolved external input in the same function chain for initial injection tests.","Veh_1_code_info_extio.xml + Veh_1.c: Veh_1_B.VCar_Outport_jv"
"Veh_1.ToVCU.HW.Digital Output.Digital Output4.U_DO_Ch4_Enable_Out","Double","Hardware digital output","Veh_1/ToVCU/HW/Digital Output/Digital Output4/U_DO_Ch4_Enable_Out","Veh_1_B.VCar_Outport_a1","<none>","","","","","Parameter/state only","Static generated-C data flow","No external model input was reached. Terminal/unresolved nodes: Veh_1_P.Off_Value_d; Veh_1_P.U_Ch1_Voltage_Out_Enable_Val_fd. Use runtime testing before treating this output as an injection observation.","Prefer outputs with a resolved external input in the same function chain for initial injection tests.","Veh_1_code_info_extio.xml + Veh_1.c: Veh_1_B.VCar_Outport_a1"
"Veh_1.ToVCU.HW.Digital Output.Digital Output4.U_DO_Ch4_OutCmd_Out","Double","Hardware digital output","Veh_1/ToVCU/HW/Digital Output/Digital Output4/U_DO_Ch4_OutCmd_Out","Veh_1_B.VCar_Outport_es","<none>","","","","","Parameter/state only","Static generated-C data flow","No external model input was reached. Terminal/unresolved nodes: Veh_1_P.OvrdVal_Value_mq; Veh_1_P.U_DO_Ch4_OutCmd_Value. Use runtime testing before treating this output as an injection observation.","Prefer outputs with a resolved external input in the same function chain for initial injection tests.","Veh_1_code_info_extio.xml + Veh_1.c: Veh_1_B.VCar_Outport_es"
"Veh_1.ToVCU.HW.Digital Output.Digital Output5.U_DO_Ch5_Enable_Out","Double","Hardware digital output","Veh_1/ToVCU/HW/Digital Output/Digital Output5/U_DO_Ch5_Enable_Out","Veh_1_B.VCar_Outport_bf","<none>","","","","","Parameter/state only","Static generated-C data flow","No external model input was reached. Terminal/unresolved nodes: Veh_1_P.Off_Value_nf; Veh_1_P.U_Ch1_Voltage_Out_Enable_Va_kq1. Use runtime testing before treating this output as an injection observation.","Prefer outputs with a resolved external input in the same function chain for initial injection tests.","Veh_1_code_info_extio.xml + Veh_1.c: Veh_1_B.VCar_Outport_bf"
"Veh_1.ToVCU.HW.Digital Output.Digital Output5.U_DO_Ch5_OutCmd_Out","Double","Hardware digital output","Veh_1/ToVCU/HW/Digital Output/Digital Output5/U_DO_Ch5_OutCmd_Out","Veh_1_B.VCar_Outport_nl","<none>","","","","","Parameter/state only","Static generated-C data flow","No external model input was reached. Terminal/unresolved nodes: Veh_1_P.OvrdVal_Value_hl; Veh_1_P.U_DO_Ch5_OutCmd_Value. Use runtime testing before treating this output as an injection observation.","Prefer outputs with a resolved external input in the same function chain for initial injection tests.","Veh_1_code_info_extio.xml + Veh_1.c: Veh_1_B.VCar_Outport_nl"
"Veh_1.ToVCU.HW.Digital Output.Digital Output6.U_DO_Ch6_Enable_Out","Double","Hardware digital output","Veh_1/ToVCU/HW/Digital Output/Digital Output6/U_DO_Ch6_Enable_Out","Veh_1_B.VCar_Outport_ee","<none>","","","","","Parameter/state only","Static generated-C data flow","No external model input was reached. Terminal/unresolved nodes: Veh_1_P.Off_Value_dz; Veh_1_P.U_Ch1_Voltage_Out_Enable_Val_aq. Use runtime testing before treating this output as an injection observation.","Prefer outputs with a resolved external input in the same function chain for initial injection tests.","Veh_1_code_info_extio.xml + Veh_1.c: Veh_1_B.VCar_Outport_ee"
"Veh_1.ToVCU.HW.Digital Output.Digital Output6.U_DO_Ch6_OutCmd_Out","Double","Hardware digital output","Veh_1/ToVCU/HW/Digital Output/Digital Output6/U_DO_Ch6_OutCmd_Out","Veh_1_B.VCar_Outport_ay","<none>","","","","","Parameter/state only","Static generated-C data flow","No external model input was reached. Terminal/unresolved nodes: Veh_1_P.OvrdVal_Value_o0; Veh_1_P.U_DO_Ch6_OutCmd_Value. Use runtime testing before treating this output as an injection observation.","Prefer outputs with a resolved external input in the same function chain for initial injection tests.","Veh_1_code_info_extio.xml + Veh_1.c: Veh_1_B.VCar_Outport_ay"
"Veh_1.ToVCU.HW.Digital Output.Digital Output7.U_DO_Ch7_Enable_Out","Double","Hardware digital output","Veh_1/ToVCU/HW/Digital Output/Digital Output7/U_DO_Ch7_Enable_Out","Veh_1_B.VCar_Outport_od","<none>","","","","","Parameter/state only","Static generated-C data flow","No external model input was reached. Terminal/unresolved nodes: Veh_1_P.Off_Value_o; Veh_1_P.U_Ch1_Voltage_Out_Enable_Val_ak. Use runtime testing before treating this output as an injection observation.","Prefer outputs with a resolved external input in the same function chain for initial injection tests.","Veh_1_code_info_extio.xml + Veh_1.c: Veh_1_B.VCar_Outport_od"
"Veh_1.ToVCU.HW.Digital Output.Digital Output7.U_DO_Ch7_OutCmd_Out","Double","Hardware digital output","Veh_1/ToVCU/HW/Digital Output/Digital Output7/U_DO_Ch7_OutCmd_Out","Veh_1_B.VCar_Outport_e3","<none>","","","","","Parameter/state only","Static generated-C data flow","No external model input was reached. Terminal/unresolved nodes: Veh_1_P.OvrdVal_Value_hw; Veh_1_P.U_DO_Ch7_OutCmd_Value. Use runtime testing before treating this output as an injection observation.","Prefer outputs with a resolved external input in the same function chain for initial injection tests.","Veh_1_code_info_extio.xml + Veh_1.c: Veh_1_B.VCar_Outport_e3"
"Veh_1.ToVCU.HW.Digital Output.Digital Output8.U_DO_Ch8_Enable_Out","Double","Hardware digital output","Veh_1/ToVCU/HW/Digital Output/Digital Output8/U_DO_Ch8_Enable_Out","Veh_1_B.VCar_Outport_oi","<none>","","","","","Parameter/state only","Static generated-C data flow","No external model input was reached. Terminal/unresolved nodes: Veh_1_P.Off_Value_bh; Veh_1_P.U_Ch1_Voltage_Out_Enable_Val_is. Use runtime testing before treating this output as an injection observation.","Prefer outputs with a resolved external input in the same function chain for initial injection tests.","Veh_1_code_info_extio.xml + Veh_1.c: Veh_1_B.VCar_Outport_oi"
"Veh_1.ToVCU.HW.Digital Output.Digital Output8.U_DO_Ch8_OutCmd_Out","Double","Hardware digital output","Veh_1/ToVCU/HW/Digital Output/Digital Output8/U_DO_Ch8_OutCmd_Out","Veh_1_B.VCar_Outport_dz","<none>","","","","","Parameter/state only","Static generated-C data flow","No external model input was reached. Terminal/unresolved nodes: Veh_1_P.OvrdVal_Value_kk; Veh_1_P.U_DO_Ch8_OutCmd_Value. Use runtime testing before treating this output as an injection observation.","Prefer outputs with a resolved external input in the same function chain for initial injection tests.","Veh_1_code_info_extio.xml + Veh_1.c: Veh_1_B.VCar_Outport_dz"
"Veh_1.ToVCU.HW.Digital Output.Digital Output9.U_DO_Ch9_Enable_Out","Double","Hardware digital output","Veh_1/ToVCU/HW/Digital Output/Digital Output9/U_DO_Ch9_Enable_Out","Veh_1_B.VCar_Outport_d0","<none>","","","","","Parameter/state only","Static generated-C data flow","No external model input was reached. Terminal/unresolved nodes: Veh_1_P.Off_Value_hm; Veh_1_P.U_Ch1_Voltage_Out_Enable_Val_fx. Use runtime testing before treating this output as an injection observation.","Prefer outputs with a resolved external input in the same function chain for initial injection tests.","Veh_1_code_info_extio.xml + Veh_1.c: Veh_1_B.VCar_Outport_d0"
"Veh_1.ToVCU.HW.Digital Output.Digital Output9.U_DO_Ch9_OutCmd_Out","Double","Hardware digital output","Veh_1/ToVCU/HW/Digital Output/Digital Output9/U_DO_Ch9_OutCmd_Out","Veh_1_B.VCar_Outport_jy","<none>","","","","","Parameter/state only","Static generated-C data flow","No external model input was reached. Terminal/unresolved nodes: Veh_1_P.OvrdVal_Value_c0; Veh_1_P.U_DO_Ch9_OutCmd_Value. Use runtime testing before treating this output as an injection observation.","Prefer outputs with a resolved external input in the same function chain for initial injection tests.","Veh_1_code_info_extio.xml + Veh_1.c: Veh_1_B.VCar_Outport_jy"
"Veh_1.ToVCU.HW.PWM Output.PWM Output1.U_Ch1_PWM_Out_Amplitude_Out","Double","Hardware PWM output","Veh_1/ToVCU/HW/PWM Output/PWM Output1/U_Ch1_PWM_Out_Amplitude_Out","Veh_1_B.VCar_Outport_cb","<none>","","","","","Parameter/state only","Static generated-C data flow","No external model input was reached. Terminal/unresolved nodes: Veh_1_P.OvrdVal_Value_n4; Veh_1_P.U_Ch1_PWM_Out_Amplitude_Value. Use runtime testing before treating this output as an injection observation.","Prefer outputs with a resolved external input in the same function chain for initial injection tests.","Veh_1_code_info_extio.xml + Veh_1.c: Veh_1_B.VCar_Outport_cb"
"Veh_1.ToVCU.HW.PWM Output.PWM Output1.U_Ch1_PWM_Out_Duty_Ratio_Out","Double","Hardware PWM output","Veh_1/ToVCU/HW/PWM Output/PWM Output1/U_Ch1_PWM_Out_Duty_Ratio_Out","Veh_1_B.VCar_Outport_m3o","<none>","","","","","Parameter/state only","Static generated-C data flow","No external model input was reached. Terminal/unresolved nodes: Veh_1_P.OvrdVal_Value_aj; Veh_1_P.U_Ch1_PWM_Out_Duty_Ratio_Value. Use runtime testing before treating this output as an injection observation.","Prefer outputs with a resolved external input in the same function chain for initial injection tests.","Veh_1_code_info_extio.xml + Veh_1.c: Veh_1_B.VCar_Outport_m3o"
"Veh_1.ToVCU.HW.PWM Output.PWM Output1.U_Ch1_PWM_Out_Enable_Out","Double","Hardware PWM output","Veh_1/ToVCU/HW/PWM Output/PWM Output1/U_Ch1_PWM_Out_Enable_Out","Veh_1_B.VCar_Outport_bm","<none>","","","","","Parameter/state only","Static generated-C data flow","No external model input was reached. Terminal/unresolved nodes: Veh_1_P.Off_Value_k; Veh_1_P.U_Ch1_Voltage_Out_Enable_Valu_l. Use runtime testing before treating this output as an injection observation.","Prefer outputs with a resolved external input in the same function chain for initial injection tests.","Veh_1_code_info_extio.xml + Veh_1.c: Veh_1_B.VCar_Outport_bm"
"Veh_1.ToVCU.HW.PWM Output.PWM Output1.U_Ch1_PWM_Out_Frequency_Out","Double","Hardware PWM output","Veh_1/ToVCU/HW/PWM Output/PWM Output1/U_Ch1_PWM_Out_Frequency_Out","Veh_1_B.VCar_Outport_ht","<none>","","","","","Parameter/state only","Static generated-C data flow","No external model input was reached. Terminal/unresolved nodes: Veh_1_P.OvrdVal_Value_b; Veh_1_P.U_Ch1_PWM_Out_Frequency_Value. Use runtime testing before treating this output as an injection observation.","Prefer outputs with a resolved external input in the same function chain for initial injection tests.","Veh_1_code_info_extio.xml + Veh_1.c: Veh_1_B.VCar_Outport_ht"
"Veh_1.ToVCU.HW.PWM Output.PWM Output10.U_Ch10_PWM_Out_Amplitude_Out","Double","Hardware PWM output","Veh_1/ToVCU/HW/PWM Output/PWM Output10/U_Ch10_PWM_Out_Amplitude_Out","Veh_1_B.VCar_Outport_n5","<none>","","","","","Parameter/state only","Static generated-C data flow","No external model input was reached. Terminal/unresolved nodes: Veh_1_P.OvrdVal_Value_l5; Veh_1_P.U_Ch10_PWM_Out_Amplitude_Value. Use runtime testing before treating this output as an injection observation.","Prefer outputs with a resolved external input in the same function chain for initial injection tests.","Veh_1_code_info_extio.xml + Veh_1.c: Veh_1_B.VCar_Outport_n5"
"Veh_1.ToVCU.HW.PWM Output.PWM Output10.U_Ch10_PWM_Out_Duty_Ratio_Out","Double","Hardware PWM output","Veh_1/ToVCU/HW/PWM Output/PWM Output10/U_Ch10_PWM_Out_Duty_Ratio_Out","Veh_1_B.VCar_Outport_jva","<none>","","","","","Parameter/state only","Static generated-C data flow","No external model input was reached. Terminal/unresolved nodes: Veh_1_P.OvrdVal_Value_bb; Veh_1_P.U_Ch10_PWM_Out_Duty_Ratio_Value. Use runtime testing before treating this output as an injection observation.","Prefer outputs with a resolved external input in the same function chain for initial injection tests.","Veh_1_code_info_extio.xml + Veh_1.c: Veh_1_B.VCar_Outport_jva"
"Veh_1.ToVCU.HW.PWM Output.PWM Output10.U_Ch10_PWM_Out_Enable_Out","Double","Hardware PWM output","Veh_1/ToVCU/HW/PWM Output/PWM Output10/U_Ch10_PWM_Out_Enable_Out","Veh_1_B.VCar_Outport_l3","<none>","","","","","Parameter/state only","Static generated-C data flow","No external model input was reached. Terminal/unresolved nodes: Veh_1_P.Off_Value_id; Veh_1_P.U_Ch1_Voltage_Out_Enable_Val_l5. Use runtime testing before treating this output as an injection observation.","Prefer outputs with a resolved external input in the same function chain for initial injection tests.","Veh_1_code_info_extio.xml + Veh_1.c: Veh_1_B.VCar_Outport_l3"
"Veh_1.ToVCU.HW.PWM Output.PWM Output10.U_Ch10_PWM_Out_Frequency_Out","Double","Hardware PWM output","Veh_1/ToVCU/HW/PWM Output/PWM Output10/U_Ch10_PWM_Out_Frequency_Out","Veh_1_B.VCar_Outport_lw","<none>","","","","","Parameter/state only","Static generated-C data flow","No external model input was reached. Terminal/unresolved nodes: Veh_1_P.OvrdVal_Value_lt; Veh_1_P.U_Ch10_PWM_Out_Frequency_Value. Use runtime testing before treating this output as an injection observation.","Prefer outputs with a resolved external input in the same function chain for initial injection tests.","Veh_1_code_info_extio.xml + Veh_1.c: Veh_1_B.VCar_Outport_lw"
"Veh_1.ToVCU.HW.PWM Output.PWM Output11.U_Ch11_PWM_Out_Amplitude_Out","Double","Hardware PWM output","Veh_1/ToVCU/HW/PWM Output/PWM Output11/U_Ch11_PWM_Out_Amplitude_Out","Veh_1_B.VCar_Outport_ig","<none>","","","","","Parameter/state only","Static generated-C data flow","No external model input was reached. Terminal/unresolved nodes: Veh_1_P.OvrdVal_Value_oh; Veh_1_P.U_Ch11_PWM_Out_Amplitude_Value. Use runtime testing before treating this output as an injection observation.","Prefer outputs with a resolved external input in the same function chain for initial injection tests.","Veh_1_code_info_extio.xml + Veh_1.c: Veh_1_B.VCar_Outport_ig"
"Veh_1.ToVCU.HW.PWM Output.PWM Output11.U_Ch11_PWM_Out_Duty_Ratio_Out","Double","Hardware PWM output","Veh_1/ToVCU/HW/PWM Output/PWM Output11/U_Ch11_PWM_Out_Duty_Ratio_Out","Veh_1_B.VCar_Outport_ai","<none>","","","","","Parameter/state only","Static generated-C data flow","No external model input was reached. Terminal/unresolved nodes: Veh_1_P.OvrdVal_Value_eo; Veh_1_P.U_Ch11_PWM_Out_Duty_Ratio_Value. Use runtime testing before treating this output as an injection observation.","Prefer outputs with a resolved external input in the same function chain for initial injection tests.","Veh_1_code_info_extio.xml + Veh_1.c: Veh_1_B.VCar_Outport_ai"
"Veh_1.ToVCU.HW.PWM Output.PWM Output11.U_Ch11_PWM_Out_Enable_Out","Double","Hardware PWM output","Veh_1/ToVCU/HW/PWM Output/PWM Output11/U_Ch11_PWM_Out_Enable_Out","Veh_1_B.VCar_Outport_cj","<none>","","","","","Parameter/state only","Static generated-C data flow","No external model input was reached. Terminal/unresolved nodes: Veh_1_P.Off_Value_mp; Veh_1_P.U_Ch1_Voltage_Out_Enable_Val_ao. Use runtime testing before treating this output as an injection observation.","Prefer outputs with a resolved external input in the same function chain for initial injection tests.","Veh_1_code_info_extio.xml + Veh_1.c: Veh_1_B.VCar_Outport_cj"
"Veh_1.ToVCU.HW.PWM Output.PWM Output11.U_Ch11_PWM_Out_Frequency_Out","Double","Hardware PWM output","Veh_1/ToVCU/HW/PWM Output/PWM Output11/U_Ch11_PWM_Out_Frequency_Out","Veh_1_B.VCar_Outport_og","<none>","","","","","Parameter/state only","Static generated-C data flow","No external model input was reached. Terminal/unresolved nodes: Veh_1_P.OvrdVal_Value_c5; Veh_1_P.U_Ch11_PWM_Out_Frequency_Value. Use runtime testing before treating this output as an injection observation.","Prefer outputs with a resolved external input in the same function chain for initial injection tests.","Veh_1_code_info_extio.xml + Veh_1.c: Veh_1_B.VCar_Outport_og"
"Veh_1.ToVCU.HW.PWM Output.PWM Output12.U_Ch12_PWM_Out_Amplitude_Out","Double","Hardware PWM output","Veh_1/ToVCU/HW/PWM Output/PWM Output12/U_Ch12_PWM_Out_Amplitude_Out","Veh_1_B.VCar_Outport_if","<none>","","","","","Parameter/state only","Static generated-C data flow","No external model input was reached. Terminal/unresolved nodes: Veh_1_P.OvrdVal_Value_af; Veh_1_P.U_Ch12_PWM_Out_Amplitude_Value. Use runtime testing before treating this output as an injection observation.","Prefer outputs with a resolved external input in the same function chain for initial injection tests.","Veh_1_code_info_extio.xml + Veh_1.c: Veh_1_B.VCar_Outport_if"
"Veh_1.ToVCU.HW.PWM Output.PWM Output12.U_Ch12_PWM_Out_Duty_Ratio_Out","Double","Hardware PWM output","Veh_1/ToVCU/HW/PWM Output/PWM Output12/U_Ch12_PWM_Out_Duty_Ratio_Out","Veh_1_B.VCar_Outport_o2","<none>","","","","","Parameter/state only","Static generated-C data flow","No external model input was reached. Terminal/unresolved nodes: Veh_1_P.OvrdVal_Value_az; Veh_1_P.U_Ch12_PWM_Out_Duty_Ratio_Value. Use runtime testing before treating this output as an injection observation.","Prefer outputs with a resolved external input in the same function chain for initial injection tests.","Veh_1_code_info_extio.xml + Veh_1.c: Veh_1_B.VCar_Outport_o2"
"Veh_1.ToVCU.HW.PWM Output.PWM Output12.U_Ch12_PWM_Out_Enable_Out","Double","Hardware PWM output","Veh_1/ToVCU/HW/PWM Output/PWM Output12/U_Ch12_PWM_Out_Enable_Out","Veh_1_B.VCar_Outport_co","<none>","","","","","Parameter/state only","Static generated-C data flow","No external model input was reached. Terminal/unresolved nodes: Veh_1_P.Off_Value_ee; Veh_1_P.U_Ch1_Voltage_Out_Enable_Val_pe. Use runtime testing before treating this output as an injection observation.","Prefer outputs with a resolved external input in the same function chain for initial injection tests.","Veh_1_code_info_extio.xml + Veh_1.c: Veh_1_B.VCar_Outport_co"
"Veh_1.ToVCU.HW.PWM Output.PWM Output12.U_Ch12_PWM_Out_Frequency_Out","Double","Hardware PWM output","Veh_1/ToVCU/HW/PWM Output/PWM Output12/U_Ch12_PWM_Out_Frequency_Out","Veh_1_B.VCar_Outport_pu","<none>","","","","","Parameter/state only","Static generated-C data flow","No external model input was reached. Terminal/unresolved nodes: Veh_1_P.OvrdVal_Value_nlf; Veh_1_P.U_Ch12_PWM_Out_Frequency_Value. Use runtime testing before treating this output as an injection observation.","Prefer outputs with a resolved external input in the same function chain for initial injection tests.","Veh_1_code_info_extio.xml + Veh_1.c: Veh_1_B.VCar_Outport_pu"
"Veh_1.ToVCU.HW.PWM Output.PWM Output13.U_Ch13_PWM_Out_Amplitude_Out","Double","Hardware PWM output","Veh_1/ToVCU/HW/PWM Output/PWM Output13/U_Ch13_PWM_Out_Amplitude_Out","Veh_1_B.VCar_Outport_cbd","<none>","","","","","Parameter/state only","Static generated-C data flow","No external model input was reached. Terminal/unresolved nodes: Veh_1_P.OvrdVal_Value_or; Veh_1_P.U_Ch13_PWM_Out_Amplitude_Value. Use runtime testing before treating this output as an injection observation.","Prefer outputs with a resolved external input in the same function chain for initial injection tests.","Veh_1_code_info_extio.xml + Veh_1.c: Veh_1_B.VCar_Outport_cbd"
"Veh_1.ToVCU.HW.PWM Output.PWM Output13.U_Ch13_PWM_Out_Duty_Ratio_Out","Double","Hardware PWM output","Veh_1/ToVCU/HW/PWM Output/PWM Output13/U_Ch13_PWM_Out_Duty_Ratio_Out","Veh_1_B.VCar_Outport_km","<none>","","","","","Parameter/state only","Static generated-C data flow","No external model input was reached. Terminal/unresolved nodes: Veh_1_P.OvrdVal_Value_b4; Veh_1_P.U_Ch13_PWM_Out_Duty_Ratio_Value. Use runtime testing before treating this output as an injection observation.","Prefer outputs with a resolved external input in the same function chain for initial injection tests.","Veh_1_code_info_extio.xml + Veh_1.c: Veh_1_B.VCar_Outport_km"
"Veh_1.ToVCU.HW.PWM Output.PWM Output13.U_Ch13_PWM_Out_Enable_Out","Double","Hardware PWM output","Veh_1/ToVCU/HW/PWM Output/PWM Output13/U_Ch13_PWM_Out_Enable_Out","Veh_1_B.VCar_Outport_hr","<none>","","","","","Parameter/state only","Static generated-C data flow","No external model input was reached. Terminal/unresolved nodes: Veh_1_P.Off_Value_fq; Veh_1_P.U_Ch1_Voltage_Out_Enable_Val_ih. Use runtime testing before treating this output as an injection observation.","Prefer outputs with a resolved external input in the same function chain for initial injection tests.","Veh_1_code_info_extio.xml + Veh_1.c: Veh_1_B.VCar_Outport_hr"
"Veh_1.ToVCU.HW.PWM Output.PWM Output13.U_Ch13_PWM_Out_Frequency_Out","Double","Hardware PWM output","Veh_1/ToVCU/HW/PWM Output/PWM Output13/U_Ch13_PWM_Out_Frequency_Out","Veh_1_B.VCar_Outport_ma","<none>","","","","","Parameter/state only","Static generated-C data flow","No external model input was reached. Terminal/unresolved nodes: Veh_1_P.OvrdVal_Value_hgt; Veh_1_P.U_Ch13_PWM_Out_Frequency_Value. Use runtime testing before treating this output as an injection observation.","Prefer outputs with a resolved external input in the same function chain for initial injection tests.","Veh_1_code_info_extio.xml + Veh_1.c: Veh_1_B.VCar_Outport_ma"
"Veh_1.ToVCU.HW.PWM Output.PWM Output14.U_Ch14_PWM_Out_Amplitude_Out","Double","Hardware PWM output","Veh_1/ToVCU/HW/PWM Output/PWM Output14/U_Ch14_PWM_Out_Amplitude_Out","Veh_1_B.VCar_Outport_dz4","<none>","","","","","Parameter/state only","Static generated-C data flow","No external model input was reached. Terminal/unresolved nodes: Veh_1_P.OvrdVal_Value_i0; Veh_1_P.U_Ch14_PWM_Out_Amplitude_Value. Use runtime testing before treating this output as an injection observation.","Prefer outputs with a resolved external input in the same function chain for initial injection tests.","Veh_1_code_info_extio.xml + Veh_1.c: Veh_1_B.VCar_Outport_dz4"
"Veh_1.ToVCU.HW.PWM Output.PWM Output14.U_Ch14_PWM_Out_Duty_Ratio_Out","Double","Hardware PWM output","Veh_1/ToVCU/HW/PWM Output/PWM Output14/U_Ch14_PWM_Out_Duty_Ratio_Out","Veh_1_B.VCar_Outport_ag","<none>","","","","","Parameter/state only","Static generated-C data flow","No external model input was reached. Terminal/unresolved nodes: Veh_1_P.OvrdVal_Value_k3; Veh_1_P.U_Ch14_PWM_Out_Duty_Ratio_Value. Use runtime testing before treating this output as an injection observation.","Prefer outputs with a resolved external input in the same function chain for initial injection tests.","Veh_1_code_info_extio.xml + Veh_1.c: Veh_1_B.VCar_Outport_ag"
"Veh_1.ToVCU.HW.PWM Output.PWM Output14.U_Ch14_PWM_Out_Enable_Out","Double","Hardware PWM output","Veh_1/ToVCU/HW/PWM Output/PWM Output14/U_Ch14_PWM_Out_Enable_Out","Veh_1_B.VCar_Outport_fs","<none>","","","","","Parameter/state only","Static generated-C data flow","No external model input was reached. Terminal/unresolved nodes: Veh_1_P.Off_Value_kv; Veh_1_P.U_Ch1_Voltage_Out_Enable_Val_p5. Use runtime testing before treating this output as an injection observation.","Prefer outputs with a resolved external input in the same function chain for initial injection tests.","Veh_1_code_info_extio.xml + Veh_1.c: Veh_1_B.VCar_Outport_fs"
"Veh_1.ToVCU.HW.PWM Output.PWM Output14.U_Ch14_PWM_Out_Frequency_Out","Double","Hardware PWM output","Veh_1/ToVCU/HW/PWM Output/PWM Output14/U_Ch14_PWM_Out_Frequency_Out","Veh_1_B.VCar_Outport_fq","<none>","","","","","Parameter/state only","Static generated-C data flow","No external model input was reached. Terminal/unresolved nodes: Veh_1_P.OvrdVal_Value_j1; Veh_1_P.U_Ch14_PWM_Out_Frequency_Value. Use runtime testing before treating this output as an injection observation.","Prefer outputs with a resolved external input in the same function chain for initial injection tests.","Veh_1_code_info_extio.xml + Veh_1.c: Veh_1_B.VCar_Outport_fq"
"Veh_1.ToVCU.HW.PWM Output.PWM Output15.U_Ch15_PWM_Out_Amplitude_Out","Double","Hardware PWM output","Veh_1/ToVCU/HW/PWM Output/PWM Output15/U_Ch15_PWM_Out_Amplitude_Out","Veh_1_B.VCar_Outport_kq","<none>","","","","","Parameter/state only","Static generated-C data flow","No external model input was reached. Terminal/unresolved nodes: Veh_1_P.OvrdVal_Value_nrm; Veh_1_P.U_Ch15_PWM_Out_Amplitude_Value. Use runtime testing before treating this output as an injection observation.","Prefer outputs with a resolved external input in the same function chain for initial injection tests.","Veh_1_code_info_extio.xml + Veh_1.c: Veh_1_B.VCar_Outport_kq"
"Veh_1.ToVCU.HW.PWM Output.PWM Output15.U_Ch15_PWM_Out_Duty_Ratio_Out","Double","Hardware PWM output","Veh_1/ToVCU/HW/PWM Output/PWM Output15/U_Ch15_PWM_Out_Duty_Ratio_Out","Veh_1_B.VCar_Outport_mn","<none>","","","","","Parameter/state only","Static generated-C data flow","No external model input was reached. Terminal/unresolved nodes: Veh_1_P.OvrdVal_Value_bw; Veh_1_P.U_Ch15_PWM_Out_Duty_Ratio_Value. Use runtime testing before treating this output as an injection observation.","Prefer outputs with a resolved external input in the same function chain for initial injection tests.","Veh_1_code_info_extio.xml + Veh_1.c: Veh_1_B.VCar_Outport_mn"
"Veh_1.ToVCU.HW.PWM Output.PWM Output15.U_Ch15_PWM_Out_Enable_Out","Double","Hardware PWM output","Veh_1/ToVCU/HW/PWM Output/PWM Output15/U_Ch15_PWM_Out_Enable_Out","Veh_1_B.VCar_Outport_jg","<none>","","","","","Parameter/state only","Static generated-C data flow","No external model input was reached. Terminal/unresolved nodes: Veh_1_P.Off_Value_e3; Veh_1_P.U_Ch1_Voltage_Out_Enable_Val_eq. Use runtime testing before treating this output as an injection observation.","Prefer outputs with a resolved external input in the same function chain for initial injection tests.","Veh_1_code_info_extio.xml + Veh_1.c: Veh_1_B.VCar_Outport_jg"
"Veh_1.ToVCU.HW.PWM Output.PWM Output15.U_Ch15_PWM_Out_Frequency_Out","Double","Hardware PWM output","Veh_1/ToVCU/HW/PWM Output/PWM Output15/U_Ch15_PWM_Out_Frequency_Out","Veh_1_B.VCar_Outport_hy","<none>","","","","","Parameter/state only","Static generated-C data flow","No external model input was reached. Terminal/unresolved nodes: Veh_1_P.OvrdVal_Value_c2; Veh_1_P.U_Ch15_PWM_Out_Frequency_Value. Use runtime testing before treating this output as an injection observation.","Prefer outputs with a resolved external input in the same function chain for initial injection tests.","Veh_1_code_info_extio.xml + Veh_1.c: Veh_1_B.VCar_Outport_hy"
"Veh_1.ToVCU.HW.PWM Output.PWM Output16.U_Ch16_PWM_Out_Amplitude_Out","Double","Hardware PWM output","Veh_1/ToVCU/HW/PWM Output/PWM Output16/U_Ch16_PWM_Out_Amplitude_Out","Veh_1_B.VCar_Outport_b2","<none>","","","","","Parameter/state only","Static generated-C data flow","No external model input was reached. Terminal/unresolved nodes: Veh_1_P.OvrdVal_Value_iz; Veh_1_P.U_Ch16_PWM_Out_Amplitude_Value. Use runtime testing before treating this output as an injection observation.","Prefer outputs with a resolved external input in the same function chain for initial injection tests.","Veh_1_code_info_extio.xml + Veh_1.c: Veh_1_B.VCar_Outport_b2"
"Veh_1.ToVCU.HW.PWM Output.PWM Output16.U_Ch16_PWM_Out_Duty_Ratio_Out","Double","Hardware PWM output","Veh_1/ToVCU/HW/PWM Output/PWM Output16/U_Ch16_PWM_Out_Duty_Ratio_Out","Veh_1_B.VCar_Outport_aq","<none>","","","","","Parameter/state only","Static generated-C data flow","No external model input was reached. Terminal/unresolved nodes: Veh_1_P.OvrdVal_Value_fb; Veh_1_P.U_Ch16_PWM_Out_Duty_Ratio_Value. Use runtime testing before treating this output as an injection observation.","Prefer outputs with a resolved external input in the same function chain for initial injection tests.","Veh_1_code_info_extio.xml + Veh_1.c: Veh_1_B.VCar_Outport_aq"
"Veh_1.ToVCU.HW.PWM Output.PWM Output16.U_Ch16_PWM_Out_Enable_Out","Double","Hardware PWM output","Veh_1/ToVCU/HW/PWM Output/PWM Output16/U_Ch16_PWM_Out_Enable_Out","Veh_1_B.VCar_Outport_jo","<none>","","","","","Parameter/state only","Static generated-C data flow","No external model input was reached. Terminal/unresolved nodes: Veh_1_P.Off_Value_aj; Veh_1_P.U_Ch1_Voltage_Out_Enable_Val_jp. Use runtime testing before treating this output as an injection observation.","Prefer outputs with a resolved external input in the same function chain for initial injection tests.","Veh_1_code_info_extio.xml + Veh_1.c: Veh_1_B.VCar_Outport_jo"
"Veh_1.ToVCU.HW.PWM Output.PWM Output16.U_Ch16_PWM_Out_Frequency_Out","Double","Hardware PWM output","Veh_1/ToVCU/HW/PWM Output/PWM Output16/U_Ch16_PWM_Out_Frequency_Out","Veh_1_B.VCar_Outport_adj","<none>","","","","","Parameter/state only","Static generated-C data flow","No external model input was reached. Terminal/unresolved nodes: Veh_1_P.OvrdVal_Value_m4; Veh_1_P.U_Ch16_PWM_Out_Frequency_Value. Use runtime testing before treating this output as an injection observation.","Prefer outputs with a resolved external input in the same function chain for initial injection tests.","Veh_1_code_info_extio.xml + Veh_1.c: Veh_1_B.VCar_Outport_adj"
"Veh_1.ToVCU.HW.PWM Output.PWM Output17.U_Ch17_PWM_Out_Amplitude_Out","Double","Hardware PWM output","Veh_1/ToVCU/HW/PWM Output/PWM Output17/U_Ch17_PWM_Out_Amplitude_Out","Veh_1_B.VCar_Outport_fpl","<none>","","","","","Parameter/state only","Static generated-C data flow","No external model input was reached. Terminal/unresolved nodes: Veh_1_P.OvrdVal_Value_k0; Veh_1_P.U_Ch17_PWM_Out_Amplitude_Value. Use runtime testing before treating this output as an injection observation.","Prefer outputs with a resolved external input in the same function chain for initial injection tests.","Veh_1_code_info_extio.xml + Veh_1.c: Veh_1_B.VCar_Outport_fpl"
"Veh_1.ToVCU.HW.PWM Output.PWM Output17.U_Ch17_PWM_Out_Duty_Ratio_Out","Double","Hardware PWM output","Veh_1/ToVCU/HW/PWM Output/PWM Output17/U_Ch17_PWM_Out_Duty_Ratio_Out","Veh_1_B.VCar_Outport_mnz","<none>","","","","","Parameter/state only","Static generated-C data flow","No external model input was reached. Terminal/unresolved nodes: Veh_1_P.OvrdVal_Value_os; Veh_1_P.U_Ch17_PWM_Out_Duty_Ratio_Value. Use runtime testing before treating this output as an injection observation.","Prefer outputs with a resolved external input in the same function chain for initial injection tests.","Veh_1_code_info_extio.xml + Veh_1.c: Veh_1_B.VCar_Outport_mnz"
"Veh_1.ToVCU.HW.PWM Output.PWM Output17.U_Ch17_PWM_Out_Enable_Out","Double","Hardware PWM output","Veh_1/ToVCU/HW/PWM Output/PWM Output17/U_Ch17_PWM_Out_Enable_Out","Veh_1_B.VCar_Outport_ek","<none>","","","","","Parameter/state only","Static generated-C data flow","No external model input was reached. Terminal/unresolved nodes: Veh_1_P.Off_Value_k1; Veh_1_P.U_Ch1_Voltage_Out_Enable_Val_nb. Use runtime testing before treating this output as an injection observation.","Prefer outputs with a resolved external input in the same function chain for initial injection tests.","Veh_1_code_info_extio.xml + Veh_1.c: Veh_1_B.VCar_Outport_ek"
"Veh_1.ToVCU.HW.PWM Output.PWM Output17.U_Ch17_PWM_Out_Frequency_Out","Double","Hardware PWM output","Veh_1/ToVCU/HW/PWM Output/PWM Output17/U_Ch17_PWM_Out_Frequency_Out","Veh_1_B.VCar_Outport_fo","<none>","","","","","Parameter/state only","Static generated-C data flow","No external model input was reached. Terminal/unresolved nodes: Veh_1_P.OvrdVal_Value_aq; Veh_1_P.U_Ch17_PWM_Out_Frequency_Value. Use runtime testing before treating this output as an injection observation.","Prefer outputs with a resolved external input in the same function chain for initial injection tests.","Veh_1_code_info_extio.xml + Veh_1.c: Veh_1_B.VCar_Outport_fo"
"Veh_1.ToVCU.HW.PWM Output.PWM Output18.U_Ch18_PWM_Out_Amplitude_Out","Double","Hardware PWM output","Veh_1/ToVCU/HW/PWM Output/PWM Output18/U_Ch18_PWM_Out_Amplitude_Out","Veh_1_B.VCar_Outport_ea","<none>","","","","","Parameter/state only","Static generated-C data flow","No external model input was reached. Terminal/unresolved nodes: Veh_1_P.OvrdVal_Value_lb; Veh_1_P.U_Ch18_PWM_Out_Amplitude_Value. Use runtime testing before treating this output as an injection observation.","Prefer outputs with a resolved external input in the same function chain for initial injection tests.","Veh_1_code_info_extio.xml + Veh_1.c: Veh_1_B.VCar_Outport_ea"
"Veh_1.ToVCU.HW.PWM Output.PWM Output18.U_Ch18_PWM_Out_Duty_Ratio_Out","Double","Hardware PWM output","Veh_1/ToVCU/HW/PWM Output/PWM Output18/U_Ch18_PWM_Out_Duty_Ratio_Out","Veh_1_B.VCar_Outport_k2b","<none>","","","","","Parameter/state only","Static generated-C data flow","No external model input was reached. Terminal/unresolved nodes: Veh_1_P.OvrdVal_Value_c4; Veh_1_P.U_Ch18_PWM_Out_Duty_Ratio_Value. Use runtime testing before treating this output as an injection observation.","Prefer outputs with a resolved external input in the same function chain for initial injection tests.","Veh_1_code_info_extio.xml + Veh_1.c: Veh_1_B.VCar_Outport_k2b"
"Veh_1.ToVCU.HW.PWM Output.PWM Output18.U_Ch18_PWM_Out_Enable_Out","Double","Hardware PWM output","Veh_1/ToVCU/HW/PWM Output/PWM Output18/U_Ch18_PWM_Out_Enable_Out","Veh_1_B.VCar_Outport_cg","<none>","","","","","Parameter/state only","Static generated-C data flow","No external model input was reached. Terminal/unresolved nodes: Veh_1_P.Off_Value_d3; Veh_1_P.U_Ch1_Voltage_Out_Enable_Val_oc. Use runtime testing before treating this output as an injection observation.","Prefer outputs with a resolved external input in the same function chain for initial injection tests.","Veh_1_code_info_extio.xml + Veh_1.c: Veh_1_B.VCar_Outport_cg"
"Veh_1.ToVCU.HW.PWM Output.PWM Output18.U_Ch18_PWM_Out_Frequency_Out","Double","Hardware PWM output","Veh_1/ToVCU/HW/PWM Output/PWM Output18/U_Ch18_PWM_Out_Frequency_Out","Veh_1_B.VCar_Outport_k43","<none>","","","","","Parameter/state only","Static generated-C data flow","No external model input was reached. Terminal/unresolved nodes: Veh_1_P.OvrdVal_Value_gn; Veh_1_P.U_Ch18_PWM_Out_Frequency_Value. Use runtime testing before treating this output as an injection observation.","Prefer outputs with a resolved external input in the same function chain for initial injection tests.","Veh_1_code_info_extio.xml + Veh_1.c: Veh_1_B.VCar_Outport_k43"
"Veh_1.ToVCU.HW.PWM Output.PWM Output19.U_Ch19_PWM_Out_Amplitude_Out","Double","Hardware PWM output","Veh_1/ToVCU/HW/PWM Output/PWM Output19/U_Ch19_PWM_Out_Amplitude_Out","Veh_1_B.VCar_Outport_ej","<none>","","","","","Parameter/state only","Static generated-C data flow","No external model input was reached. Terminal/unresolved nodes: Veh_1_P.OvrdVal_Value_hr; Veh_1_P.U_Ch19_PWM_Out_Amplitude_Value. Use runtime testing before treating this output as an injection observation.","Prefer outputs with a resolved external input in the same function chain for initial injection tests.","Veh_1_code_info_extio.xml + Veh_1.c: Veh_1_B.VCar_Outport_ej"
"Veh_1.ToVCU.HW.PWM Output.PWM Output19.U_Ch19_PWM_Out_Duty_Ratio_Out","Double","Hardware PWM output","Veh_1/ToVCU/HW/PWM Output/PWM Output19/U_Ch19_PWM_Out_Duty_Ratio_Out","Veh_1_B.VCar_Outport_gr","<none>","","","","","Parameter/state only","Static generated-C data flow","No external model input was reached. Terminal/unresolved nodes: Veh_1_P.OvrdVal_Value_b5; Veh_1_P.U_Ch19_PWM_Out_Duty_Ratio_Value. Use runtime testing before treating this output as an injection observation.","Prefer outputs with a resolved external input in the same function chain for initial injection tests.","Veh_1_code_info_extio.xml + Veh_1.c: Veh_1_B.VCar_Outport_gr"
"Veh_1.ToVCU.HW.PWM Output.PWM Output19.U_Ch19_PWM_Out_Enable_Out","Double","Hardware PWM output","Veh_1/ToVCU/HW/PWM Output/PWM Output19/U_Ch19_PWM_Out_Enable_Out","Veh_1_B.VCar_Outport_gri","<none>","","","","","Parameter/state only","Static generated-C data flow","No external model input was reached. Terminal/unresolved nodes: Veh_1_P.Off_Value_ci; Veh_1_P.U_Ch1_Voltage_Out_Enable_Val_oq. Use runtime testing before treating this output as an injection observation.","Prefer outputs with a resolved external input in the same function chain for initial injection tests.","Veh_1_code_info_extio.xml + Veh_1.c: Veh_1_B.VCar_Outport_gri"
"Veh_1.ToVCU.HW.PWM Output.PWM Output19.U_Ch19_PWM_Out_Frequency_Out","Double","Hardware PWM output","Veh_1/ToVCU/HW/PWM Output/PWM Output19/U_Ch19_PWM_Out_Frequency_Out","Veh_1_B.VCar_Outport_bn","<none>","","","","","Parameter/state only","Static generated-C data flow","No external model input was reached. Terminal/unresolved nodes: Veh_1_P.OvrdVal_Value_m3; Veh_1_P.U_Ch19_PWM_Out_Frequency_Value. Use runtime testing before treating this output as an injection observation.","Prefer outputs with a resolved external input in the same function chain for initial injection tests.","Veh_1_code_info_extio.xml + Veh_1.c: Veh_1_B.VCar_Outport_bn"
"Veh_1.ToVCU.HW.PWM Output.PWM Output2.U_Ch2_PWM_Out_Amplitude_Out","Double","Hardware PWM output","Veh_1/ToVCU/HW/PWM Output/PWM Output2/U_Ch2_PWM_Out_Amplitude_Out","Veh_1_B.VCar_Outport_fc","<none>","","","","","Parameter/state only","Static generated-C data flow","No external model input was reached. Terminal/unresolved nodes: Veh_1_P.OvrdVal_Value_ct; Veh_1_P.U_Ch2_PWM_Out_Amplitude_Value. Use runtime testing before treating this output as an injection observation.","Prefer outputs with a resolved external input in the same function chain for initial injection tests.","Veh_1_code_info_extio.xml + Veh_1.c: Veh_1_B.VCar_Outport_fc"
"Veh_1.ToVCU.HW.PWM Output.PWM Output2.U_Ch2_PWM_Out_Duty_Ratio_Out","Double","Hardware PWM output","Veh_1/ToVCU/HW/PWM Output/PWM Output2/U_Ch2_PWM_Out_Duty_Ratio_Out","Veh_1_B.VCar_Outport_li","<none>","","","","","Parameter/state only","Static generated-C data flow","No external model input was reached. Terminal/unresolved nodes: Veh_1_P.OvrdVal_Value_kj; Veh_1_P.U_Ch2_PWM_Out_Duty_Ratio_Value. Use runtime testing before treating this output as an injection observation.","Prefer outputs with a resolved external input in the same function chain for initial injection tests.","Veh_1_code_info_extio.xml + Veh_1.c: Veh_1_B.VCar_Outport_li"
"Veh_1.ToVCU.HW.PWM Output.PWM Output2.U_Ch2_PWM_Out_Enable_Out","Double","Hardware PWM output","Veh_1/ToVCU/HW/PWM Output/PWM Output2/U_Ch2_PWM_Out_Enable_Out","Veh_1_B.VCar_Outport_ka","<none>","","","","","Parameter/state only","Static generated-C data flow","No external model input was reached. Terminal/unresolved nodes: Veh_1_P.Off_Value_az; Veh_1_P.U_Ch1_Voltage_Out_Enable_Valu_m. Use runtime testing before treating this output as an injection observation.","Prefer outputs with a resolved external input in the same function chain for initial injection tests.","Veh_1_code_info_extio.xml + Veh_1.c: Veh_1_B.VCar_Outport_ka"
"Veh_1.ToVCU.HW.PWM Output.PWM Output2.U_Ch2_PWM_Out_Frequency_Out","Double","Hardware PWM output","Veh_1/ToVCU/HW/PWM Output/PWM Output2/U_Ch2_PWM_Out_Frequency_Out","Veh_1_B.VCar_Outport_lm","<none>","","","","","Parameter/state only","Static generated-C data flow","No external model input was reached. Terminal/unresolved nodes: Veh_1_P.OvrdVal_Value_no; Veh_1_P.U_Ch2_PWM_Out_Frequency_Value. Use runtime testing before treating this output as an injection observation.","Prefer outputs with a resolved external input in the same function chain for initial injection tests.","Veh_1_code_info_extio.xml + Veh_1.c: Veh_1_B.VCar_Outport_lm"
"Veh_1.ToVCU.HW.PWM Output.PWM Output20.U_Ch20_PWM_Out_Amplitude_Out","Double","Hardware PWM output","Veh_1/ToVCU/HW/PWM Output/PWM Output20/U_Ch20_PWM_Out_Amplitude_Out","Veh_1_B.VCar_Outport_nf","<none>","","","","","Parameter/state only","Static generated-C data flow","No external model input was reached. Terminal/unresolved nodes: Veh_1_P.OvrdVal_Value_lg; Veh_1_P.U_Ch20_PWM_Out_Amplitude_Value. Use runtime testing before treating this output as an injection observation.","Prefer outputs with a resolved external input in the same function chain for initial injection tests.","Veh_1_code_info_extio.xml + Veh_1.c: Veh_1_B.VCar_Outport_nf"
"Veh_1.ToVCU.HW.PWM Output.PWM Output20.U_Ch20_PWM_Out_Duty_Ratio_Out","Double","Hardware PWM output","Veh_1/ToVCU/HW/PWM Output/PWM Output20/U_Ch20_PWM_Out_Duty_Ratio_Out","Veh_1_B.VCar_Outport_ep","<none>","","","","","Parameter/state only","Static generated-C data flow","No external model input was reached. Terminal/unresolved nodes: Veh_1_P.OvrdVal_Value_n2; Veh_1_P.U_Ch20_PWM_Out_Duty_Ratio_Value. Use runtime testing before treating this output as an injection observation.","Prefer outputs with a resolved external input in the same function chain for initial injection tests.","Veh_1_code_info_extio.xml + Veh_1.c: Veh_1_B.VCar_Outport_ep"
"Veh_1.ToVCU.HW.PWM Output.PWM Output20.U_Ch20_PWM_Out_Enable_Out","Double","Hardware PWM output","Veh_1/ToVCU/HW/PWM Output/PWM Output20/U_Ch20_PWM_Out_Enable_Out","Veh_1_B.VCar_Outport_kw","<none>","","","","","Parameter/state only","Static generated-C data flow","No external model input was reached. Terminal/unresolved nodes: Veh_1_P.Off_Value_nr; Veh_1_P.U_Ch1_Voltage_Out_Enable_Valu_b. Use runtime testing before treating this output as an injection observation.","Prefer outputs with a resolved external input in the same function chain for initial injection tests.","Veh_1_code_info_extio.xml + Veh_1.c: Veh_1_B.VCar_Outport_kw"
"Veh_1.ToVCU.HW.PWM Output.PWM Output20.U_Ch20_PWM_Out_Frequency_Out","Double","Hardware PWM output","Veh_1/ToVCU/HW/PWM Output/PWM Output20/U_Ch20_PWM_Out_Frequency_Out","Veh_1_B.VCar_Outport_jx","<none>","","","","","Parameter/state only","Static generated-C data flow","No external model input was reached. Terminal/unresolved nodes: Veh_1_P.OvrdVal_Value_ou; Veh_1_P.U_Ch20_PWM_Out_Frequency_Value. Use runtime testing before treating this output as an injection observation.","Prefer outputs with a resolved external input in the same function chain for initial injection tests.","Veh_1_code_info_extio.xml + Veh_1.c: Veh_1_B.VCar_Outport_jx"
"Veh_1.ToVCU.HW.PWM Output.PWM Output21.U_Ch21_PWM_Out_Amplitude_Out","Double","Hardware PWM output","Veh_1/ToVCU/HW/PWM Output/PWM Output21/U_Ch21_PWM_Out_Amplitude_Out","Veh_1_B.VCar_Outport_j4","<none>","","","","","Parameter/state only","Static generated-C data flow","No external model input was reached. Terminal/unresolved nodes: Veh_1_P.OvrdVal_Value_jm; Veh_1_P.U_Ch21_PWM_Out_Amplitude_Value. Use runtime testing before treating this output as an injection observation.","Prefer outputs with a resolved external input in the same function chain for initial injection tests.","Veh_1_code_info_extio.xml + Veh_1.c: Veh_1_B.VCar_Outport_j4"
"Veh_1.ToVCU.HW.PWM Output.PWM Output21.U_Ch21_PWM_Out_Duty_Ratio_Out","Double","Hardware PWM output","Veh_1/ToVCU/HW/PWM Output/PWM Output21/U_Ch21_PWM_Out_Duty_Ratio_Out","Veh_1_B.VCar_Outport_cd","<none>","","","","","Parameter/state only","Static generated-C data flow","No external model input was reached. Terminal/unresolved nodes: Veh_1_P.OvrdVal_Value_i1; Veh_1_P.U_Ch21_PWM_Out_Duty_Ratio_Value. Use runtime testing before treating this output as an injection observation.","Prefer outputs with a resolved external input in the same function chain for initial injection tests.","Veh_1_code_info_extio.xml + Veh_1.c: Veh_1_B.VCar_Outport_cd"
"Veh_1.ToVCU.HW.PWM Output.PWM Output21.U_Ch21_PWM_Out_Enable_Out","Double","Hardware PWM output","Veh_1/ToVCU/HW/PWM Output/PWM Output21/U_Ch21_PWM_Out_Enable_Out","Veh_1_B.VCar_Outport_lk","<none>","","","","","Parameter/state only","Static generated-C data flow","No external model input was reached. Terminal/unresolved nodes: Veh_1_P.Off_Value_px; Veh_1_P.U_Ch1_Voltage_Out_Enable_Val_bl. Use runtime testing before treating this output as an injection observation.","Prefer outputs with a resolved external input in the same function chain for initial injection tests.","Veh_1_code_info_extio.xml + Veh_1.c: Veh_1_B.VCar_Outport_lk"
"Veh_1.ToVCU.HW.PWM Output.PWM Output21.U_Ch21_PWM_Out_Frequency_Out","Double","Hardware PWM output","Veh_1/ToVCU/HW/PWM Output/PWM Output21/U_Ch21_PWM_Out_Frequency_Out","Veh_1_B.VCar_Outport_ekg","<none>","","","","","Parameter/state only","Static generated-C data flow","No external model input was reached. Terminal/unresolved nodes: Veh_1_P.OvrdVal_Value_kn; Veh_1_P.U_Ch21_PWM_Out_Frequency_Value. Use runtime testing before treating this output as an injection observation.","Prefer outputs with a resolved external input in the same function chain for initial injection tests.","Veh_1_code_info_extio.xml + Veh_1.c: Veh_1_B.VCar_Outport_ekg"
"Veh_1.ToVCU.HW.PWM Output.PWM Output22.U_Ch22_PWM_Out_Amplitude_Out","Double","Hardware PWM output","Veh_1/ToVCU/HW/PWM Output/PWM Output22/U_Ch22_PWM_Out_Amplitude_Out","Veh_1_B.VCar_Outport_ck","<none>","","","","","Parameter/state only","Static generated-C data flow","No external model input was reached. Terminal/unresolved nodes: Veh_1_P.OvrdVal_Value_jr; Veh_1_P.U_Ch22_PWM_Out_Amplitude_Value. Use runtime testing before treating this output as an injection observation.","Prefer outputs with a resolved external input in the same function chain for initial injection tests.","Veh_1_code_info_extio.xml + Veh_1.c: Veh_1_B.VCar_Outport_ck"
"Veh_1.ToVCU.HW.PWM Output.PWM Output22.U_Ch22_PWM_Out_Duty_Ratio_Out","Double","Hardware PWM output","Veh_1/ToVCU/HW/PWM Output/PWM Output22/U_Ch22_PWM_Out_Duty_Ratio_Out","Veh_1_B.VCar_Outport_in","<none>","","","","","Parameter/state only","Static generated-C data flow","No external model input was reached. Terminal/unresolved nodes: Veh_1_P.OvrdVal_Value_mr; Veh_1_P.U_Ch22_PWM_Out_Duty_Ratio_Value. Use runtime testing before treating this output as an injection observation.","Prefer outputs with a resolved external input in the same function chain for initial injection tests.","Veh_1_code_info_extio.xml + Veh_1.c: Veh_1_B.VCar_Outport_in"
"Veh_1.ToVCU.HW.PWM Output.PWM Output22.U_Ch22_PWM_Out_Enable_Out","Double","Hardware PWM output","Veh_1/ToVCU/HW/PWM Output/PWM Output22/U_Ch22_PWM_Out_Enable_Out","Veh_1_B.VCar_Outport_it","<none>","","","","","Parameter/state only","Static generated-C data flow","No external model input was reached. Terminal/unresolved nodes: Veh_1_P.Off_Value_f2; Veh_1_P.U_Ch1_Voltage_Out_Enable_Val_j1. Use runtime testing before treating this output as an injection observation.","Prefer outputs with a resolved external input in the same function chain for initial injection tests.","Veh_1_code_info_extio.xml + Veh_1.c: Veh_1_B.VCar_Outport_it"
"Veh_1.ToVCU.HW.PWM Output.PWM Output22.U_Ch22_PWM_Out_Frequency_Out","Double","Hardware PWM output","Veh_1/ToVCU/HW/PWM Output/PWM Output22/U_Ch22_PWM_Out_Frequency_Out","Veh_1_B.VCar_Outport_gw","<none>","","","","","Parameter/state only","Static generated-C data flow","No external model input was reached. Terminal/unresolved nodes: Veh_1_P.OvrdVal_Value_ltp; Veh_1_P.U_Ch22_PWM_Out_Frequency_Value. Use runtime testing before treating this output as an injection observation.","Prefer outputs with a resolved external input in the same function chain for initial injection tests.","Veh_1_code_info_extio.xml + Veh_1.c: Veh_1_B.VCar_Outport_gw"
"Veh_1.ToVCU.HW.PWM Output.PWM Output23.U_Ch23_PWM_Out_Amplitude_Out","Double","Hardware PWM output","Veh_1/ToVCU/HW/PWM Output/PWM Output23/U_Ch23_PWM_Out_Amplitude_Out","Veh_1_B.VCar_Outport_id","<none>","","","","","Parameter/state only","Static generated-C data flow","No external model input was reached. Terminal/unresolved nodes: Veh_1_P.OvrdVal_Value_e0; Veh_1_P.U_Ch23_PWM_Out_Amplitude_Value. Use runtime testing before treating this output as an injection observation.","Prefer outputs with a resolved external input in the same function chain for initial injection tests.","Veh_1_code_info_extio.xml + Veh_1.c: Veh_1_B.VCar_Outport_id"
"Veh_1.ToVCU.HW.PWM Output.PWM Output23.U_Ch23_PWM_Out_Duty_Ratio_Out","Double","Hardware PWM output","Veh_1/ToVCU/HW/PWM Output/PWM Output23/U_Ch23_PWM_Out_Duty_Ratio_Out","Veh_1_B.VCar_Outport_e2","<none>","","","","","Parameter/state only","Static generated-C data flow","No external model input was reached. Terminal/unresolved nodes: Veh_1_P.OvrdVal_Value_mu; Veh_1_P.U_Ch23_PWM_Out_Duty_Ratio_Value. Use runtime testing before treating this output as an injection observation.","Prefer outputs with a resolved external input in the same function chain for initial injection tests.","Veh_1_code_info_extio.xml + Veh_1.c: Veh_1_B.VCar_Outport_e2"
"Veh_1.ToVCU.HW.PWM Output.PWM Output23.U_Ch23_PWM_Out_Enable_Out","Double","Hardware PWM output","Veh_1/ToVCU/HW/PWM Output/PWM Output23/U_Ch23_PWM_Out_Enable_Out","Veh_1_B.VCar_Outport_la","<none>","","","","","Parameter/state only","Static generated-C data flow","No external model input was reached. Terminal/unresolved nodes: Veh_1_P.Off_Value_fw; Veh_1_P.U_Ch1_Voltage_Out_Enable_Val_ez. Use runtime testing before treating this output as an injection observation.","Prefer outputs with a resolved external input in the same function chain for initial injection tests.","Veh_1_code_info_extio.xml + Veh_1.c: Veh_1_B.VCar_Outport_la"
"Veh_1.ToVCU.HW.PWM Output.PWM Output23.U_Ch23_PWM_Out_Frequency_Out","Double","Hardware PWM output","Veh_1/ToVCU/HW/PWM Output/PWM Output23/U_Ch23_PWM_Out_Frequency_Out","Veh_1_B.VCar_Outport_cw","<none>","","","","","Parameter/state only","Static generated-C data flow","No external model input was reached. Terminal/unresolved nodes: Veh_1_P.OvrdVal_Value_mk; Veh_1_P.U_Ch23_PWM_Out_Frequency_Value. Use runtime testing before treating this output as an injection observation.","Prefer outputs with a resolved external input in the same function chain for initial injection tests.","Veh_1_code_info_extio.xml + Veh_1.c: Veh_1_B.VCar_Outport_cw"
"Veh_1.ToVCU.HW.PWM Output.PWM Output24.U_Ch24_PWM_Out_Amplitude_Out","Double","Hardware PWM output","Veh_1/ToVCU/HW/PWM Output/PWM Output24/U_Ch24_PWM_Out_Amplitude_Out","Veh_1_B.VCar_Outport_mw","<none>","","","","","Parameter/state only","Static generated-C data flow","No external model input was reached. Terminal/unresolved nodes: Veh_1_P.OvrdVal_Value_pn; Veh_1_P.U_Ch24_PWM_Out_Amplitude_Value. Use runtime testing before treating this output as an injection observation.","Prefer outputs with a resolved external input in the same function chain for initial injection tests.","Veh_1_code_info_extio.xml + Veh_1.c: Veh_1_B.VCar_Outport_mw"
"Veh_1.ToVCU.HW.PWM Output.PWM Output24.U_Ch24_PWM_Out_Duty_Ratio_Out","Double","Hardware PWM output","Veh_1/ToVCU/HW/PWM Output/PWM Output24/U_Ch24_PWM_Out_Duty_Ratio_Out","Veh_1_B.VCar_Outport_hv","<none>","","","","","Parameter/state only","Static generated-C data flow","No external model input was reached. Terminal/unresolved nodes: Veh_1_P.OvrdVal_Value_nf; Veh_1_P.U_Ch24_PWM_Out_Duty_Ratio_Value. Use runtime testing before treating this output as an injection observation.","Prefer outputs with a resolved external input in the same function chain for initial injection tests.","Veh_1_code_info_extio.xml + Veh_1.c: Veh_1_B.VCar_Outport_hv"
"Veh_1.ToVCU.HW.PWM Output.PWM Output24.U_Ch24_PWM_Out_Enable_Out","Double","Hardware PWM output","Veh_1/ToVCU/HW/PWM Output/PWM Output24/U_Ch24_PWM_Out_Enable_Out","Veh_1_B.VCar_Outport_oi5","<none>","","","","","Parameter/state only","Static generated-C data flow","No external model input was reached. Terminal/unresolved nodes: Veh_1_P.Off_Value_dq; Veh_1_P.U_Ch1_Voltage_Out_Enable_Val_hi. Use runtime testing before treating this output as an injection observation.","Prefer outputs with a resolved external input in the same function chain for initial injection tests.","Veh_1_code_info_extio.xml + Veh_1.c: Veh_1_B.VCar_Outport_oi5"
"Veh_1.ToVCU.HW.PWM Output.PWM Output24.U_Ch24_PWM_Out_Frequency_Out","Double","Hardware PWM output","Veh_1/ToVCU/HW/PWM Output/PWM Output24/U_Ch24_PWM_Out_Frequency_Out","Veh_1_B.VCar_Outport_oj","<none>","","","","","Parameter/state only","Static generated-C data flow","No external model input was reached. Terminal/unresolved nodes: Veh_1_P.OvrdVal_Value_a3; Veh_1_P.U_Ch24_PWM_Out_Frequency_Value. Use runtime testing before treating this output as an injection observation.","Prefer outputs with a resolved external input in the same function chain for initial injection tests.","Veh_1_code_info_extio.xml + Veh_1.c: Veh_1_B.VCar_Outport_oj"
"Veh_1.ToVCU.HW.PWM Output.PWM Output25.U_Ch25_PWM_Out_Amplitude_Out","Double","Hardware PWM output","Veh_1/ToVCU/HW/PWM Output/PWM Output25/U_Ch25_PWM_Out_Amplitude_Out","Veh_1_B.VCar_Outport_mas","<none>","","","","","Parameter/state only","Static generated-C data flow","No external model input was reached. Terminal/unresolved nodes: Veh_1_P.OvrdVal_Value_cu; Veh_1_P.U_Ch25_PWM_Out_Amplitude_Value. Use runtime testing before treating this output as an injection observation.","Prefer outputs with a resolved external input in the same function chain for initial injection tests.","Veh_1_code_info_extio.xml + Veh_1.c: Veh_1_B.VCar_Outport_mas"
"Veh_1.ToVCU.HW.PWM Output.PWM Output25.U_Ch25_PWM_Out_Duty_Ratio_Out","Double","Hardware PWM output","Veh_1/ToVCU/HW/PWM Output/PWM Output25/U_Ch25_PWM_Out_Duty_Ratio_Out","Veh_1_B.VCar_Outport_pui","<none>","","","","","Parameter/state only","Static generated-C data flow","No external model input was reached. Terminal/unresolved nodes: Veh_1_P.OvrdVal_Value_gw; Veh_1_P.U_Ch25_PWM_Out_Duty_Ratio_Value. Use runtime testing before treating this output as an injection observation.","Prefer outputs with a resolved external input in the same function chain for initial injection tests.","Veh_1_code_info_extio.xml + Veh_1.c: Veh_1_B.VCar_Outport_pui"
"Veh_1.ToVCU.HW.PWM Output.PWM Output25.U_Ch25_PWM_Out_Enable_Out","Double","Hardware PWM output","Veh_1/ToVCU/HW/PWM Output/PWM Output25/U_Ch25_PWM_Out_Enable_Out","Veh_1_B.VCar_Outport_l5","<none>","","","","","Parameter/state only","Static generated-C data flow","No external model input was reached. Terminal/unresolved nodes: Veh_1_P.Off_Value_et; Veh_1_P.U_Ch1_Voltage_Out_Enable_Val_i1. Use runtime testing before treating this output as an injection observation.","Prefer outputs with a resolved external input in the same function chain for initial injection tests.","Veh_1_code_info_extio.xml + Veh_1.c: Veh_1_B.VCar_Outport_l5"
"Veh_1.ToVCU.HW.PWM Output.PWM Output25.U_Ch25_PWM_Out_Frequency_Out","Double","Hardware PWM output","Veh_1/ToVCU/HW/PWM Output/PWM Output25/U_Ch25_PWM_Out_Frequency_Out","Veh_1_B.VCar_Outport_pi","<none>","","","","","Parameter/state only","Static generated-C data flow","No external model input was reached. Terminal/unresolved nodes: Veh_1_P.OvrdVal_Value_gx; Veh_1_P.U_Ch25_PWM_Out_Frequency_Value. Use runtime testing before treating this output as an injection observation.","Prefer outputs with a resolved external input in the same function chain for initial injection tests.","Veh_1_code_info_extio.xml + Veh_1.c: Veh_1_B.VCar_Outport_pi"
"Veh_1.ToVCU.HW.PWM Output.PWM Output26.U_Ch26_PWM_Out_Amplitude_Out","Double","Hardware PWM output","Veh_1/ToVCU/HW/PWM Output/PWM Output26/U_Ch26_PWM_Out_Amplitude_Out","Veh_1_B.VCar_Outport_mo","<none>","","","","","Parameter/state only","Static generated-C data flow","No external model input was reached. Terminal/unresolved nodes: Veh_1_P.OvrdVal_Value_eu; Veh_1_P.U_Ch26_PWM_Out_Amplitude_Value. Use runtime testing before treating this output as an injection observation.","Prefer outputs with a resolved external input in the same function chain for initial injection tests.","Veh_1_code_info_extio.xml + Veh_1.c: Veh_1_B.VCar_Outport_mo"
"Veh_1.ToVCU.HW.PWM Output.PWM Output26.U_Ch26_PWM_Out_Duty_Ratio_Out","Double","Hardware PWM output","Veh_1/ToVCU/HW/PWM Output/PWM Output26/U_Ch26_PWM_Out_Duty_Ratio_Out","Veh_1_B.VCar_Outport_bz","<none>","","","","","Parameter/state only","Static generated-C data flow","No external model input was reached. Terminal/unresolved nodes: Veh_1_P.OvrdVal_Value_k0z; Veh_1_P.U_Ch26_PWM_Out_Duty_Ratio_Value. Use runtime testing before treating this output as an injection observation.","Prefer outputs with a resolved external input in the same function chain for initial injection tests.","Veh_1_code_info_extio.xml + Veh_1.c: Veh_1_B.VCar_Outport_bz"
"Veh_1.ToVCU.HW.PWM Output.PWM Output26.U_Ch26_PWM_Out_Enable_Out","Double","Hardware PWM output","Veh_1/ToVCU/HW/PWM Output/PWM Output26/U_Ch26_PWM_Out_Enable_Out","Veh_1_B.VCar_Outport_dw","<none>","","","","","Parameter/state only","Static generated-C data flow","No external model input was reached. Terminal/unresolved nodes: Veh_1_P.Off_Value_of; Veh_1_P.U_Ch1_Voltage_Out_Enable_Va_i3g. Use runtime testing before treating this output as an injection observation.","Prefer outputs with a resolved external input in the same function chain for initial injection tests.","Veh_1_code_info_extio.xml + Veh_1.c: Veh_1_B.VCar_Outport_dw"
"Veh_1.ToVCU.HW.PWM Output.PWM Output26.U_Ch26_PWM_Out_Frequency_Out","Double","Hardware PWM output","Veh_1/ToVCU/HW/PWM Output/PWM Output26/U_Ch26_PWM_Out_Frequency_Out","Veh_1_B.VCar_Outport_or","<none>","","","","","Parameter/state only","Static generated-C data flow","No external model input was reached. Terminal/unresolved nodes: Veh_1_P.OvrdVal_Value_i3; Veh_1_P.U_Ch26_PWM_Out_Frequency_Value. Use runtime testing before treating this output as an injection observation.","Prefer outputs with a resolved external input in the same function chain for initial injection tests.","Veh_1_code_info_extio.xml + Veh_1.c: Veh_1_B.VCar_Outport_or"
"Veh_1.ToVCU.HW.PWM Output.PWM Output27.U_Ch27_PWM_Out_Amplitude_Out","Double","Hardware PWM output","Veh_1/ToVCU/HW/PWM Output/PWM Output27/U_Ch27_PWM_Out_Amplitude_Out","Veh_1_B.VCar_Outport_eq","<none>","","","","","Parameter/state only","Static generated-C data flow","No external model input was reached. Terminal/unresolved nodes: Veh_1_P.OvrdVal_Value_gv; Veh_1_P.U_Ch27_PWM_Out_Amplitude_Value. Use runtime testing before treating this output as an injection observation.","Prefer outputs with a resolved external input in the same function chain for initial injection tests.","Veh_1_code_info_extio.xml + Veh_1.c: Veh_1_B.VCar_Outport_eq"
"Veh_1.ToVCU.HW.PWM Output.PWM Output27.U_Ch27_PWM_Out_Duty_Ratio_Out","Double","Hardware PWM output","Veh_1/ToVCU/HW/PWM Output/PWM Output27/U_Ch27_PWM_Out_Duty_Ratio_Out","Veh_1_B.VCar_Outport_cwd","<none>","","","","","Parameter/state only","Static generated-C data flow","No external model input was reached. Terminal/unresolved nodes: Veh_1_P.OvrdVal_Value_l4; Veh_1_P.U_Ch27_PWM_Out_Duty_Ratio_Value. Use runtime testing before treating this output as an injection observation.","Prefer outputs with a resolved external input in the same function chain for initial injection tests.","Veh_1_code_info_extio.xml + Veh_1.c: Veh_1_B.VCar_Outport_cwd"
"Veh_1.ToVCU.HW.PWM Output.PWM Output27.U_Ch27_PWM_Out_Enable_Out","Double","Hardware PWM output","Veh_1/ToVCU/HW/PWM Output/PWM Output27/U_Ch27_PWM_Out_Enable_Out","Veh_1_B.VCar_Outport_pu0","<none>","","","","","Parameter/state only","Static generated-C data flow","No external model input was reached. Terminal/unresolved nodes: Veh_1_P.Off_Value_ia; Veh_1_P.U_Ch1_Voltage_Out_Enable_Va_ezk. Use runtime testing before treating this output as an injection observation.","Prefer outputs with a resolved external input in the same function chain for initial injection tests.","Veh_1_code_info_extio.xml + Veh_1.c: Veh_1_B.VCar_Outport_pu0"
"Veh_1.ToVCU.HW.PWM Output.PWM Output27.U_Ch27_PWM_Out_Frequency_Out","Double","Hardware PWM output","Veh_1/ToVCU/HW/PWM Output/PWM Output27/U_Ch27_PWM_Out_Frequency_Out","Veh_1_B.VCar_Outport_er","<none>","","","","","Parameter/state only","Static generated-C data flow","No external model input was reached. Terminal/unresolved nodes: Veh_1_P.OvrdVal_Value_fm; Veh_1_P.U_Ch27_PWM_Out_Frequency_Value. Use runtime testing before treating this output as an injection observation.","Prefer outputs with a resolved external input in the same function chain for initial injection tests.","Veh_1_code_info_extio.xml + Veh_1.c: Veh_1_B.VCar_Outport_er"
"Veh_1.ToVCU.HW.PWM Output.PWM Output28.U_Ch28_PWM_Out_Amplitude_Out","Double","Hardware PWM output","Veh_1/ToVCU/HW/PWM Output/PWM Output28/U_Ch28_PWM_Out_Amplitude_Out","Veh_1_B.VCar_Outport_g0","<none>","","","","","Parameter/state only","Static generated-C data flow","No external model input was reached. Terminal/unresolved nodes: Veh_1_P.OvrdVal_Value_pj; Veh_1_P.U_Ch28_PWM_Out_Amplitude_Value. Use runtime testing before treating this output as an injection observation.","Prefer outputs with a resolved external input in the same function chain for initial injection tests.","Veh_1_code_info_extio.xml + Veh_1.c: Veh_1_B.VCar_Outport_g0"
"Veh_1.ToVCU.HW.PWM Output.PWM Output28.U_Ch28_PWM_Out_Duty_Ratio_Out","Double","Hardware PWM output","Veh_1/ToVCU/HW/PWM Output/PWM Output28/U_Ch28_PWM_Out_Duty_Ratio_Out","Veh_1_B.VCar_Outport_i4","<none>","","","","","Parameter/state only","Static generated-C data flow","No external model input was reached. Terminal/unresolved nodes: Veh_1_P.OvrdVal_Value_bk; Veh_1_P.U_Ch28_PWM_Out_Duty_Ratio_Value. Use runtime testing before treating this output as an injection observation.","Prefer outputs with a resolved external input in the same function chain for initial injection tests.","Veh_1_code_info_extio.xml + Veh_1.c: Veh_1_B.VCar_Outport_i4"
"Veh_1.ToVCU.HW.PWM Output.PWM Output28.U_Ch28_PWM_Out_Enable_Out","Double","Hardware PWM output","Veh_1/ToVCU/HW/PWM Output/PWM Output28/U_Ch28_PWM_Out_Enable_Out","Veh_1_B.VCar_Outport_ijh","<none>","","","","","Parameter/state only","Static generated-C data flow","No external model input was reached. Terminal/unresolved nodes: Veh_1_P.Off_Value_je; Veh_1_P.U_Ch1_Voltage_Out_Enable_Val_f1. Use runtime testing before treating this output as an injection observation.","Prefer outputs with a resolved external input in the same function chain for initial injection tests.","Veh_1_code_info_extio.xml + Veh_1.c: Veh_1_B.VCar_Outport_ijh"
"Veh_1.ToVCU.HW.PWM Output.PWM Output28.U_Ch28_PWM_Out_Frequency_Out","Double","Hardware PWM output","Veh_1/ToVCU/HW/PWM Output/PWM Output28/U_Ch28_PWM_Out_Frequency_Out","Veh_1_B.VCar_Outport_mx","<none>","","","","","Parameter/state only","Static generated-C data flow","No external model input was reached. Terminal/unresolved nodes: Veh_1_P.OvrdVal_Value_mv; Veh_1_P.U_Ch28_PWM_Out_Frequency_Value. Use runtime testing before treating this output as an injection observation.","Prefer outputs with a resolved external input in the same function chain for initial injection tests.","Veh_1_code_info_extio.xml + Veh_1.c: Veh_1_B.VCar_Outport_mx"
"Veh_1.ToVCU.HW.PWM Output.PWM Output29.U_Ch29_PWM_Out_Amplitude_Out","Double","Hardware PWM output","Veh_1/ToVCU/HW/PWM Output/PWM Output29/U_Ch29_PWM_Out_Amplitude_Out","Veh_1_B.VCar_Outport_e1","<none>","","","","","Parameter/state only","Static generated-C data flow","No external model input was reached. Terminal/unresolved nodes: Veh_1_P.OvrdVal_Value_fx; Veh_1_P.U_Ch29_PWM_Out_Amplitude_Value. Use runtime testing before treating this output as an injection observation.","Prefer outputs with a resolved external input in the same function chain for initial injection tests.","Veh_1_code_info_extio.xml + Veh_1.c: Veh_1_B.VCar_Outport_e1"
"Veh_1.ToVCU.HW.PWM Output.PWM Output29.U_Ch29_PWM_Out_Duty_Ratio_Out","Double","Hardware PWM output","Veh_1/ToVCU/HW/PWM Output/PWM Output29/U_Ch29_PWM_Out_Duty_Ratio_Out","Veh_1_B.VCar_Outport_ob","<none>","","","","","Parameter/state only","Static generated-C data flow","No external model input was reached. Terminal/unresolved nodes: Veh_1_P.OvrdVal_Value_muf; Veh_1_P.U_Ch29_PWM_Out_Duty_Ratio_Value. Use runtime testing before treating this output as an injection observation.","Prefer outputs with a resolved external input in the same function chain for initial injection tests.","Veh_1_code_info_extio.xml + Veh_1.c: Veh_1_B.VCar_Outport_ob"
"Veh_1.ToVCU.HW.PWM Output.PWM Output29.U_Ch29_PWM_Out_Enable_Out","Double","Hardware PWM output","Veh_1/ToVCU/HW/PWM Output/PWM Output29/U_Ch29_PWM_Out_Enable_Out","Veh_1_B.VCar_Outport_eh","<none>","","","","","Parameter/state only","Static generated-C data flow","No external model input was reached. Terminal/unresolved nodes: Veh_1_P.Off_Value_d4; Veh_1_P.U_Ch1_Voltage_Out_Enable_Val_bg. Use runtime testing before treating this output as an injection observation.","Prefer outputs with a resolved external input in the same function chain for initial injection tests.","Veh_1_code_info_extio.xml + Veh_1.c: Veh_1_B.VCar_Outport_eh"
"Veh_1.ToVCU.HW.PWM Output.PWM Output29.U_Ch29_PWM_Out_Frequency_Out","Double","Hardware PWM output","Veh_1/ToVCU/HW/PWM Output/PWM Output29/U_Ch29_PWM_Out_Frequency_Out","Veh_1_B.VCar_Outport_jyw","<none>","","","","","Parameter/state only","Static generated-C data flow","No external model input was reached. Terminal/unresolved nodes: Veh_1_P.OvrdVal_Value_akd; Veh_1_P.U_Ch29_PWM_Out_Frequency_Value. Use runtime testing before treating this output as an injection observation.","Prefer outputs with a resolved external input in the same function chain for initial injection tests.","Veh_1_code_info_extio.xml + Veh_1.c: Veh_1_B.VCar_Outport_jyw"
"Veh_1.ToVCU.HW.PWM Output.PWM Output3.U_Ch3_PWM_Out_Amplitude_Out","Double","Hardware PWM output","Veh_1/ToVCU/HW/PWM Output/PWM Output3/U_Ch3_PWM_Out_Amplitude_Out","Veh_1_B.VCar_Outport_m0","<none>","","","","","Parameter/state only","Static generated-C data flow","No external model input was reached. Terminal/unresolved nodes: Veh_1_P.OvrdVal_Value_fw; Veh_1_P.U_Ch3_PWM_Out_Amplitude_Value. Use runtime testing before treating this output as an injection observation.","Prefer outputs with a resolved external input in the same function chain for initial injection tests.","Veh_1_code_info_extio.xml + Veh_1.c: Veh_1_B.VCar_Outport_m0"
"Veh_1.ToVCU.HW.PWM Output.PWM Output3.U_Ch3_PWM_Out_Duty_Ratio_Out","Double","Hardware PWM output","Veh_1/ToVCU/HW/PWM Output/PWM Output3/U_Ch3_PWM_Out_Duty_Ratio_Out","Veh_1_B.VCar_Outport_df","<none>","","","","","Parameter/state only","Static generated-C data flow","No external model input was reached. Terminal/unresolved nodes: Veh_1_P.OvrdVal_Value_bj; Veh_1_P.U_Ch3_PWM_Out_Duty_Ratio_Value. Use runtime testing before treating this output as an injection observation.","Prefer outputs with a resolved external input in the same function chain for initial injection tests.","Veh_1_code_info_extio.xml + Veh_1.c: Veh_1_B.VCar_Outport_df"
"Veh_1.ToVCU.HW.PWM Output.PWM Output3.U_Ch3_PWM_Out_Enable_Out","Double","Hardware PWM output","Veh_1/ToVCU/HW/PWM Output/PWM Output3/U_Ch3_PWM_Out_Enable_Out","Veh_1_B.VCar_Outport_ge","<none>","","","","","Parameter/state only","Static generated-C data flow","No external model input was reached. Terminal/unresolved nodes: Veh_1_P.Off_Value_l1; Veh_1_P.U_Ch1_Voltage_Out_Enable_Val_m5. Use runtime testing before treating this output as an injection observation.","Prefer outputs with a resolved external input in the same function chain for initial injection tests.","Veh_1_code_info_extio.xml + Veh_1.c: Veh_1_B.VCar_Outport_ge"
"Veh_1.ToVCU.HW.PWM Output.PWM Output3.U_Ch3_PWM_Out_Frequency_Out","Double","Hardware PWM output","Veh_1/ToVCU/HW/PWM Output/PWM Output3/U_Ch3_PWM_Out_Frequency_Out","Veh_1_B.VCar_Outport_nm","<none>","","","","","Parameter/state only","Static generated-C data flow","No external model input was reached. Terminal/unresolved nodes: Veh_1_P.OvrdVal_Value_cv; Veh_1_P.U_Ch3_PWM_Out_Frequency_Value. Use runtime testing before treating this output as an injection observation.","Prefer outputs with a resolved external input in the same function chain for initial injection tests.","Veh_1_code_info_extio.xml + Veh_1.c: Veh_1_B.VCar_Outport_nm"
"Veh_1.ToVCU.HW.PWM Output.PWM Output30.U_Ch30_PWM_Out_Amplitude_Out","Double","Hardware PWM output","Veh_1/ToVCU/HW/PWM Output/PWM Output30/U_Ch30_PWM_Out_Amplitude_Out","Veh_1_B.VCar_Outport_nv","<none>","","","","","Parameter/state only","Static generated-C data flow","No external model input was reached. Terminal/unresolved nodes: Veh_1_P.OvrdVal_Value_ii; Veh_1_P.U_Ch30_PWM_Out_Amplitude_Value. Use runtime testing before treating this output as an injection observation.","Prefer outputs with a resolved external input in the same function chain for initial injection tests.","Veh_1_code_info_extio.xml + Veh_1.c: Veh_1_B.VCar_Outport_nv"
"Veh_1.ToVCU.HW.PWM Output.PWM Output30.U_Ch30_PWM_Out_Duty_Ratio_Out","Double","Hardware PWM output","Veh_1/ToVCU/HW/PWM Output/PWM Output30/U_Ch30_PWM_Out_Duty_Ratio_Out","Veh_1_B.VCar_Outport_lwb","<none>","","","","","Parameter/state only","Static generated-C data flow","No external model input was reached. Terminal/unresolved nodes: Veh_1_P.OvrdVal_Value_em; Veh_1_P.U_Ch30_PWM_Out_Duty_Ratio_Value. Use runtime testing before treating this output as an injection observation.","Prefer outputs with a resolved external input in the same function chain for initial injection tests.","Veh_1_code_info_extio.xml + Veh_1.c: Veh_1_B.VCar_Outport_lwb"
"Veh_1.ToVCU.HW.PWM Output.PWM Output30.U_Ch30_PWM_Out_Enable_Out","Double","Hardware PWM output","Veh_1/ToVCU/HW/PWM Output/PWM Output30/U_Ch30_PWM_Out_Enable_Out","Veh_1_B.VCar_Outport_j2","<none>","","","","","Parameter/state only","Static generated-C data flow","No external model input was reached. Terminal/unresolved nodes: Veh_1_P.Off_Value_cl; Veh_1_P.U_Ch1_Voltage_Out_Enable_Val_gq. Use runtime testing before treating this output as an injection observation.","Prefer outputs with a resolved external input in the same function chain for initial injection tests.","Veh_1_code_info_extio.xml + Veh_1.c: Veh_1_B.VCar_Outport_j2"
"Veh_1.ToVCU.HW.PWM Output.PWM Output30.U_Ch30_PWM_Out_Frequency_Out","Double","Hardware PWM output","Veh_1/ToVCU/HW/PWM Output/PWM Output30/U_Ch30_PWM_Out_Frequency_Out","Veh_1_B.VCar_Outport_mz","<none>","","","","","Parameter/state only","Static generated-C data flow","No external model input was reached. Terminal/unresolved nodes: Veh_1_P.OvrdVal_Value_g4; Veh_1_P.U_Ch30_PWM_Out_Frequency_Value. Use runtime testing before treating this output as an injection observation.","Prefer outputs with a resolved external input in the same function chain for initial injection tests.","Veh_1_code_info_extio.xml + Veh_1.c: Veh_1_B.VCar_Outport_mz"
"Veh_1.ToVCU.HW.PWM Output.PWM Output31.U_Ch31_PWM_Out_Amplitude_Out","Double","Hardware PWM output","Veh_1/ToVCU/HW/PWM Output/PWM Output31/U_Ch31_PWM_Out_Amplitude_Out","Veh_1_B.VCar_Outport_o4","<none>","","","","","Parameter/state only","Static generated-C data flow","No external model input was reached. Terminal/unresolved nodes: Veh_1_P.OvrdVal_Value_mk0; Veh_1_P.U_Ch31_PWM_Out_Amplitude_Value. Use runtime testing before treating this output as an injection observation.","Prefer outputs with a resolved external input in the same function chain for initial injection tests.","Veh_1_code_info_extio.xml + Veh_1.c: Veh_1_B.VCar_Outport_o4"
"Veh_1.ToVCU.HW.PWM Output.PWM Output31.U_Ch31_PWM_Out_Duty_Ratio_Out","Double","Hardware PWM output","Veh_1/ToVCU/HW/PWM Output/PWM Output31/U_Ch31_PWM_Out_Duty_Ratio_Out","Veh_1_B.VCar_Outport_ii5","<none>","","","","","Parameter/state only","Static generated-C data flow","No external model input was reached. Terminal/unresolved nodes: Veh_1_P.OvrdVal_Value_ja; Veh_1_P.U_Ch31_PWM_Out_Duty_Ratio_Value. Use runtime testing before treating this output as an injection observation.","Prefer outputs with a resolved external input in the same function chain for initial injection tests.","Veh_1_code_info_extio.xml + Veh_1.c: Veh_1_B.VCar_Outport_ii5"
"Veh_1.ToVCU.HW.PWM Output.PWM Output31.U_Ch31_PWM_Out_Enable_Out","Double","Hardware PWM output","Veh_1/ToVCU/HW/PWM Output/PWM Output31/U_Ch31_PWM_Out_Enable_Out","Veh_1_B.VCar_Outport_ih","<none>","","","","","Parameter/state only","Static generated-C data flow","No external model input was reached. Terminal/unresolved nodes: Veh_1_P.Off_Value_mh; Veh_1_P.U_Ch1_Voltage_Out_Enable_Val_hz. Use runtime testing before treating this output as an injection observation.","Prefer outputs with a resolved external input in the same function chain for initial injection tests.","Veh_1_code_info_extio.xml + Veh_1.c: Veh_1_B.VCar_Outport_ih"
"Veh_1.ToVCU.HW.PWM Output.PWM Output31.U_Ch31_PWM_Out_Frequency_Out","Double","Hardware PWM output","Veh_1/ToVCU/HW/PWM Output/PWM Output31/U_Ch31_PWM_Out_Frequency_Out","Veh_1_B.VCar_Outport_da","<none>","","","","","Parameter/state only","Static generated-C data flow","No external model input was reached. Terminal/unresolved nodes: Veh_1_P.OvrdVal_Value_gj; Veh_1_P.U_Ch31_PWM_Out_Frequency_Value. Use runtime testing before treating this output as an injection observation.","Prefer outputs with a resolved external input in the same function chain for initial injection tests.","Veh_1_code_info_extio.xml + Veh_1.c: Veh_1_B.VCar_Outport_da"
"Veh_1.ToVCU.HW.PWM Output.PWM Output32.U_Ch32_PWM_Out_Amplitude_Out","Double","Hardware PWM output","Veh_1/ToVCU/HW/PWM Output/PWM Output32/U_Ch32_PWM_Out_Amplitude_Out","Veh_1_B.VCar_Outport_hgr","<none>","","","","","Parameter/state only","Static generated-C data flow","No external model input was reached. Terminal/unresolved nodes: Veh_1_P.OvrdVal_Value_cs; Veh_1_P.U_Ch32_PWM_Out_Amplitude_Value. Use runtime testing before treating this output as an injection observation.","Prefer outputs with a resolved external input in the same function chain for initial injection tests.","Veh_1_code_info_extio.xml + Veh_1.c: Veh_1_B.VCar_Outport_hgr"
"Veh_1.ToVCU.HW.PWM Output.PWM Output32.U_Ch32_PWM_Out_Duty_Ratio_Out","Double","Hardware PWM output","Veh_1/ToVCU/HW/PWM Output/PWM Output32/U_Ch32_PWM_Out_Duty_Ratio_Out","Veh_1_B.VCar_Outport_g0v","<none>","","","","","Parameter/state only","Static generated-C data flow","No external model input was reached. Terminal/unresolved nodes: Veh_1_P.OvrdVal_Value_pg; Veh_1_P.U_Ch32_PWM_Out_Duty_Ratio_Value. Use runtime testing before treating this output as an injection observation.","Prefer outputs with a resolved external input in the same function chain for initial injection tests.","Veh_1_code_info_extio.xml + Veh_1.c: Veh_1_B.VCar_Outport_g0v"
"Veh_1.ToVCU.HW.PWM Output.PWM Output32.U_Ch32_PWM_Out_Enable_Out","Double","Hardware PWM output","Veh_1/ToVCU/HW/PWM Output/PWM Output32/U_Ch32_PWM_Out_Enable_Out","Veh_1_B.VCar_Outport_phw","<none>","","","","","Parameter/state only","Static generated-C data flow","No external model input was reached. Terminal/unresolved nodes: Veh_1_P.Off_Value_bi; Veh_1_P.U_Ch1_Voltage_Out_Enable_Val_lw. Use runtime testing before treating this output as an injection observation.","Prefer outputs with a resolved external input in the same function chain for initial injection tests.","Veh_1_code_info_extio.xml + Veh_1.c: Veh_1_B.VCar_Outport_phw"
"Veh_1.ToVCU.HW.PWM Output.PWM Output32.U_Ch32_PWM_Out_Frequency_Out","Double","Hardware PWM output","Veh_1/ToVCU/HW/PWM Output/PWM Output32/U_Ch32_PWM_Out_Frequency_Out","Veh_1_B.VCar_Outport_eay","<none>","","","","","Parameter/state only","Static generated-C data flow","No external model input was reached. Terminal/unresolved nodes: Veh_1_P.OvrdVal_Value_my; Veh_1_P.U_Ch32_PWM_Out_Frequency_Value. Use runtime testing before treating this output as an injection observation.","Prefer outputs with a resolved external input in the same function chain for initial injection tests.","Veh_1_code_info_extio.xml + Veh_1.c: Veh_1_B.VCar_Outport_eay"
"Veh_1.ToVCU.HW.PWM Output.PWM Output33.U_Ch33_PWM_Out_Amplitude_Out","Double","Hardware PWM output","Veh_1/ToVCU/HW/PWM Output/PWM Output33/U_Ch33_PWM_Out_Amplitude_Out","Veh_1_B.VCar_Outport_h5","<none>","","","","","Parameter/state only","Static generated-C data flow","No external model input was reached. Terminal/unresolved nodes: Veh_1_P.OvrdVal_Value_nu; Veh_1_P.U_Ch33_PWM_Out_Amplitude_Value. Use runtime testing before treating this output as an injection observation.","Prefer outputs with a resolved external input in the same function chain for initial injection tests.","Veh_1_code_info_extio.xml + Veh_1.c: Veh_1_B.VCar_Outport_h5"
"Veh_1.ToVCU.HW.PWM Output.PWM Output33.U_Ch33_PWM_Out_Duty_Ratio_Out","Double","Hardware PWM output","Veh_1/ToVCU/HW/PWM Output/PWM Output33/U_Ch33_PWM_Out_Duty_Ratio_Out","Veh_1_B.VCar_Outport_pr","<none>","","","","","Parameter/state only","Static generated-C data flow","No external model input was reached. Terminal/unresolved nodes: Veh_1_P.OvrdVal_Value_ax; Veh_1_P.U_Ch33_PWM_Out_Duty_Ratio_Value. Use runtime testing before treating this output as an injection observation.","Prefer outputs with a resolved external input in the same function chain for initial injection tests.","Veh_1_code_info_extio.xml + Veh_1.c: Veh_1_B.VCar_Outport_pr"
"Veh_1.ToVCU.HW.PWM Output.PWM Output33.U_Ch33_PWM_Out_Enable_Out","Double","Hardware PWM output","Veh_1/ToVCU/HW/PWM Output/PWM Output33/U_Ch33_PWM_Out_Enable_Out","Veh_1_B.VCar_Outport_cgb","<none>","","","","","Parameter/state only","Static generated-C data flow","No external model input was reached. Terminal/unresolved nodes: Veh_1_P.Off_Value_i1; Veh_1_P.U_Ch1_Voltage_Out_Enable_Val_ir. Use runtime testing before treating this output as an injection observation.","Prefer outputs with a resolved external input in the same function chain for initial injection tests.","Veh_1_code_info_extio.xml + Veh_1.c: Veh_1_B.VCar_Outport_cgb"
"Veh_1.ToVCU.HW.PWM Output.PWM Output33.U_Ch33_PWM_Out_Frequency_Out","Double","Hardware PWM output","Veh_1/ToVCU/HW/PWM Output/PWM Output33/U_Ch33_PWM_Out_Frequency_Out","Veh_1_B.VCar_Outport_dg","<none>","","","","","Parameter/state only","Static generated-C data flow","No external model input was reached. Terminal/unresolved nodes: Veh_1_P.OvrdVal_Value_oi; Veh_1_P.U_Ch33_PWM_Out_Frequency_Value. Use runtime testing before treating this output as an injection observation.","Prefer outputs with a resolved external input in the same function chain for initial injection tests.","Veh_1_code_info_extio.xml + Veh_1.c: Veh_1_B.VCar_Outport_dg"
"Veh_1.ToVCU.HW.PWM Output.PWM Output34.U_Ch34_PWM_Out_Amplitude_Out","Double","Hardware PWM output","Veh_1/ToVCU/HW/PWM Output/PWM Output34/U_Ch34_PWM_Out_Amplitude_Out","Veh_1_B.VCar_Outport_mop","<none>","","","","","Parameter/state only","Static generated-C data flow","No external model input was reached. Terminal/unresolved nodes: Veh_1_P.OvrdVal_Value_ex; Veh_1_P.U_Ch34_PWM_Out_Amplitude_Value. Use runtime testing before treating this output as an injection observation.","Prefer outputs with a resolved external input in the same function chain for initial injection tests.","Veh_1_code_info_extio.xml + Veh_1.c: Veh_1_B.VCar_Outport_mop"
"Veh_1.ToVCU.HW.PWM Output.PWM Output34.U_Ch34_PWM_Out_Duty_Ratio_Out","Double","Hardware PWM output","Veh_1/ToVCU/HW/PWM Output/PWM Output34/U_Ch34_PWM_Out_Duty_Ratio_Out","Veh_1_B.VCar_Outport_di","<none>","","","","","Parameter/state only","Static generated-C data flow","No external model input was reached. Terminal/unresolved nodes: Veh_1_P.OvrdVal_Value_pf; Veh_1_P.U_Ch34_PWM_Out_Duty_Ratio_Value. Use runtime testing before treating this output as an injection observation.","Prefer outputs with a resolved external input in the same function chain for initial injection tests.","Veh_1_code_info_extio.xml + Veh_1.c: Veh_1_B.VCar_Outport_di"
"Veh_1.ToVCU.HW.PWM Output.PWM Output34.U_Ch34_PWM_Out_Enable_Out","Double","Hardware PWM output","Veh_1/ToVCU/HW/PWM Output/PWM Output34/U_Ch34_PWM_Out_Enable_Out","Veh_1_B.VCar_Outport_dc","<none>","","","","","Parameter/state only","Static generated-C data flow","No external model input was reached. Terminal/unresolved nodes: Veh_1_P.Off_Value_a5; Veh_1_P.U_Ch1_Voltage_Out_Enable_Val_c1. Use runtime testing before treating this output as an injection observation.","Prefer outputs with a resolved external input in the same function chain for initial injection tests.","Veh_1_code_info_extio.xml + Veh_1.c: Veh_1_B.VCar_Outport_dc"
"Veh_1.ToVCU.HW.PWM Output.PWM Output34.U_Ch34_PWM_Out_Frequency_Out","Double","Hardware PWM output","Veh_1/ToVCU/HW/PWM Output/PWM Output34/U_Ch34_PWM_Out_Frequency_Out","Veh_1_B.VCar_Outport_dv","<none>","","","","","Parameter/state only","Static generated-C data flow","No external model input was reached. Terminal/unresolved nodes: Veh_1_P.OvrdVal_Value_o3; Veh_1_P.U_Ch34_PWM_Out_Frequency_Value. Use runtime testing before treating this output as an injection observation.","Prefer outputs with a resolved external input in the same function chain for initial injection tests.","Veh_1_code_info_extio.xml + Veh_1.c: Veh_1_B.VCar_Outport_dv"
"Veh_1.ToVCU.HW.PWM Output.PWM Output35.U_Ch35_PWM_Out_Amplitude_Out","Double","Hardware PWM output","Veh_1/ToVCU/HW/PWM Output/PWM Output35/U_Ch35_PWM_Out_Amplitude_Out","Veh_1_B.VCar_Outport_o4j","<none>","","","","","Parameter/state only","Static generated-C data flow","No external model input was reached. Terminal/unresolved nodes: Veh_1_P.OvrdVal_Value_gu; Veh_1_P.U_Ch35_PWM_Out_Amplitude_Value. Use runtime testing before treating this output as an injection observation.","Prefer outputs with a resolved external input in the same function chain for initial injection tests.","Veh_1_code_info_extio.xml + Veh_1.c: Veh_1_B.VCar_Outport_o4j"
"Veh_1.ToVCU.HW.PWM Output.PWM Output35.U_Ch35_PWM_Out_Duty_Ratio_Out","Double","Hardware PWM output","Veh_1/ToVCU/HW/PWM Output/PWM Output35/U_Ch35_PWM_Out_Duty_Ratio_Out","Veh_1_B.VCar_Outport_lr","<none>","","","","","Parameter/state only","Static generated-C data flow","No external model input was reached. Terminal/unresolved nodes: Veh_1_P.OvrdVal_Value_lgt; Veh_1_P.U_Ch35_PWM_Out_Duty_Ratio_Value. Use runtime testing before treating this output as an injection observation.","Prefer outputs with a resolved external input in the same function chain for initial injection tests.","Veh_1_code_info_extio.xml + Veh_1.c: Veh_1_B.VCar_Outport_lr"
"Veh_1.ToVCU.HW.PWM Output.PWM Output35.U_Ch35_PWM_Out_Enable_Out","Double","Hardware PWM output","Veh_1/ToVCU/HW/PWM Output/PWM Output35/U_Ch35_PWM_Out_Enable_Out","Veh_1_B.VCar_Outport_mpc","<none>","","","","","Parameter/state only","Static generated-C data flow","No external model input was reached. Terminal/unresolved nodes: Veh_1_P.Off_Value_nl; Veh_1_P.U_Ch1_Voltage_Out_Enable_Va_bgn. Use runtime testing before treating this output as an injection observation.","Prefer outputs with a resolved external input in the same function chain for initial injection tests.","Veh_1_code_info_extio.xml + Veh_1.c: Veh_1_B.VCar_Outport_mpc"
"Veh_1.ToVCU.HW.PWM Output.PWM Output35.U_Ch35_PWM_Out_Frequency_Out","Double","Hardware PWM output","Veh_1/ToVCU/HW/PWM Output/PWM Output35/U_Ch35_PWM_Out_Frequency_Out","Veh_1_B.VCar_Outport_he","<none>","","","","","Parameter/state only","Static generated-C data flow","No external model input was reached. Terminal/unresolved nodes: Veh_1_P.OvrdVal_Value_cua; Veh_1_P.U_Ch35_PWM_Out_Frequency_Value. Use runtime testing before treating this output as an injection observation.","Prefer outputs with a resolved external input in the same function chain for initial injection tests.","Veh_1_code_info_extio.xml + Veh_1.c: Veh_1_B.VCar_Outport_he"
"Veh_1.ToVCU.HW.PWM Output.PWM Output36.U_Ch36_PWM_Out_Amplitude_Out","Double","Hardware PWM output","Veh_1/ToVCU/HW/PWM Output/PWM Output36/U_Ch36_PWM_Out_Amplitude_Out","Veh_1_B.VCar_Outport_hew","<none>","","","","","Parameter/state only","Static generated-C data flow","No external model input was reached. Terminal/unresolved nodes: Veh_1_P.OvrdVal_Value_oj; Veh_1_P.U_Ch36_PWM_Out_Amplitude_Value. Use runtime testing before treating this output as an injection observation.","Prefer outputs with a resolved external input in the same function chain for initial injection tests.","Veh_1_code_info_extio.xml + Veh_1.c: Veh_1_B.VCar_Outport_hew"
"Veh_1.ToVCU.HW.PWM Output.PWM Output36.U_Ch36_PWM_Out_Duty_Ratio_Out","Double","Hardware PWM output","Veh_1/ToVCU/HW/PWM Output/PWM Output36/U_Ch36_PWM_Out_Duty_Ratio_Out","Veh_1_B.VCar_Outport_fv","<none>","","","","","Parameter/state only","Static generated-C data flow","No external model input was reached. Terminal/unresolved nodes: Veh_1_P.OvrdVal_Value_lwy; Veh_1_P.U_Ch36_PWM_Out_Duty_Ratio_Value. Use runtime testing before treating this output as an injection observation.","Prefer outputs with a resolved external input in the same function chain for initial injection tests.","Veh_1_code_info_extio.xml + Veh_1.c: Veh_1_B.VCar_Outport_fv"
"Veh_1.ToVCU.HW.PWM Output.PWM Output36.U_Ch36_PWM_Out_Enable_Out","Double","Hardware PWM output","Veh_1/ToVCU/HW/PWM Output/PWM Output36/U_Ch36_PWM_Out_Enable_Out","Veh_1_B.VCar_Outport_jj","<none>","","","","","Parameter/state only","Static generated-C data flow","No external model input was reached. Terminal/unresolved nodes: Veh_1_P.Off_Value_hy; Veh_1_P.U_Ch1_Voltage_Out_Enable_Val_ma. Use runtime testing before treating this output as an injection observation.","Prefer outputs with a resolved external input in the same function chain for initial injection tests.","Veh_1_code_info_extio.xml + Veh_1.c: Veh_1_B.VCar_Outport_jj"
"Veh_1.ToVCU.HW.PWM Output.PWM Output36.U_Ch36_PWM_Out_Frequency_Out","Double","Hardware PWM output","Veh_1/ToVCU/HW/PWM Output/PWM Output36/U_Ch36_PWM_Out_Frequency_Out","Veh_1_B.VCar_Outport_cc","<none>","","","","","Parameter/state only","Static generated-C data flow","No external model input was reached. Terminal/unresolved nodes: Veh_1_P.OvrdVal_Value_kf; Veh_1_P.U_Ch36_PWM_Out_Frequency_Value. Use runtime testing before treating this output as an injection observation.","Prefer outputs with a resolved external input in the same function chain for initial injection tests.","Veh_1_code_info_extio.xml + Veh_1.c: Veh_1_B.VCar_Outport_cc"
"Veh_1.ToVCU.HW.PWM Output.PWM Output4.U_Ch4_PWM_Out_Amplitude_Out","Double","Hardware PWM output","Veh_1/ToVCU/HW/PWM Output/PWM Output4/U_Ch4_PWM_Out_Amplitude_Out","Veh_1_B.VCar_Outport_abb","<none>","","","","","Parameter/state only","Static generated-C data flow","No external model input was reached. Terminal/unresolved nodes: Veh_1_P.OvrdVal_Value_l0; Veh_1_P.U_Ch4_PWM_Out_Amplitude_Value. Use runtime testing before treating this output as an injection observation.","Prefer outputs with a resolved external input in the same function chain for initial injection tests.","Veh_1_code_info_extio.xml + Veh_1.c: Veh_1_B.VCar_Outport_abb"
"Veh_1.ToVCU.HW.PWM Output.PWM Output4.U_Ch4_PWM_Out_Duty_Ratio_Out","Double","Hardware PWM output","Veh_1/ToVCU/HW/PWM Output/PWM Output4/U_Ch4_PWM_Out_Duty_Ratio_Out","Veh_1_B.VCar_Outport_nu","<none>","","","","","Parameter/state only","Static generated-C data flow","No external model input was reached. Terminal/unresolved nodes: Veh_1_P.OvrdVal_Value_kd; Veh_1_P.U_Ch4_PWM_Out_Duty_Ratio_Value. Use runtime testing before treating this output as an injection observation.","Prefer outputs with a resolved external input in the same function chain for initial injection tests.","Veh_1_code_info_extio.xml + Veh_1.c: Veh_1_B.VCar_Outport_nu"
"Veh_1.ToVCU.HW.PWM Output.PWM Output4.U_Ch4_PWM_Out_Enable_Out","Double","Hardware PWM output","Veh_1/ToVCU/HW/PWM Output/PWM Output4/U_Ch4_PWM_Out_Enable_Out","Veh_1_B.VCar_Outport_fw","<none>","","","","","Parameter/state only","Static generated-C data flow","No external model input was reached. Terminal/unresolved nodes: Veh_1_P.Off_Value_kt; Veh_1_P.U_Ch1_Voltage_Out_Enable_Val_jx. Use runtime testing before treating this output as an injection observation.","Prefer outputs with a resolved external input in the same function chain for initial injection tests.","Veh_1_code_info_extio.xml + Veh_1.c: Veh_1_B.VCar_Outport_fw"
"Veh_1.ToVCU.HW.PWM Output.PWM Output4.U_Ch4_PWM_Out_Frequency_Out","Double","Hardware PWM output","Veh_1/ToVCU/HW/PWM Output/PWM Output4/U_Ch4_PWM_Out_Frequency_Out","Veh_1_B.VCar_Outport_o4n","<none>","","","","","Parameter/state only","Static generated-C data flow","No external model input was reached. Terminal/unresolved nodes: Veh_1_P.OvrdVal_Value_ma; Veh_1_P.U_Ch4_PWM_Out_Frequency_Value. Use runtime testing before treating this output as an injection observation.","Prefer outputs with a resolved external input in the same function chain for initial injection tests.","Veh_1_code_info_extio.xml + Veh_1.c: Veh_1_B.VCar_Outport_o4n"
"Veh_1.ToVCU.HW.PWM Output.PWM Output5.U_Ch5_PWM_Out_Amplitude_Out","Double","Hardware PWM output","Veh_1/ToVCU/HW/PWM Output/PWM Output5/U_Ch5_PWM_Out_Amplitude_Out","Veh_1_B.VCar_Outport_k3","<none>","","","","","Parameter/state only","Static generated-C data flow","No external model input was reached. Terminal/unresolved nodes: Veh_1_P.OvrdVal_Value_ja2; Veh_1_P.U_Ch5_PWM_Out_Amplitude_Value. Use runtime testing before treating this output as an injection observation.","Prefer outputs with a resolved external input in the same function chain for initial injection tests.","Veh_1_code_info_extio.xml + Veh_1.c: Veh_1_B.VCar_Outport_k3"
"Veh_1.ToVCU.HW.PWM Output.PWM Output5.U_Ch5_PWM_Out_Duty_Ratio_Out","Double","Hardware PWM output","Veh_1/ToVCU/HW/PWM Output/PWM Output5/U_Ch5_PWM_Out_Duty_Ratio_Out","Veh_1_B.VCar_Outport_fqw","<none>","","","","","Parameter/state only","Static generated-C data flow","No external model input was reached. Terminal/unresolved nodes: Veh_1_P.OvrdVal_Value_ne; Veh_1_P.U_Ch5_PWM_Out_Duty_Ratio_Value. Use runtime testing before treating this output as an injection observation.","Prefer outputs with a resolved external input in the same function chain for initial injection tests.","Veh_1_code_info_extio.xml + Veh_1.c: Veh_1_B.VCar_Outport_fqw"
"Veh_1.ToVCU.HW.PWM Output.PWM Output5.U_Ch5_PWM_Out_Enable_Out","Double","Hardware PWM output","Veh_1/ToVCU/HW/PWM Output/PWM Output5/U_Ch5_PWM_Out_Enable_Out","Veh_1_B.VCar_Outport_nw","<none>","","","","","Parameter/state only","Static generated-C data flow","No external model input was reached. Terminal/unresolved nodes: Veh_1_P.Off_Value_eek; Veh_1_P.U_Ch1_Voltage_Out_Enable_Val_pd. Use runtime testing before treating this output as an injection observation.","Prefer outputs with a resolved external input in the same function chain for initial injection tests.","Veh_1_code_info_extio.xml + Veh_1.c: Veh_1_B.VCar_Outport_nw"
"Veh_1.ToVCU.HW.PWM Output.PWM Output5.U_Ch5_PWM_Out_Frequency_Out","Double","Hardware PWM output","Veh_1/ToVCU/HW/PWM Output/PWM Output5/U_Ch5_PWM_Out_Frequency_Out","Veh_1_B.VCar_Outport_ed","<none>","","","","","Parameter/state only","Static generated-C data flow","No external model input was reached. Terminal/unresolved nodes: Veh_1_P.OvrdVal_Value_ge; Veh_1_P.U_Ch5_PWM_Out_Frequency_Value. Use runtime testing before treating this output as an injection observation.","Prefer outputs with a resolved external input in the same function chain for initial injection tests.","Veh_1_code_info_extio.xml + Veh_1.c: Veh_1_B.VCar_Outport_ed"
"Veh_1.ToVCU.HW.PWM Output.PWM Output6.U_Ch6_PWM_Out_Amplitude_Out","Double","Hardware PWM output","Veh_1/ToVCU/HW/PWM Output/PWM Output6/U_Ch6_PWM_Out_Amplitude_Out","Veh_1_B.VCar_Outport_pgz","<none>","","","","","Parameter/state only","Static generated-C data flow","No external model input was reached. Terminal/unresolved nodes: Veh_1_P.OvrdVal_Value_bn; Veh_1_P.U_Ch6_PWM_Out_Amplitude_Value. Use runtime testing before treating this output as an injection observation.","Prefer outputs with a resolved external input in the same function chain for initial injection tests.","Veh_1_code_info_extio.xml + Veh_1.c: Veh_1_B.VCar_Outport_pgz"
"Veh_1.ToVCU.HW.PWM Output.PWM Output6.U_Ch6_PWM_Out_Duty_Ratio_Out","Double","Hardware PWM output","Veh_1/ToVCU/HW/PWM Output/PWM Output6/U_Ch6_PWM_Out_Duty_Ratio_Out","Veh_1_B.VCar_Outport_ao","<none>","","","","","Parameter/state only","Static generated-C data flow","No external model input was reached. Terminal/unresolved nodes: Veh_1_P.OvrdVal_Value_dy; Veh_1_P.U_Ch6_PWM_Out_Duty_Ratio_Value. Use runtime testing before treating this output as an injection observation.","Prefer outputs with a resolved external input in the same function chain for initial injection tests.","Veh_1_code_info_extio.xml + Veh_1.c: Veh_1_B.VCar_Outport_ao"
"Veh_1.ToVCU.HW.PWM Output.PWM Output6.U_Ch6_PWM_Out_Enable_Out","Double","Hardware PWM output","Veh_1/ToVCU/HW/PWM Output/PWM Output6/U_Ch6_PWM_Out_Enable_Out","Veh_1_B.VCar_Outport_mh","<none>","","","","","Parameter/state only","Static generated-C data flow","No external model input was reached. Terminal/unresolved nodes: Veh_1_P.Off_Value_bt; Veh_1_P.U_Ch1_Voltage_Out_Enable_Val_ei. Use runtime testing before treating this output as an injection observation.","Prefer outputs with a resolved external input in the same function chain for initial injection tests.","Veh_1_code_info_extio.xml + Veh_1.c: Veh_1_B.VCar_Outport_mh"
"Veh_1.ToVCU.HW.PWM Output.PWM Output6.U_Ch6_PWM_Out_Frequency_Out","Double","Hardware PWM output","Veh_1/ToVCU/HW/PWM Output/PWM Output6/U_Ch6_PWM_Out_Frequency_Out","Veh_1_B.VCar_Outport_el","<none>","","","","","Parameter/state only","Static generated-C data flow","No external model input was reached. Terminal/unresolved nodes: Veh_1_P.OvrdVal_Value_o5; Veh_1_P.U_Ch6_PWM_Out_Frequency_Value. Use runtime testing before treating this output as an injection observation.","Prefer outputs with a resolved external input in the same function chain for initial injection tests.","Veh_1_code_info_extio.xml + Veh_1.c: Veh_1_B.VCar_Outport_el"
"Veh_1.ToVCU.HW.PWM Output.PWM Output7.U_Ch7_PWM_Out_Amplitude_Out","Double","Hardware PWM output","Veh_1/ToVCU/HW/PWM Output/PWM Output7/U_Ch7_PWM_Out_Amplitude_Out","Veh_1_B.VCar_Outport_n2","<none>","","","","","Parameter/state only","Static generated-C data flow","No external model input was reached. Terminal/unresolved nodes: Veh_1_P.OvrdVal_Value_fo; Veh_1_P.U_Ch7_PWM_Out_Amplitude_Value. Use runtime testing before treating this output as an injection observation.","Prefer outputs with a resolved external input in the same function chain for initial injection tests.","Veh_1_code_info_extio.xml + Veh_1.c: Veh_1_B.VCar_Outport_n2"
"Veh_1.ToVCU.HW.PWM Output.PWM Output7.U_Ch7_PWM_Out_Duty_Ratio_Out","Double","Hardware PWM output","Veh_1/ToVCU/HW/PWM Output/PWM Output7/U_Ch7_PWM_Out_Duty_Ratio_Out","Veh_1_B.VCar_Outport_i1","<none>","","","","","Parameter/state only","Static generated-C data flow","No external model input was reached. Terminal/unresolved nodes: Veh_1_P.OvrdVal_Value_bi; Veh_1_P.U_Ch7_PWM_Out_Duty_Ratio_Value. Use runtime testing before treating this output as an injection observation.","Prefer outputs with a resolved external input in the same function chain for initial injection tests.","Veh_1_code_info_extio.xml + Veh_1.c: Veh_1_B.VCar_Outport_i1"
"Veh_1.ToVCU.HW.PWM Output.PWM Output7.U_Ch7_PWM_Out_Enable_Out","Double","Hardware PWM output","Veh_1/ToVCU/HW/PWM Output/PWM Output7/U_Ch7_PWM_Out_Enable_Out","Veh_1_B.VCar_Outport_ib","<none>","","","","","Parameter/state only","Static generated-C data flow","No external model input was reached. Terminal/unresolved nodes: Veh_1_P.Off_Value_nh; Veh_1_P.U_Ch1_Voltage_Out_Enable_Val_gb. Use runtime testing before treating this output as an injection observation.","Prefer outputs with a resolved external input in the same function chain for initial injection tests.","Veh_1_code_info_extio.xml + Veh_1.c: Veh_1_B.VCar_Outport_ib"
"Veh_1.ToVCU.HW.PWM Output.PWM Output7.U_Ch7_PWM_Out_Frequency_Out","Double","Hardware PWM output","Veh_1/ToVCU/HW/PWM Output/PWM Output7/U_Ch7_PWM_Out_Frequency_Out","Veh_1_B.VCar_Outport_idb","<none>","","","","","Parameter/state only","Static generated-C data flow","No external model input was reached. Terminal/unresolved nodes: Veh_1_P.OvrdVal_Value_od; Veh_1_P.U_Ch7_PWM_Out_Frequency_Value. Use runtime testing before treating this output as an injection observation.","Prefer outputs with a resolved external input in the same function chain for initial injection tests.","Veh_1_code_info_extio.xml + Veh_1.c: Veh_1_B.VCar_Outport_idb"
"Veh_1.ToVCU.HW.PWM Output.PWM Output8.U_Ch8_PWM_Out_Amplitude_Out","Double","Hardware PWM output","Veh_1/ToVCU/HW/PWM Output/PWM Output8/U_Ch8_PWM_Out_Amplitude_Out","Veh_1_B.VCar_Outport_ew","<none>","","","","","Parameter/state only","Static generated-C data flow","No external model input was reached. Terminal/unresolved nodes: Veh_1_P.OvrdVal_Value_mw; Veh_1_P.U_Ch8_PWM_Out_Amplitude_Value. Use runtime testing before treating this output as an injection observation.","Prefer outputs with a resolved external input in the same function chain for initial injection tests.","Veh_1_code_info_extio.xml + Veh_1.c: Veh_1_B.VCar_Outport_ew"
"Veh_1.ToVCU.HW.PWM Output.PWM Output8.U_Ch8_PWM_Out_Duty_Ratio_Out","Double","Hardware PWM output","Veh_1/ToVCU/HW/PWM Output/PWM Output8/U_Ch8_PWM_Out_Duty_Ratio_Out","Veh_1_B.VCar_Outport_in5","<none>","","","","","Parameter/state only","Static generated-C data flow","No external model input was reached. Terminal/unresolved nodes: Veh_1_P.OvrdVal_Value_ku; Veh_1_P.U_Ch8_PWM_Out_Duty_Ratio_Value. Use runtime testing before treating this output as an injection observation.","Prefer outputs with a resolved external input in the same function chain for initial injection tests.","Veh_1_code_info_extio.xml + Veh_1.c: Veh_1_B.VCar_Outport_in5"
"Veh_1.ToVCU.HW.PWM Output.PWM Output8.U_Ch8_PWM_Out_Enable_Out","Double","Hardware PWM output","Veh_1/ToVCU/HW/PWM Output/PWM Output8/U_Ch8_PWM_Out_Enable_Out","Veh_1_B.VCar_Outport_dd","<none>","","","","","Parameter/state only","Static generated-C data flow","No external model input was reached. Terminal/unresolved nodes: Veh_1_P.Off_Value_bf; Veh_1_P.U_Ch1_Voltage_Out_Enable_Val_kp. Use runtime testing before treating this output as an injection observation.","Prefer outputs with a resolved external input in the same function chain for initial injection tests.","Veh_1_code_info_extio.xml + Veh_1.c: Veh_1_B.VCar_Outport_dd"
"Veh_1.ToVCU.HW.PWM Output.PWM Output8.U_Ch8_PWM_Out_Frequency_Out","Double","Hardware PWM output","Veh_1/ToVCU/HW/PWM Output/PWM Output8/U_Ch8_PWM_Out_Frequency_Out","Veh_1_B.VCar_Outport_let","<none>","","","","","Parameter/state only","Static generated-C data flow","No external model input was reached. Terminal/unresolved nodes: Veh_1_P.OvrdVal_Value_le; Veh_1_P.U_Ch8_PWM_Out_Frequency_Value. Use runtime testing before treating this output as an injection observation.","Prefer outputs with a resolved external input in the same function chain for initial injection tests.","Veh_1_code_info_extio.xml + Veh_1.c: Veh_1_B.VCar_Outport_let"
"Veh_1.ToVCU.HW.PWM Output.PWM Output9.U_Ch9_PWM_Out_Amplitude_Out","Double","Hardware PWM output","Veh_1/ToVCU/HW/PWM Output/PWM Output9/U_Ch9_PWM_Out_Amplitude_Out","Veh_1_B.VCar_Outport_hq","<none>","","","","","Parameter/state only","Static generated-C data flow","No external model input was reached. Terminal/unresolved nodes: Veh_1_P.OvrdVal_Value_k0v; Veh_1_P.U_Ch9_PWM_Out_Amplitude_Value. Use runtime testing before treating this output as an injection observation.","Prefer outputs with a resolved external input in the same function chain for initial injection tests.","Veh_1_code_info_extio.xml + Veh_1.c: Veh_1_B.VCar_Outport_hq"
"Veh_1.ToVCU.HW.PWM Output.PWM Output9.U_Ch9_PWM_Out_Duty_Ratio_Out","Double","Hardware PWM output","Veh_1/ToVCU/HW/PWM Output/PWM Output9/U_Ch9_PWM_Out_Duty_Ratio_Out","Veh_1_B.VCar_Outport_mr","<none>","","","","","Parameter/state only","Static generated-C data flow","No external model input was reached. Terminal/unresolved nodes: Veh_1_P.OvrdVal_Value_mwt; Veh_1_P.U_Ch9_PWM_Out_Duty_Ratio_Value. Use runtime testing before treating this output as an injection observation.","Prefer outputs with a resolved external input in the same function chain for initial injection tests.","Veh_1_code_info_extio.xml + Veh_1.c: Veh_1_B.VCar_Outport_mr"
"Veh_1.ToVCU.HW.PWM Output.PWM Output9.U_Ch9_PWM_Out_Enable_Out","Double","Hardware PWM output","Veh_1/ToVCU/HW/PWM Output/PWM Output9/U_Ch9_PWM_Out_Enable_Out","Veh_1_B.VCar_Outport_a2","<none>","","","","","Parameter/state only","Static generated-C data flow","No external model input was reached. Terminal/unresolved nodes: Veh_1_P.Off_Value_jh; Veh_1_P.U_Ch1_Voltage_Out_Enable_Val_ke. Use runtime testing before treating this output as an injection observation.","Prefer outputs with a resolved external input in the same function chain for initial injection tests.","Veh_1_code_info_extio.xml + Veh_1.c: Veh_1_B.VCar_Outport_a2"
"Veh_1.ToVCU.HW.PWM Output.PWM Output9.U_Ch9_PWM_Out_Frequency_Out","Double","Hardware PWM output","Veh_1/ToVCU/HW/PWM Output/PWM Output9/U_Ch9_PWM_Out_Frequency_Out","Veh_1_B.VCar_Outport_c3","<none>","","","","","Parameter/state only","Static generated-C data flow","No external model input was reached. Terminal/unresolved nodes: Veh_1_P.OvrdVal_Value_lj; Veh_1_P.U_Ch9_PWM_Out_Frequency_Value. Use runtime testing before treating this output as an injection observation.","Prefer outputs with a resolved external input in the same function chain for initial injection tests.","Veh_1_code_info_extio.xml + Veh_1.c: Veh_1_B.VCar_Outport_c3"
"Veh_1.ToVCU.HW.Relay.Relay10.BrakeClose1_Out","Double","Relay output","Veh_1/ToVCU/HW/Relay/Relay10/BrakeClose1_Out","Veh_1_B.VCar_Outport_jm","<none>","","","","","Parameter/state only","Static generated-C data flow","No external model input was reached. Terminal/unresolved nodes: Veh_1_P.CompareToConstant3_const; Veh_1_P.Constant_Value; Veh_1_P.Gain1_Gain_fk; Veh_1_P.OvrdVal_Value_gnp. Use runtime testing before treating this output as an injection observation.","Prefer outputs with a resolved external input in the same function chain for initial injection tests.","Veh_1_code_info_extio.xml + Veh_1.c: Veh_1_B.VCar_Outport_jm"
"Veh_1.ToVCU.HW.Relay.Relay11.BrakeClose2_Out","Double","Relay output","Veh_1/ToVCU/HW/Relay/Relay11/BrakeClose2_Out","Veh_1_B.VCar_Outport_ly","<none>","","","","","Parameter/state only","Static generated-C data flow","No external model input was reached. Terminal/unresolved nodes: Veh_1_P.CompareToConstant4_const; Veh_1_P.Constant_Value; Veh_1_P.Gain2_Gain_b; Veh_1_P.OvrdVal_Value_cm. Use runtime testing before treating this output as an injection observation.","Prefer outputs with a resolved external input in the same function chain for initial injection tests.","Veh_1_code_info_extio.xml + Veh_1.c: Veh_1_B.VCar_Outport_ly"
"Veh_1.ToVCU.HW.Relay.Relay12.BrakeOpen2_Out","Double","Relay output","Veh_1/ToVCU/HW/Relay/Relay12/BrakeOpen2_Out","Veh_1_B.VCar_Outport_a50","Veh_1.Driver.BrakePedal_perc","Double","Driver input","Veh_1/Driver/BrakePedal_perc","Veh_1_B.VCar_Inport_n","Indirect input dependency","Static generated-C data flow","Relay output output has a generated-code data path from the Driver input input. A path does not guarantee a change in every runtime condition; state, parameters, and guards may suppress it.","After modifying this input, monitor Veh_1.ToVCU.HW.Relay.Relay12.BrakeOpen2_Out; record baseline, injected value, recovery value, and duration.","Veh_1_code_info_extio.xml + Veh_1.c: Veh_1_B.VCar_Outport_a50 <- Veh_1_B.VCar_Inport_n"
"Veh_1.ToVCU.HW.Relay.Relay25.Model_Disabled_Out","Double","Relay output","Veh_1/ToVCU/HW/Relay/Relay25/Model_Disabled_Out","Veh_1_B.VCar_Outport_fa","Veh_1.Driver.Key","Double","Driver input","Veh_1/Driver/Key","Veh_1_B.VCar_Inport_a","Indirect input dependency","Static generated-C data flow","Relay output output has a generated-code data path from the Driver input input. A path does not guarantee a change in every runtime condition; state, parameters, and guards may suppress it.","After modifying this input, monitor Veh_1.ToVCU.HW.Relay.Relay25.Model_Disabled_Out; record baseline, injected value, recovery value, and duration.","Veh_1_code_info_extio.xml + Veh_1.c: Veh_1_B.VCar_Outport_fa <- Veh_1_B.VCar_Inport_a"
"Veh_1.ToVCU.HW.Relay.Relay4.GearR_Out","Double","Relay output","Veh_1/ToVCU/HW/Relay/Relay4/GearR_Out","Veh_1_B.VCar_Outport_gh","<none>","","","","","Unresolved static path","Static generated-C data flow","No external model input was reached. Terminal/unresolved nodes: Veh_1_P.OvrdVal_Value_hz. Use runtime testing before treating this output as an injection observation.","Prefer outputs with a resolved external input in the same function chain for initial injection tests.","Veh_1_code_info_extio.xml + Veh_1.c: Veh_1_B.VCar_Outport_gh"
"Veh_1.ToVCU.HW.Relay.Relay5.GearN_Out","Double","Relay output","Veh_1/ToVCU/HW/Relay/Relay5/GearN_Out","Veh_1_B.VCar_Outport_dr","<none>","","","","","Unresolved static path","Static generated-C data flow","No external model input was reached. Terminal/unresolved nodes: Veh_1_P.OvrdVal_Value_ah. Use runtime testing before treating this output as an injection observation.","Prefer outputs with a resolved external input in the same function chain for initial injection tests.","Veh_1_code_info_extio.xml + Veh_1.c: Veh_1_B.VCar_Outport_dr"
"Veh_1.ToVCU.HW.Relay.Relay6.GearD_Out","Double","Relay output","Veh_1/ToVCU/HW/Relay/Relay6/GearD_Out","Veh_1_B.VCar_Outport_a2m","<none>","","","","","Unresolved static path","Static generated-C data flow","No external model input was reached. Terminal/unresolved nodes: Veh_1_P.OvrdVal_Value_dz. Use runtime testing before treating this output as an injection observation.","Prefer outputs with a resolved external input in the same function chain for initial injection tests.","Veh_1_code_info_extio.xml + Veh_1.c: Veh_1_B.VCar_Outport_a2m"
"Veh_1.ToVCU.HW.Relay.Relay7.GearP_Out","Double","Relay output","Veh_1/ToVCU/HW/Relay/Relay7/GearP_Out","Veh_1_B.VCar_Outport_cl","<none>","","","","","Unresolved static path","Static generated-C data flow","No external model input was reached. Terminal/unresolved nodes: Veh_1_P.OvrdVal_Value_pr. Use runtime testing before treating this output as an injection observation.","Prefer outputs with a resolved external input in the same function chain for initial injection tests.","Veh_1_code_info_extio.xml + Veh_1.c: Veh_1_B.VCar_Outport_cl"
"Veh_1.ToVCU.HW.Relay.Relay8.DriveMode_Out","Double","Relay output","Veh_1/ToVCU/HW/Relay/Relay8/DriveMode_Out","Veh_1_B.VCar_Outport_d0p","Veh_1.Driver.DriveMode","Double","Driver input","Veh_1/Driver/DriveMode","Veh_1_B.VCar_Inport_nt","Indirect input dependency","Static generated-C data flow","Relay output output has a generated-code data path from the Driver input input. A path does not guarantee a change in every runtime condition; state, parameters, and guards may suppress it.","After modifying this input, monitor Veh_1.ToVCU.HW.Relay.Relay8.DriveMode_Out; record baseline, injected value, recovery value, and duration.","Veh_1_code_info_extio.xml + Veh_1.c: Veh_1_B.VCar_Outport_d0p <- Veh_1_B.VCar_Inport_nt"
"Veh_1.ToVCU.HW.Relay.Relay9.BrakeOpen1_Out","Double","Relay output","Veh_1/ToVCU/HW/Relay/Relay9/BrakeOpen1_Out","Veh_1_B.VCar_Outport_b02","Veh_1.Driver.BrakePedal_perc","Double","Driver input","Veh_1/Driver/BrakePedal_perc","Veh_1_B.VCar_Inport_n","Indirect input dependency","Static generated-C data flow","Relay output output has a generated-code data path from the Driver input input. A path does not guarantee a change in every runtime condition; state, parameters, and guards may suppress it.","After modifying this input, monitor Veh_1.ToVCU.HW.Relay.Relay9.BrakeOpen1_Out; record baseline, injected value, recovery value, and duration.","Veh_1_code_info_extio.xml + Veh_1.c: Veh_1_B.VCar_Outport_b02 <- Veh_1_B.VCar_Inport_n"
"Veh_1.ToVCU.HW.Voltage Output.Voltage Output1 .PUMP_Enable_Out","Double","Voltage output","Veh_1/ToVCU/HW/Voltage Output/Voltage Output1 /PUMP_Enable_Out","Veh_1_B.VCar_Outport_hy5","<none>","","","","","Parameter/state only","Static generated-C data flow","No external model input was reached. Terminal/unresolved nodes: Veh_1_P.Off_Value_lm; Veh_1_P.U_Ch1_Voltage_Out_Enable_Val_jh. Use runtime testing before treating this output as an injection observation.","Prefer outputs with a resolved external input in the same function chain for initial injection tests.","Veh_1_code_info_extio.xml + Veh_1.c: Veh_1_B.VCar_Outport_hy5"
"Veh_1.ToVCU.HW.Voltage Output.Voltage Output1 .PUMP_Out","Double","Voltage output","Veh_1/ToVCU/HW/Voltage Output/Voltage Output1 /PUMP_Out","Veh_1_B.VCar_Outport_edl","<none>","","","","","Parameter/state only","Static generated-C data flow","No external model input was reached. Terminal/unresolved nodes: Veh_1_P.Constant_Value_f; Veh_1_P.OvrdVal_Value_e4. Use runtime testing before treating this output as an injection observation.","Prefer outputs with a resolved external input in the same function chain for initial injection tests.","Veh_1_code_info_extio.xml + Veh_1.c: Veh_1_B.VCar_Outport_edl"
"Veh_1.ToVCU.HW.Voltage Output.Voltage Output1.BRK_Main_Enable_Out","Double","Voltage output","Veh_1/ToVCU/HW/Voltage Output/Voltage Output1/BRK_Main_Enable_Out","Veh_1_B.VCar_Outport_ds","<none>","","","","","Parameter/state only","Static generated-C data flow","No external model input was reached. Terminal/unresolved nodes: Veh_1_P.Off_Value_mj; Veh_1_P.U_Ch1_Voltage_Out_Enable_Va_m52. Use runtime testing before treating this output as an injection observation.","Prefer outputs with a resolved external input in the same function chain for initial injection tests.","Veh_1_code_info_extio.xml + Veh_1.c: Veh_1_B.VCar_Outport_ds"
"Veh_1.ToVCU.HW.Voltage Output.Voltage Output1.BRK_Main_Out","Double","Voltage output","Veh_1/ToVCU/HW/Voltage Output/Voltage Output1/BRK_Main_Out","Veh_1_B.VCar_Outport_op","Veh_1.Driver.BrakePedal_perc","Double","Driver input","Veh_1/Driver/BrakePedal_perc","Veh_1_B.VCar_Inport_n","Indirect input dependency","Static generated-C data flow","Voltage output output has a generated-code data path from the Driver input input. A path does not guarantee a change in every runtime condition; state, parameters, and guards may suppress it.","After modifying this input, monitor Veh_1.ToVCU.HW.Voltage Output.Voltage Output1.BRK_Main_Out; record baseline, injected value, recovery value, and duration.","Veh_1_code_info_extio.xml + Veh_1.c: Veh_1_B.VCar_Outport_op <- Veh_1_B.VCar_Inport_n"
"Veh_1.ToVCU.HW.Voltage Output.Voltage Output4.Btemp_Enable_Out","Double","Voltage output","Veh_1/ToVCU/HW/Voltage Output/Voltage Output4/Btemp_Enable_Out","Veh_1_B.VCar_Outport_ja","<none>","","","","","Parameter/state only","Static generated-C data flow","No external model input was reached. Terminal/unresolved nodes: Veh_1_P.Off_Value_bw; Veh_1_P.U_Ch1_Voltage_Out_Enable_Val_hn. Use runtime testing before treating this output as an injection observation.","Prefer outputs with a resolved external input in the same function chain for initial injection tests.","Veh_1_code_info_extio.xml + Veh_1.c: Veh_1_B.VCar_Outport_ja"
"Veh_1.ToVCU.HW.Voltage Output.Voltage Output4.Btemp_Out","Double","Voltage output","Veh_1/ToVCU/HW/Voltage Output/Voltage Output4/Btemp_Out","Veh_1_B.VCar_Outport_pun","<none>","","","","","Parameter/state only","Static generated-C data flow","No external model input was reached. Terminal/unresolved nodes: Veh_1_P.Constant1_Value_o; Veh_1_P.OvrdVal_Value_k5. Use runtime testing before treating this output as an injection observation.","Prefer outputs with a resolved external input in the same function chain for initial injection tests.","Veh_1_code_info_extio.xml + Veh_1.c: Veh_1_B.VCar_Outport_pun"
"Veh_1.ToVCU.HW.Voltage Output.Voltage Output5.BRK_Auxi_Enable_Out","Double","Voltage output","Veh_1/ToVCU/HW/Voltage Output/Voltage Output5/BRK_Auxi_Enable_Out","Veh_1_B.VCar_Outport_hj","<none>","","","","","Parameter/state only","Static generated-C data flow","No external model input was reached. Terminal/unresolved nodes: Veh_1_P.Off_Value_fwv; Veh_1_P.U_Ch1_Voltage_Out_Enable_Va_i3l. Use runtime testing before treating this output as an injection observation.","Prefer outputs with a resolved external input in the same function chain for initial injection tests.","Veh_1_code_info_extio.xml + Veh_1.c: Veh_1_B.VCar_Outport_hj"
"Veh_1.ToVCU.HW.Voltage Output.Voltage Output5.BRK_Auxi_Out","Double","Voltage output","Veh_1/ToVCU/HW/Voltage Output/Voltage Output5/BRK_Auxi_Out","Veh_1_B.VCar_Outport_hqw","Veh_1.Driver.BrakePedal_perc","Double","Driver input","Veh_1/Driver/BrakePedal_perc","Veh_1_B.VCar_Inport_n","Indirect input dependency","Static generated-C data flow","Voltage output output has a generated-code data path from the Driver input input. A path does not guarantee a change in every runtime condition; state, parameters, and guards may suppress it.","After modifying this input, monitor Veh_1.ToVCU.HW.Voltage Output.Voltage Output5.BRK_Auxi_Out; record baseline, injected value, recovery value, and duration.","Veh_1_code_info_extio.xml + Veh_1.c: Veh_1_B.VCar_Outport_hqw <- Veh_1_B.VCar_Inport_n"
"Veh_1.ToVCU.HW.Voltage Output.Voltage Output7.ACC_Main_Enable_Out","Double","Voltage output","Veh_1/ToVCU/HW/Voltage Output/Voltage Output7/ACC_Main_Enable_Out","Veh_1_B.VCar_Outport_mf","<none>","","","","","Parameter/state only","Static generated-C data flow","No external model input was reached. Terminal/unresolved nodes: Veh_1_P.Off_Value_h3; Veh_1_P.U_Ch1_Voltage_Out_Enable_Va_bg3. Use runtime testing before treating this output as an injection observation.","Prefer outputs with a resolved external input in the same function chain for initial injection tests.","Veh_1_code_info_extio.xml + Veh_1.c: Veh_1_B.VCar_Outport_mf"
"Veh_1.ToVCU.HW.Voltage Output.Voltage Output7.ACC_Main_Out_Out","Double","Voltage output","Veh_1/ToVCU/HW/Voltage Output/Voltage Output7/ACC_Main_Out_Out","Veh_1_B.VCar_Outport_iq","Veh_1.Driver.AccPedal_perc","Double","Driver input","Veh_1/Driver/AccPedal_perc","Veh_1_B.VCar_Inport_k","Indirect input dependency","Static generated-C data flow","Voltage output output has a generated-code data path from the Driver input input. A path does not guarantee a change in every runtime condition; state, parameters, and guards may suppress it.","After modifying this input, monitor Veh_1.ToVCU.HW.Voltage Output.Voltage Output7.ACC_Main_Out_Out; record baseline, injected value, recovery value, and duration.","Veh_1_code_info_extio.xml + Veh_1.c: Veh_1_B.VCar_Outport_iq <- Veh_1_B.VCar_Inport_k"
"Veh_1.ToVCU.HW.Voltage Output.Voltage Output8.ACC_Auxi_Enable_Out","Double","Voltage output","Veh_1/ToVCU/HW/Voltage Output/Voltage Output8/ACC_Auxi_Enable_Out","Veh_1_B.VCar_Outport_mi","<none>","","","","","Parameter/state only","Static generated-C data flow","No external model input was reached. Terminal/unresolved nodes: Veh_1_P.Off_Value_j2; Veh_1_P.U_Ch1_Voltage_Out_Enable_Val_bo. Use runtime testing before treating this output as an injection observation.","Prefer outputs with a resolved external input in the same function chain for initial injection tests.","Veh_1_code_info_extio.xml + Veh_1.c: Veh_1_B.VCar_Outport_mi"
"Veh_1.ToVCU.HW.Voltage Output.Voltage Output8.ACC_Auxi_Out_Out","Double","Voltage output","Veh_1/ToVCU/HW/Voltage Output/Voltage Output8/ACC_Auxi_Out_Out","Veh_1_B.VCar_Outport_al","Veh_1.Driver.AccPedal_perc","Double","Driver input","Veh_1/Driver/AccPedal_perc","Veh_1_B.VCar_Inport_k","Indirect input dependency","Static generated-C data flow","Voltage output output has a generated-code data path from the Driver input input. A path does not guarantee a change in every runtime condition; state, parameters, and guards may suppress it.","After modifying this input, monitor Veh_1.ToVCU.HW.Voltage Output.Voltage Output8.ACC_Auxi_Out_Out; record baseline, injected value, recovery value, and duration.","Veh_1_code_info_extio.xml + Veh_1.c: Veh_1_B.VCar_Outport_al <- Veh_1_B.VCar_Inport_k"
"Veh_1.ToVCU.powerCAN_out.SoftBMSDataToBus.BMS_battery_system_code_1.BMS_battery_type_code_ToBus","Double","Power CAN output","Veh_1/ToVCU/powerCAN_out/SoftBMSDataToBus/BMS_battery_system_code_1/BMS_battery_type_code_ToBus","Veh_1_B.VCar_Outport_hm","<none>","","","","","Parameter/state only","Static generated-C data flow","No external model input was reached. Terminal/unresolved nodes: Veh_1_P.BMS_battery_type_code_Value; Veh_1_P.OvrdVal_Value_pe. Use runtime testing before treating this output as an injection observation.","Prefer outputs with a resolved external input in the same function chain for initial injection tests.","Veh_1_code_info_extio.xml + Veh_1.c: Veh_1_B.VCar_Outport_hm"
"Veh_1.ToVCU.powerCAN_out.SoftBMSDataToBus.BMS_battery_system_code_1.BMS_rated_energy_ToBus","Double","Power CAN output","Veh_1/ToVCU/powerCAN_out/SoftBMSDataToBus/BMS_battery_system_code_1/BMS_rated_energy_ToBus","Veh_1_B.VCar_Outport_c55","<none>","","","","","Parameter/state only","Static generated-C data flow","No external model input was reached. Terminal/unresolved nodes: Veh_1_P.BMS_rated_energy_Value; Veh_1_P.OvrdVal_Value_ox. Use runtime testing before treating this output as an injection observation.","Prefer outputs with a resolved external input in the same function chain for initial injection tests.","Veh_1_code_info_extio.xml + Veh_1.c: Veh_1_B.VCar_Outport_c55"
"Veh_1.ToVCU.powerCAN_out.SoftBMSDataToBus.BMS_battery_system_code_1.BMS_supplier_code_ToBus","Double","Power CAN output","Veh_1/ToVCU/powerCAN_out/SoftBMSDataToBus/BMS_battery_system_code_1/BMS_supplier_code_ToBus","Veh_1_B.VCar_Outport_a5s","<none>","","","","","Parameter/state only","Static generated-C data flow","No external model input was reached. Terminal/unresolved nodes: Veh_1_P.BMS_supplier_code_Value; Veh_1_P.OvrdVal_Value_mn. Use runtime testing before treating this output as an injection observation.","Prefer outputs with a resolved external input in the same function chain for initial injection tests.","Veh_1_code_info_extio.xml + Veh_1.c: Veh_1_B.VCar_Outport_a5s"
"Veh_1.ToVCU.powerCAN_out.SoftBMSDataToBus.BMS_battery_system_code_1_MsgEnable.BMS_battery_system_code_1_MsgDisable","Bool","Power CAN output","Veh_1/ToVCU/powerCAN_out/SoftBMSDataToBus/BMS_battery_system_code_1_MsgEnable/BMS_battery_system_code_1_MsgDisable","Veh_1_B.VCar_Outport_ave","<none>","","","","","Parameter/state only","Static generated-C data flow","No external model input was reached. Terminal/unresolved nodes: Veh_1_P.BMS_battery_system_code_1Enable; Veh_1_P.BMS_MsgEnable_Value; Veh_1_P.MsgEnable_Value; Veh_1_P.OvrdVal_Value_d3; Veh_1_P.OvrdVal_Value_fwm. Use runtime testing before treating this output as an injection observation.","Prefer outputs with a resolved external input in the same function chain for initial injection tests.","Veh_1_code_info_extio.xml + Veh_1.c: Veh_1_B.VCar_Outport_ave"
"Veh_1.ToVCU.powerCAN_out.SoftBMSDataToBus.BMS_battery_system_code_2.BMS_battery_code_ToBus","Double","Power CAN output","Veh_1/ToVCU/powerCAN_out/SoftBMSDataToBus/BMS_battery_system_code_2/BMS_battery_code_ToBus","Veh_1_B.VCar_Outport_ix","<none>","","","","","Parameter/state only","Static generated-C data flow","No external model input was reached. Terminal/unresolved nodes: Veh_1_P.BMS_battery_code_Value; Veh_1_P.OvrdVal_Value_o0o. Use runtime testing before treating this output as an injection observation.","Prefer outputs with a resolved external input in the same function chain for initial injection tests.","Veh_1_code_info_extio.xml + Veh_1.c: Veh_1_B.VCar_Outport_ix"
"Veh_1.ToVCU.powerCAN_out.SoftBMSDataToBus.BMS_battery_system_code_2.BMS_battery_system_code_length_ToBus","Double","Power CAN output","Veh_1/ToVCU/powerCAN_out/SoftBMSDataToBus/BMS_battery_system_code_2/BMS_battery_system_code_length_ToBus","Veh_1_B.VCar_Outport_jf","<none>","","","","","Parameter/state only","Static generated-C data flow","No external model input was reached. Terminal/unresolved nodes: Veh_1_P.BMS_battery_system_code_length_; Veh_1_P.OvrdVal_Value_oj5. Use runtime testing before treating this output as an injection observation.","Prefer outputs with a resolved external input in the same function chain for initial injection tests.","Veh_1_code_info_extio.xml + Veh_1.c: Veh_1_B.VCar_Outport_jf"
"Veh_1.ToVCU.powerCAN_out.SoftBMSDataToBus.BMS_battery_system_code_2.BMS_production_day_ToBus","Double","Power CAN output","Veh_1/ToVCU/powerCAN_out/SoftBMSDataToBus/BMS_battery_system_code_2/BMS_production_day_ToBus","Veh_1_B.VCar_Outport_lc","<none>","","","","","Parameter/state only","Static generated-C data flow","No external model input was reached. Terminal/unresolved nodes: Veh_1_P.BMS_production_day_Value; Veh_1_P.OvrdVal_Value_gbp. Use runtime testing before treating this output as an injection observation.","Prefer outputs with a resolved external input in the same function chain for initial injection tests.","Veh_1_code_info_extio.xml + Veh_1.c: Veh_1_B.VCar_Outport_lc"
"Veh_1.ToVCU.powerCAN_out.SoftBMSDataToBus.BMS_battery_system_code_2.BMS_production_month_ToBus","Double","Power CAN output","Veh_1/ToVCU/powerCAN_out/SoftBMSDataToBus/BMS_battery_system_code_2/BMS_production_month_ToBus","Veh_1_B.VCar_Outport_k5","<none>","","","","","Parameter/state only","Static generated-C data flow","No external model input was reached. Terminal/unresolved nodes: Veh_1_P.BMS_production_month_Value; Veh_1_P.OvrdVal_Value_phc. Use runtime testing before treating this output as an injection observation.","Prefer outputs with a resolved external input in the same function chain for initial injection tests.","Veh_1_code_info_extio.xml + Veh_1.c: Veh_1_B.VCar_Outport_k5"
"Veh_1.ToVCU.powerCAN_out.SoftBMSDataToBus.BMS_battery_system_code_2.BMS_production_year_ToBus","Double","Power CAN output","Veh_1/ToVCU/powerCAN_out/SoftBMSDataToBus/BMS_battery_system_code_2/BMS_production_year_ToBus","Veh_1_B.VCar_Outport_jow","<none>","","","","","Parameter/state only","Static generated-C data flow","No external model input was reached. Terminal/unresolved nodes: Veh_1_P.BMS_production_year_Value; Veh_1_P.OvrdVal_Value_bio. Use runtime testing before treating this output as an injection observation.","Prefer outputs with a resolved external input in the same function chain for initial injection tests.","Veh_1_code_info_extio.xml + Veh_1.c: Veh_1_B.VCar_Outport_jow"
"Veh_1.ToVCU.powerCAN_out.SoftBMSDataToBus.BMS_battery_system_code_2.BMS_rated_voltage_ToBus","Double","Power CAN output","Veh_1/ToVCU/powerCAN_out/SoftBMSDataToBus/BMS_battery_system_code_2/BMS_rated_voltage_ToBus","Veh_1_B.VCar_Outport_mm","<none>","","","","","Parameter/state only","Static generated-C data flow","No external model input was reached. Terminal/unresolved nodes: Veh_1_P.BMS_rated_voltage_Value; Veh_1_P.OvrdVal_Value_b1v. Use runtime testing before treating this output as an injection observation.","Prefer outputs with a resolved external input in the same function chain for initial injection tests.","Veh_1_code_info_extio.xml + Veh_1.c: Veh_1_B.VCar_Outport_mm"
"Veh_1.ToVCU.powerCAN_out.SoftBMSDataToBus.BMS_battery_system_code_2_MsgEnable.BMS_battery_system_code_2_MsgDisable","Bool","Power CAN output","Veh_1/ToVCU/powerCAN_out/SoftBMSDataToBus/BMS_battery_system_code_2_MsgEnable/BMS_battery_system_code_2_MsgDisable","Veh_1_B.VCar_Outport_dgg","<none>","","","","","Parameter/state only","Static generated-C data flow","No external model input was reached. Terminal/unresolved nodes: Veh_1_P.BMS_battery_system_code_2Enable; Veh_1_P.BMS_MsgEnable_Value; Veh_1_P.MsgEnable_Value; Veh_1_P.OvrdVal_Value_d3; Veh_1_P.OvrdVal_Value_fwm. Use runtime testing before treating this output as an injection observation.","Prefer outputs with a resolved external input in the same function chain for initial injection tests.","Veh_1_code_info_extio.xml + Veh_1.c: Veh_1_B.VCar_Outport_dgg"
"Veh_1.ToVCU.powerCAN_out.SoftBMSDataToBus.BMS_Capability.BMS_Capability_Counter_ToBus","Double","Power CAN output","Veh_1/ToVCU/powerCAN_out/SoftBMSDataToBus/BMS_Capability/BMS_Capability_Counter_ToBus","Veh_1_B.VCar_Outport_fpn","<none>","","","","","Parameter/state only","Static generated-C data flow","No external model input was reached. Terminal/unresolved nodes: Veh_1_P.BMS_Capability_Counter_Value; Veh_1_P.OvrdVal_Value_ef. Use runtime testing before treating this output as an injection observation.","Prefer outputs with a resolved external input in the same function chain for initial injection tests.","Veh_1_code_info_extio.xml + Veh_1.c: Veh_1_B.VCar_Outport_fpn"
"Veh_1.ToVCU.powerCAN_out.SoftBMSDataToBus.BMS_Capability.BMS_max_charge_current_ToBus","Double","Power CAN output","Veh_1/ToVCU/powerCAN_out/SoftBMSDataToBus/BMS_Capability/BMS_max_charge_current_ToBus","Veh_1_B.VCar_Outport_nx5","<none>","","","","","Parameter/state only","Static generated-C data flow","No external model input was reached. Terminal/unresolved nodes: Veh_1_DW.DiscreteTimeIntegrator_DSTATE; Veh_1_DW.DiscreteTimeIntegrator2_DSTATE; Veh_1_DW.Memory1_PreviousInput; Veh_1_P.BattChargeCurrent_maxIndex; Veh_1_P.BattPeakChargeCurrent_maxIndex; Veh_1_P.Constant4_Value; Veh_1_P.Gain_Gain; Veh_1_P.Gain1_Gain_e; Veh_1_P.Gain3_Gain; Veh_1_P.K2C_Value; Veh_1_P.OvrdVal_Value_kpm; Veh_1_P.P_BattAmbientTemp_K; Veh_1_P.P_BattChargeCurrent_Data; Veh_1_P.P_BattChargeCurrent_X; Veh_1_P.P_BattChargeCurrent_Y; Veh_1_P.P_BattCharResistance_Data; Veh_1_P.P_BattCharResistance_X; Veh_1_P.P_BattDischResistance_Data; Veh_1_P.P_BattDischResistance_X; Veh_1_P.P_BattMaxCapacity_Ah; Veh_1_P.P_BattPeakChargeCurrent_Data; Veh_1_P.P_BattPeakChargeCurrent_X; Veh_1_P.P_BattPeakChargeCurrent_Y; Veh_1_P.Saturation1_LowerSat; Veh_1_P.Saturation1_UpperSat. Use runtime testing before treating this output as an injection observation.","Prefer outputs with a resolved external input in the same function chain for initial injection tests.","Veh_1_code_info_extio.xml + Veh_1.c: Veh_1_B.VCar_Outport_nx5"
"Veh_1.ToVCU.powerCAN_out.SoftBMSDataToBus.BMS_Capability.BMS_max_charge_voltage_ToBus","Double","Power CAN output","Veh_1/ToVCU/powerCAN_out/SoftBMSDataToBus/BMS_Capability/BMS_max_charge_voltage_ToBus","Veh_1_B.VCar_Outport_lk3","<none>","","","","","Parameter/state only","Static generated-C data flow","No external model input was reached. Terminal/unresolved nodes: Veh_1_P.BMS_max_charge_voltage_Value; Veh_1_P.OvrdVal_Value_jry. Use runtime testing before treating this output as an injection observation.","Prefer outputs with a resolved external input in the same function chain for initial injection tests.","Veh_1_code_info_extio.xml + Veh_1.c: Veh_1_B.VCar_Outport_lk3"
"Veh_1.ToVCU.powerCAN_out.SoftBMSDataToBus.BMS_Capability.BMS_max_discharge_current_ToBus","Double","Power CAN output","Veh_1/ToVCU/powerCAN_out/SoftBMSDataToBus/BMS_Capability/BMS_max_discharge_current_ToBus","Veh_1_B.VCar_Outport_lv","<none>","","","","","Parameter/state only","Static generated-C data flow","No external model input was reached. Terminal/unresolved nodes: Veh_1_DW.DiscreteTimeIntegrator_DSTATE; Veh_1_DW.DiscreteTimeIntegrator2_DSTATE; Veh_1_DW.Memory1_PreviousInput; Veh_1_P.BattDischargeCurrent_maxIndex; Veh_1_P.BattPeakDischargeCurrent_maxInd; Veh_1_P.Constant4_Value; Veh_1_P.Gain_Gain; Veh_1_P.Gain1_Gain_c; Veh_1_P.Gain1_Gain_e; Veh_1_P.K2C_Value; Veh_1_P.OvrdVal_Value_id; Veh_1_P.P_BattAmbientTemp_K; Veh_1_P.P_BattCharResistance_Data; Veh_1_P.P_BattCharResistance_X; Veh_1_P.P_BattDischargeCurrent_Data; Veh_1_P.P_BattDischargeCurrent_X; Veh_1_P.P_BattDischargeCurrent_Y; Veh_1_P.P_BattDischResistance_Data; Veh_1_P.P_BattDischResistance_X; Veh_1_P.P_BattMaxCapacity_Ah; Veh_1_P.P_BattPeakDischargeCurrent_Data; Veh_1_P.P_BattPeakDischargeCurrent_X; Veh_1_P.P_BattPeakDischargeCurrent_Y; Veh_1_P.Saturation1_LowerSat; Veh_1_P.Saturation1_UpperSat. Use runtime testing before treating this output as an injection observation.","Prefer outputs with a resolved external input in the same function chain for initial injection tests.","Veh_1_code_info_extio.xml + Veh_1.c: Veh_1_B.VCar_Outport_lv"
"Veh_1.ToVCU.powerCAN_out.SoftBMSDataToBus.BMS_Capability.BMS_max_discharge_voltage_ToBus","Double","Power CAN output","Veh_1/ToVCU/powerCAN_out/SoftBMSDataToBus/BMS_Capability/BMS_max_discharge_voltage_ToBus","Veh_1_B.VCar_Outport_bnr","<none>","","","","","Parameter/state only","Static generated-C data flow","No external model input was reached. Terminal/unresolved nodes: Veh_1_P.BMS_max_discharge_voltage_Value; Veh_1_P.OvrdVal_Value_iu. Use runtime testing before treating this output as an injection observation.","Prefer outputs with a resolved external input in the same function chain for initial injection tests.","Veh_1_code_info_extio.xml + Veh_1.c: Veh_1_B.VCar_Outport_bnr"
"Veh_1.ToVCU.powerCAN_out.SoftBMSDataToBus.BMS_Capability_MsgEnable.BMS_Capability_MsgDisable","Bool","Power CAN output","Veh_1/ToVCU/powerCAN_out/SoftBMSDataToBus/BMS_Capability_MsgEnable/BMS_Capability_MsgDisable","Veh_1_B.VCar_Outport_mda","<none>","","","","","Parameter/state only","Static generated-C data flow","No external model input was reached. Terminal/unresolved nodes: Veh_1_P.BMS_CapabilityEnableOvrdVal_Val; Veh_1_P.BMS_MsgEnable_Value; Veh_1_P.MsgEnable_Value; Veh_1_P.OvrdVal_Value_d3; Veh_1_P.OvrdVal_Value_fwm. Use runtime testing before treating this output as an injection observation.","Prefer outputs with a resolved external input in the same function chain for initial injection tests.","Veh_1_code_info_extio.xml + Veh_1.c: Veh_1_B.VCar_Outport_mda"
"Veh_1.ToVCU.powerCAN_out.SoftBMSDataToBus.BMS_CellVolt.BMS_Cell_aveVolt_ToBus","Double","Power CAN output","Veh_1/ToVCU/powerCAN_out/SoftBMSDataToBus/BMS_CellVolt/BMS_Cell_aveVolt_ToBus","Veh_1_B.VCar_Outport_iz","<none>","","","","","Parameter/state only","Static generated-C data flow","No external model input was reached. Terminal/unresolved nodes: Veh_1_P.BMS_Cell_aveVolt_Value; Veh_1_P.OvrdVal_Value_jt. Use runtime testing before treating this output as an injection observation.","Prefer outputs with a resolved external input in the same function chain for initial injection tests.","Veh_1_code_info_extio.xml + Veh_1.c: Veh_1_B.VCar_Outport_iz"
"Veh_1.ToVCU.powerCAN_out.SoftBMSDataToBus.BMS_CellVolt.BMS_CellVolt_Counter_ToBus","Double","Power CAN output","Veh_1/ToVCU/powerCAN_out/SoftBMSDataToBus/BMS_CellVolt/BMS_CellVolt_Counter_ToBus","Veh_1_B.VCar_Outport_a1x","<none>","","","","","Parameter/state only","Static generated-C data flow","No external model input was reached. Terminal/unresolved nodes: Veh_1_P.BMS_CellVolt_Counter_Value; Veh_1_P.OvrdVal_Value_eg. Use runtime testing before treating this output as an injection observation.","Prefer outputs with a resolved external input in the same function chain for initial injection tests.","Veh_1_code_info_extio.xml + Veh_1.c: Veh_1_B.VCar_Outport_a1x"
"Veh_1.ToVCU.powerCAN_out.SoftBMSDataToBus.BMS_CellVolt.BMS_CellVoltMax_Num_ToBus","Double","Power CAN output","Veh_1/ToVCU/powerCAN_out/SoftBMSDataToBus/BMS_CellVolt/BMS_CellVoltMax_Num_ToBus","Veh_1_B.VCar_Outport_gb","<none>","","","","","Parameter/state only","Static generated-C data flow","No external model input was reached. Terminal/unresolved nodes: Veh_1_P.BMS_CellVoltMax_Num_Value; Veh_1_P.OvrdVal_Value_or5. Use runtime testing before treating this output as an injection observation.","Prefer outputs with a resolved external input in the same function chain for initial injection tests.","Veh_1_code_info_extio.xml + Veh_1.c: Veh_1_B.VCar_Outport_gb"
"Veh_1.ToVCU.powerCAN_out.SoftBMSDataToBus.BMS_CellVolt.BMS_CellVoltMax_ToBus","Double","Power CAN output","Veh_1/ToVCU/powerCAN_out/SoftBMSDataToBus/BMS_CellVolt/BMS_CellVoltMax_ToBus","Veh_1_B.VCar_Outport_om","<none>","","","","","Parameter/state only","Static generated-C data flow","No external model input was reached. Terminal/unresolved nodes: Veh_1_P.BattMaxCellVolt_V_Value; Veh_1_P.OvrdVal_Value_on. Use runtime testing before treating this output as an injection observation.","Prefer outputs with a resolved external input in the same function chain for initial injection tests.","Veh_1_code_info_extio.xml + Veh_1.c: Veh_1_B.VCar_Outport_om"
"Veh_1.ToVCU.powerCAN_out.SoftBMSDataToBus.BMS_CellVolt.BMS_CellVoltMin_Num_ToBus","Double","Power CAN output","Veh_1/ToVCU/powerCAN_out/SoftBMSDataToBus/BMS_CellVolt/BMS_CellVoltMin_Num_ToBus","Veh_1_B.VCar_Outport_fi","<none>","","","","","Parameter/state only","Static generated-C data flow","No external model input was reached. Terminal/unresolved nodes: Veh_1_P.BMS_CellVoltMin_Num_Value; Veh_1_P.OvrdVal_Value_o2. Use runtime testing before treating this output as an injection observation.","Prefer outputs with a resolved external input in the same function chain for initial injection tests.","Veh_1_code_info_extio.xml + Veh_1.c: Veh_1_B.VCar_Outport_fi"
"Veh_1.ToVCU.powerCAN_out.SoftBMSDataToBus.BMS_CellVolt.BMS_CellVoltMin_ToBus","Double","Power CAN output","Veh_1/ToVCU/powerCAN_out/SoftBMSDataToBus/BMS_CellVolt/BMS_CellVoltMin_ToBus","Veh_1_B.VCar_Outport_fr","<none>","","","","","Parameter/state only","Static generated-C data flow","No external model input was reached. Terminal/unresolved nodes: Veh_1_P.BattMinCellVolt_V_Value; Veh_1_P.OvrdVal_Value_c3. Use runtime testing before treating this output as an injection observation.","Prefer outputs with a resolved external input in the same function chain for initial injection tests.","Veh_1_code_info_extio.xml + Veh_1.c: Veh_1_B.VCar_Outport_fr"
"Veh_1.ToVCU.powerCAN_out.SoftBMSDataToBus.BMS_CellVolt_MsgEnable.BMS_CellVolt_MsgDisable","Bool","Power CAN output","Veh_1/ToVCU/powerCAN_out/SoftBMSDataToBus/BMS_CellVolt_MsgEnable/BMS_CellVolt_MsgDisable","Veh_1_B.VCar_Outport_pns","<none>","","","","","Parameter/state only","Static generated-C data flow","No external model input was reached. Terminal/unresolved nodes: Veh_1_P.BMS_CellVoltEnableOvrdVal_Value; Veh_1_P.BMS_MsgEnable_Value; Veh_1_P.MsgEnable_Value; Veh_1_P.OvrdVal_Value_d3; Veh_1_P.OvrdVal_Value_fwm. Use runtime testing before treating this output as an injection observation.","Prefer outputs with a resolved external input in the same function chain for initial injection tests.","Veh_1_code_info_extio.xml + Veh_1.c: Veh_1_B.VCar_Outport_pns"
"Veh_1.ToVCU.powerCAN_out.SoftBMSDataToBus.BMS_CellVoltMsg1.BMS_cell_Volt_1_ToBus","Double","Power CAN output","Veh_1/ToVCU/powerCAN_out/SoftBMSDataToBus/BMS_CellVoltMsg1/BMS_cell_Volt_1_ToBus","Veh_1_B.VCar_Outport_eiq","<none>","","","","","Parameter/state only","Static generated-C data flow","No external model input was reached. Terminal/unresolved nodes: Veh_1_P.BMS_cell_Volt_1_Value; Veh_1_P.OvrdVal_Value_lep. Use runtime testing before treating this output as an injection observation.","Prefer outputs with a resolved external input in the same function chain for initial injection tests.","Veh_1_code_info_extio.xml + Veh_1.c: Veh_1_B.VCar_Outport_eiq"
"Veh_1.ToVCU.powerCAN_out.SoftBMSDataToBus.BMS_CellVoltMsg1.BMS_cell_Volt_2_ToBus","Double","Power CAN output","Veh_1/ToVCU/powerCAN_out/SoftBMSDataToBus/BMS_CellVoltMsg1/BMS_cell_Volt_2_ToBus","Veh_1_B.VCar_Outport_lt","<none>","","","","","Parameter/state only","Static generated-C data flow","No external model input was reached. Terminal/unresolved nodes: Veh_1_P.BMS_cell_Volt_2_Value; Veh_1_P.OvrdVal_Value_p4. Use runtime testing before treating this output as an injection observation.","Prefer outputs with a resolved external input in the same function chain for initial injection tests.","Veh_1_code_info_extio.xml + Veh_1.c: Veh_1_B.VCar_Outport_lt"
"Veh_1.ToVCU.powerCAN_out.SoftBMSDataToBus.BMS_CellVoltMsg1.BMS_cell_Volt_3_ToBus","Double","Power CAN output","Veh_1/ToVCU/powerCAN_out/SoftBMSDataToBus/BMS_CellVoltMsg1/BMS_cell_Volt_3_ToBus","Veh_1_B.VCar_Outport_ae","<none>","","","","","Parameter/state only","Static generated-C data flow","No external model input was reached. Terminal/unresolved nodes: Veh_1_P.BMS_cell_Volt_3_Value; Veh_1_P.OvrdVal_Value_odi. Use runtime testing before treating this output as an injection observation.","Prefer outputs with a resolved external input in the same function chain for initial injection tests.","Veh_1_code_info_extio.xml + Veh_1.c: Veh_1_B.VCar_Outport_ae"
"Veh_1.ToVCU.powerCAN_out.SoftBMSDataToBus.BMS_CellVoltMsg1.BMS_cell_Volt_4_ToBus","Double","Power CAN output","Veh_1/ToVCU/powerCAN_out/SoftBMSDataToBus/BMS_CellVoltMsg1/BMS_cell_Volt_4_ToBus","Veh_1_B.VCar_Outport_dab","<none>","","","","","Parameter/state only","Static generated-C data flow","No external model input was reached. Terminal/unresolved nodes: Veh_1_P.BMS_cell_Volt_4_Value; Veh_1_P.OvrdVal_Value_lz. Use runtime testing before treating this output as an injection observation.","Prefer outputs with a resolved external input in the same function chain for initial injection tests.","Veh_1_code_info_extio.xml + Veh_1.c: Veh_1_B.VCar_Outport_dab"
"Veh_1.ToVCU.powerCAN_out.SoftBMSDataToBus.BMS_CellVoltMsg1.BMS_CellVoltMsg1_Counter_ToBus","Double","Power CAN output","Veh_1/ToVCU/powerCAN_out/SoftBMSDataToBus/BMS_CellVoltMsg1/BMS_CellVoltMsg1_Counter_ToBus","Veh_1_B.VCar_Outport_fl","<none>","","","","","Parameter/state only","Static generated-C data flow","No external model input was reached. Terminal/unresolved nodes: Veh_1_P.BMS_CellVoltMsg1_Counter_Value; Veh_1_P.OvrdVal_Value_ek. Use runtime testing before treating this output as an injection observation.","Prefer outputs with a resolved external input in the same function chain for initial injection tests.","Veh_1_code_info_extio.xml + Veh_1.c: Veh_1_B.VCar_Outport_fl"
"Veh_1.ToVCU.powerCAN_out.SoftBMSDataToBus.BMS_CellVoltMsg1_MsgEnable.BMS_CellVoltMsg1_MsgDisable","Bool","Power CAN output","Veh_1/ToVCU/powerCAN_out/SoftBMSDataToBus/BMS_CellVoltMsg1_MsgEnable/BMS_CellVoltMsg1_MsgDisable","Veh_1_B.VCar_Outport_kx","<none>","","","","","Parameter/state only","Static generated-C data flow","No external model input was reached. Terminal/unresolved nodes: Veh_1_P.BMS_CellVoltMsg1EnableOvrdVal_V; Veh_1_P.BMS_MsgEnable_Value; Veh_1_P.MsgEnable_Value; Veh_1_P.OvrdVal_Value_d3; Veh_1_P.OvrdVal_Value_fwm. Use runtime testing before treating this output as an injection observation.","Prefer outputs with a resolved external input in the same function chain for initial injection tests.","Veh_1_code_info_extio.xml + Veh_1.c: Veh_1_B.VCar_Outport_kx"
"Veh_1.ToVCU.powerCAN_out.SoftBMSDataToBus.BMS_CellVoltMsg10.BMS_cell_Volt_37_ToBus","Double","Power CAN output","Veh_1/ToVCU/powerCAN_out/SoftBMSDataToBus/BMS_CellVoltMsg10/BMS_cell_Volt_37_ToBus","Veh_1_B.VCar_Outport_kqk","<none>","","","","","Parameter/state only","Static generated-C data flow","No external model input was reached. Terminal/unresolved nodes: Veh_1_P.BMS_cell_Volt_37_Value; Veh_1_P.OvrdVal_Value_gk. Use runtime testing before treating this output as an injection observation.","Prefer outputs with a resolved external input in the same function chain for initial injection tests.","Veh_1_code_info_extio.xml + Veh_1.c: Veh_1_B.VCar_Outport_kqk"
"Veh_1.ToVCU.powerCAN_out.SoftBMSDataToBus.BMS_CellVoltMsg10.BMS_cell_Volt_38_ToBus","Double","Power CAN output","Veh_1/ToVCU/powerCAN_out/SoftBMSDataToBus/BMS_CellVoltMsg10/BMS_cell_Volt_38_ToBus","Veh_1_B.VCar_Outport_of","<none>","","","","","Parameter/state only","Static generated-C data flow","No external model input was reached. Terminal/unresolved nodes: Veh_1_P.BMS_cell_Volt_38_Value; Veh_1_P.OvrdVal_Value_idd. Use runtime testing before treating this output as an injection observation.","Prefer outputs with a resolved external input in the same function chain for initial injection tests.","Veh_1_code_info_extio.xml + Veh_1.c: Veh_1_B.VCar_Outport_of"
"Veh_1.ToVCU.powerCAN_out.SoftBMSDataToBus.BMS_CellVoltMsg10.BMS_cell_Volt_39_ToBus","Double","Power CAN output","Veh_1/ToVCU/powerCAN_out/SoftBMSDataToBus/BMS_CellVoltMsg10/BMS_cell_Volt_39_ToBus","Veh_1_B.VCar_Outport_jy5","<none>","","","","","Parameter/state only","Static generated-C data flow","No external model input was reached. Terminal/unresolved nodes: Veh_1_P.BMS_cell_Volt_39_Value; Veh_1_P.OvrdVal_Value_dc5. Use runtime testing before treating this output as an injection observation.","Prefer outputs with a resolved external input in the same function chain for initial injection tests.","Veh_1_code_info_extio.xml + Veh_1.c: Veh_1_B.VCar_Outport_jy5"
"Veh_1.ToVCU.powerCAN_out.SoftBMSDataToBus.BMS_CellVoltMsg10.BMS_cell_Volt_40_ToBus","Double","Power CAN output","Veh_1/ToVCU/powerCAN_out/SoftBMSDataToBus/BMS_CellVoltMsg10/BMS_cell_Volt_40_ToBus","Veh_1_B.VCar_Outport_kz","<none>","","","","","Parameter/state only","Static generated-C data flow","No external model input was reached. Terminal/unresolved nodes: Veh_1_P.BMS_cell_Volt_40_Value; Veh_1_P.OvrdVal_Value_dzb. Use runtime testing before treating this output as an injection observation.","Prefer outputs with a resolved external input in the same function chain for initial injection tests.","Veh_1_code_info_extio.xml + Veh_1.c: Veh_1_B.VCar_Outport_kz"
"Veh_1.ToVCU.powerCAN_out.SoftBMSDataToBus.BMS_CellVoltMsg10.BMS_CellVoltMsg10_Counter_ToBus","Double","Power CAN output","Veh_1/ToVCU/powerCAN_out/SoftBMSDataToBus/BMS_CellVoltMsg10/BMS_CellVoltMsg10_Counter_ToBus","Veh_1_B.VCar_Outport_ey","<none>","","","","","Parameter/state only","Static generated-C data flow","No external model input was reached. Terminal/unresolved nodes: Veh_1_P.BMS_CellVoltMsg10_Counter_Value; Veh_1_P.OvrdVal_Value_bkh. Use runtime testing before treating this output as an injection observation.","Prefer outputs with a resolved external input in the same function chain for initial injection tests.","Veh_1_code_info_extio.xml + Veh_1.c: Veh_1_B.VCar_Outport_ey"
"Veh_1.ToVCU.powerCAN_out.SoftBMSDataToBus.BMS_CellVoltMsg10_MsgEnable.BMS_CellVoltMsg10_MsgDisable","Bool","Power CAN output","Veh_1/ToVCU/powerCAN_out/SoftBMSDataToBus/BMS_CellVoltMsg10_MsgEnable/BMS_CellVoltMsg10_MsgDisable","Veh_1_B.VCar_Outport_gm","<none>","","","","","Parameter/state only","Static generated-C data flow","No external model input was reached. Terminal/unresolved nodes: Veh_1_P.BMS_CellVoltMsg10EnableOvrdVal_; Veh_1_P.BMS_MsgEnable_Value; Veh_1_P.MsgEnable_Value; Veh_1_P.OvrdVal_Value_d3; Veh_1_P.OvrdVal_Value_fwm. Use runtime testing before treating this output as an injection observation.","Prefer outputs with a resolved external input in the same function chain for initial injection tests.","Veh_1_code_info_extio.xml + Veh_1.c: Veh_1_B.VCar_Outport_gm"
"Veh_1.ToVCU.powerCAN_out.SoftBMSDataToBus.BMS_CellVoltMsg11.BMS_cell_Volt_41_ToBus","Double","Power CAN output","Veh_1/ToVCU/powerCAN_out/SoftBMSDataToBus/BMS_CellVoltMsg11/BMS_cell_Volt_41_ToBus","Veh_1_B.VCar_Outport_dp","<none>","","","","","Parameter/state only","Static generated-C data flow","No external model input was reached. Terminal/unresolved nodes: Veh_1_P.BMS_cell_Volt_41_Value; Veh_1_P.OvrdVal_Value_lbq. Use runtime testing before treating this output as an injection observation.","Prefer outputs with a resolved external input in the same function chain for initial injection tests.","Veh_1_code_info_extio.xml + Veh_1.c: Veh_1_B.VCar_Outport_dp"
"Veh_1.ToVCU.powerCAN_out.SoftBMSDataToBus.BMS_CellVoltMsg11.BMS_cell_Volt_42_ToBus","Double","Power CAN output","Veh_1/ToVCU/powerCAN_out/SoftBMSDataToBus/BMS_CellVoltMsg11/BMS_cell_Volt_42_ToBus","Veh_1_B.VCar_Outport_e5","<none>","","","","","Parameter/state only","Static generated-C data flow","No external model input was reached. Terminal/unresolved nodes: Veh_1_P.BMS_cell_Volt_42_Value; Veh_1_P.OvrdVal_Value_dd. Use runtime testing before treating this output as an injection observation.","Prefer outputs with a resolved external input in the same function chain for initial injection tests.","Veh_1_code_info_extio.xml + Veh_1.c: Veh_1_B.VCar_Outport_e5"
"Veh_1.ToVCU.powerCAN_out.SoftBMSDataToBus.BMS_CellVoltMsg11.BMS_CellVoltMsg11_Counter_ToBus","Double","Power CAN output","Veh_1/ToVCU/powerCAN_out/SoftBMSDataToBus/BMS_CellVoltMsg11/BMS_CellVoltMsg11_Counter_ToBus","Veh_1_B.VCar_Outport_mnm","<none>","","","","","Parameter/state only","Static generated-C data flow","No external model input was reached. Terminal/unresolved nodes: Veh_1_P.BMS_CellVoltMsg11_Counter_Value; Veh_1_P.OvrdVal_Value_e2. Use runtime testing before treating this output as an injection observation.","Prefer outputs with a resolved external input in the same function chain for initial injection tests.","Veh_1_code_info_extio.xml + Veh_1.c: Veh_1_B.VCar_Outport_mnm"
"Veh_1.ToVCU.powerCAN_out.SoftBMSDataToBus.BMS_CellVoltMsg11_MsgEnable.BMS_CellVoltMsg11_MsgDisable","Bool","Power CAN output","Veh_1/ToVCU/powerCAN_out/SoftBMSDataToBus/BMS_CellVoltMsg11_MsgEnable/BMS_CellVoltMsg11_MsgDisable","Veh_1_B.VCar_Outport_ivz","<none>","","","","","Parameter/state only","Static generated-C data flow","No external model input was reached. Terminal/unresolved nodes: Veh_1_P.BMS_CellVoltMsg11EnableOvrdVal_; Veh_1_P.BMS_MsgEnable_Value; Veh_1_P.MsgEnable_Value; Veh_1_P.OvrdVal_Value_d3; Veh_1_P.OvrdVal_Value_fwm. Use runtime testing before treating this output as an injection observation.","Prefer outputs with a resolved external input in the same function chain for initial injection tests.","Veh_1_code_info_extio.xml + Veh_1.c: Veh_1_B.VCar_Outport_ivz"
"Veh_1.ToVCU.powerCAN_out.SoftBMSDataToBus.BMS_CellVoltMsg2.BMS_cell_Volt_5_ToBus","Double","Power CAN output","Veh_1/ToVCU/powerCAN_out/SoftBMSDataToBus/BMS_CellVoltMsg2/BMS_cell_Volt_5_ToBus","Veh_1_B.VCar_Outport_evf","<none>","","","","","Parameter/state only","Static generated-C data flow","No external model input was reached. Terminal/unresolved nodes: Veh_1_P.BMS_cell_Volt_5_Value; Veh_1_P.OvrdVal_Value_g1. Use runtime testing before treating this output as an injection observation.","Prefer outputs with a resolved external input in the same function chain for initial injection tests.","Veh_1_code_info_extio.xml + Veh_1.c: Veh_1_B.VCar_Outport_evf"
"Veh_1.ToVCU.powerCAN_out.SoftBMSDataToBus.BMS_CellVoltMsg2.BMS_cell_Volt_6_ToBus","Double","Power CAN output","Veh_1/ToVCU/powerCAN_out/SoftBMSDataToBus/BMS_CellVoltMsg2/BMS_cell_Volt_6_ToBus","Veh_1_B.VCar_Outport_eu","<none>","","","","","Parameter/state only","Static generated-C data flow","No external model input was reached. Terminal/unresolved nodes: Veh_1_P.BMS_cell_Volt_6_Value; Veh_1_P.OvrdVal_Value_lgw. Use runtime testing before treating this output as an injection observation.","Prefer outputs with a resolved external input in the same function chain for initial injection tests.","Veh_1_code_info_extio.xml + Veh_1.c: Veh_1_B.VCar_Outport_eu"
"Veh_1.ToVCU.powerCAN_out.SoftBMSDataToBus.BMS_CellVoltMsg2.BMS_cell_Volt_7_ToBus","Double","Power CAN output","Veh_1/ToVCU/powerCAN_out/SoftBMSDataToBus/BMS_CellVoltMsg2/BMS_cell_Volt_7_ToBus","Veh_1_B.VCar_Outport_nd","<none>","","","","","Parameter/state only","Static generated-C data flow","No external model input was reached. Terminal/unresolved nodes: Veh_1_P.BMS_cell_Volt_7_Value; Veh_1_P.OvrdVal_Value_c5r. Use runtime testing before treating this output as an injection observation.","Prefer outputs with a resolved external input in the same function chain for initial injection tests.","Veh_1_code_info_extio.xml + Veh_1.c: Veh_1_B.VCar_Outport_nd"
"Veh_1.ToVCU.powerCAN_out.SoftBMSDataToBus.BMS_CellVoltMsg2.BMS_cell_Volt_8_ToBus","Double","Power CAN output","Veh_1/ToVCU/powerCAN_out/SoftBMSDataToBus/BMS_CellVoltMsg2/BMS_cell_Volt_8_ToBus","Veh_1_B.VCar_Outport_n4a","<none>","","","","","Parameter/state only","Static generated-C data flow","No external model input was reached. Terminal/unresolved nodes: Veh_1_P.BMS_cell_Volt_8_Value; Veh_1_P.OvrdVal_Value_cy. Use runtime testing before treating this output as an injection observation.","Prefer outputs with a resolved external input in the same function chain for initial injection tests.","Veh_1_code_info_extio.xml + Veh_1.c: Veh_1_B.VCar_Outport_n4a"
"Veh_1.ToVCU.powerCAN_out.SoftBMSDataToBus.BMS_CellVoltMsg2.BMS_CellVoltMsg2_Counter_ToBus","Double","Power CAN output","Veh_1/ToVCU/powerCAN_out/SoftBMSDataToBus/BMS_CellVoltMsg2/BMS_CellVoltMsg2_Counter_ToBus","Veh_1_B.VCar_Outport_hld","<none>","","","","","Parameter/state only","Static generated-C data flow","No external model input was reached. Terminal/unresolved nodes: Veh_1_P.BMS_CellVoltMsg2_Counter_Value; Veh_1_P.OvrdVal_Value_n3. Use runtime testing before treating this output as an injection observation.","Prefer outputs with a resolved external input in the same function chain for initial injection tests.","Veh_1_code_info_extio.xml + Veh_1.c: Veh_1_B.VCar_Outport_hld"
"Veh_1.ToVCU.powerCAN_out.SoftBMSDataToBus.BMS_CellVoltMsg2_MsgEnable.BMS_CellVoltMsg2_MsgDisable","Bool","Power CAN output","Veh_1/ToVCU/powerCAN_out/SoftBMSDataToBus/BMS_CellVoltMsg2_MsgEnable/BMS_CellVoltMsg2_MsgDisable","Veh_1_B.VCar_Outport_ef","<none>","","","","","Parameter/state only","Static generated-C data flow","No external model input was reached. Terminal/unresolved nodes: Veh_1_P.BMS_CellVoltMsg2EnableOvrdVal_V; Veh_1_P.BMS_MsgEnable_Value; Veh_1_P.MsgEnable_Value; Veh_1_P.OvrdVal_Value_d3; Veh_1_P.OvrdVal_Value_fwm. Use runtime testing before treating this output as an injection observation.","Prefer outputs with a resolved external input in the same function chain for initial injection tests.","Veh_1_code_info_extio.xml + Veh_1.c: Veh_1_B.VCar_Outport_ef"
"Veh_1.ToVCU.powerCAN_out.SoftBMSDataToBus.BMS_CellVoltMsg3.BMS_cell_Volt_10_ToBus","Double","Power CAN output","Veh_1/ToVCU/powerCAN_out/SoftBMSDataToBus/BMS_CellVoltMsg3/BMS_cell_Volt_10_ToBus","Veh_1_B.VCar_Outport_gg","<none>","","","","","Parameter/state only","Static generated-C data flow","No external model input was reached. Terminal/unresolved nodes: Veh_1_P.BMS_cell_Volt_10_Value; Veh_1_P.OvrdVal_Value_ju. Use runtime testing before treating this output as an injection observation.","Prefer outputs with a resolved external input in the same function chain for initial injection tests.","Veh_1_code_info_extio.xml + Veh_1.c: Veh_1_B.VCar_Outport_gg"
"Veh_1.ToVCU.powerCAN_out.SoftBMSDataToBus.BMS_CellVoltMsg3.BMS_cell_Volt_11_ToBus","Double","Power CAN output","Veh_1/ToVCU/powerCAN_out/SoftBMSDataToBus/BMS_CellVoltMsg3/BMS_cell_Volt_11_ToBus","Veh_1_B.VCar_Outport_bh","<none>","","","","","Parameter/state only","Static generated-C data flow","No external model input was reached. Terminal/unresolved nodes: Veh_1_P.BMS_cell_Volt_11_Value; Veh_1_P.OvrdVal_Value_nv. Use runtime testing before treating this output as an injection observation.","Prefer outputs with a resolved external input in the same function chain for initial injection tests.","Veh_1_code_info_extio.xml + Veh_1.c: Veh_1_B.VCar_Outport_bh"
"Veh_1.ToVCU.powerCAN_out.SoftBMSDataToBus.BMS_CellVoltMsg3.BMS_cell_Volt_12_ToBus","Double","Power CAN output","Veh_1/ToVCU/powerCAN_out/SoftBMSDataToBus/BMS_CellVoltMsg3/BMS_cell_Volt_12_ToBus","Veh_1_B.VCar_Outport_lyx","<none>","","","","","Parameter/state only","Static generated-C data flow","No external model input was reached. Terminal/unresolved nodes: Veh_1_P.BMS_cell_Volt_12_Value; Veh_1_P.OvrdVal_Value_mp. Use runtime testing before treating this output as an injection observation.","Prefer outputs with a resolved external input in the same function chain for initial injection tests.","Veh_1_code_info_extio.xml + Veh_1.c: Veh_1_B.VCar_Outport_lyx"
"Veh_1.ToVCU.powerCAN_out.SoftBMSDataToBus.BMS_CellVoltMsg3.BMS_cell_Volt_9_ToBus","Double","Power CAN output","Veh_1/ToVCU/powerCAN_out/SoftBMSDataToBus/BMS_CellVoltMsg3/BMS_cell_Volt_9_ToBus","Veh_1_B.VCar_Outport_joz","<none>","","","","","Parameter/state only","Static generated-C data flow","No external model input was reached. Terminal/unresolved nodes: Veh_1_P.BMS_cell_Volt_9_Value; Veh_1_P.OvrdVal_Value_ip. Use runtime testing before treating this output as an injection observation.","Prefer outputs with a resolved external input in the same function chain for initial injection tests.","Veh_1_code_info_extio.xml + Veh_1.c: Veh_1_B.VCar_Outport_joz"
"Veh_1.ToVCU.powerCAN_out.SoftBMSDataToBus.BMS_CellVoltMsg3.BMS_CellVoltMsg3_Counter_ToBus","Double","Power CAN output","Veh_1/ToVCU/powerCAN_out/SoftBMSDataToBus/BMS_CellVoltMsg3/BMS_CellVoltMsg3_Counter_ToBus","Veh_1_B.VCar_Outport_jxk","<none>","","","","","Parameter/state only","Static generated-C data flow","No external model input was reached. Terminal/unresolved nodes: Veh_1_P.BMS_CellVoltMsg3_Counter_Value; Veh_1_P.OvrdVal_Value_pgl. Use runtime testing before treating this output as an injection observation.","Prefer outputs with a resolved external input in the same function chain for initial injection tests.","Veh_1_code_info_extio.xml + Veh_1.c: Veh_1_B.VCar_Outport_jxk"
"Veh_1.ToVCU.powerCAN_out.SoftBMSDataToBus.BMS_CellVoltMsg3_MsgEnable.BMS_CellVoltMsg3_MsgDisable","Bool","Power CAN output","Veh_1/ToVCU/powerCAN_out/SoftBMSDataToBus/BMS_CellVoltMsg3_MsgEnable/BMS_CellVoltMsg3_MsgDisable","Veh_1_B.VCar_Outport_ao3","<none>","","","","","Parameter/state only","Static generated-C data flow","No external model input was reached. Terminal/unresolved nodes: Veh_1_P.BMS_CellVoltMsg3EnableOvrdVal_V; Veh_1_P.BMS_MsgEnable_Value; Veh_1_P.MsgEnable_Value; Veh_1_P.OvrdVal_Value_d3; Veh_1_P.OvrdVal_Value_fwm. Use runtime testing before treating this output as an injection observation.","Prefer outputs with a resolved external input in the same function chain for initial injection tests.","Veh_1_code_info_extio.xml + Veh_1.c: Veh_1_B.VCar_Outport_ao3"
"Veh_1.ToVCU.powerCAN_out.SoftBMSDataToBus.BMS_CellVoltMsg4.BMS_cell_Volt_13_ToBus","Double","Power CAN output","Veh_1/ToVCU/powerCAN_out/SoftBMSDataToBus/BMS_CellVoltMsg4/BMS_cell_Volt_13_ToBus","Veh_1_B.VCar_Outport_dl","<none>","","","","","Parameter/state only","Static generated-C data flow","No external model input was reached. Terminal/unresolved nodes: Veh_1_P.BMS_cell_Volt_13_Value; Veh_1_P.OvrdVal_Value_mzg. Use runtime testing before treating this output as an injection observation.","Prefer outputs with a resolved external input in the same function chain for initial injection tests.","Veh_1_code_info_extio.xml + Veh_1.c: Veh_1_B.VCar_Outport_dl"
"Veh_1.ToVCU.powerCAN_out.SoftBMSDataToBus.BMS_CellVoltMsg4.BMS_cell_Volt_14_ToBus","Double","Power CAN output","Veh_1/ToVCU/powerCAN_out/SoftBMSDataToBus/BMS_CellVoltMsg4/BMS_cell_Volt_14_ToBus","Veh_1_B.VCar_Outport_m3f","<none>","","","","","Parameter/state only","Static generated-C data flow","No external model input was reached. Terminal/unresolved nodes: Veh_1_P.BMS_cell_Volt_14_Value; Veh_1_P.OvrdVal_Value_ln. Use runtime testing before treating this output as an injection observation.","Prefer outputs with a resolved external input in the same function chain for initial injection tests.","Veh_1_code_info_extio.xml + Veh_1.c: Veh_1_B.VCar_Outport_m3f"
"Veh_1.ToVCU.powerCAN_out.SoftBMSDataToBus.BMS_CellVoltMsg4.BMS_cell_Volt_15_ToBus","Double","Power CAN output","Veh_1/ToVCU/powerCAN_out/SoftBMSDataToBus/BMS_CellVoltMsg4/BMS_cell_Volt_15_ToBus","Veh_1_B.VCar_Outport_pq","<none>","","","","","Parameter/state only","Static generated-C data flow","No external model input was reached. Terminal/unresolved nodes: Veh_1_P.BMS_cell_Volt_15_Value; Veh_1_P.OvrdVal_Value_gb. Use runtime testing before treating this output as an injection observation.","Prefer outputs with a resolved external input in the same function chain for initial injection tests.","Veh_1_code_info_extio.xml + Veh_1.c: Veh_1_B.VCar_Outport_pq"
"Veh_1.ToVCU.powerCAN_out.SoftBMSDataToBus.BMS_CellVoltMsg4.BMS_cell_Volt_16_ToBus","Double","Power CAN output","Veh_1/ToVCU/powerCAN_out/SoftBMSDataToBus/BMS_CellVoltMsg4/BMS_cell_Volt_16_ToBus","Veh_1_B.VCar_Outport_dj","<none>","","","","","Parameter/state only","Static generated-C data flow","No external model input was reached. Terminal/unresolved nodes: Veh_1_P.BMS_cell_Volt_16_Value; Veh_1_P.OvrdVal_Value_nhl. Use runtime testing before treating this output as an injection observation.","Prefer outputs with a resolved external input in the same function chain for initial injection tests.","Veh_1_code_info_extio.xml + Veh_1.c: Veh_1_B.VCar_Outport_dj"
"Veh_1.ToVCU.powerCAN_out.SoftBMSDataToBus.BMS_CellVoltMsg4.BMS_CellVoltMsg4_Counter_ToBus","Double","Power CAN output","Veh_1/ToVCU/powerCAN_out/SoftBMSDataToBus/BMS_CellVoltMsg4/BMS_CellVoltMsg4_Counter_ToBus","Veh_1_B.VCar_Outport_lu","<none>","","","","","Parameter/state only","Static generated-C data flow","No external model input was reached. Terminal/unresolved nodes: Veh_1_P.BMS_CellVoltMsg4_Counter_Value; Veh_1_P.OvrdVal_Value_mh. Use runtime testing before treating this output as an injection observation.","Prefer outputs with a resolved external input in the same function chain for initial injection tests.","Veh_1_code_info_extio.xml + Veh_1.c: Veh_1_B.VCar_Outport_lu"
"Veh_1.ToVCU.powerCAN_out.SoftBMSDataToBus.BMS_CellVoltMsg4_MsgEnable.BMS_CellVoltMsg4_MsgDisable","Bool","Power CAN output","Veh_1/ToVCU/powerCAN_out/SoftBMSDataToBus/BMS_CellVoltMsg4_MsgEnable/BMS_CellVoltMsg4_MsgDisable","Veh_1_B.VCar_Outport_pqv","<none>","","","","","Parameter/state only","Static generated-C data flow","No external model input was reached. Terminal/unresolved nodes: Veh_1_P.BMS_CellVoltMsg4EnableOvrdVal_V; Veh_1_P.BMS_MsgEnable_Value; Veh_1_P.MsgEnable_Value; Veh_1_P.OvrdVal_Value_d3; Veh_1_P.OvrdVal_Value_fwm. Use runtime testing before treating this output as an injection observation.","Prefer outputs with a resolved external input in the same function chain for initial injection tests.","Veh_1_code_info_extio.xml + Veh_1.c: Veh_1_B.VCar_Outport_pqv"
"Veh_1.ToVCU.powerCAN_out.SoftBMSDataToBus.BMS_CellVoltMsg5.BMS_cell_Volt_17_ToBus","Double","Power CAN output","Veh_1/ToVCU/powerCAN_out/SoftBMSDataToBus/BMS_CellVoltMsg5/BMS_cell_Volt_17_ToBus","Veh_1_B.VCar_Outport_kwb","<none>","","","","","Parameter/state only","Static generated-C data flow","No external model input was reached. Terminal/unresolved nodes: Veh_1_P.BMS_cell_Volt_17_Value; Veh_1_P.OvrdVal_Value_n0. Use runtime testing before treating this output as an injection observation.","Prefer outputs with a resolved external input in the same function chain for initial injection tests.","Veh_1_code_info_extio.xml + Veh_1.c: Veh_1_B.VCar_Outport_kwb"
"Veh_1.ToVCU.powerCAN_out.SoftBMSDataToBus.BMS_CellVoltMsg5.BMS_cell_Volt_18_ToBus","Double","Power CAN output","Veh_1/ToVCU/powerCAN_out/SoftBMSDataToBus/BMS_CellVoltMsg5/BMS_cell_Volt_18_ToBus","Veh_1_B.VCar_Outport_m2","<none>","","","","","Parameter/state only","Static generated-C data flow","No external model input was reached. Terminal/unresolved nodes: Veh_1_P.BMS_cell_Volt_18_Value; Veh_1_P.OvrdVal_Value_i0k. Use runtime testing before treating this output as an injection observation.","Prefer outputs with a resolved external input in the same function chain for initial injection tests.","Veh_1_code_info_extio.xml + Veh_1.c: Veh_1_B.VCar_Outport_m2"
"Veh_1.ToVCU.powerCAN_out.SoftBMSDataToBus.BMS_CellVoltMsg5.BMS_cell_Volt_19_ToBus","Double","Power CAN output","Veh_1/ToVCU/powerCAN_out/SoftBMSDataToBus/BMS_CellVoltMsg5/BMS_cell_Volt_19_ToBus","Veh_1_B.VCar_Outport_i3d","<none>","","","","","Parameter/state only","Static generated-C data flow","No external model input was reached. Terminal/unresolved nodes: Veh_1_P.BMS_cell_Volt_19_Value; Veh_1_P.OvrdVal_Value_bwp. Use runtime testing before treating this output as an injection observation.","Prefer outputs with a resolved external input in the same function chain for initial injection tests.","Veh_1_code_info_extio.xml + Veh_1.c: Veh_1_B.VCar_Outport_i3d"
"Veh_1.ToVCU.powerCAN_out.SoftBMSDataToBus.BMS_CellVoltMsg5.BMS_cell_Volt_20_ToBus","Double","Power CAN output","Veh_1/ToVCU/powerCAN_out/SoftBMSDataToBus/BMS_CellVoltMsg5/BMS_cell_Volt_20_ToBus","Veh_1_B.VCar_Outport_kel","<none>","","","","","Parameter/state only","Static generated-C data flow","No external model input was reached. Terminal/unresolved nodes: Veh_1_P.BMS_cell_Volt_20_Value; Veh_1_P.OvrdVal_Value_m4h. Use runtime testing before treating this output as an injection observation.","Prefer outputs with a resolved external input in the same function chain for initial injection tests.","Veh_1_code_info_extio.xml + Veh_1.c: Veh_1_B.VCar_Outport_kel"
"Veh_1.ToVCU.powerCAN_out.SoftBMSDataToBus.BMS_CellVoltMsg5.BMS_CellVoltMsg5_Counter_ToBus","Double","Power CAN output","Veh_1/ToVCU/powerCAN_out/SoftBMSDataToBus/BMS_CellVoltMsg5/BMS_CellVoltMsg5_Counter_ToBus","Veh_1_B.VCar_Outport_oo","<none>","","","","","Parameter/state only","Static generated-C data flow","No external model input was reached. Terminal/unresolved nodes: Veh_1_P.BMS_CellVoltMsg5_Counter_Value; Veh_1_P.OvrdVal_Value_e1. Use runtime testing before treating this output as an injection observation.","Prefer outputs with a resolved external input in the same function chain for initial injection tests.","Veh_1_code_info_extio.xml + Veh_1.c: Veh_1_B.VCar_Outport_oo"
"Veh_1.ToVCU.powerCAN_out.SoftBMSDataToBus.BMS_CellVoltMsg5_MsgEnable.BMS_CellVoltMsg5_MsgDisable","Bool","Power CAN output","Veh_1/ToVCU/powerCAN_out/SoftBMSDataToBus/BMS_CellVoltMsg5_MsgEnable/BMS_CellVoltMsg5_MsgDisable","Veh_1_B.VCar_Outport_k0","<none>","","","","","Parameter/state only","Static generated-C data flow","No external model input was reached. Terminal/unresolved nodes: Veh_1_P.BMS_CellVoltMsg5EnableOvrdVal_V; Veh_1_P.BMS_MsgEnable_Value; Veh_1_P.MsgEnable_Value; Veh_1_P.OvrdVal_Value_d3; Veh_1_P.OvrdVal_Value_fwm. Use runtime testing before treating this output as an injection observation.","Prefer outputs with a resolved external input in the same function chain for initial injection tests.","Veh_1_code_info_extio.xml + Veh_1.c: Veh_1_B.VCar_Outport_k0"
"Veh_1.ToVCU.powerCAN_out.SoftBMSDataToBus.BMS_CellVoltMsg6.BMS_cell_Volt_21_ToBus","Double","Power CAN output","Veh_1/ToVCU/powerCAN_out/SoftBMSDataToBus/BMS_CellVoltMsg6/BMS_cell_Volt_21_ToBus","Veh_1_B.VCar_Outport_ju","<none>","","","","","Parameter/state only","Static generated-C data flow","No external model input was reached. Terminal/unresolved nodes: Veh_1_P.BMS_cell_Volt_21_Value; Veh_1_P.OvrdVal_Value_gku. Use runtime testing before treating this output as an injection observation.","Prefer outputs with a resolved external input in the same function chain for initial injection tests.","Veh_1_code_info_extio.xml + Veh_1.c: Veh_1_B.VCar_Outport_ju"
"Veh_1.ToVCU.powerCAN_out.SoftBMSDataToBus.BMS_CellVoltMsg6.BMS_cell_Volt_22_ToBus","Double","Power CAN output","Veh_1/ToVCU/powerCAN_out/SoftBMSDataToBus/BMS_CellVoltMsg6/BMS_cell_Volt_22_ToBus","Veh_1_B.VCar_Outport_fd","<none>","","","","","Parameter/state only","Static generated-C data flow","No external model input was reached. Terminal/unresolved nodes: Veh_1_P.BMS_cell_Volt_22_Value; Veh_1_P.OvrdVal_Value_ee. Use runtime testing before treating this output as an injection observation.","Prefer outputs with a resolved external input in the same function chain for initial injection tests.","Veh_1_code_info_extio.xml + Veh_1.c: Veh_1_B.VCar_Outport_fd"
"Veh_1.ToVCU.powerCAN_out.SoftBMSDataToBus.BMS_CellVoltMsg6.BMS_cell_Volt_23_ToBus","Double","Power CAN output","Veh_1/ToVCU/powerCAN_out/SoftBMSDataToBus/BMS_CellVoltMsg6/BMS_cell_Volt_23_ToBus","Veh_1_B.VCar_Outport_e0","<none>","","","","","Parameter/state only","Static generated-C data flow","No external model input was reached. Terminal/unresolved nodes: Veh_1_P.BMS_cell_Volt_23_Value; Veh_1_P.OvrdVal_Value_ok. Use runtime testing before treating this output as an injection observation.","Prefer outputs with a resolved external input in the same function chain for initial injection tests.","Veh_1_code_info_extio.xml + Veh_1.c: Veh_1_B.VCar_Outport_e0"
"Veh_1.ToVCU.powerCAN_out.SoftBMSDataToBus.BMS_CellVoltMsg6.BMS_cell_Volt_24_ToBus","Double","Power CAN output","Veh_1/ToVCU/powerCAN_out/SoftBMSDataToBus/BMS_CellVoltMsg6/BMS_cell_Volt_24_ToBus","Veh_1_B.VCar_Outport_ex","<none>","","","","","Parameter/state only","Static generated-C data flow","No external model input was reached. Terminal/unresolved nodes: Veh_1_P.BMS_cell_Volt_24_Value; Veh_1_P.OvrdVal_Value_g4q. Use runtime testing before treating this output as an injection observation.","Prefer outputs with a resolved external input in the same function chain for initial injection tests.","Veh_1_code_info_extio.xml + Veh_1.c: Veh_1_B.VCar_Outport_ex"
"Veh_1.ToVCU.powerCAN_out.SoftBMSDataToBus.BMS_CellVoltMsg6.BMS_CellVoltMsg6_Counter_ToBus","Double","Power CAN output","Veh_1/ToVCU/powerCAN_out/SoftBMSDataToBus/BMS_CellVoltMsg6/BMS_CellVoltMsg6_Counter_ToBus","Veh_1_B.VCar_Outport_jq","<none>","","","","","Parameter/state only","Static generated-C data flow","No external model input was reached. Terminal/unresolved nodes: Veh_1_P.BMS_CellVoltMsg6_Counter_Value; Veh_1_P.OvrdVal_Value_o2v. Use runtime testing before treating this output as an injection observation.","Prefer outputs with a resolved external input in the same function chain for initial injection tests.","Veh_1_code_info_extio.xml + Veh_1.c: Veh_1_B.VCar_Outport_jq"
"Veh_1.ToVCU.powerCAN_out.SoftBMSDataToBus.BMS_CellVoltMsg6_MsgEnable.BMS_CellVoltMsg6_MsgDisable","Bool","Power CAN output","Veh_1/ToVCU/powerCAN_out/SoftBMSDataToBus/BMS_CellVoltMsg6_MsgEnable/BMS_CellVoltMsg6_MsgDisable","Veh_1_B.VCar_Outport_cwj","<none>","","","","","Parameter/state only","Static generated-C data flow","No external model input was reached. Terminal/unresolved nodes: Veh_1_P.BMS_CellVoltMsg6EnableOvrdVal_V; Veh_1_P.BMS_MsgEnable_Value; Veh_1_P.MsgEnable_Value; Veh_1_P.OvrdVal_Value_d3; Veh_1_P.OvrdVal_Value_fwm. Use runtime testing before treating this output as an injection observation.","Prefer outputs with a resolved external input in the same function chain for initial injection tests.","Veh_1_code_info_extio.xml + Veh_1.c: Veh_1_B.VCar_Outport_cwj"
"Veh_1.ToVCU.powerCAN_out.SoftBMSDataToBus.BMS_CellVoltMsg7.BMS_cell_Volt_25_ToBus","Double","Power CAN output","Veh_1/ToVCU/powerCAN_out/SoftBMSDataToBus/BMS_CellVoltMsg7/BMS_cell_Volt_25_ToBus","Veh_1_B.VCar_Outport_iu","<none>","","","","","Parameter/state only","Static generated-C data flow","No external model input was reached. Terminal/unresolved nodes: Veh_1_P.BMS_cell_Volt_25_Value; Veh_1_P.OvrdVal_Value_gci. Use runtime testing before treating this output as an injection observation.","Prefer outputs with a resolved external input in the same function chain for initial injection tests.","Veh_1_code_info_extio.xml + Veh_1.c: Veh_1_B.VCar_Outport_iu"
"Veh_1.ToVCU.powerCAN_out.SoftBMSDataToBus.BMS_CellVoltMsg7.BMS_cell_Volt_26_ToBus","Double","Power CAN output","Veh_1/ToVCU/powerCAN_out/SoftBMSDataToBus/BMS_CellVoltMsg7/BMS_cell_Volt_26_ToBus","Veh_1_B.VCar_Outport_pv","<none>","","","","","Parameter/state only","Static generated-C data flow","No external model input was reached. Terminal/unresolved nodes: Veh_1_P.BMS_cell_Volt_26_Value; Veh_1_P.OvrdVal_Value_pf3. Use runtime testing before treating this output as an injection observation.","Prefer outputs with a resolved external input in the same function chain for initial injection tests.","Veh_1_code_info_extio.xml + Veh_1.c: Veh_1_B.VCar_Outport_pv"
"Veh_1.ToVCU.powerCAN_out.SoftBMSDataToBus.BMS_CellVoltMsg7.BMS_cell_Volt_27_ToBus","Double","Power CAN output","Veh_1/ToVCU/powerCAN_out/SoftBMSDataToBus/BMS_CellVoltMsg7/BMS_cell_Volt_27_ToBus","Veh_1_B.VCar_Outport_ez","<none>","","","","","Parameter/state only","Static generated-C data flow","No external model input was reached. Terminal/unresolved nodes: Veh_1_P.BMS_cell_Volt_27_Value; Veh_1_P.OvrdVal_Value_hm. Use runtime testing before treating this output as an injection observation.","Prefer outputs with a resolved external input in the same function chain for initial injection tests.","Veh_1_code_info_extio.xml + Veh_1.c: Veh_1_B.VCar_Outport_ez"
"Veh_1.ToVCU.powerCAN_out.SoftBMSDataToBus.BMS_CellVoltMsg7.BMS_cell_Volt_28_ToBus","Double","Power CAN output","Veh_1/ToVCU/powerCAN_out/SoftBMSDataToBus/BMS_CellVoltMsg7/BMS_cell_Volt_28_ToBus","Veh_1_B.VCar_Outport_du","<none>","","","","","Parameter/state only","Static generated-C data flow","No external model input was reached. Terminal/unresolved nodes: Veh_1_P.BMS_cell_Volt_28_Value; Veh_1_P.OvrdVal_Value_kh. Use runtime testing before treating this output as an injection observation.","Prefer outputs with a resolved external input in the same function chain for initial injection tests.","Veh_1_code_info_extio.xml + Veh_1.c: Veh_1_B.VCar_Outport_du"
"Veh_1.ToVCU.powerCAN_out.SoftBMSDataToBus.BMS_CellVoltMsg7.BMS_CellVoltMsg7_Counter_ToBus","Double","Power CAN output","Veh_1/ToVCU/powerCAN_out/SoftBMSDataToBus/BMS_CellVoltMsg7/BMS_CellVoltMsg7_Counter_ToBus","Veh_1_B.VCar_Outport_oc","<none>","","","","","Parameter/state only","Static generated-C data flow","No external model input was reached. Terminal/unresolved nodes: Veh_1_P.BMS_CellVoltMsg7_Counter_Value; Veh_1_P.OvrdVal_Value_am. Use runtime testing before treating this output as an injection observation.","Prefer outputs with a resolved external input in the same function chain for initial injection tests.","Veh_1_code_info_extio.xml + Veh_1.c: Veh_1_B.VCar_Outport_oc"
"Veh_1.ToVCU.powerCAN_out.SoftBMSDataToBus.BMS_CellVoltMsg7_MsgEnable.BMS_CellVoltMsg7_MsgDisable","Bool","Power CAN output","Veh_1/ToVCU/powerCAN_out/SoftBMSDataToBus/BMS_CellVoltMsg7_MsgEnable/BMS_CellVoltMsg7_MsgDisable","Veh_1_B.VCar_Outport_afg","<none>","","","","","Parameter/state only","Static generated-C data flow","No external model input was reached. Terminal/unresolved nodes: Veh_1_P.BMS_CellVoltMsg7EnableOvrdVal_V; Veh_1_P.BMS_MsgEnable_Value; Veh_1_P.MsgEnable_Value; Veh_1_P.OvrdVal_Value_d3; Veh_1_P.OvrdVal_Value_fwm. Use runtime testing before treating this output as an injection observation.","Prefer outputs with a resolved external input in the same function chain for initial injection tests.","Veh_1_code_info_extio.xml + Veh_1.c: Veh_1_B.VCar_Outport_afg"
"Veh_1.ToVCU.powerCAN_out.SoftBMSDataToBus.BMS_CellVoltMsg8.BMS_cell_Volt_29_ToBus","Double","Power CAN output","Veh_1/ToVCU/powerCAN_out/SoftBMSDataToBus/BMS_CellVoltMsg8/BMS_cell_Volt_29_ToBus","Veh_1_B.VCar_Outport_gv","<none>","","","","","Parameter/state only","Static generated-C data flow","No external model input was reached. Terminal/unresolved nodes: Veh_1_P.BMS_cell_Volt_29_Value; Veh_1_P.OvrdVal_Value_fh. Use runtime testing before treating this output as an injection observation.","Prefer outputs with a resolved external input in the same function chain for initial injection tests.","Veh_1_code_info_extio.xml + Veh_1.c: Veh_1_B.VCar_Outport_gv"
"Veh_1.ToVCU.powerCAN_out.SoftBMSDataToBus.BMS_CellVoltMsg8.BMS_cell_Volt_30_ToBus","Double","Power CAN output","Veh_1/ToVCU/powerCAN_out/SoftBMSDataToBus/BMS_CellVoltMsg8/BMS_cell_Volt_30_ToBus","Veh_1_B.VCar_Outport_o5","<none>","","","","","Parameter/state only","Static generated-C data flow","No external model input was reached. Terminal/unresolved nodes: Veh_1_P.BMS_cell_Volt_30_Value; Veh_1_P.OvrdVal_Value_oze. Use runtime testing before treating this output as an injection observation.","Prefer outputs with a resolved external input in the same function chain for initial injection tests.","Veh_1_code_info_extio.xml + Veh_1.c: Veh_1_B.VCar_Outport_o5"
"Veh_1.ToVCU.powerCAN_out.SoftBMSDataToBus.BMS_CellVoltMsg8.BMS_cell_Volt_31_ToBus","Double","Power CAN output","Veh_1/ToVCU/powerCAN_out/SoftBMSDataToBus/BMS_CellVoltMsg8/BMS_cell_Volt_31_ToBus","Veh_1_B.VCar_Outport_eyl","<none>","","","","","Parameter/state only","Static generated-C data flow","No external model input was reached. Terminal/unresolved nodes: Veh_1_P.BMS_cell_Volt_31_Value; Veh_1_P.OvrdVal_Value_jz. Use runtime testing before treating this output as an injection observation.","Prefer outputs with a resolved external input in the same function chain for initial injection tests.","Veh_1_code_info_extio.xml + Veh_1.c: Veh_1_B.VCar_Outport_eyl"
"Veh_1.ToVCU.powerCAN_out.SoftBMSDataToBus.BMS_CellVoltMsg8.BMS_cell_Volt_32_ToBus","Double","Power CAN output","Veh_1/ToVCU/powerCAN_out/SoftBMSDataToBus/BMS_CellVoltMsg8/BMS_cell_Volt_32_ToBus","Veh_1_B.VCar_Outport_gi","<none>","","","","","Parameter/state only","Static generated-C data flow","No external model input was reached. Terminal/unresolved nodes: Veh_1_P.BMS_cell_Volt_32_Value; Veh_1_P.OvrdVal_Value_lwx. Use runtime testing before treating this output as an injection observation.","Prefer outputs with a resolved external input in the same function chain for initial injection tests.","Veh_1_code_info_extio.xml + Veh_1.c: Veh_1_B.VCar_Outport_gi"
"Veh_1.ToVCU.powerCAN_out.SoftBMSDataToBus.BMS_CellVoltMsg8.BMS_CellVoltMsg8_Counter_ToBus","Double","Power CAN output","Veh_1/ToVCU/powerCAN_out/SoftBMSDataToBus/BMS_CellVoltMsg8/BMS_CellVoltMsg8_Counter_ToBus","Veh_1_B.VCar_Outport_p1","<none>","","","","","Parameter/state only","Static generated-C data flow","No external model input was reached. Terminal/unresolved nodes: Veh_1_P.BMS_CellVoltMsg8_Counter_Value; Veh_1_P.OvrdVal_Value_o55. Use runtime testing before treating this output as an injection observation.","Prefer outputs with a resolved external input in the same function chain for initial injection tests.","Veh_1_code_info_extio.xml + Veh_1.c: Veh_1_B.VCar_Outport_p1"
"Veh_1.ToVCU.powerCAN_out.SoftBMSDataToBus.BMS_CellVoltMsg8_MsgEnable.BMS_CellVoltMsg8_MsgDisable","Bool","Power CAN output","Veh_1/ToVCU/powerCAN_out/SoftBMSDataToBus/BMS_CellVoltMsg8_MsgEnable/BMS_CellVoltMsg8_MsgDisable","Veh_1_B.VCar_Outport_hw","<none>","","","","","Parameter/state only","Static generated-C data flow","No external model input was reached. Terminal/unresolved nodes: Veh_1_P.BMS_CellVoltMsg8EnableOvrdVal_V; Veh_1_P.BMS_MsgEnable_Value; Veh_1_P.MsgEnable_Value; Veh_1_P.OvrdVal_Value_d3; Veh_1_P.OvrdVal_Value_fwm. Use runtime testing before treating this output as an injection observation.","Prefer outputs with a resolved external input in the same function chain for initial injection tests.","Veh_1_code_info_extio.xml + Veh_1.c: Veh_1_B.VCar_Outport_hw"
"Veh_1.ToVCU.powerCAN_out.SoftBMSDataToBus.BMS_CellVoltMsg9.BMS_cell_Volt_33_ToBus","Double","Power CAN output","Veh_1/ToVCU/powerCAN_out/SoftBMSDataToBus/BMS_CellVoltMsg9/BMS_cell_Volt_33_ToBus","Veh_1_B.VCar_Outport_d1t","<none>","","","","","Parameter/state only","Static generated-C data flow","No external model input was reached. Terminal/unresolved nodes: Veh_1_P.BMS_cell_Volt_33_Value; Veh_1_P.OvrdVal_Value_dx3. Use runtime testing before treating this output as an injection observation.","Prefer outputs with a resolved external input in the same function chain for initial injection tests.","Veh_1_code_info_extio.xml + Veh_1.c: Veh_1_B.VCar_Outport_d1t"
"Veh_1.ToVCU.powerCAN_out.SoftBMSDataToBus.BMS_CellVoltMsg9.BMS_cell_Volt_34_ToBus","Double","Power CAN output","Veh_1/ToVCU/powerCAN_out/SoftBMSDataToBus/BMS_CellVoltMsg9/BMS_cell_Volt_34_ToBus","Veh_1_B.VCar_Outport_an","<none>","","","","","Parameter/state only","Static generated-C data flow","No external model input was reached. Terminal/unresolved nodes: Veh_1_P.BMS_cell_Volt_34_Value; Veh_1_P.OvrdVal_Value_lts. Use runtime testing before treating this output as an injection observation.","Prefer outputs with a resolved external input in the same function chain for initial injection tests.","Veh_1_code_info_extio.xml + Veh_1.c: Veh_1_B.VCar_Outport_an"
"Veh_1.ToVCU.powerCAN_out.SoftBMSDataToBus.BMS_CellVoltMsg9.BMS_cell_Volt_35_ToBus","Double","Power CAN output","Veh_1/ToVCU/powerCAN_out/SoftBMSDataToBus/BMS_CellVoltMsg9/BMS_cell_Volt_35_ToBus","Veh_1_B.VCar_Outport_o2v","<none>","","","","","Parameter/state only","Static generated-C data flow","No external model input was reached. Terminal/unresolved nodes: Veh_1_P.BMS_cell_Volt_35_Value; Veh_1_P.OvrdVal_Value_lea. Use runtime testing before treating this output as an injection observation.","Prefer outputs with a resolved external input in the same function chain for initial injection tests.","Veh_1_code_info_extio.xml + Veh_1.c: Veh_1_B.VCar_Outport_o2v"
"Veh_1.ToVCU.powerCAN_out.SoftBMSDataToBus.BMS_CellVoltMsg9.BMS_cell_Volt_36_ToBus","Double","Power CAN output","Veh_1/ToVCU/powerCAN_out/SoftBMSDataToBus/BMS_CellVoltMsg9/BMS_cell_Volt_36_ToBus","Veh_1_B.VCar_Outport_hys","<none>","","","","","Parameter/state only","Static generated-C data flow","No external model input was reached. Terminal/unresolved nodes: Veh_1_P.BMS_cell_Volt_36_Value; Veh_1_P.OvrdVal_Value_d0. Use runtime testing before treating this output as an injection observation.","Prefer outputs with a resolved external input in the same function chain for initial injection tests.","Veh_1_code_info_extio.xml + Veh_1.c: Veh_1_B.VCar_Outport_hys"
"Veh_1.ToVCU.powerCAN_out.SoftBMSDataToBus.BMS_CellVoltMsg9.BMS_CellVoltMsg9_Counter_ToBus","Double","Power CAN output","Veh_1/ToVCU/powerCAN_out/SoftBMSDataToBus/BMS_CellVoltMsg9/BMS_CellVoltMsg9_Counter_ToBus","Veh_1_B.VCar_Outport_l5c","<none>","","","","","Parameter/state only","Static generated-C data flow","No external model input was reached. Terminal/unresolved nodes: Veh_1_P.BMS_CellVoltMsg9_Counter_Value; Veh_1_P.OvrdVal_Value_db. Use runtime testing before treating this output as an injection observation.","Prefer outputs with a resolved external input in the same function chain for initial injection tests.","Veh_1_code_info_extio.xml + Veh_1.c: Veh_1_B.VCar_Outport_l5c"
"Veh_1.ToVCU.powerCAN_out.SoftBMSDataToBus.BMS_CellVoltMsg9_MsgEnable.BMS_CellVoltMsg9_MsgDisable","Bool","Power CAN output","Veh_1/ToVCU/powerCAN_out/SoftBMSDataToBus/BMS_CellVoltMsg9_MsgEnable/BMS_CellVoltMsg9_MsgDisable","Veh_1_B.VCar_Outport_atp","<none>","","","","","Parameter/state only","Static generated-C data flow","No external model input was reached. Terminal/unresolved nodes: Veh_1_P.BMS_CellVoltMsg9EnableOvrdVal_V; Veh_1_P.BMS_MsgEnable_Value; Veh_1_P.MsgEnable_Value; Veh_1_P.OvrdVal_Value_d3; Veh_1_P.OvrdVal_Value_fwm. Use runtime testing before treating this output as an injection observation.","Prefer outputs with a resolved external input in the same function chain for initial injection tests.","Veh_1_code_info_extio.xml + Veh_1.c: Veh_1_B.VCar_Outport_atp"
"Veh_1.ToVCU.powerCAN_out.SoftBMSDataToBus.BMS_General.BMS_chgFault_alarm_ToBus","Double","Power CAN output","Veh_1/ToVCU/powerCAN_out/SoftBMSDataToBus/BMS_General/BMS_chgFault_alarm_ToBus","Veh_1_B.VCar_Outport_jp","<none>","","","","","Parameter/state only","Static generated-C data flow","No external model input was reached. Terminal/unresolved nodes: Veh_1_P.BMS_chgFault_alarm_Value; Veh_1_P.OvrdVal_Value_if. Use runtime testing before treating this output as an injection observation.","Prefer outputs with a resolved external input in the same function chain for initial injection tests.","Veh_1_code_info_extio.xml + Veh_1.c: Veh_1_B.VCar_Outport_jp"
"Veh_1.ToVCU.powerCAN_out.SoftBMSDataToBus.BMS_General.BMS_chgFaultLevel_ToBus","Double","Power CAN output","Veh_1/ToVCU/powerCAN_out/SoftBMSDataToBus/BMS_General/BMS_chgFaultLevel_ToBus","Veh_1_B.VCar_Outport_ni","<none>","","","","","Parameter/state only","Static generated-C data flow","No external model input was reached. Terminal/unresolved nodes: Veh_1_P.BMSFltLevel_Value; Veh_1_P.OvrdVal_Value_dzv. Use runtime testing before treating this output as an injection observation.","Prefer outputs with a resolved external input in the same function chain for initial injection tests.","Veh_1_code_info_extio.xml + Veh_1.c: Veh_1_B.VCar_Outport_ni"
"Veh_1.ToVCU.powerCAN_out.SoftBMSDataToBus.BMS_General.BMS_Discharge_Relay_state_ToBus","Double","Power CAN output","Veh_1/ToVCU/powerCAN_out/SoftBMSDataToBus/BMS_General/BMS_Discharge_Relay_state_ToBus","Veh_1_B.VCar_Outport_dn","<none>","","","","","Parameter/state only","Static generated-C data flow","No external model input was reached. Terminal/unresolved nodes: Veh_1_P.OvrdVal_Value_jw. Use runtime testing before treating this output as an injection observation.","Prefer outputs with a resolved external input in the same function chain for initial injection tests.","Veh_1_code_info_extio.xml + Veh_1.c: Veh_1_B.VCar_Outport_dn"
"Veh_1.ToVCU.powerCAN_out.SoftBMSDataToBus.BMS_General.BMS_General_CheckSUM_ToBus","Double","Power CAN output","Veh_1/ToVCU/powerCAN_out/SoftBMSDataToBus/BMS_General/BMS_General_CheckSUM_ToBus","Veh_1_B.VCar_Outport_gbg","<none>","","","","","Parameter/state only","Static generated-C data flow","No external model input was reached. Terminal/unresolved nodes: Veh_1_P.BMS_General_CheckSUM_Value; Veh_1_P.OvrdVal_Value_fz. Use runtime testing before treating this output as an injection observation.","Prefer outputs with a resolved external input in the same function chain for initial injection tests.","Veh_1_code_info_extio.xml + Veh_1.c: Veh_1_B.VCar_Outport_gbg"
"Veh_1.ToVCU.powerCAN_out.SoftBMSDataToBus.BMS_General.BMS_General_RollingCounter_ToBus","Double","Power CAN output","Veh_1/ToVCU/powerCAN_out/SoftBMSDataToBus/BMS_General/BMS_General_RollingCounter_ToBus","Veh_1_B.VCar_Outport_led","<none>","","","","","Parameter/state only","Static generated-C data flow","No external model input was reached. Terminal/unresolved nodes: Veh_1_P.BMS_General_RollingCounter_Valu; Veh_1_P.OvrdVal_Value_n03. Use runtime testing before treating this output as an injection observation.","Prefer outputs with a resolved external input in the same function chain for initial injection tests.","Veh_1_code_info_extio.xml + Veh_1.c: Veh_1_B.VCar_Outport_led"
"Veh_1.ToVCU.powerCAN_out.SoftBMSDataToBus.BMS_General.BMS_HVIL_state_ToBus","Double","Power CAN output","Veh_1/ToVCU/powerCAN_out/SoftBMSDataToBus/BMS_General/BMS_HVIL_state_ToBus","Veh_1_B.VCar_Outport_ofe","<none>","","","","","Parameter/state only","Static generated-C data flow","No external model input was reached. Terminal/unresolved nodes: Veh_1_P.BMS_HVIL_state_Value; Veh_1_P.OvrdVal_Value_li. Use runtime testing before treating this output as an injection observation.","Prefer outputs with a resolved external input in the same function chain for initial injection tests.","Veh_1_code_info_extio.xml + Veh_1.c: Veh_1_B.VCar_Outport_ofe"
"Veh_1.ToVCU.powerCAN_out.SoftBMSDataToBus.BMS_General.BMS_Insolation_Sta_ToBus","Double","Power CAN output","Veh_1/ToVCU/powerCAN_out/SoftBMSDataToBus/BMS_General/BMS_Insolation_Sta_ToBus","Veh_1_B.VCar_Outport_k4t","<none>","","","","","Parameter/state only","Static generated-C data flow","No external model input was reached. Terminal/unresolved nodes: Veh_1_P.BMS_Insolation_Sta_Value; Veh_1_P.OvrdVal_Value_b1. Use runtime testing before treating this output as an injection observation.","Prefer outputs with a resolved external input in the same function chain for initial injection tests.","Veh_1_code_info_extio.xml + Veh_1.c: Veh_1_B.VCar_Outport_k4t"
"Veh_1.ToVCU.powerCAN_out.SoftBMSDataToBus.BMS_General.BMS_InsulationRes_ToBus","Double","Power CAN output","Veh_1/ToVCU/powerCAN_out/SoftBMSDataToBus/BMS_General/BMS_InsulationRes_ToBus","Veh_1_B.VCar_Outport_mel","<none>","","","","","Parameter/state only","Static generated-C data flow","No external model input was reached. Terminal/unresolved nodes: Veh_1_P.BMS_InsulationRes_Value; Veh_1_P.OvrdVal_Value_a5a. Use runtime testing before treating this output as an injection observation.","Prefer outputs with a resolved external input in the same function chain for initial injection tests.","Veh_1_code_info_extio.xml + Veh_1.c: Veh_1_B.VCar_Outport_mel"
"Veh_1.ToVCU.powerCAN_out.SoftBMSDataToBus.BMS_General.BMS_mode_ToBus","Double","Power CAN output","Veh_1/ToVCU/powerCAN_out/SoftBMSDataToBus/BMS_General/BMS_mode_ToBus","Veh_1_B.VCar_Outport_dq","<none>","","","","","Parameter/state only","Static generated-C data flow","No external model input was reached. Terminal/unresolved nodes: Veh_1_P.BattState_Enum_Value; Veh_1_P.OvrdVal_Value_fp. Use runtime testing before treating this output as an injection observation.","Prefer outputs with a resolved external input in the same function chain for initial injection tests.","Veh_1_code_info_extio.xml + Veh_1.c: Veh_1_B.VCar_Outport_dq"
"Veh_1.ToVCU.powerCAN_out.SoftBMSDataToBus.BMS_General.BMS_Vehicle_crash_signal_ToBus","Double","Power CAN output","Veh_1/ToVCU/powerCAN_out/SoftBMSDataToBus/BMS_General/BMS_Vehicle_crash_signal_ToBus","Veh_1_B.VCar_Outport_mj","<none>","","","","","Parameter/state only","Static generated-C data flow","No external model input was reached. Terminal/unresolved nodes: Veh_1_P.BMS_Vehicle_crash_signal_Value; Veh_1_P.OvrdVal_Value_odk. Use runtime testing before treating this output as an injection observation.","Prefer outputs with a resolved external input in the same function chain for initial injection tests.","Veh_1_code_info_extio.xml + Veh_1.c: Veh_1_B.VCar_Outport_mj"
"Veh_1.ToVCU.powerCAN_out.SoftBMSDataToBus.BMS_General_MsgEnable.BMS_General_MsgDisable","Bool","Power CAN output","Veh_1/ToVCU/powerCAN_out/SoftBMSDataToBus/BMS_General_MsgEnable/BMS_General_MsgDisable","Veh_1_B.VCar_Outport_nh","<none>","","","","","Parameter/state only","Static generated-C data flow","No external model input was reached. Terminal/unresolved nodes: Veh_1_P.BMS_GeneralEnableOvrdVal_Value; Veh_1_P.BMS_MsgEnable_Value; Veh_1_P.MsgEnable_Value; Veh_1_P.OvrdVal_Value_d3; Veh_1_P.OvrdVal_Value_fwm. Use runtime testing before treating this output as an injection observation.","Prefer outputs with a resolved external input in the same function chain for initial injection tests.","Veh_1_code_info_extio.xml + Veh_1.c: Veh_1_B.VCar_Outport_nh"
"Veh_1.ToVCU.powerCAN_out.SoftBMSDataToBus.BMS_HVBusVolt_Curr.BMS_HVBusCurr_ToBus","Double","Power CAN output","Veh_1/ToVCU/powerCAN_out/SoftBMSDataToBus/BMS_HVBusVolt_Curr/BMS_HVBusCurr_ToBus","Veh_1_B.VCar_Outport_mrd","Veh_1.Driver.BrakeMode ","Double","Driver input","Veh_1/Driver/BrakeMode","Veh_1_B.VCar_Inport","Indirect input dependency","Static generated-C data flow","Power CAN output output has a generated-code data path from the Driver input input. A path does not guarantee a change in every runtime condition; state, parameters, and guards may suppress it.","After modifying this input, monitor Veh_1.ToVCU.powerCAN_out.SoftBMSDataToBus.BMS_HVBusVolt_Curr.BMS_HVBusCurr_ToBus; record baseline, injected value, recovery value, and duration.","Veh_1_code_info_extio.xml + Veh_1.c: Veh_1_B.VCar_Outport_mrd <- Veh_1_B.VCar_Inport"
"Veh_1.ToVCU.powerCAN_out.SoftBMSDataToBus.BMS_HVBusVolt_Curr.BMS_HVBusCurr_ToBus","Double","Power CAN output","Veh_1/ToVCU/powerCAN_out/SoftBMSDataToBus/BMS_HVBusVolt_Curr/BMS_HVBusCurr_ToBus","Veh_1_B.VCar_Outport_mrd","Veh_1.Driver.BrakePedal_perc","Double","Driver input","Veh_1/Driver/BrakePedal_perc","Veh_1_B.VCar_Inport_n","Indirect input dependency","Static generated-C data flow","Power CAN output output has a generated-code data path from the Driver input input. A path does not guarantee a change in every runtime condition; state, parameters, and guards may suppress it.","After modifying this input, monitor Veh_1.ToVCU.powerCAN_out.SoftBMSDataToBus.BMS_HVBusVolt_Curr.BMS_HVBusCurr_ToBus; record baseline, injected value, recovery value, and duration.","Veh_1_code_info_extio.xml + Veh_1.c: Veh_1_B.VCar_Outport_mrd <- Veh_1_B.VCar_Inport_n"
"Veh_1.ToVCU.powerCAN_out.SoftBMSDataToBus.BMS_HVBusVolt_Curr.BMS_HVBusCurr_ToBus","Double","Power CAN output","Veh_1/ToVCU/powerCAN_out/SoftBMSDataToBus/BMS_HVBusVolt_Curr/BMS_HVBusCurr_ToBus","Veh_1_B.VCar_Outport_mrd","Veh_1.Driver.Gear_Button","Double","Driver input","Veh_1/Driver/Gear_Button","Veh_1_B.VCar_Inport_n5","Indirect input dependency","Static generated-C data flow","Power CAN output output has a generated-code data path from the Driver input input. A path does not guarantee a change in every runtime condition; state, parameters, and guards may suppress it.","After modifying this input, monitor Veh_1.ToVCU.powerCAN_out.SoftBMSDataToBus.BMS_HVBusVolt_Curr.BMS_HVBusCurr_ToBus; record baseline, injected value, recovery value, and duration.","Veh_1_code_info_extio.xml + Veh_1.c: Veh_1_B.VCar_Outport_mrd <- Veh_1_B.VCar_Inport_n5"
"Veh_1.ToVCU.powerCAN_out.SoftBMSDataToBus.BMS_HVBusVolt_Curr.BMS_HVBusCurr_ToBus","Double","Power CAN output","Veh_1/ToVCU/powerCAN_out/SoftBMSDataToBus/BMS_HVBusVolt_Curr/BMS_HVBusCurr_ToBus","Veh_1_B.VCar_Outport_mrd","Veh_1.FromVCU.CAN.VCU_Body.GW_VCU_2.VCU_TqReqCmd","Double","VCU/CAN input","Veh_1/FromVCU/CAN/VCU_Body/GW_VCU_2/VCU_TqReqCmd","Veh_1_B.VCar_Inport_m","Indirect input dependency","Static generated-C data flow","Power CAN output output has a generated-code data path from the VCU/CAN input input. A path does not guarantee a change in every runtime condition; state, parameters, and guards may suppress it.","After modifying this input, monitor Veh_1.ToVCU.powerCAN_out.SoftBMSDataToBus.BMS_HVBusVolt_Curr.BMS_HVBusCurr_ToBus; record baseline, injected value, recovery value, and duration.","Veh_1_code_info_extio.xml + Veh_1.c: Veh_1_B.VCar_Outport_mrd <- Veh_1_B.VCar_Inport_m"
"Veh_1.ToVCU.powerCAN_out.SoftBMSDataToBus.BMS_HVBusVolt_Curr.BMS_HVBusVolt_ToBus","Double","Power CAN output","Veh_1/ToVCU/powerCAN_out/SoftBMSDataToBus/BMS_HVBusVolt_Curr/BMS_HVBusVolt_ToBus","Veh_1_B.VCar_Outport_axe","<none>","","","","","Parameter/state only","Static generated-C data flow","No external model input was reached. Terminal/unresolved nodes: Veh_1_DW.DiscreteTimeIntegrator2_DSTATE; Veh_1_DW.Memory1_PreviousInput; Veh_1_P.Constant4_Value; Veh_1_P.Gain_Gain; Veh_1_P.Gain1_Gain_e; Veh_1_P.OvrdVal_Value_i2; Veh_1_P.P_BattCharResistance_Data; Veh_1_P.P_BattCharResistance_X; Veh_1_P.P_BattDischResistance_Data; Veh_1_P.P_BattDischResistance_X; Veh_1_P.P_BattMaxCapacity_Ah; Veh_1_P.Saturation1_LowerSat; Veh_1_P.Saturation1_UpperSat. Use runtime testing before treating this output as an injection observation.","Prefer outputs with a resolved external input in the same function chain for initial injection tests.","Veh_1_code_info_extio.xml + Veh_1.c: Veh_1_B.VCar_Outport_axe"
"Veh_1.ToVCU.powerCAN_out.SoftBMSDataToBus.BMS_HVBusVolt_Curr.BMS_SOC_ToBus","Double","Power CAN output","Veh_1/ToVCU/powerCAN_out/SoftBMSDataToBus/BMS_HVBusVolt_Curr/BMS_SOC_ToBus","Veh_1_B.VCar_Outport_ia","<none>","","","","","Parameter/state only","Static generated-C data flow","No external model input was reached. Terminal/unresolved nodes: Veh_1_DW.DiscreteTimeIntegrator2_DSTATE; Veh_1_P.Gain_Gain_m; Veh_1_P.OvrdVal_Value_een; Veh_1_P.P_BattMaxCapacity_Ah; Veh_1_P.Saturation1_LowerSat; Veh_1_P.Saturation1_UpperSat. Use runtime testing before treating this output as an injection observation.","Prefer outputs with a resolved external input in the same function chain for initial injection tests.","Veh_1_code_info_extio.xml + Veh_1.c: Veh_1_B.VCar_Outport_ia"
"Veh_1.ToVCU.powerCAN_out.SoftBMSDataToBus.BMS_HVBusVolt_Curr.BMS_SOH_ToBus","Double","Power CAN output","Veh_1/ToVCU/powerCAN_out/SoftBMSDataToBus/BMS_HVBusVolt_Curr/BMS_SOH_ToBus","Veh_1_B.VCar_Outport_dx","<none>","","","","","Parameter/state only","Static generated-C data flow","No external model input was reached. Terminal/unresolved nodes: Veh_1_P.BMS_SOH_Value; Veh_1_P.OvrdVal_Value_as. Use runtime testing before treating this output as an injection observation.","Prefer outputs with a resolved external input in the same function chain for initial injection tests.","Veh_1_code_info_extio.xml + Veh_1.c: Veh_1_B.VCar_Outport_dx"
"Veh_1.ToVCU.powerCAN_out.SoftBMSDataToBus.BMS_HVBusVolt_Curr_MsgEnable.BMS_HVBusVolt_Curr_MsgDisable","Bool","Power CAN output","Veh_1/ToVCU/powerCAN_out/SoftBMSDataToBus/BMS_HVBusVolt_Curr_MsgEnable/BMS_HVBusVolt_Curr_MsgDisable","Veh_1_B.VCar_Outport_dgb","<none>","","","","","Parameter/state only","Static generated-C data flow","No external model input was reached. Terminal/unresolved nodes: Veh_1_P.BMS_HVBusVolt_CurrEnableOvrdVal; Veh_1_P.BMS_MsgEnable_Value; Veh_1_P.MsgEnable_Value; Veh_1_P.OvrdVal_Value_d3; Veh_1_P.OvrdVal_Value_fwm. Use runtime testing before treating this output as an injection observation.","Prefer outputs with a resolved external input in the same function chain for initial injection tests.","Veh_1_code_info_extio.xml + Veh_1.c: Veh_1_B.VCar_Outport_dgb"
"Veh_1.ToVCU.powerCAN_out.SoftBMSDataToBus.BMS_OBCCtrl.BMS_charge_enable_ToBus","Double","Power CAN output","Veh_1/ToVCU/powerCAN_out/SoftBMSDataToBus/BMS_OBCCtrl/BMS_charge_enable_ToBus","Veh_1_B.VCar_Outport_na","<none>","","","","","Parameter/state only","Static generated-C data flow","No external model input was reached. Terminal/unresolved nodes: Veh_1_P.BMS_charge_enable_Value; Veh_1_P.OvrdVal_Value_n5a. Use runtime testing before treating this output as an injection observation.","Prefer outputs with a resolved external input in the same function chain for initial injection tests.","Veh_1_code_info_extio.xml + Veh_1.c: Veh_1_B.VCar_Outport_na"
"Veh_1.ToVCU.powerCAN_out.SoftBMSDataToBus.BMS_OBCCtrl.BMS_charge_remaintime_ToBus","Double","Power CAN output","Veh_1/ToVCU/powerCAN_out/SoftBMSDataToBus/BMS_OBCCtrl/BMS_charge_remaintime_ToBus","Veh_1_B.VCar_Outport_d5d","<none>","","","","","Parameter/state only","Static generated-C data flow","No external model input was reached. Terminal/unresolved nodes: Veh_1_P.BMS_charge_remaintime_Value; Veh_1_P.OvrdVal_Value_gj5. Use runtime testing before treating this output as an injection observation.","Prefer outputs with a resolved external input in the same function chain for initial injection tests.","Veh_1_code_info_extio.xml + Veh_1.c: Veh_1_B.VCar_Outport_d5d"
"Veh_1.ToVCU.powerCAN_out.SoftBMSDataToBus.BMS_OBCCtrl.BMS_charger_arrow_chargcurrent_ToBus","Double","Power CAN output","Veh_1/ToVCU/powerCAN_out/SoftBMSDataToBus/BMS_OBCCtrl/BMS_charger_arrow_chargcurrent_ToBus","Veh_1_B.VCar_Outport_dqb","<none>","","","","","Parameter/state only","Static generated-C data flow","No external model input was reached. Terminal/unresolved nodes: Veh_1_P.BMS_charger_arrow_chargcurrent_; Veh_1_P.OvrdVal_Value_o1. Use runtime testing before treating this output as an injection observation.","Prefer outputs with a resolved external input in the same function chain for initial injection tests.","Veh_1_code_info_extio.xml + Veh_1.c: Veh_1_B.VCar_Outport_dqb"
"Veh_1.ToVCU.powerCAN_out.SoftBMSDataToBus.BMS_OBCCtrl.BMS_charger_arrow_chargvoltag_ToBus","Double","Power CAN output","Veh_1/ToVCU/powerCAN_out/SoftBMSDataToBus/BMS_OBCCtrl/BMS_charger_arrow_chargvoltag_ToBus","Veh_1_B.VCar_Outport_jcm","<none>","","","","","Parameter/state only","Static generated-C data flow","No external model input was reached. Terminal/unresolved nodes: Veh_1_P.BMS_charger_arrow_chargvoltag_V; Veh_1_P.OvrdVal_Value_bkh3. Use runtime testing before treating this output as an injection observation.","Prefer outputs with a resolved external input in the same function chain for initial injection tests.","Veh_1_code_info_extio.xml + Veh_1.c: Veh_1_B.VCar_Outport_jcm"
"Veh_1.ToVCU.powerCAN_out.SoftBMSDataToBus.BMS_OBCCtrl.BMS_charger_requier_chargcurrent_ToBus","Double","Power CAN output","Veh_1/ToVCU/powerCAN_out/SoftBMSDataToBus/BMS_OBCCtrl/BMS_charger_requier_chargcurrent_ToBus","Veh_1_B.VCar_Outport_puj","<none>","","","","","Parameter/state only","Static generated-C data flow","No external model input was reached. Terminal/unresolved nodes: Veh_1_P.BMS_charger_requier_chargcurren; Veh_1_P.OvrdVal_Value_hwd. Use runtime testing before treating this output as an injection observation.","Prefer outputs with a resolved external input in the same function chain for initial injection tests.","Veh_1_code_info_extio.xml + Veh_1.c: Veh_1_B.VCar_Outport_puj"
"Veh_1.ToVCU.powerCAN_out.SoftBMSDataToBus.BMS_OBCCtrl.BMS_charger_requier_chargvoltag_ToBus","Double","Power CAN output","Veh_1/ToVCU/powerCAN_out/SoftBMSDataToBus/BMS_OBCCtrl/BMS_charger_requier_chargvoltag_ToBus","Veh_1_B.VCar_Outport_pb","<none>","","","","","Parameter/state only","Static generated-C data flow","No external model input was reached. Terminal/unresolved nodes: Veh_1_P.BMS_charger_requier_chargvoltag; Veh_1_P.OvrdVal_Value_ks. Use runtime testing before treating this output as an injection observation.","Prefer outputs with a resolved external input in the same function chain for initial injection tests.","Veh_1_code_info_extio.xml + Veh_1.c: Veh_1_B.VCar_Outport_pb"
"Veh_1.ToVCU.powerCAN_out.SoftBMSDataToBus.BMS_OBCCtrl.BMS_OBCCtrl_Counter_ToBus","Double","Power CAN output","Veh_1/ToVCU/powerCAN_out/SoftBMSDataToBus/BMS_OBCCtrl/BMS_OBCCtrl_Counter_ToBus","Veh_1_B.VCar_Outport_ch","<none>","","","","","Parameter/state only","Static generated-C data flow","No external model input was reached. Terminal/unresolved nodes: Veh_1_P.BMS_OBCCtrl_Counter_Value; Veh_1_P.OvrdVal_Value_bx. Use runtime testing before treating this output as an injection observation.","Prefer outputs with a resolved external input in the same function chain for initial injection tests.","Veh_1_code_info_extio.xml + Veh_1.c: Veh_1_B.VCar_Outport_ch"
"Veh_1.ToVCU.powerCAN_out.SoftBMSDataToBus.BMS_OBCCtrl_MsgEnable.BMS_OBCCtrl_MsgDisable","Bool","Power CAN output","Veh_1/ToVCU/powerCAN_out/SoftBMSDataToBus/BMS_OBCCtrl_MsgEnable/BMS_OBCCtrl_MsgDisable","Veh_1_B.VCar_Outport_iy","<none>","","","","","Parameter/state only","Static generated-C data flow","No external model input was reached. Terminal/unresolved nodes: Veh_1_P.BMS_MsgEnable_Value; Veh_1_P.BMS_OBCCtrlEnableOvrdVal_Value; Veh_1_P.MsgEnable_Value; Veh_1_P.OvrdVal_Value_d3; Veh_1_P.OvrdVal_Value_fwm. Use runtime testing before treating this output as an injection observation.","Prefer outputs with a resolved external input in the same function chain for initial injection tests.","Veh_1_code_info_extio.xml + Veh_1.c: Veh_1_B.VCar_Outport_iy"
"Veh_1.ToVCU.powerCAN_out.SoftBMSDataToBus.BMS_Pack_status.BMS_charge_or_discharge_status_ToBus","Double","Power CAN output","Veh_1/ToVCU/powerCAN_out/SoftBMSDataToBus/BMS_Pack_status/BMS_charge_or_discharge_status_ToBus","Veh_1_B.VCar_Outport_jud","<none>","","","","","Parameter/state only","Static generated-C data flow","No external model input was reached. Terminal/unresolved nodes: Veh_1_P.BMS_charge_or_discharge_status_; Veh_1_P.OvrdVal_Value_pp. Use runtime testing before treating this output as an injection observation.","Prefer outputs with a resolved external input in the same function chain for initial injection tests.","Veh_1_code_info_extio.xml + Veh_1.c: Veh_1_B.VCar_Outport_jud"
"Veh_1.ToVCU.powerCAN_out.SoftBMSDataToBus.BMS_Pack_status.BMS_cold_or_heat_status_ToBus","Double","Power CAN output","Veh_1/ToVCU/powerCAN_out/SoftBMSDataToBus/BMS_Pack_status/BMS_cold_or_heat_status_ToBus","Veh_1_B.VCar_Outport_bhb","<none>","","","","","Parameter/state only","Static generated-C data flow","No external model input was reached. Terminal/unresolved nodes: Veh_1_P.BMS_cold_or_heat_status_Value; Veh_1_P.OvrdVal_Value_jua. Use runtime testing before treating this output as an injection observation.","Prefer outputs with a resolved external input in the same function chain for initial injection tests.","Veh_1_code_info_extio.xml + Veh_1.c: Veh_1_B.VCar_Outport_bhb"
"Veh_1.ToVCU.powerCAN_out.SoftBMSDataToBus.BMS_Pack_status.Bms_num_PLUG_ToBus","Double","Power CAN output","Veh_1/ToVCU/powerCAN_out/SoftBMSDataToBus/BMS_Pack_status/Bms_num_PLUG_ToBus","Veh_1_B.VCar_Outport_btf","<none>","","","","","Parameter/state only","Static generated-C data flow","No external model input was reached. Terminal/unresolved nodes: Veh_1_P.Bms_num_PLUG_Value; Veh_1_P.OvrdVal_Value_lp. Use runtime testing before treating this output as an injection observation.","Prefer outputs with a resolved external input in the same function chain for initial injection tests.","Veh_1_code_info_extio.xml + Veh_1.c: Veh_1_B.VCar_Outport_btf"
"Veh_1.ToVCU.powerCAN_out.SoftBMSDataToBus.BMS_Pack_status.BMS_Pack_status_Counter_ToBus","Double","Power CAN output","Veh_1/ToVCU/powerCAN_out/SoftBMSDataToBus/BMS_Pack_status/BMS_Pack_status_Counter_ToBus","Veh_1_B.VCar_Outport_ks","<none>","","","","","Parameter/state only","Static generated-C data flow","No external model input was reached. Terminal/unresolved nodes: Veh_1_P.BMS_Pack_status_Counter_Value; Veh_1_P.OvrdVal_Value_l2. Use runtime testing before treating this output as an injection observation.","Prefer outputs with a resolved external input in the same function chain for initial injection tests.","Veh_1_code_info_extio.xml + Veh_1.c: Veh_1_B.VCar_Outport_ks"
"Veh_1.ToVCU.powerCAN_out.SoftBMSDataToBus.BMS_Pack_status.BMS_status_blacce_ToBus","Double","Power CAN output","Veh_1/ToVCU/powerCAN_out/SoftBMSDataToBus/BMS_Pack_status/BMS_status_blacce_ToBus","Veh_1_B.VCar_Outport_cjb","<none>","","","","","Parameter/state only","Static generated-C data flow","No external model input was reached. Terminal/unresolved nodes: Veh_1_P.BMS_status_blacce_Value; Veh_1_P.OvrdVal_Value_hza. Use runtime testing before treating this output as an injection observation.","Prefer outputs with a resolved external input in the same function chain for initial injection tests.","Veh_1_code_info_extio.xml + Veh_1.c: Veh_1_B.VCar_Outport_cjb"
"Veh_1.ToVCU.powerCAN_out.SoftBMSDataToBus.BMS_Pack_status.BMS_status_chargerelay_ToBus","Double","Power CAN output","Veh_1/ToVCU/powerCAN_out/SoftBMSDataToBus/BMS_Pack_status/BMS_status_chargerelay_ToBus","Veh_1_B.VCar_Outport_d2","<none>","","","","","Parameter/state only","Static generated-C data flow","No external model input was reached. Terminal/unresolved nodes: Veh_1_P.OvrdVal_Value_oe. Use runtime testing before treating this output as an injection observation.","Prefer outputs with a resolved external input in the same function chain for initial injection tests.","Veh_1_code_info_extio.xml + Veh_1.c: Veh_1_B.VCar_Outport_d2"
"Veh_1.ToVCU.powerCAN_out.SoftBMSDataToBus.BMS_Pack_status_MsgEnable.BMS_Pack_status_MsgDisable","Bool","Power CAN output","Veh_1/ToVCU/powerCAN_out/SoftBMSDataToBus/BMS_Pack_status_MsgEnable/BMS_Pack_status_MsgDisable","Veh_1_B.VCar_Outport_ar","<none>","","","","","Parameter/state only","Static generated-C data flow","No external model input was reached. Terminal/unresolved nodes: Veh_1_P.BMS_MsgEnable_Value; Veh_1_P.BMS_Pack_statusEnableOvrdVal_Va; Veh_1_P.MsgEnable_Value; Veh_1_P.OvrdVal_Value_d3; Veh_1_P.OvrdVal_Value_fwm. Use runtime testing before treating this output as an injection observation.","Prefer outputs with a resolved external input in the same function chain for initial injection tests.","Veh_1_code_info_extio.xml + Veh_1.c: Veh_1_B.VCar_Outport_ar"
"Veh_1.ToVCU.powerCAN_out.SoftBMSDataToBus.BMS_PwrLimit_Chg.BMS_Max_continuous_charge_power_ToBus","Double","Power CAN output","Veh_1/ToVCU/powerCAN_out/SoftBMSDataToBus/BMS_PwrLimit_Chg/BMS_Max_continuous_charge_power_ToBus","Veh_1_B.VCar_Outport_ls","<none>","","","","","Parameter/state only","Static generated-C data flow","No external model input was reached. Terminal/unresolved nodes: Veh_1_P.BMS_Max_continuous_charge_power; Veh_1_P.OvrdVal_Value_jlh. Use runtime testing before treating this output as an injection observation.","Prefer outputs with a resolved external input in the same function chain for initial injection tests.","Veh_1_code_info_extio.xml + Veh_1.c: Veh_1_B.VCar_Outport_ls"
"Veh_1.ToVCU.powerCAN_out.SoftBMSDataToBus.BMS_PwrLimit_Chg.BMS_Max_Instantaneous_Peak_charge_power_ToBus","Double","Power CAN output","Veh_1/ToVCU/powerCAN_out/SoftBMSDataToBus/BMS_PwrLimit_Chg/BMS_Max_Instantaneous_Peak_charge_power_ToBus","Veh_1_B.VCar_Outport_mef","<none>","","","","","Parameter/state only","Static generated-C data flow","No external model input was reached. Terminal/unresolved nodes: Veh_1_DW.DiscreteTimeIntegrator_DSTATE; Veh_1_DW.DiscreteTimeIntegrator2_DSTATE; Veh_1_DW.Memory1_PreviousInput; Veh_1_P.BattChargeCurrent_maxIndex; Veh_1_P.BattPeakChargeCurrent_maxIndex; Veh_1_P.Constant4_Value; Veh_1_P.Gain_Gain; Veh_1_P.Gain1_Gain_e; Veh_1_P.Gain3_Gain; Veh_1_P.K2C_Value; Veh_1_P.OvrdVal_Value_ahm; Veh_1_P.P_BattAmbientTemp_K; Veh_1_P.P_BattChargeCurrent_Data; Veh_1_P.P_BattChargeCurrent_X; Veh_1_P.P_BattChargeCurrent_Y; Veh_1_P.P_BattCharResistance_Data; Veh_1_P.P_BattCharResistance_X; Veh_1_P.P_BattDischResistance_Data; Veh_1_P.P_BattDischResistance_X; Veh_1_P.P_BattMaxCapacity_Ah; Veh_1_P.P_BattPeakChargeCurrent_Data; Veh_1_P.P_BattPeakChargeCurrent_X; Veh_1_P.P_BattPeakChargeCurrent_Y; Veh_1_P.Saturation1_LowerSat; Veh_1_P.Saturation1_UpperSat; Veh_1_P.W2kW2_Gain. Use runtime testing before treating this output as an injection observation.","Prefer outputs with a resolved external input in the same function chain for initial injection tests.","Veh_1_code_info_extio.xml + Veh_1.c: Veh_1_B.VCar_Outport_mef"
"Veh_1.ToVCU.powerCAN_out.SoftBMSDataToBus.BMS_PwrLimit_Chg.BMS_PwrLimit_Chg_Counter_ToBus","Double","Power CAN output","Veh_1/ToVCU/powerCAN_out/SoftBMSDataToBus/BMS_PwrLimit_Chg/BMS_PwrLimit_Chg_Counter_ToBus","Veh_1_B.VCar_Outport_gz","<none>","","","","","Parameter/state only","Static generated-C data flow","No external model input was reached. Terminal/unresolved nodes: Veh_1_P.BMS_PwrLimit_Chg_Counter_Value; Veh_1_P.OvrdVal_Value_hc. Use runtime testing before treating this output as an injection observation.","Prefer outputs with a resolved external input in the same function chain for initial injection tests.","Veh_1_code_info_extio.xml + Veh_1.c: Veh_1_B.VCar_Outport_gz"
"Veh_1.ToVCU.powerCAN_out.SoftBMSDataToBus.BMS_PwrLimit_Chg_MsgEnable.BMS_PwrLimit_Chg_MsgDisable","Bool","Power CAN output","Veh_1/ToVCU/powerCAN_out/SoftBMSDataToBus/BMS_PwrLimit_Chg_MsgEnable/BMS_PwrLimit_Chg_MsgDisable","Veh_1_B.VCar_Outport_fyu","<none>","","","","","Parameter/state only","Static generated-C data flow","No external model input was reached. Terminal/unresolved nodes: Veh_1_P.BMS_MsgEnable_Value; Veh_1_P.BMS_PwrLimit_ChgEnableOvrdVal_V; Veh_1_P.MsgEnable_Value; Veh_1_P.OvrdVal_Value_d3; Veh_1_P.OvrdVal_Value_fwm. Use runtime testing before treating this output as an injection observation.","Prefer outputs with a resolved external input in the same function chain for initial injection tests.","Veh_1_code_info_extio.xml + Veh_1.c: Veh_1_B.VCar_Outport_fyu"
"Veh_1.ToVCU.powerCAN_out.SoftBMSDataToBus.BMS_PwrLimit_DisChg.BMS_10sMaxDischgPwr_ToBus","Double","Power CAN output","Veh_1/ToVCU/powerCAN_out/SoftBMSDataToBus/BMS_PwrLimit_DisChg/BMS_10sMaxDischgPwr_ToBus","Veh_1_B.VCar_Outport_d1u","<none>","","","","","Parameter/state only","Static generated-C data flow","No external model input was reached. Terminal/unresolved nodes: Veh_1_P.BMS_10sMaxDischgPwr_Value; Veh_1_P.OvrdVal_Value_al. Use runtime testing before treating this output as an injection observation.","Prefer outputs with a resolved external input in the same function chain for initial injection tests.","Veh_1_code_info_extio.xml + Veh_1.c: Veh_1_B.VCar_Outport_d1u"
"Veh_1.ToVCU.powerCAN_out.SoftBMSDataToBus.BMS_PwrLimit_DisChg.BMS_30sMaxDischgPwr_ToBus","Double","Power CAN output","Veh_1/ToVCU/powerCAN_out/SoftBMSDataToBus/BMS_PwrLimit_DisChg/BMS_30sMaxDischgPwr_ToBus","Veh_1_B.VCar_Outport_bq","<none>","","","","","Parameter/state only","Static generated-C data flow","No external model input was reached. Terminal/unresolved nodes: Veh_1_P.BMS_30sMaxDischgPwr_Value; Veh_1_P.OvrdVal_Value_aq3. Use runtime testing before treating this output as an injection observation.","Prefer outputs with a resolved external input in the same function chain for initial injection tests.","Veh_1_code_info_extio.xml + Veh_1.c: Veh_1_B.VCar_Outport_bq"
"Veh_1.ToVCU.powerCAN_out.SoftBMSDataToBus.BMS_PwrLimit_DisChg.BMS_MaxContDischgPwr_ToBus","Double","Power CAN output","Veh_1/ToVCU/powerCAN_out/SoftBMSDataToBus/BMS_PwrLimit_DisChg/BMS_MaxContDischgPwr_ToBus","Veh_1_B.VCar_Outport_ceh","<none>","","","","","Parameter/state only","Static generated-C data flow","No external model input was reached. Terminal/unresolved nodes: Veh_1_DW.DiscreteTimeIntegrator_DSTATE; Veh_1_DW.DiscreteTimeIntegrator2_DSTATE; Veh_1_DW.Memory1_PreviousInput; Veh_1_P.BattDischargeCurrent_maxIndex; Veh_1_P.BattPeakDischargeCurrent_maxInd; Veh_1_P.Constant4_Value; Veh_1_P.Gain_Gain; Veh_1_P.Gain1_Gain_c; Veh_1_P.Gain1_Gain_e; Veh_1_P.K2C_Value; Veh_1_P.OvrdVal_Value_e3; Veh_1_P.P_BattAmbientTemp_K; Veh_1_P.P_BattCharResistance_Data; Veh_1_P.P_BattCharResistance_X; Veh_1_P.P_BattDischargeCurrent_Data; Veh_1_P.P_BattDischargeCurrent_X; Veh_1_P.P_BattDischargeCurrent_Y; Veh_1_P.P_BattDischResistance_Data; Veh_1_P.P_BattDischResistance_X; Veh_1_P.P_BattMaxCapacity_Ah; Veh_1_P.P_BattPeakDischargeCurrent_Data; Veh_1_P.P_BattPeakDischargeCurrent_X; Veh_1_P.P_BattPeakDischargeCurrent_Y; Veh_1_P.Saturation1_LowerSat; Veh_1_P.Saturation1_UpperSat; Veh_1_P.W2kW_Gain. Use runtime testing before treating this output as an injection observation.","Prefer outputs with a resolved external input in the same function chain for initial injection tests.","Veh_1_code_info_extio.xml + Veh_1.c: Veh_1_B.VCar_Outport_ceh"
"Veh_1.ToVCU.powerCAN_out.SoftBMSDataToBus.BMS_PwrLimit_DisChg.BMS_PwrLimit_DisChg_Counter_ToBus","Double","Power CAN output","Veh_1/ToVCU/powerCAN_out/SoftBMSDataToBus/BMS_PwrLimit_DisChg/BMS_PwrLimit_DisChg_Counter_ToBus","Veh_1_B.VCar_Outport_kt","<none>","","","","","Parameter/state only","Static generated-C data flow","No external model input was reached. Terminal/unresolved nodes: Veh_1_P.BMS_PwrLimit_DisChg_Counter_Val; Veh_1_P.OvrdVal_Value_a5o. Use runtime testing before treating this output as an injection observation.","Prefer outputs with a resolved external input in the same function chain for initial injection tests.","Veh_1_code_info_extio.xml + Veh_1.c: Veh_1_B.VCar_Outport_kt"
"Veh_1.ToVCU.powerCAN_out.SoftBMSDataToBus.BMS_PwrLimit_DisChg_MsgEnable.BMS_PwrLimit_DisChg_MsgDisable","Bool","Power CAN output","Veh_1/ToVCU/powerCAN_out/SoftBMSDataToBus/BMS_PwrLimit_DisChg_MsgEnable/BMS_PwrLimit_DisChg_MsgDisable","Veh_1_B.VCar_Outport_f4t","<none>","","","","","Parameter/state only","Static generated-C data flow","No external model input was reached. Terminal/unresolved nodes: Veh_1_P.BMS_MsgEnable_Value; Veh_1_P.BMS_PwrLimit_DisChgEnableOvrdVa; Veh_1_P.MsgEnable_Value; Veh_1_P.OvrdVal_Value_d3; Veh_1_P.OvrdVal_Value_fwm. Use runtime testing before treating this output as an injection observation.","Prefer outputs with a resolved external input in the same function chain for initial injection tests.","Veh_1_code_info_extio.xml + Veh_1.c: Veh_1_B.VCar_Outport_f4t"
"Veh_1.ToVCU.powerCAN_out.SoftBMSDataToBus.BMS_Temp.BMS_BattTempAvg_ToBus","Double","Power CAN output","Veh_1/ToVCU/powerCAN_out/SoftBMSDataToBus/BMS_Temp/BMS_BattTempAvg_ToBus","Veh_1_B.VCar_Outport_heq","<none>","","","","","Parameter/state only","Static generated-C data flow","No external model input was reached. Terminal/unresolved nodes: Veh_1_P.BMS_BattTempAvg_Value; Veh_1_P.OvrdVal_Value_pq. Use runtime testing before treating this output as an injection observation.","Prefer outputs with a resolved external input in the same function chain for initial injection tests.","Veh_1_code_info_extio.xml + Veh_1.c: Veh_1_B.VCar_Outport_heq"
"Veh_1.ToVCU.powerCAN_out.SoftBMSDataToBus.BMS_Temp.BMS_Cell_total_ToBus","Double","Power CAN output","Veh_1/ToVCU/powerCAN_out/SoftBMSDataToBus/BMS_Temp/BMS_Cell_total_ToBus","Veh_1_B.VCar_Outport_lq","<none>","","","","","Parameter/state only","Static generated-C data flow","No external model input was reached. Terminal/unresolved nodes: Veh_1_P.BMS_Cell_total_Value; Veh_1_P.OvrdVal_Value_bb1. Use runtime testing before treating this output as an injection observation.","Prefer outputs with a resolved external input in the same function chain for initial injection tests.","Veh_1_code_info_extio.xml + Veh_1.c: Veh_1_B.VCar_Outport_lq"
"Veh_1.ToVCU.powerCAN_out.SoftBMSDataToBus.BMS_Temp.BMS_CellTempMax_Num_ToBus","Double","Power CAN output","Veh_1/ToVCU/powerCAN_out/SoftBMSDataToBus/BMS_Temp/BMS_CellTempMax_Num_ToBus","Veh_1_B.VCar_Outport_pf","<none>","","","","","Parameter/state only","Static generated-C data flow","No external model input was reached. Terminal/unresolved nodes: Veh_1_P.BMS_CellTempMax_Num_Value; Veh_1_P.OvrdVal_Value_d0o. Use runtime testing before treating this output as an injection observation.","Prefer outputs with a resolved external input in the same function chain for initial injection tests.","Veh_1_code_info_extio.xml + Veh_1.c: Veh_1_B.VCar_Outport_pf"
"Veh_1.ToVCU.powerCAN_out.SoftBMSDataToBus.BMS_Temp.BMS_CellTempMax_ToBus","Double","Power CAN output","Veh_1/ToVCU/powerCAN_out/SoftBMSDataToBus/BMS_Temp/BMS_CellTempMax_ToBus","Veh_1_B.VCar_Outport_izn","<none>","","","","","Parameter/state only","Static generated-C data flow","No external model input was reached. Terminal/unresolved nodes: Veh_1_P.BMS_CellTempMax_Value; Veh_1_P.OvrdVal_Value_gi. Use runtime testing before treating this output as an injection observation.","Prefer outputs with a resolved external input in the same function chain for initial injection tests.","Veh_1_code_info_extio.xml + Veh_1.c: Veh_1_B.VCar_Outport_izn"
"Veh_1.ToVCU.powerCAN_out.SoftBMSDataToBus.BMS_Temp.BMS_CellTempMin_Num_ToBus","Double","Power CAN output","Veh_1/ToVCU/powerCAN_out/SoftBMSDataToBus/BMS_Temp/BMS_CellTempMin_Num_ToBus","Veh_1_B.VCar_Outport_i3v","<none>","","","","","Parameter/state only","Static generated-C data flow","No external model input was reached. Terminal/unresolved nodes: Veh_1_P.BMS_CellTempMin_Num_Value; Veh_1_P.OvrdVal_Value_l2x. Use runtime testing before treating this output as an injection observation.","Prefer outputs with a resolved external input in the same function chain for initial injection tests.","Veh_1_code_info_extio.xml + Veh_1.c: Veh_1_B.VCar_Outport_i3v"
"Veh_1.ToVCU.powerCAN_out.SoftBMSDataToBus.BMS_Temp.BMS_CellTempMin_ToBus","Double","Power CAN output","Veh_1/ToVCU/powerCAN_out/SoftBMSDataToBus/BMS_Temp/BMS_CellTempMin_ToBus","Veh_1_B.VCar_Outport_lma","<none>","","","","","Parameter/state only","Static generated-C data flow","No external model input was reached. Terminal/unresolved nodes: Veh_1_P.BMS_CellTempMin_Value; Veh_1_P.OvrdVal_Value_les. Use runtime testing before treating this output as an injection observation.","Prefer outputs with a resolved external input in the same function chain for initial injection tests.","Veh_1_code_info_extio.xml + Veh_1.c: Veh_1_B.VCar_Outport_lma"
"Veh_1.ToVCU.powerCAN_out.SoftBMSDataToBus.BMS_Temp.BMS_Temp_Counter_ToBus","Double","Power CAN output","Veh_1/ToVCU/powerCAN_out/SoftBMSDataToBus/BMS_Temp/BMS_Temp_Counter_ToBus","Veh_1_B.VCar_Outport_hs","<none>","","","","","Parameter/state only","Static generated-C data flow","No external model input was reached. Terminal/unresolved nodes: Veh_1_P.BMS_Temp_Counter_Value; Veh_1_P.OvrdVal_Value_m41. Use runtime testing before treating this output as an injection observation.","Prefer outputs with a resolved external input in the same function chain for initial injection tests.","Veh_1_code_info_extio.xml + Veh_1.c: Veh_1_B.VCar_Outport_hs"
"Veh_1.ToVCU.powerCAN_out.SoftBMSDataToBus.BMS_Temp.BMS_Temp_sensor_total_ToBus","Double","Power CAN output","Veh_1/ToVCU/powerCAN_out/SoftBMSDataToBus/BMS_Temp/BMS_Temp_sensor_total_ToBus","Veh_1_B.VCar_Outport_igj","<none>","","","","","Parameter/state only","Static generated-C data flow","No external model input was reached. Terminal/unresolved nodes: Veh_1_P.BMS_Temp_sensor_total_Value; Veh_1_P.OvrdVal_Value_df. Use runtime testing before treating this output as an injection observation.","Prefer outputs with a resolved external input in the same function chain for initial injection tests.","Veh_1_code_info_extio.xml + Veh_1.c: Veh_1_B.VCar_Outport_igj"
"Veh_1.ToVCU.powerCAN_out.SoftBMSDataToBus.BMS_Temp_MsgEnable.BMS_Temp_MsgDisable","Bool","Power CAN output","Veh_1/ToVCU/powerCAN_out/SoftBMSDataToBus/BMS_Temp_MsgEnable/BMS_Temp_MsgDisable","Veh_1_B.VCar_Outport_die","<none>","","","","","Parameter/state only","Static generated-C data flow","No external model input was reached. Terminal/unresolved nodes: Veh_1_P.BMS_MsgEnable_Value; Veh_1_P.BMS_TempEnableOvrdVal_Value; Veh_1_P.MsgEnable_Value; Veh_1_P.OvrdVal_Value_d3; Veh_1_P.OvrdVal_Value_fwm. Use runtime testing before treating this output as an injection observation.","Prefer outputs with a resolved external input in the same function chain for initial injection tests.","Veh_1_code_info_extio.xml + Veh_1.c: Veh_1_B.VCar_Outport_die"
"Veh_1.ToVCU.powerCAN_out.SoftBMSDataToBus.BMS_TempSensorMsg1.BMS_Sensor_temp_1_ToBus","Double","Power CAN output","Veh_1/ToVCU/powerCAN_out/SoftBMSDataToBus/BMS_TempSensorMsg1/BMS_Sensor_temp_1_ToBus","Veh_1_B.VCar_Outport_kh","<none>","","","","","Parameter/state only","Static generated-C data flow","No external model input was reached. Terminal/unresolved nodes: Veh_1_P.BMS_Sensor_temp_1_Value; Veh_1_P.OvrdVal_Value_ps. Use runtime testing before treating this output as an injection observation.","Prefer outputs with a resolved external input in the same function chain for initial injection tests.","Veh_1_code_info_extio.xml + Veh_1.c: Veh_1_B.VCar_Outport_kh"
"Veh_1.ToVCU.powerCAN_out.SoftBMSDataToBus.BMS_TempSensorMsg1.BMS_Sensor_temp_2_ToBus","Double","Power CAN output","Veh_1/ToVCU/powerCAN_out/SoftBMSDataToBus/BMS_TempSensorMsg1/BMS_Sensor_temp_2_ToBus","Veh_1_B.VCar_Outport_ap","<none>","","","","","Parameter/state only","Static generated-C data flow","No external model input was reached. Terminal/unresolved nodes: Veh_1_P.BMS_Sensor_temp_2_Value; Veh_1_P.OvrdVal_Value_kfh. Use runtime testing before treating this output as an injection observation.","Prefer outputs with a resolved external input in the same function chain for initial injection tests.","Veh_1_code_info_extio.xml + Veh_1.c: Veh_1_B.VCar_Outport_ap"
"Veh_1.ToVCU.powerCAN_out.SoftBMSDataToBus.BMS_TempSensorMsg1.BMS_Sensor_temp_3_ToBus","Double","Power CAN output","Veh_1/ToVCU/powerCAN_out/SoftBMSDataToBus/BMS_TempSensorMsg1/BMS_Sensor_temp_3_ToBus","Veh_1_B.VCar_Outport_is","<none>","","","","","Parameter/state only","Static generated-C data flow","No external model input was reached. Terminal/unresolved nodes: Veh_1_P.BMS_Sensor_temp_3_Value; Veh_1_P.OvrdVal_Value_d1. Use runtime testing before treating this output as an injection observation.","Prefer outputs with a resolved external input in the same function chain for initial injection tests.","Veh_1_code_info_extio.xml + Veh_1.c: Veh_1_B.VCar_Outport_is"
"Veh_1.ToVCU.powerCAN_out.SoftBMSDataToBus.BMS_TempSensorMsg1.BMS_Sensor_temp_4_ToBus","Double","Power CAN output","Veh_1/ToVCU/powerCAN_out/SoftBMSDataToBus/BMS_TempSensorMsg1/BMS_Sensor_temp_4_ToBus","Veh_1_B.VCar_Outport_h1","<none>","","","","","Parameter/state only","Static generated-C data flow","No external model input was reached. Terminal/unresolved nodes: Veh_1_P.BMS_Sensor_temp_4_Value; Veh_1_P.OvrdVal_Value_fd. Use runtime testing before treating this output as an injection observation.","Prefer outputs with a resolved external input in the same function chain for initial injection tests.","Veh_1_code_info_extio.xml + Veh_1.c: Veh_1_B.VCar_Outport_h1"
"Veh_1.ToVCU.powerCAN_out.SoftBMSDataToBus.BMS_TempSensorMsg1.BMS_Sensor_temp_5_ToBus","Double","Power CAN output","Veh_1/ToVCU/powerCAN_out/SoftBMSDataToBus/BMS_TempSensorMsg1/BMS_Sensor_temp_5_ToBus","Veh_1_B.VCar_Outport_lf","<none>","","","","","Parameter/state only","Static generated-C data flow","No external model input was reached. Terminal/unresolved nodes: Veh_1_P.BMS_Sensor_temp_5_Value; Veh_1_P.OvrdVal_Value_pv. Use runtime testing before treating this output as an injection observation.","Prefer outputs with a resolved external input in the same function chain for initial injection tests.","Veh_1_code_info_extio.xml + Veh_1.c: Veh_1_B.VCar_Outport_lf"
"Veh_1.ToVCU.powerCAN_out.SoftBMSDataToBus.BMS_TempSensorMsg1.BMS_Sensor_temp_6_ToBus","Double","Power CAN output","Veh_1/ToVCU/powerCAN_out/SoftBMSDataToBus/BMS_TempSensorMsg1/BMS_Sensor_temp_6_ToBus","Veh_1_B.VCar_Outport_ata","<none>","","","","","Parameter/state only","Static generated-C data flow","No external model input was reached. Terminal/unresolved nodes: Veh_1_P.BMS_Sensor_temp_6_Value; Veh_1_P.OvrdVal_Value_mk4. Use runtime testing before treating this output as an injection observation.","Prefer outputs with a resolved external input in the same function chain for initial injection tests.","Veh_1_code_info_extio.xml + Veh_1.c: Veh_1_B.VCar_Outport_ata"
"Veh_1.ToVCU.powerCAN_out.SoftBMSDataToBus.BMS_TempSensorMsg1.BMS_Sensor_temp_7_ToBus","Double","Power CAN output","Veh_1/ToVCU/powerCAN_out/SoftBMSDataToBus/BMS_TempSensorMsg1/BMS_Sensor_temp_7_ToBus","Veh_1_B.VCar_Outport_b3","<none>","","","","","Parameter/state only","Static generated-C data flow","No external model input was reached. Terminal/unresolved nodes: Veh_1_P.BMS_Sensor_temp_7_Value; Veh_1_P.OvrdVal_Value_ao. Use runtime testing before treating this output as an injection observation.","Prefer outputs with a resolved external input in the same function chain for initial injection tests.","Veh_1_code_info_extio.xml + Veh_1.c: Veh_1_B.VCar_Outport_b3"
"Veh_1.ToVCU.powerCAN_out.SoftBMSDataToBus.BMS_TempSensorMsg1.BMS_TempSensorMsg1_Counter_ToBus","Double","Power CAN output","Veh_1/ToVCU/powerCAN_out/SoftBMSDataToBus/BMS_TempSensorMsg1/BMS_TempSensorMsg1_Counter_ToBus","Veh_1_B.VCar_Outport_pn","<none>","","","","","Parameter/state only","Static generated-C data flow","No external model input was reached. Terminal/unresolved nodes: Veh_1_P.BMS_TempSensorMsg1_Counter_Valu; Veh_1_P.OvrdVal_Value_dm. Use runtime testing before treating this output as an injection observation.","Prefer outputs with a resolved external input in the same function chain for initial injection tests.","Veh_1_code_info_extio.xml + Veh_1.c: Veh_1_B.VCar_Outport_pn"
"Veh_1.ToVCU.powerCAN_out.SoftBMSDataToBus.BMS_TempSensorMsg1_MsgEnable.BMS_TempSensorMsg1_MsgDisable","Bool","Power CAN output","Veh_1/ToVCU/powerCAN_out/SoftBMSDataToBus/BMS_TempSensorMsg1_MsgEnable/BMS_TempSensorMsg1_MsgDisable","Veh_1_B.VCar_Outport_b23","<none>","","","","","Parameter/state only","Static generated-C data flow","No external model input was reached. Terminal/unresolved nodes: Veh_1_P.BMS_MsgEnable_Value; Veh_1_P.BMS_TempSensorMsg1EnableOvrdVal; Veh_1_P.MsgEnable_Value; Veh_1_P.OvrdVal_Value_d3; Veh_1_P.OvrdVal_Value_fwm. Use runtime testing before treating this output as an injection observation.","Prefer outputs with a resolved external input in the same function chain for initial injection tests.","Veh_1_code_info_extio.xml + Veh_1.c: Veh_1_B.VCar_Outport_b23"
"Veh_1.ToVCU.powerCAN_out.SoftBMSDataToBus.BMS_TempSensorMsg2.BMS_Sensor_temp_10_ToBus","Double","Power CAN output","Veh_1/ToVCU/powerCAN_out/SoftBMSDataToBus/BMS_TempSensorMsg2/BMS_Sensor_temp_10_ToBus","Veh_1_B.VCar_Outport_fy","<none>","","","","","Parameter/state only","Static generated-C data flow","No external model input was reached. Terminal/unresolved nodes: Veh_1_P.BMS_Sensor_temp_10_Value; Veh_1_P.OvrdVal_Value_de. Use runtime testing before treating this output as an injection observation.","Prefer outputs with a resolved external input in the same function chain for initial injection tests.","Veh_1_code_info_extio.xml + Veh_1.c: Veh_1_B.VCar_Outport_fy"
"Veh_1.ToVCU.powerCAN_out.SoftBMSDataToBus.BMS_TempSensorMsg2.BMS_Sensor_temp_11_ToBus","Double","Power CAN output","Veh_1/ToVCU/powerCAN_out/SoftBMSDataToBus/BMS_TempSensorMsg2/BMS_Sensor_temp_11_ToBus","Veh_1_B.VCar_Outport_bk2","<none>","","","","","Parameter/state only","Static generated-C data flow","No external model input was reached. Terminal/unresolved nodes: Veh_1_P.BMS_Sensor_temp_11_Value; Veh_1_P.OvrdVal_Value_kg. Use runtime testing before treating this output as an injection observation.","Prefer outputs with a resolved external input in the same function chain for initial injection tests.","Veh_1_code_info_extio.xml + Veh_1.c: Veh_1_B.VCar_Outport_bk2"
"Veh_1.ToVCU.powerCAN_out.SoftBMSDataToBus.BMS_TempSensorMsg2.BMS_Sensor_temp_12_ToBus","Double","Power CAN output","Veh_1/ToVCU/powerCAN_out/SoftBMSDataToBus/BMS_TempSensorMsg2/BMS_Sensor_temp_12_ToBus","Veh_1_B.VCar_Outport_aa","<none>","","","","","Parameter/state only","Static generated-C data flow","No external model input was reached. Terminal/unresolved nodes: Veh_1_P.BMS_Sensor_temp_12_Value; Veh_1_P.OvrdVal_Value_nbv. Use runtime testing before treating this output as an injection observation.","Prefer outputs with a resolved external input in the same function chain for initial injection tests.","Veh_1_code_info_extio.xml + Veh_1.c: Veh_1_B.VCar_Outport_aa"
"Veh_1.ToVCU.powerCAN_out.SoftBMSDataToBus.BMS_TempSensorMsg2.BMS_Sensor_temp_13_ToBus","Double","Power CAN output","Veh_1/ToVCU/powerCAN_out/SoftBMSDataToBus/BMS_TempSensorMsg2/BMS_Sensor_temp_13_ToBus","Veh_1_B.VCar_Outport_fm","<none>","","","","","Parameter/state only","Static generated-C data flow","No external model input was reached. Terminal/unresolved nodes: Veh_1_P.BMS_Sensor_temp_13_Value; Veh_1_P.OvrdVal_Value_or1. Use runtime testing before treating this output as an injection observation.","Prefer outputs with a resolved external input in the same function chain for initial injection tests.","Veh_1_code_info_extio.xml + Veh_1.c: Veh_1_B.VCar_Outport_fm"
"Veh_1.ToVCU.powerCAN_out.SoftBMSDataToBus.BMS_TempSensorMsg2.BMS_Sensor_temp_14_ToBus","Double","Power CAN output","Veh_1/ToVCU/powerCAN_out/SoftBMSDataToBus/BMS_TempSensorMsg2/BMS_Sensor_temp_14_ToBus","Veh_1_B.VCar_Outport_cyp","<none>","","","","","Parameter/state only","Static generated-C data flow","No external model input was reached. Terminal/unresolved nodes: Veh_1_P.BMS_Sensor_temp_14_Value; Veh_1_P.OvrdVal_Value_cr. Use runtime testing before treating this output as an injection observation.","Prefer outputs with a resolved external input in the same function chain for initial injection tests.","Veh_1_code_info_extio.xml + Veh_1.c: Veh_1_B.VCar_Outport_cyp"
"Veh_1.ToVCU.powerCAN_out.SoftBMSDataToBus.BMS_TempSensorMsg2.BMS_Sensor_temp_8_ToBus","Double","Power CAN output","Veh_1/ToVCU/powerCAN_out/SoftBMSDataToBus/BMS_TempSensorMsg2/BMS_Sensor_temp_8_ToBus","Veh_1_B.VCar_Outport_lmz","<none>","","","","","Parameter/state only","Static generated-C data flow","No external model input was reached. Terminal/unresolved nodes: Veh_1_P.BMS_Sensor_temp_8_Value; Veh_1_P.OvrdVal_Value_lx. Use runtime testing before treating this output as an injection observation.","Prefer outputs with a resolved external input in the same function chain for initial injection tests.","Veh_1_code_info_extio.xml + Veh_1.c: Veh_1_B.VCar_Outport_lmz"
"Veh_1.ToVCU.powerCAN_out.SoftBMSDataToBus.BMS_TempSensorMsg2.BMS_Sensor_temp_9_ToBus","Double","Power CAN output","Veh_1/ToVCU/powerCAN_out/SoftBMSDataToBus/BMS_TempSensorMsg2/BMS_Sensor_temp_9_ToBus","Veh_1_B.VCar_Outport_o5m","<none>","","","","","Parameter/state only","Static generated-C data flow","No external model input was reached. Terminal/unresolved nodes: Veh_1_P.BMS_Sensor_temp_9_Value; Veh_1_P.OvrdVal_Value_l3. Use runtime testing before treating this output as an injection observation.","Prefer outputs with a resolved external input in the same function chain for initial injection tests.","Veh_1_code_info_extio.xml + Veh_1.c: Veh_1_B.VCar_Outport_o5m"
"Veh_1.ToVCU.powerCAN_out.SoftBMSDataToBus.BMS_TempSensorMsg2.BMS_TempSensorMsg2_Counter_ToBus","Double","Power CAN output","Veh_1/ToVCU/powerCAN_out/SoftBMSDataToBus/BMS_TempSensorMsg2/BMS_TempSensorMsg2_Counter_ToBus","Veh_1_B.VCar_Outport_cf","<none>","","","","","Parameter/state only","Static generated-C data flow","No external model input was reached. Terminal/unresolved nodes: Veh_1_P.BMS_TempSensorMsg2_Counter_Valu; Veh_1_P.OvrdVal_Value_an. Use runtime testing before treating this output as an injection observation.","Prefer outputs with a resolved external input in the same function chain for initial injection tests.","Veh_1_code_info_extio.xml + Veh_1.c: Veh_1_B.VCar_Outport_cf"
"Veh_1.ToVCU.powerCAN_out.SoftBMSDataToBus.BMS_TempSensorMsg2_MsgEnable.BMS_TempSensorMsg2_MsgDisable","Bool","Power CAN output","Veh_1/ToVCU/powerCAN_out/SoftBMSDataToBus/BMS_TempSensorMsg2_MsgEnable/BMS_TempSensorMsg2_MsgDisable","Veh_1_B.VCar_Outport_j11","<none>","","","","","Parameter/state only","Static generated-C data flow","No external model input was reached. Terminal/unresolved nodes: Veh_1_P.BMS_MsgEnable_Value; Veh_1_P.BMS_TempSensorMsg2EnableOvrdVal; Veh_1_P.MsgEnable_Value; Veh_1_P.OvrdVal_Value_d3; Veh_1_P.OvrdVal_Value_fwm. Use runtime testing before treating this output as an injection observation.","Prefer outputs with a resolved external input in the same function chain for initial injection tests.","Veh_1_code_info_extio.xml + Veh_1.c: Veh_1_B.VCar_Outport_j11"
"Veh_1.ToVCU.powerCAN_out.SoftBMSDataToBus.BMS_WarningMsg.BMS_Battery_NOT_matching_ToBus","Double","Power CAN output","Veh_1/ToVCU/powerCAN_out/SoftBMSDataToBus/BMS_WarningMsg/BMS_Battery_NOT_matching_ToBus","Veh_1_B.VCar_Outport_npg","<none>","","","","","Parameter/state only","Static generated-C data flow","No external model input was reached. Terminal/unresolved nodes: Veh_1_P.BMS_Battery_NOT_matching_Value; Veh_1_P.OvrdVal_Value_csc. Use runtime testing before treating this output as an injection observation.","Prefer outputs with a resolved external input in the same function chain for initial injection tests.","Veh_1_code_info_extio.xml + Veh_1.c: Veh_1_B.VCar_Outport_npg"
"Veh_1.ToVCU.powerCAN_out.SoftBMSDataToBus.BMS_WarningMsg.BMS_SOC_Break_1_ToBus","Double","Power CAN output","Veh_1/ToVCU/powerCAN_out/SoftBMSDataToBus/BMS_WarningMsg/BMS_SOC_Break_1_ToBus","Veh_1_B.VCar_Outport_dg4","<none>","","","","","Parameter/state only","Static generated-C data flow","No external model input was reached. Terminal/unresolved nodes: Veh_1_P.BMS_SOC_Break_1_Value; Veh_1_P.OvrdVal_Value_ke. Use runtime testing before treating this output as an injection observation.","Prefer outputs with a resolved external input in the same function chain for initial injection tests.","Veh_1_code_info_extio.xml + Veh_1.c: Veh_1_B.VCar_Outport_dg4"
"Veh_1.ToVCU.powerCAN_out.SoftBMSDataToBus.BMS_WarningMsg.BMS_SOC_too_High_ToBus","Double","Power CAN output","Veh_1/ToVCU/powerCAN_out/SoftBMSDataToBus/BMS_WarningMsg/BMS_SOC_too_High_ToBus","Veh_1_B.VCar_Outport_iiw","<none>","","","","","Parameter/state only","Static generated-C data flow","No external model input was reached. Terminal/unresolved nodes: Veh_1_P.BMS_SOC_too_High_Value; Veh_1_P.OvrdVal_Value_k5m. Use runtime testing before treating this output as an injection observation.","Prefer outputs with a resolved external input in the same function chain for initial injection tests.","Veh_1_code_info_extio.xml + Veh_1.c: Veh_1_B.VCar_Outport_iiw"
"Veh_1.ToVCU.powerCAN_out.SoftBMSDataToBus.BMS_WarningMsg.BMS_War_cellOverVoltage_3_ToBus","Double","Power CAN output","Veh_1/ToVCU/powerCAN_out/SoftBMSDataToBus/BMS_WarningMsg/BMS_War_cellOverVoltage_3_ToBus","Veh_1_B.VCar_Outport_ju5","<none>","","","","","Parameter/state only","Static generated-C data flow","No external model input was reached. Terminal/unresolved nodes: Veh_1_P.BMS_War_cellOverVoltage_3_Value; Veh_1_P.OvrdVal_Value_i3g. Use runtime testing before treating this output as an injection observation.","Prefer outputs with a resolved external input in the same function chain for initial injection tests.","Veh_1_code_info_extio.xml + Veh_1.c: Veh_1_B.VCar_Outport_ju5"
"Veh_1.ToVCU.powerCAN_out.SoftBMSDataToBus.BMS_WarningMsg.BMS_War_cellOverVoltage_4_ToBus","Double","Power CAN output","Veh_1/ToVCU/powerCAN_out/SoftBMSDataToBus/BMS_WarningMsg/BMS_War_cellOverVoltage_4_ToBus","Veh_1_B.VCar_Outport_f4","<none>","","","","","Parameter/state only","Static generated-C data flow","No external model input was reached. Terminal/unresolved nodes: Veh_1_P.BMS_War_cellOverVoltage_4_Value; Veh_1_P.OvrdVal_Value_id5. Use runtime testing before treating this output as an injection observation.","Prefer outputs with a resolved external input in the same function chain for initial injection tests.","Veh_1_code_info_extio.xml + Veh_1.c: Veh_1_B.VCar_Outport_f4"
"Veh_1.ToVCU.powerCAN_out.SoftBMSDataToBus.BMS_WarningMsg.BMS_War_cellUnderVoltage_2_ToBus","Double","Power CAN output","Veh_1/ToVCU/powerCAN_out/SoftBMSDataToBus/BMS_WarningMsg/BMS_War_cellUnderVoltage_2_ToBus","Veh_1_B.VCar_Outport_md","<none>","","","","","Parameter/state only","Static generated-C data flow","No external model input was reached. Terminal/unresolved nodes: Veh_1_P.BMS_War_cellUnderVoltage_2_Valu; Veh_1_P.OvrdVal_Value_b5q. Use runtime testing before treating this output as an injection observation.","Prefer outputs with a resolved external input in the same function chain for initial injection tests.","Veh_1_code_info_extio.xml + Veh_1.c: Veh_1_B.VCar_Outport_md"
"Veh_1.ToVCU.powerCAN_out.SoftBMSDataToBus.BMS_WarningMsg.BMS_War_cellUnderVoltage_3_ToBus","Double","Power CAN output","Veh_1/ToVCU/powerCAN_out/SoftBMSDataToBus/BMS_WarningMsg/BMS_War_cellUnderVoltage_3_ToBus","Veh_1_B.VCar_Outport_gz0","<none>","","","","","Parameter/state only","Static generated-C data flow","No external model input was reached. Terminal/unresolved nodes: Veh_1_P.BMS_War_cellUnderVoltage_3_Valu; Veh_1_P.OvrdVal_Value_il. Use runtime testing before treating this output as an injection observation.","Prefer outputs with a resolved external input in the same function chain for initial injection tests.","Veh_1_code_info_extio.xml + Veh_1.c: Veh_1_B.VCar_Outport_gz0"
"Veh_1.ToVCU.powerCAN_out.SoftBMSDataToBus.BMS_WarningMsg.BMS_War_cellUnderVoltage_4_ToBus","Double","Power CAN output","Veh_1/ToVCU/powerCAN_out/SoftBMSDataToBus/BMS_WarningMsg/BMS_War_cellUnderVoltage_4_ToBus","Veh_1_B.VCar_Outport_p1n","<none>","","","","","Parameter/state only","Static generated-C data flow","No external model input was reached. Terminal/unresolved nodes: Veh_1_P.BMS_War_cellUnderVoltage_4_Valu; Veh_1_P.OvrdVal_Value_ouc. Use runtime testing before treating this output as an injection observation.","Prefer outputs with a resolved external input in the same function chain for initial injection tests.","Veh_1_code_info_extio.xml + Veh_1.c: Veh_1_B.VCar_Outport_p1n"
"Veh_1.ToVCU.powerCAN_out.SoftBMSDataToBus.BMS_WarningMsg.BMS_War_cellUnderVoltage_chg_4_ToBus","Double","Power CAN output","Veh_1/ToVCU/powerCAN_out/SoftBMSDataToBus/BMS_WarningMsg/BMS_War_cellUnderVoltage_chg_4_ToBus","Veh_1_B.VCar_Outport_aoq","<none>","","","","","Parameter/state only","Static generated-C data flow","No external model input was reached. Terminal/unresolved nodes: Veh_1_P.BMS_War_cellUnderVoltage_chg_4_; Veh_1_P.OvrdVal_Value_ds. Use runtime testing before treating this output as an injection observation.","Prefer outputs with a resolved external input in the same function chain for initial injection tests.","Veh_1_code_info_extio.xml + Veh_1.c: Veh_1_B.VCar_Outport_aoq"
"Veh_1.ToVCU.powerCAN_out.SoftBMSDataToBus.BMS_WarningMsg.BMS_War_chg_Overcurrent_3_ToBus","Double","Power CAN output","Veh_1/ToVCU/powerCAN_out/SoftBMSDataToBus/BMS_WarningMsg/BMS_War_chg_Overcurrent_3_ToBus","Veh_1_B.VCar_Outport_kf","<none>","","","","","Parameter/state only","Static generated-C data flow","No external model input was reached. Terminal/unresolved nodes: Veh_1_P.BMS_War_chg_Overcurrent_3_Value; Veh_1_P.OvrdVal_Value_hp. Use runtime testing before treating this output as an injection observation.","Prefer outputs with a resolved external input in the same function chain for initial injection tests.","Veh_1_code_info_extio.xml + Veh_1.c: Veh_1_B.VCar_Outport_kf"
"Veh_1.ToVCU.powerCAN_out.SoftBMSDataToBus.BMS_WarningMsg.BMS_War_chg_Overcurrent_4_ToBus","Double","Power CAN output","Veh_1/ToVCU/powerCAN_out/SoftBMSDataToBus/BMS_WarningMsg/BMS_War_chg_Overcurrent_4_ToBus","Veh_1_B.VCar_Outport_lfc","<none>","","","","","Parameter/state only","Static generated-C data flow","No external model input was reached. Terminal/unresolved nodes: Veh_1_P.BMS_War_chg_Overcurrent_4_Value; Veh_1_P.OvrdVal_Value_bg. Use runtime testing before treating this output as an injection observation.","Prefer outputs with a resolved external input in the same function chain for initial injection tests.","Veh_1_code_info_extio.xml + Veh_1.c: Veh_1_B.VCar_Outport_lfc"
"Veh_1.ToVCU.powerCAN_out.SoftBMSDataToBus.BMS_WarningMsg.BMS_War_crash_level_4_ToBus","Double","Power CAN output","Veh_1/ToVCU/powerCAN_out/SoftBMSDataToBus/BMS_WarningMsg/BMS_War_crash_level_4_ToBus","Veh_1_B.VCar_Outport_khv","<none>","","","","","Parameter/state only","Static generated-C data flow","No external model input was reached. Terminal/unresolved nodes: Veh_1_P.BMS_War_crash_level_4_Value; Veh_1_P.OvrdVal_Value_lq. Use runtime testing before treating this output as an injection observation.","Prefer outputs with a resolved external input in the same function chain for initial injection tests.","Veh_1_code_info_extio.xml + Veh_1.c: Veh_1_B.VCar_Outport_khv"
"Veh_1.ToVCU.powerCAN_out.SoftBMSDataToBus.BMS_WarningMsg.BMS_War_dischg_Overcurrent_2_ToBus","Double","Power CAN output","Veh_1/ToVCU/powerCAN_out/SoftBMSDataToBus/BMS_WarningMsg/BMS_War_dischg_Overcurrent_2_ToBus","Veh_1_B.VCar_Outport_im","<none>","","","","","Parameter/state only","Static generated-C data flow","No external model input was reached. Terminal/unresolved nodes: Veh_1_P.BMS_War_dischg_Overcurrent_2_Va; Veh_1_P.OvrdVal_Value_hwc. Use runtime testing before treating this output as an injection observation.","Prefer outputs with a resolved external input in the same function chain for initial injection tests.","Veh_1_code_info_extio.xml + Veh_1.c: Veh_1_B.VCar_Outport_im"
"Veh_1.ToVCU.powerCAN_out.SoftBMSDataToBus.BMS_WarningMsg.BMS_War_dischg_Overcurrent_3_ToBus","Double","Power CAN output","Veh_1/ToVCU/powerCAN_out/SoftBMSDataToBus/BMS_WarningMsg/BMS_War_dischg_Overcurrent_3_ToBus","Veh_1_B.VCar_Outport_bf2","<none>","","","","","Parameter/state only","Static generated-C data flow","No external model input was reached. Terminal/unresolved nodes: Veh_1_P.BMS_War_dischg_Overcurrent_3_Va; Veh_1_P.OvrdVal_Value_ej. Use runtime testing before treating this output as an injection observation.","Prefer outputs with a resolved external input in the same function chain for initial injection tests.","Veh_1_code_info_extio.xml + Veh_1.c: Veh_1_B.VCar_Outport_bf2"
"Veh_1.ToVCU.powerCAN_out.SoftBMSDataToBus.BMS_WarningMsg.BMS_War_heating_fault_4_ToBus","Double","Power CAN output","Veh_1/ToVCU/powerCAN_out/SoftBMSDataToBus/BMS_WarningMsg/BMS_War_heating_fault_4_ToBus","Veh_1_B.VCar_Outport_mht","<none>","","","","","Parameter/state only","Static generated-C data flow","No external model input was reached. Terminal/unresolved nodes: Veh_1_P.BMS_War_heating_fault_4_Value; Veh_1_P.OvrdVal_Value_kv. Use runtime testing before treating this output as an injection observation.","Prefer outputs with a resolved external input in the same function chain for initial injection tests.","Veh_1_code_info_extio.xml + Veh_1.c: Veh_1_B.VCar_Outport_mht"
"Veh_1.ToVCU.powerCAN_out.SoftBMSDataToBus.BMS_WarningMsg.BMS_War_heating_film_HingTemp_4_ToBus","Double","Power CAN output","Veh_1/ToVCU/powerCAN_out/SoftBMSDataToBus/BMS_WarningMsg/BMS_War_heating_film_HingTemp_4_ToBus","Veh_1_B.VCar_Outport_l1","<none>","","","","","Parameter/state only","Static generated-C data flow","No external model input was reached. Terminal/unresolved nodes: Veh_1_P.BMS_War_heating_film_HingTemp_4; Veh_1_P.OvrdVal_Value_m2. Use runtime testing before treating this output as an injection observation.","Prefer outputs with a resolved external input in the same function chain for initial injection tests.","Veh_1_code_info_extio.xml + Veh_1.c: Veh_1_B.VCar_Outport_l1"
"Veh_1.ToVCU.powerCAN_out.SoftBMSDataToBus.BMS_WarningMsg.BMS_War_heating_rate_Too_high_4_ToBus","Double","Power CAN output","Veh_1/ToVCU/powerCAN_out/SoftBMSDataToBus/BMS_WarningMsg/BMS_War_heating_rate_Too_high_4_ToBus","Veh_1_B.VCar_Outport_fu","<none>","","","","","Parameter/state only","Static generated-C data flow","No external model input was reached. Terminal/unresolved nodes: Veh_1_P.BMS_War_heating_rate_Too_high_4; Veh_1_P.OvrdVal_Value_c3h. Use runtime testing before treating this output as an injection observation.","Prefer outputs with a resolved external input in the same function chain for initial injection tests.","Veh_1_code_info_extio.xml + Veh_1.c: Veh_1_B.VCar_Outport_fu"
"Veh_1.ToVCU.powerCAN_out.SoftBMSDataToBus.BMS_WarningMsg.BMS_War_heating_rate_Too_high_ToBus","Double","Power CAN output","Veh_1/ToVCU/powerCAN_out/SoftBMSDataToBus/BMS_WarningMsg/BMS_War_heating_rate_Too_high_ToBus","Veh_1_B.VCar_Outport_fk","<none>","","","","","Parameter/state only","Static generated-C data flow","No external model input was reached. Terminal/unresolved nodes: Veh_1_P.BMS_War_heating_rate_Too_high_V; Veh_1_P.OvrdVal_Value_gr. Use runtime testing before treating this output as an injection observation.","Prefer outputs with a resolved external input in the same function chain for initial injection tests.","Veh_1_code_info_extio.xml + Veh_1.c: Veh_1_B.VCar_Outport_fk"
"Veh_1.ToVCU.powerCAN_out.SoftBMSDataToBus.BMS_WarningMsg.BMS_War_HingTemp_2_ToBus","Double","Power CAN output","Veh_1/ToVCU/powerCAN_out/SoftBMSDataToBus/BMS_WarningMsg/BMS_War_HingTemp_2_ToBus","Veh_1_B.VCar_Outport_py","<none>","","","","","Parameter/state only","Static generated-C data flow","No external model input was reached. Terminal/unresolved nodes: Veh_1_P.BMS_War_HingTemp_2_Value; Veh_1_P.OvrdVal_Value_pt. Use runtime testing before treating this output as an injection observation.","Prefer outputs with a resolved external input in the same function chain for initial injection tests.","Veh_1_code_info_extio.xml + Veh_1.c: Veh_1_B.VCar_Outport_py"
"Veh_1.ToVCU.powerCAN_out.SoftBMSDataToBus.BMS_WarningMsg.BMS_War_HingTemp_3_ToBus","Double","Power CAN output","Veh_1/ToVCU/powerCAN_out/SoftBMSDataToBus/BMS_WarningMsg/BMS_War_HingTemp_3_ToBus","Veh_1_B.VCar_Outport_n3","<none>","","","","","Parameter/state only","Static generated-C data flow","No external model input was reached. Terminal/unresolved nodes: Veh_1_P.BMS_War_HingTemp_3_Value; Veh_1_P.OvrdVal_Value_hg0. Use runtime testing before treating this output as an injection observation.","Prefer outputs with a resolved external input in the same function chain for initial injection tests.","Veh_1_code_info_extio.xml + Veh_1.c: Veh_1_B.VCar_Outport_n3"
"Veh_1.ToVCU.powerCAN_out.SoftBMSDataToBus.BMS_WarningMsg.BMS_War_HingTemp_4_ToBus","Double","Power CAN output","Veh_1/ToVCU/powerCAN_out/SoftBMSDataToBus/BMS_WarningMsg/BMS_War_HingTemp_4_ToBus","Veh_1_B.VCar_Outport_eao","<none>","","","","","Parameter/state only","Static generated-C data flow","No external model input was reached. Terminal/unresolved nodes: Veh_1_P.BMS_War_HingTemp_4_Value; Veh_1_P.OvrdVal_Value_ohl. Use runtime testing before treating this output as an injection observation.","Prefer outputs with a resolved external input in the same function chain for initial injection tests.","Veh_1_code_info_extio.xml + Veh_1.c: Veh_1_B.VCar_Outport_eao"
"Veh_1.ToVCU.powerCAN_out.SoftBMSDataToBus.BMS_WarningMsg.BMS_War_HVIL_fault_ToBus","Double","Power CAN output","Veh_1/ToVCU/powerCAN_out/SoftBMSDataToBus/BMS_WarningMsg/BMS_War_HVIL_fault_ToBus","Veh_1_B.VCar_Outport_hf","<none>","","","","","Parameter/state only","Static generated-C data flow","No external model input was reached. Terminal/unresolved nodes: Veh_1_P.BMS_War_HVIL_fault_Value; Veh_1_P.OvrdVal_Value_cey. Use runtime testing before treating this output as an injection observation.","Prefer outputs with a resolved external input in the same function chain for initial injection tests.","Veh_1_code_info_extio.xml + Veh_1.c: Veh_1_B.VCar_Outport_hf"
"Veh_1.ToVCU.powerCAN_out.SoftBMSDataToBus.BMS_WarningMsg.BMS_War_InsulationRes_TooLOW_2_ToBus","Double","Power CAN output","Veh_1/ToVCU/powerCAN_out/SoftBMSDataToBus/BMS_WarningMsg/BMS_War_InsulationRes_TooLOW_2_ToBus","Veh_1_B.VCar_Outport_evh","<none>","","","","","Parameter/state only","Static generated-C data flow","No external model input was reached. Terminal/unresolved nodes: Veh_1_P.BMS_War_InsulationRes_TooLOW_2_; Veh_1_P.OvrdVal_Value_dyk. Use runtime testing before treating this output as an injection observation.","Prefer outputs with a resolved external input in the same function chain for initial injection tests.","Veh_1_code_info_extio.xml + Veh_1.c: Veh_1_B.VCar_Outport_evh"
"Veh_1.ToVCU.powerCAN_out.SoftBMSDataToBus.BMS_WarningMsg.BMS_War_InsulationRes_TooLOW_4_ToBus","Double","Power CAN output","Veh_1/ToVCU/powerCAN_out/SoftBMSDataToBus/BMS_WarningMsg/BMS_War_InsulationRes_TooLOW_4_ToBus","Veh_1_B.VCar_Outport_ha","<none>","","","","","Parameter/state only","Static generated-C data flow","No external model input was reached. Terminal/unresolved nodes: Veh_1_P.BMS_War_InsulationRes_TooLOW_4_; Veh_1_P.OvrdVal_Value_nvn. Use runtime testing before treating this output as an injection observation.","Prefer outputs with a resolved external input in the same function chain for initial injection tests.","Veh_1_code_info_extio.xml + Veh_1.c: Veh_1_B.VCar_Outport_ha"
"Veh_1.ToVCU.powerCAN_out.SoftBMSDataToBus.BMS_WarningMsg.BMS_War_LowTemp_2_ToBus","Double","Power CAN output","Veh_1/ToVCU/powerCAN_out/SoftBMSDataToBus/BMS_WarningMsg/BMS_War_LowTemp_2_ToBus","Veh_1_B.VCar_Outport_pve","<none>","","","","","Parameter/state only","Static generated-C data flow","No external model input was reached. Terminal/unresolved nodes: Veh_1_P.BMS_War_LowTemp_2_Value; Veh_1_P.OvrdVal_Value_hb. Use runtime testing before treating this output as an injection observation.","Prefer outputs with a resolved external input in the same function chain for initial injection tests.","Veh_1_code_info_extio.xml + Veh_1.c: Veh_1_B.VCar_Outport_pve"
"Veh_1.ToVCU.powerCAN_out.SoftBMSDataToBus.BMS_WarningMsg.BMS_War_LowTemp_3_ToBus","Double","Power CAN output","Veh_1/ToVCU/powerCAN_out/SoftBMSDataToBus/BMS_WarningMsg/BMS_War_LowTemp_3_ToBus","Veh_1_B.VCar_Outport_kw5","<none>","","","","","Parameter/state only","Static generated-C data flow","No external model input was reached. Terminal/unresolved nodes: Veh_1_P.BMS_War_LowTemp_3_Value; Veh_1_P.OvrdVal_Value_dgh. Use runtime testing before treating this output as an injection observation.","Prefer outputs with a resolved external input in the same function chain for initial injection tests.","Veh_1_code_info_extio.xml + Veh_1.c: Veh_1_B.VCar_Outport_kw5"
"Veh_1.ToVCU.powerCAN_out.SoftBMSDataToBus.BMS_WarningMsg.BMS_War_neg_rly_conglutination_3_ToBus","Double","Power CAN output","Veh_1/ToVCU/powerCAN_out/SoftBMSDataToBus/BMS_WarningMsg/BMS_War_neg_rly_conglutination_3_ToBus","Veh_1_B.VCar_Outport_kf4","<none>","","","","","Parameter/state only","Static generated-C data flow","No external model input was reached. Terminal/unresolved nodes: Veh_1_P.BMS_War_neg_rly_conglutination_; Veh_1_P.OvrdVal_Value_hd. Use runtime testing before treating this output as an injection observation.","Prefer outputs with a resolved external input in the same function chain for initial injection tests.","Veh_1_code_info_extio.xml + Veh_1.c: Veh_1_B.VCar_Outport_kf4"
"Veh_1.ToVCU.powerCAN_out.SoftBMSDataToBus.BMS_WarningMsg.BMS_War_neg_rly_not_attracting_3_ToBus","Double","Power CAN output","Veh_1/ToVCU/powerCAN_out/SoftBMSDataToBus/BMS_WarningMsg/BMS_War_neg_rly_not_attracting_3_ToBus","Veh_1_B.VCar_Outport_fwf","<none>","","","","","Parameter/state only","Static generated-C data flow","No external model input was reached. Terminal/unresolved nodes: Veh_1_P.BMS_War_neg_rly_not_attracting_; Veh_1_P.OvrdVal_Value_hzz. Use runtime testing before treating this output as an injection observation.","Prefer outputs with a resolved external input in the same function chain for initial injection tests.","Veh_1_code_info_extio.xml + Veh_1.c: Veh_1_B.VCar_Outport_fwf"
"Veh_1.ToVCU.powerCAN_out.SoftBMSDataToBus.BMS_WarningMsg.BMS_War_OBC_communication_flt_3_ToBus","Double","Power CAN output","Veh_1/ToVCU/powerCAN_out/SoftBMSDataToBus/BMS_WarningMsg/BMS_War_OBC_communication_flt_3_ToBus","Veh_1_B.VCar_Outport_fj","<none>","","","","","Parameter/state only","Static generated-C data flow","No external model input was reached. Terminal/unresolved nodes: Veh_1_P.BMS_War_OBC_communication_flt_3; Veh_1_P.OvrdVal_Value_dmg. Use runtime testing before treating this output as an injection observation.","Prefer outputs with a resolved external input in the same function chain for initial injection tests.","Veh_1_code_info_extio.xml + Veh_1.c: Veh_1_B.VCar_Outport_fj"
"Veh_1.ToVCU.powerCAN_out.SoftBMSDataToBus.BMS_WarningMsg.BMS_War_Packconsistency_ToBus","Double","Power CAN output","Veh_1/ToVCU/powerCAN_out/SoftBMSDataToBus/BMS_WarningMsg/BMS_War_Packconsistency_ToBus","Veh_1_B.VCar_Outport_cp","<none>","","","","","Parameter/state only","Static generated-C data flow","No external model input was reached. Terminal/unresolved nodes: Veh_1_P.BMS_War_Packconsistency_Value; Veh_1_P.OvrdVal_Value_abr. Use runtime testing before treating this output as an injection observation.","Prefer outputs with a resolved external input in the same function chain for initial injection tests.","Veh_1_code_info_extio.xml + Veh_1.c: Veh_1_B.VCar_Outport_cp"
"Veh_1.ToVCU.powerCAN_out.SoftBMSDataToBus.BMS_WarningMsg.BMS_War_PackOverVoltage_3_ToBus","Double","Power CAN output","Veh_1/ToVCU/powerCAN_out/SoftBMSDataToBus/BMS_WarningMsg/BMS_War_PackOverVoltage_3_ToBus","Veh_1_B.VCar_Outport_cn","<none>","","","","","Parameter/state only","Static generated-C data flow","No external model input was reached. Terminal/unresolved nodes: Veh_1_P.BMS_War_PackOverVoltage_3_Value; Veh_1_P.OvrdVal_Value_hwg. Use runtime testing before treating this output as an injection observation.","Prefer outputs with a resolved external input in the same function chain for initial injection tests.","Veh_1_code_info_extio.xml + Veh_1.c: Veh_1_B.VCar_Outport_cn"
"Veh_1.ToVCU.powerCAN_out.SoftBMSDataToBus.BMS_WarningMsg.BMS_War_PackOverVoltage_4_ToBus","Double","Power CAN output","Veh_1/ToVCU/powerCAN_out/SoftBMSDataToBus/BMS_WarningMsg/BMS_War_PackOverVoltage_4_ToBus","Veh_1_B.VCar_Outport_bu","<none>","","","","","Parameter/state only","Static generated-C data flow","No external model input was reached. Terminal/unresolved nodes: Veh_1_P.BMS_War_PackOverVoltage_4_Value; Veh_1_P.OvrdVal_Value_ew. Use runtime testing before treating this output as an injection observation.","Prefer outputs with a resolved external input in the same function chain for initial injection tests.","Veh_1_code_info_extio.xml + Veh_1.c: Veh_1_B.VCar_Outport_bu"
"Veh_1.ToVCU.powerCAN_out.SoftBMSDataToBus.BMS_WarningMsg.BMS_War_PackUnderVoltage_2_ToBus","Double","Power CAN output","Veh_1/ToVCU/powerCAN_out/SoftBMSDataToBus/BMS_WarningMsg/BMS_War_PackUnderVoltage_2_ToBus","Veh_1_B.VCar_Outport_bj","<none>","","","","","Parameter/state only","Static generated-C data flow","No external model input was reached. Terminal/unresolved nodes: Veh_1_P.BMS_War_PackUnderVoltage_2_Valu; Veh_1_P.OvrdVal_Value_c0l. Use runtime testing before treating this output as an injection observation.","Prefer outputs with a resolved external input in the same function chain for initial injection tests.","Veh_1_code_info_extio.xml + Veh_1.c: Veh_1_B.VCar_Outport_bj"
"Veh_1.ToVCU.powerCAN_out.SoftBMSDataToBus.BMS_WarningMsg.BMS_War_PackUnderVoltage_3_ToBus","Double","Power CAN output","Veh_1/ToVCU/powerCAN_out/SoftBMSDataToBus/BMS_WarningMsg/BMS_War_PackUnderVoltage_3_ToBus","Veh_1_B.VCar_Outport_prq","<none>","","","","","Parameter/state only","Static generated-C data flow","No external model input was reached. Terminal/unresolved nodes: Veh_1_P.BMS_War_PackUnderVoltage_3_Valu; Veh_1_P.OvrdVal_Value_h0. Use runtime testing before treating this output as an injection observation.","Prefer outputs with a resolved external input in the same function chain for initial injection tests.","Veh_1_code_info_extio.xml + Veh_1.c: Veh_1_B.VCar_Outport_prq"
"Veh_1.ToVCU.powerCAN_out.SoftBMSDataToBus.BMS_WarningMsg.BMS_War_PackUnderVoltage_4_ToBus","Double","Power CAN output","Veh_1/ToVCU/powerCAN_out/SoftBMSDataToBus/BMS_WarningMsg/BMS_War_PackUnderVoltage_4_ToBus","Veh_1_B.VCar_Outport_phq","<none>","","","","","Parameter/state only","Static generated-C data flow","No external model input was reached. Terminal/unresolved nodes: Veh_1_P.BMS_War_PackUnderVoltage_4_Valu; Veh_1_P.OvrdVal_Value_he. Use runtime testing before treating this output as an injection observation.","Prefer outputs with a resolved external input in the same function chain for initial injection tests.","Veh_1_code_info_extio.xml + Veh_1.c: Veh_1_B.VCar_Outport_phq"
"Veh_1.ToVCU.powerCAN_out.SoftBMSDataToBus.BMS_WarningMsg.BMS_War_PackUnderVoltage_chg_4_ToBus","Double","Power CAN output","Veh_1/ToVCU/powerCAN_out/SoftBMSDataToBus/BMS_WarningMsg/BMS_War_PackUnderVoltage_chg_4_ToBus","Veh_1_B.VCar_Outport_dy","<none>","","","","","Parameter/state only","Static generated-C data flow","No external model input was reached. Terminal/unresolved nodes: Veh_1_P.BMS_War_PackUnderVoltage_chg_4_; Veh_1_P.OvrdVal_Value_fdh. Use runtime testing before treating this output as an injection observation.","Prefer outputs with a resolved external input in the same function chain for initial injection tests.","Veh_1_code_info_extio.xml + Veh_1.c: Veh_1_B.VCar_Outport_dy"
"Veh_1.ToVCU.powerCAN_out.SoftBMSDataToBus.BMS_WarningMsg.BMS_War_SOClow_ToBus","Double","Power CAN output","Veh_1/ToVCU/powerCAN_out/SoftBMSDataToBus/BMS_WarningMsg/BMS_War_SOClow_ToBus","Veh_1_B.VCar_Outport_hk","<none>","","","","","Parameter/state only","Static generated-C data flow","No external model input was reached. Terminal/unresolved nodes: Veh_1_P.BMS_War_SOClow_Value; Veh_1_P.OvrdVal_Value_eq. Use runtime testing before treating this output as an injection observation.","Prefer outputs with a resolved external input in the same function chain for initial injection tests.","Veh_1_code_info_extio.xml + Veh_1.c: Veh_1_B.VCar_Outport_hk"
"Veh_1.ToVCU.powerCAN_out.SoftBMSDataToBus.BMS_WarningMsg.BMS_War_system_fault_3_ToBus","Double","Power CAN output","Veh_1/ToVCU/powerCAN_out/SoftBMSDataToBus/BMS_WarningMsg/BMS_War_system_fault_3_ToBus","Veh_1_B.VCar_Outport_iq4","<none>","","","","","Parameter/state only","Static generated-C data flow","No external model input was reached. Terminal/unresolved nodes: Veh_1_P.BMS_War_system_fault_3_Value; Veh_1_P.OvrdVal_Value_di. Use runtime testing before treating this output as an injection observation.","Prefer outputs with a resolved external input in the same function chain for initial injection tests.","Veh_1_code_info_extio.xml + Veh_1.c: Veh_1_B.VCar_Outport_iq4"
"Veh_1.ToVCU.powerCAN_out.SoftBMSDataToBus.BMS_WarningMsg.BMS_War_temp_collect_interrupt_2_ToBus","Double","Power CAN output","Veh_1/ToVCU/powerCAN_out/SoftBMSDataToBus/BMS_WarningMsg/BMS_War_temp_collect_interrupt_2_ToBus","Veh_1_B.VCar_Outport_no","<none>","","","","","Parameter/state only","Static generated-C data flow","No external model input was reached. Terminal/unresolved nodes: Veh_1_P.BMS_War_temp_collect_interrupt_; Veh_1_P.OvrdVal_Value_fp0. Use runtime testing before treating this output as an injection observation.","Prefer outputs with a resolved external input in the same function chain for initial injection tests.","Veh_1_code_info_extio.xml + Veh_1.c: Veh_1_B.VCar_Outport_no"
"Veh_1.ToVCU.powerCAN_out.SoftBMSDataToBus.BMS_WarningMsg.BMS_War_temp_collect_interrupt_4_ToBus","Double","Power CAN output","Veh_1/ToVCU/powerCAN_out/SoftBMSDataToBus/BMS_WarningMsg/BMS_War_temp_collect_interrupt_4_ToBus","Veh_1_B.VCar_Outport_kv","<none>","","","","","Parameter/state only","Static generated-C data flow","No external model input was reached. Terminal/unresolved nodes: Veh_1_P.BMS_War_temp_collect_interrup_h; Veh_1_P.OvrdVal_Value_o03. Use runtime testing before treating this output as an injection observation.","Prefer outputs with a resolved external input in the same function chain for initial injection tests.","Veh_1_code_info_extio.xml + Veh_1.c: Veh_1_B.VCar_Outport_kv"
"Veh_1.ToVCU.powerCAN_out.SoftBMSDataToBus.BMS_WarningMsg.BMS_War_tempDiffeerence_2_ToBus","Double","Power CAN output","Veh_1/ToVCU/powerCAN_out/SoftBMSDataToBus/BMS_WarningMsg/BMS_War_tempDiffeerence_2_ToBus","Veh_1_B.VCar_Outport_av","<none>","","","","","Parameter/state only","Static generated-C data flow","No external model input was reached. Terminal/unresolved nodes: Veh_1_P.BMS_War_tempDiffeerence_2_Value; Veh_1_P.OvrdVal_Value_nj. Use runtime testing before treating this output as an injection observation.","Prefer outputs with a resolved external input in the same function chain for initial injection tests.","Veh_1_code_info_extio.xml + Veh_1.c: Veh_1_B.VCar_Outport_av"
"Veh_1.ToVCU.powerCAN_out.SoftBMSDataToBus.BMS_WarningMsg.BMS_War_time_of_chg_too_long_4_ToBus","Double","Power CAN output","Veh_1/ToVCU/powerCAN_out/SoftBMSDataToBus/BMS_WarningMsg/BMS_War_time_of_chg_too_long_4_ToBus","Veh_1_B.VCar_Outport_bh4","<none>","","","","","Parameter/state only","Static generated-C data flow","No external model input was reached. Terminal/unresolved nodes: Veh_1_P.BMS_War_time_of_chg_too_long_4_; Veh_1_P.OvrdVal_Value_ag. Use runtime testing before treating this output as an injection observation.","Prefer outputs with a resolved external input in the same function chain for initial injection tests.","Veh_1_code_info_extio.xml + Veh_1.c: Veh_1_B.VCar_Outport_bh4"
"Veh_1.ToVCU.powerCAN_out.SoftBMSDataToBus.BMS_WarningMsg.BMS_War_time_of_heat_too_long_4_ToBus","Double","Power CAN output","Veh_1/ToVCU/powerCAN_out/SoftBMSDataToBus/BMS_WarningMsg/BMS_War_time_of_heat_too_long_4_ToBus","Veh_1_B.VCar_Outport_c2","<none>","","","","","Parameter/state only","Static generated-C data flow","No external model input was reached. Terminal/unresolved nodes: Veh_1_P.BMS_War_time_of_heat_too_long_4; Veh_1_P.OvrdVal_Value_cf. Use runtime testing before treating this output as an injection observation.","Prefer outputs with a resolved external input in the same function chain for initial injection tests.","Veh_1_code_info_extio.xml + Veh_1.c: Veh_1_B.VCar_Outport_c2"
"Veh_1.ToVCU.powerCAN_out.SoftBMSDataToBus.BMS_WarningMsg.BMS_War_VCU_communication_flt_1_ToBus","Double","Power CAN output","Veh_1/ToVCU/powerCAN_out/SoftBMSDataToBus/BMS_WarningMsg/BMS_War_VCU_communication_flt_1_ToBus","Veh_1_B.VCar_Outport_l4","<none>","","","","","Parameter/state only","Static generated-C data flow","No external model input was reached. Terminal/unresolved nodes: Veh_1_P.BMS_War_VCU_communication_flt_1; Veh_1_P.OvrdVal_Value_g0. Use runtime testing before treating this output as an injection observation.","Prefer outputs with a resolved external input in the same function chain for initial injection tests.","Veh_1_code_info_extio.xml + Veh_1.c: Veh_1_B.VCar_Outport_l4"
"Veh_1.ToVCU.powerCAN_out.SoftBMSDataToBus.BMS_WarningMsg.BMS_War_Volt_collect_interrupt_2_ToBus","Double","Power CAN output","Veh_1/ToVCU/powerCAN_out/SoftBMSDataToBus/BMS_WarningMsg/BMS_War_Volt_collect_interrupt_2_ToBus","Veh_1_B.VCar_Outport_c0","<none>","","","","","Parameter/state only","Static generated-C data flow","No external model input was reached. Terminal/unresolved nodes: Veh_1_P.BMS_War_Volt_collect_interrupt_; Veh_1_P.OvrdVal_Value_es2. Use runtime testing before treating this output as an injection observation.","Prefer outputs with a resolved external input in the same function chain for initial injection tests.","Veh_1_code_info_extio.xml + Veh_1.c: Veh_1_B.VCar_Outport_c0"
"Veh_1.ToVCU.powerCAN_out.SoftBMSDataToBus.BMS_WarningMsg.BMS_War_Volt_collect_interrupt_4_ToBus","Double","Power CAN output","Veh_1/ToVCU/powerCAN_out/SoftBMSDataToBus/BMS_WarningMsg/BMS_War_Volt_collect_interrupt_4_ToBus","Veh_1_B.VCar_Outport_ife","<none>","","","","","Parameter/state only","Static generated-C data flow","No external model input was reached. Terminal/unresolved nodes: Veh_1_P.BMS_War_Volt_collect_interrup_m; Veh_1_P.OvrdVal_Value_oy. Use runtime testing before treating this output as an injection observation.","Prefer outputs with a resolved external input in the same function chain for initial injection tests.","Veh_1_code_info_extio.xml + Veh_1.c: Veh_1_B.VCar_Outport_ife"
"Veh_1.ToVCU.powerCAN_out.SoftBMSDataToBus.BMS_WarningMsg.BMS_War_Voltage_difference_2_ToBus","Double","Power CAN output","Veh_1/ToVCU/powerCAN_out/SoftBMSDataToBus/BMS_WarningMsg/BMS_War_Voltage_difference_2_ToBus","Veh_1_B.VCar_Outport_cha","<none>","","","","","Parameter/state only","Static generated-C data flow","No external model input was reached. Terminal/unresolved nodes: Veh_1_P.BMS_War_Voltage_difference_2_Va; Veh_1_P.OvrdVal_Value_n2r. Use runtime testing before treating this output as an injection observation.","Prefer outputs with a resolved external input in the same function chain for initial injection tests.","Veh_1_code_info_extio.xml + Veh_1.c: Veh_1_B.VCar_Outport_cha"
"Veh_1.ToVCU.powerCAN_out.SoftBMSDataToBus.BMS_WarningMsg_MsgEnable.BMS_WarningMsg_MsgDisable","Bool","Power CAN output","Veh_1/ToVCU/powerCAN_out/SoftBMSDataToBus/BMS_WarningMsg_MsgEnable/BMS_WarningMsg_MsgDisable","Veh_1_B.VCar_Outport_lu0","<none>","","","","","Parameter/state only","Static generated-C data flow","No external model input was reached. Terminal/unresolved nodes: Veh_1_P.BMS_MsgEnable_Value; Veh_1_P.BMS_WarningMsgEnableOvrdVal_Val; Veh_1_P.MsgEnable_Value; Veh_1_P.OvrdVal_Value_d3; Veh_1_P.OvrdVal_Value_fwm. Use runtime testing before treating this output as an injection observation.","Prefer outputs with a resolved external input in the same function chain for initial injection tests.","Veh_1_code_info_extio.xml + Veh_1.c: Veh_1_B.VCar_Outport_lu0"
"Veh_1.ToVCU.powerCAN_out.SoftDCDCDataToBus.DCDC_General.DCDC_control_mode_ToBus","Double","Power CAN output","Veh_1/ToVCU/powerCAN_out/SoftDCDCDataToBus/DCDC_General/DCDC_control_mode_ToBus","Veh_1_B.VCar_Outport_pp","<none>","","","","","Parameter/state only","Static generated-C data flow","No external model input was reached. Terminal/unresolved nodes: Veh_1_P.DCDC_control_mode_Value; Veh_1_P.OvrdVal_Value_ao1. Use runtime testing before treating this output as an injection observation.","Prefer outputs with a resolved external input in the same function chain for initial injection tests.","Veh_1_code_info_extio.xml + Veh_1.c: Veh_1_B.VCar_Outport_pp"
"Veh_1.ToVCU.powerCAN_out.SoftDCDCDataToBus.DCDC_General.DCDC_Fault_level_ToBus","Double","Power CAN output","Veh_1/ToVCU/powerCAN_out/SoftDCDCDataToBus/DCDC_General/DCDC_Fault_level_ToBus","Veh_1_B.VCar_Outport_hc","<none>","","","","","Parameter/state only","Static generated-C data flow","No external model input was reached. Terminal/unresolved nodes: Veh_1_P.DCDC_Fault_level_Value; Veh_1_P.OvrdVal_Value_nc. Use runtime testing before treating this output as an injection observation.","Prefer outputs with a resolved external input in the same function chain for initial injection tests.","Veh_1_code_info_extio.xml + Veh_1.c: Veh_1_B.VCar_Outport_hc"
"Veh_1.ToVCU.powerCAN_out.SoftDCDCDataToBus.DCDC_General.DCDC_General_Counter_ToBus","Double","Power CAN output","Veh_1/ToVCU/powerCAN_out/SoftDCDCDataToBus/DCDC_General/DCDC_General_Counter_ToBus","Veh_1_B.VCar_Outport_h5o","<none>","","","","","Parameter/state only","Static generated-C data flow","No external model input was reached. Terminal/unresolved nodes: Veh_1_P.DCDC_General_Counter_Value; Veh_1_P.OvrdVal_Value_cx. Use runtime testing before treating this output as an injection observation.","Prefer outputs with a resolved external input in the same function chain for initial injection tests.","Veh_1_code_info_extio.xml + Veh_1.c: Veh_1_B.VCar_Outport_h5o"
"Veh_1.ToVCU.powerCAN_out.SoftDCDCDataToBus.DCDC_General.DCDC_HVIL_state_ToBus","Double","Power CAN output","Veh_1/ToVCU/powerCAN_out/SoftDCDCDataToBus/DCDC_General/DCDC_HVIL_state_ToBus","Veh_1_B.VCar_Outport_ol","<none>","","","","","Parameter/state only","Static generated-C data flow","No external model input was reached. Terminal/unresolved nodes: Veh_1_P.DCDC_HVIL_state_Value; Veh_1_P.OvrdVal_Value_jv. Use runtime testing before treating this output as an injection observation.","Prefer outputs with a resolved external input in the same function chain for initial injection tests.","Veh_1_code_info_extio.xml + Veh_1.c: Veh_1_B.VCar_Outport_ol"
"Veh_1.ToVCU.powerCAN_out.SoftDCDCDataToBus.DCDC_General.DCDC_input_current_ToBus","Double","Power CAN output","Veh_1/ToVCU/powerCAN_out/SoftDCDCDataToBus/DCDC_General/DCDC_input_current_ToBus","Veh_1_B.VCar_Outport_dja","<none>","","","","","Parameter/state only","Static generated-C data flow","No external model input was reached. Terminal/unresolved nodes: Veh_1_P.DCDC_input_current_Value; Veh_1_P.OvrdVal_Value_ke1. Use runtime testing before treating this output as an injection observation.","Prefer outputs with a resolved external input in the same function chain for initial injection tests.","Veh_1_code_info_extio.xml + Veh_1.c: Veh_1_B.VCar_Outport_dja"
"Veh_1.ToVCU.powerCAN_out.SoftDCDCDataToBus.DCDC_General.DCDC_input_Voltage_ToBus","Double","Power CAN output","Veh_1/ToVCU/powerCAN_out/SoftDCDCDataToBus/DCDC_General/DCDC_input_Voltage_ToBus","Veh_1_B.VCar_Outport_b5x","<none>","","","","","Parameter/state only","Static generated-C data flow","No external model input was reached. Terminal/unresolved nodes: Veh_1_P.DCDC_input_Voltage_Value; Veh_1_P.OvrdVal_Value_pg4. Use runtime testing before treating this output as an injection observation.","Prefer outputs with a resolved external input in the same function chain for initial injection tests.","Veh_1_code_info_extio.xml + Veh_1.c: Veh_1_B.VCar_Outport_b5x"
"Veh_1.ToVCU.powerCAN_out.SoftDCDCDataToBus.DCDC_General.DCDC_On_Off_state_ToBus","Double","Power CAN output","Veh_1/ToVCU/powerCAN_out/SoftDCDCDataToBus/DCDC_General/DCDC_On_Off_state_ToBus","Veh_1_B.VCar_Outport_g2","<none>","","","","","Parameter/state only","Static generated-C data flow","No external model input was reached. Terminal/unresolved nodes: Veh_1_P.DCDC_On_Off_state_Value; Veh_1_P.OvrdVal_Value_pvq. Use runtime testing before treating this output as an injection observation.","Prefer outputs with a resolved external input in the same function chain for initial injection tests.","Veh_1_code_info_extio.xml + Veh_1.c: Veh_1_B.VCar_Outport_g2"
"Veh_1.ToVCU.powerCAN_out.SoftDCDCDataToBus.DCDC_General.DCDC_output_current_ToBus","Double","Power CAN output","Veh_1/ToVCU/powerCAN_out/SoftDCDCDataToBus/DCDC_General/DCDC_output_current_ToBus","Veh_1_B.VCar_Outport_ok","<none>","","","","","Parameter/state only","Static generated-C data flow","No external model input was reached. Terminal/unresolved nodes: Veh_1_P.DCDC_output_current_Value; Veh_1_P.OvrdVal_Value_fpt. Use runtime testing before treating this output as an injection observation.","Prefer outputs with a resolved external input in the same function chain for initial injection tests.","Veh_1_code_info_extio.xml + Veh_1.c: Veh_1_B.VCar_Outport_ok"
"Veh_1.ToVCU.powerCAN_out.SoftDCDCDataToBus.DCDC_General.DCDC_output_Voltage_ToBus","Double","Power CAN output","Veh_1/ToVCU/powerCAN_out/SoftDCDCDataToBus/DCDC_General/DCDC_output_Voltage_ToBus","Veh_1_B.VCar_Outport_erm","<none>","","","","","Parameter/state only","Static generated-C data flow","No external model input was reached. Terminal/unresolved nodes: Veh_1_P.DCDC_output_Voltage_Value; Veh_1_P.OvrdVal_Value_i0kx. Use runtime testing before treating this output as an injection observation.","Prefer outputs with a resolved external input in the same function chain for initial injection tests.","Veh_1_code_info_extio.xml + Veh_1.c: Veh_1_B.VCar_Outport_erm"
"Veh_1.ToVCU.powerCAN_out.SoftDCDCDataToBus.DCDC_General.DCDC_over_temp_alarm_ToBus","Double","Power CAN output","Veh_1/ToVCU/powerCAN_out/SoftDCDCDataToBus/DCDC_General/DCDC_over_temp_alarm_ToBus","Veh_1_B.VCar_Outport_bjd","<none>","","","","","Parameter/state only","Static generated-C data flow","No external model input was reached. Terminal/unresolved nodes: Veh_1_P.DCDC_over_temp_alarm_Value; Veh_1_P.OvrdVal_Value_bs. Use runtime testing before treating this output as an injection observation.","Prefer outputs with a resolved external input in the same function chain for initial injection tests.","Veh_1_code_info_extio.xml + Veh_1.c: Veh_1_B.VCar_Outport_bjd"
"Veh_1.ToVCU.powerCAN_out.SoftDCDCDataToBus.DCDC_General.DCDC_state_ToBus","Double","Power CAN output","Veh_1/ToVCU/powerCAN_out/SoftDCDCDataToBus/DCDC_General/DCDC_state_ToBus","Veh_1_B.VCar_Outport_j1","<none>","","","","","Parameter/state only","Static generated-C data flow","No external model input was reached. Terminal/unresolved nodes: Veh_1_P.DCDC_state_Value; Veh_1_P.OvrdVal_Value_bq. Use runtime testing before treating this output as an injection observation.","Prefer outputs with a resolved external input in the same function chain for initial injection tests.","Veh_1_code_info_extio.xml + Veh_1.c: Veh_1_B.VCar_Outport_j1"
"Veh_1.ToVCU.powerCAN_out.SoftDCDCDataToBus.DCDC_General.DCDC_temp_ToBus","Double","Power CAN output","Veh_1/ToVCU/powerCAN_out/SoftDCDCDataToBus/DCDC_General/DCDC_temp_ToBus","Veh_1_B.VCar_Outport_ifu","<none>","","","","","Parameter/state only","Static generated-C data flow","No external model input was reached. Terminal/unresolved nodes: Veh_1_P.DCDC_temp_Value; Veh_1_P.OvrdVal_Value_gq3. Use runtime testing before treating this output as an injection observation.","Prefer outputs with a resolved external input in the same function chain for initial injection tests.","Veh_1_code_info_extio.xml + Veh_1.c: Veh_1_B.VCar_Outport_ifu"
"Veh_1.ToVCU.powerCAN_out.SoftDCDCDataToBus.DCDC_General_MsgEnable.DCDC_General_MsgDisable","Bool","Power CAN output","Veh_1/ToVCU/powerCAN_out/SoftDCDCDataToBus/DCDC_General_MsgEnable/DCDC_General_MsgDisable","Veh_1_B.VCar_Outport_gbh","<none>","","","","","Parameter/state only","Static generated-C data flow","No external model input was reached. Terminal/unresolved nodes: Veh_1_P.DCDC_GeneralEnableOvrdVal_Value; Veh_1_P.DCDC_MsgEnable_Value_m; Veh_1_P.MsgEnable_Value; Veh_1_P.OvrdVal_Value_hn; Veh_1_P.OvrdVal_Value_iz3. Use runtime testing before treating this output as an injection observation.","Prefer outputs with a resolved external input in the same function chain for initial injection tests.","Veh_1_code_info_extio.xml + Veh_1.c: Veh_1_B.VCar_Outport_gbh"
"Veh_1.ToVCU.powerCAN_out.SoftMCUDataToBus.MC_General.MC_Control_mode_ToBus","Double","Power CAN output","Veh_1/ToVCU/powerCAN_out/SoftMCUDataToBus/MC_General/MC_Control_mode_ToBus","Veh_1_B.VCar_Outport_k1","<none>","","","","","Parameter/state only","Static generated-C data flow","No external model input was reached. Terminal/unresolved nodes: Veh_1_P.MC_Control_mode_Value; Veh_1_P.OvrdVal_Value_i0w. Use runtime testing before treating this output as an injection observation.","Prefer outputs with a resolved external input in the same function chain for initial injection tests.","Veh_1_code_info_extio.xml + Veh_1.c: Veh_1_B.VCar_Outport_k1"
"Veh_1.ToVCU.powerCAN_out.SoftMCUDataToBus.MC_General.MC_General_Checksum_ToBus","Double","Power CAN output","Veh_1/ToVCU/powerCAN_out/SoftMCUDataToBus/MC_General/MC_General_Checksum_ToBus","Veh_1_B.VCar_Outport_pvd","<none>","","","","","Parameter/state only","Static generated-C data flow","No external model input was reached. Terminal/unresolved nodes: Veh_1_P.MC_General_Checksum_Value; Veh_1_P.OvrdVal_Value_kr. Use runtime testing before treating this output as an injection observation.","Prefer outputs with a resolved external input in the same function chain for initial injection tests.","Veh_1_code_info_extio.xml + Veh_1.c: Veh_1_B.VCar_Outport_pvd"
"Veh_1.ToVCU.powerCAN_out.SoftMCUDataToBus.MC_General.MC_General_Counter_ToBus","Double","Power CAN output","Veh_1/ToVCU/powerCAN_out/SoftMCUDataToBus/MC_General/MC_General_Counter_ToBus","Veh_1_B.VCar_Outport_bul","<none>","","","","","Parameter/state only","Static generated-C data flow","No external model input was reached. Terminal/unresolved nodes: Veh_1_P.MC_General_Counter_Value; Veh_1_P.OvrdVal_Value_bxp. Use runtime testing before treating this output as an injection observation.","Prefer outputs with a resolved external input in the same function chain for initial injection tests.","Veh_1_code_info_extio.xml + Veh_1.c: Veh_1_B.VCar_Outport_bul"
"Veh_1.ToVCU.powerCAN_out.SoftMCUDataToBus.MC_General.MC_HVIL_Status_ToBus","Double","Power CAN output","Veh_1/ToVCU/powerCAN_out/SoftMCUDataToBus/MC_General/MC_HVIL_Status_ToBus","Veh_1_B.VCar_Outport_esg","<none>","","","","","Parameter/state only","Static generated-C data flow","No external model input was reached. Terminal/unresolved nodes: Veh_1_P.OvrdVal_Value_ghz. Use runtime testing before treating this output as an injection observation.","Prefer outputs with a resolved external input in the same function chain for initial injection tests.","Veh_1_code_info_extio.xml + Veh_1.c: Veh_1_B.VCar_Outport_esg"
"Veh_1.ToVCU.powerCAN_out.SoftMCUDataToBus.MC_General.MC_MaxToque_Limit_ToBus","Double","Power CAN output","Veh_1/ToVCU/powerCAN_out/SoftMCUDataToBus/MC_General/MC_MaxToque_Limit_ToBus","Veh_1_B.VCar_Outport_h5m","Veh_1.FromVCU.CAN.VCU_Body.GW_VCU_2.VCU_TqReqCmd","Double","VCU/CAN input","Veh_1/FromVCU/CAN/VCU_Body/GW_VCU_2/VCU_TqReqCmd","Veh_1_B.VCar_Inport_m","Indirect input dependency","Static generated-C data flow","Power CAN output output has a generated-code data path from the VCU/CAN input input. A path does not guarantee a change in every runtime condition; state, parameters, and guards may suppress it.","After modifying this input, monitor Veh_1.ToVCU.powerCAN_out.SoftMCUDataToBus.MC_General.MC_MaxToque_Limit_ToBus; record baseline, injected value, recovery value, and duration.","Veh_1_code_info_extio.xml + Veh_1.c: Veh_1_B.VCar_Outport_h5m <- Veh_1_B.VCar_Inport_m"
"Veh_1.ToVCU.powerCAN_out.SoftMCUDataToBus.MC_General.MC_Power_In_Or_Out_stata_ToBus","Double","Power CAN output","Veh_1/ToVCU/powerCAN_out/SoftMCUDataToBus/MC_General/MC_Power_In_Or_Out_stata_ToBus","Veh_1_B.VCar_Outport_ao2","<none>","","","","","Parameter/state only","Static generated-C data flow","No external model input was reached. Terminal/unresolved nodes: Veh_1_P.MC_Power_In_Or_Out_stata_Value; Veh_1_P.OvrdVal_Value_pqo. Use runtime testing before treating this output as an injection observation.","Prefer outputs with a resolved external input in the same function chain for initial injection tests.","Veh_1_code_info_extio.xml + Veh_1.c: Veh_1_B.VCar_Outport_ao2"
"Veh_1.ToVCU.powerCAN_out.SoftMCUDataToBus.MC_General.MC_Status_TargetRun_ToBus","Double","Power CAN output","Veh_1/ToVCU/powerCAN_out/SoftMCUDataToBus/MC_General/MC_Status_TargetRun_ToBus","Veh_1_B.VCar_Outport_j2x","<none>","","","","","Parameter/state only","Static generated-C data flow","No external model input was reached. Terminal/unresolved nodes: Veh_1_P.MC_Status_TargetRun_Value; Veh_1_P.OvrdVal_Value_i0v. Use runtime testing before treating this output as an injection observation.","Prefer outputs with a resolved external input in the same function chain for initial injection tests.","Veh_1_code_info_extio.xml + Veh_1.c: Veh_1_B.VCar_Outport_j2x"
"Veh_1.ToVCU.powerCAN_out.SoftMCUDataToBus.MC_General.MC_Status_Uncover_ToBus","Double","Power CAN output","Veh_1/ToVCU/powerCAN_out/SoftMCUDataToBus/MC_General/MC_Status_Uncover_ToBus","Veh_1_B.VCar_Outport_c3o","<none>","","","","","Parameter/state only","Static generated-C data flow","No external model input was reached. Terminal/unresolved nodes: Veh_1_P.MC_Status_Uncover_Value; Veh_1_P.OvrdVal_Value_iv. Use runtime testing before treating this output as an injection observation.","Prefer outputs with a resolved external input in the same function chain for initial injection tests.","Veh_1_code_info_extio.xml + Veh_1.c: Veh_1_B.VCar_Outport_c3o"
"Veh_1.ToVCU.powerCAN_out.SoftMCUDataToBus.MC_General.MC_system_Fault_level_ToBus","Double","Power CAN output","Veh_1/ToVCU/powerCAN_out/SoftMCUDataToBus/MC_General/MC_system_Fault_level_ToBus","Veh_1_B.VCar_Outport_fbl","<none>","","","","","Parameter/state only","Static generated-C data flow","No external model input was reached. Terminal/unresolved nodes: Veh_1_P.MC_system_Fault_level_Value; Veh_1_P.OvrdVal_Value_eh. Use runtime testing before treating this output as an injection observation.","Prefer outputs with a resolved external input in the same function chain for initial injection tests.","Veh_1_code_info_extio.xml + Veh_1.c: Veh_1_B.VCar_Outport_fbl"
"Veh_1.ToVCU.powerCAN_out.SoftMCUDataToBus.MC_General_MsgEnable.MC_General_MsgDisable","Bool","Power CAN output","Veh_1/ToVCU/powerCAN_out/SoftMCUDataToBus/MC_General_MsgEnable/MC_General_MsgDisable","Veh_1_B.VCar_Outport_il","<none>","","","","","Parameter/state only","Static generated-C data flow","No external model input was reached. Terminal/unresolved nodes: Veh_1_P.MC_GeneralEnableOvrdVal_Value; Veh_1_P.MCU_MsgEnable_Value; Veh_1_P.MsgEnable_Value; Veh_1_P.OvrdVal_Value_gsr; Veh_1_P.OvrdVal_Value_osr. Use runtime testing before treating this output as an injection observation.","Prefer outputs with a resolved external input in the same function chain for initial injection tests.","Veh_1_code_info_extio.xml + Veh_1.c: Veh_1_B.VCar_Outport_il"
"Veh_1.ToVCU.powerCAN_out.SoftMCUDataToBus.MC_motor_Torque_AND_speed.MC_busbar_current_ToBus","Double","Power CAN output","Veh_1/ToVCU/powerCAN_out/SoftMCUDataToBus/MC_motor_Torque_AND_speed/MC_busbar_current_ToBus","Veh_1_B.VCar_Outport_au","Veh_1.Driver.BrakePedal_perc","Double","Driver input","Veh_1/Driver/BrakePedal_perc","Veh_1_B.VCar_Inport_n","Indirect input dependency","Static generated-C data flow","Power CAN output output has a generated-code data path from the Driver input input. A path does not guarantee a change in every runtime condition; state, parameters, and guards may suppress it.","After modifying this input, monitor Veh_1.ToVCU.powerCAN_out.SoftMCUDataToBus.MC_motor_Torque_AND_speed.MC_busbar_current_ToBus; record baseline, injected value, recovery value, and duration.","Veh_1_code_info_extio.xml + Veh_1.c: Veh_1_B.VCar_Outport_au <- Veh_1_B.VCar_Inport_n"
"Veh_1.ToVCU.powerCAN_out.SoftMCUDataToBus.MC_motor_Torque_AND_speed.MC_busbar_current_ToBus","Double","Power CAN output","Veh_1/ToVCU/powerCAN_out/SoftMCUDataToBus/MC_motor_Torque_AND_speed/MC_busbar_current_ToBus","Veh_1_B.VCar_Outport_au","Veh_1.FromVCU.CAN.VCU_Body.GW_VCU_2.VCU_TqReqCmd","Double","VCU/CAN input","Veh_1/FromVCU/CAN/VCU_Body/GW_VCU_2/VCU_TqReqCmd","Veh_1_B.VCar_Inport_m","Indirect input dependency","Static generated-C data flow","Power CAN output output has a generated-code data path from the VCU/CAN input input. A path does not guarantee a change in every runtime condition; state, parameters, and guards may suppress it.","After modifying this input, monitor Veh_1.ToVCU.powerCAN_out.SoftMCUDataToBus.MC_motor_Torque_AND_speed.MC_busbar_current_ToBus; record baseline, injected value, recovery value, and duration.","Veh_1_code_info_extio.xml + Veh_1.c: Veh_1_B.VCar_Outport_au <- Veh_1_B.VCar_Inport_m"
"Veh_1.ToVCU.powerCAN_out.SoftMCUDataToBus.MC_motor_Torque_AND_speed.MC_busbar_Voltage_ToBus","Double","Power CAN output","Veh_1/ToVCU/powerCAN_out/SoftMCUDataToBus/MC_motor_Torque_AND_speed/MC_busbar_Voltage_ToBus","Veh_1_B.VCar_Outport_i42","<none>","","","","","Parameter/state only","Static generated-C data flow","No external model input was reached. Terminal/unresolved nodes: Veh_1_DW.DiscreteTimeIntegrator2_DSTATE; Veh_1_DW.Memory1_PreviousInput; Veh_1_DW.UnitDelay_DSTATE; Veh_1_P.Constant2_Value; Veh_1_P.Constant4_Value; Veh_1_P.Constant5_Value; Veh_1_P.Constant6_Value; Veh_1_P.Gain_Gain; Veh_1_P.Gain_Gain_b; Veh_1_P.Gain1_Gain_e; Veh_1_P.OvrdVal_Value_og5; Veh_1_P.P_BattCharResistance_Data; Veh_1_P.P_BattCharResistance_X; Veh_1_P.P_BattDischResistance_Data; Veh_1_P.P_BattDischResistance_X; Veh_1_P.P_BattMaxCapacity_Ah; Veh_1_P.Saturation1_LowerSat; Veh_1_P.Saturation1_UpperSat. Use runtime testing before treating this output as an injection observation.","Prefer outputs with a resolved external input in the same function chain for initial injection tests.","Veh_1_code_info_extio.xml + Veh_1.c: Veh_1_B.VCar_Outport_i42"
"Veh_1.ToVCU.powerCAN_out.SoftMCUDataToBus.MC_motor_Torque_AND_speed.MC_motor_speed_ToBus","Double","Power CAN output","Veh_1/ToVCU/powerCAN_out/SoftMCUDataToBus/MC_motor_Torque_AND_speed/MC_motor_speed_ToBus","Veh_1_B.VCar_Outport_hz","Veh_1.Driver.BrakePedal_perc","Double","Driver input","Veh_1/Driver/BrakePedal_perc","Veh_1_B.VCar_Inport_n","Indirect input dependency","Static generated-C data flow","Power CAN output output has a generated-code data path from the Driver input input. A path does not guarantee a change in every runtime condition; state, parameters, and guards may suppress it.","After modifying this input, monitor Veh_1.ToVCU.powerCAN_out.SoftMCUDataToBus.MC_motor_Torque_AND_speed.MC_motor_speed_ToBus; record baseline, injected value, recovery value, and duration.","Veh_1_code_info_extio.xml + Veh_1.c: Veh_1_B.VCar_Outport_hz <- Veh_1_B.VCar_Inport_n"
"Veh_1.ToVCU.powerCAN_out.SoftMCUDataToBus.MC_motor_Torque_AND_speed.MC_motor_speed_ToBus","Double","Power CAN output","Veh_1/ToVCU/powerCAN_out/SoftMCUDataToBus/MC_motor_Torque_AND_speed/MC_motor_speed_ToBus","Veh_1_B.VCar_Outport_hz","Veh_1.FromVCU.CAN.VCU_Body.GW_VCU_2.VCU_TqReqCmd","Double","VCU/CAN input","Veh_1/FromVCU/CAN/VCU_Body/GW_VCU_2/VCU_TqReqCmd","Veh_1_B.VCar_Inport_m","Indirect input dependency","Static generated-C data flow","Power CAN output output has a generated-code data path from the VCU/CAN input input. A path does not guarantee a change in every runtime condition; state, parameters, and guards may suppress it.","After modifying this input, monitor Veh_1.ToVCU.powerCAN_out.SoftMCUDataToBus.MC_motor_Torque_AND_speed.MC_motor_speed_ToBus; record baseline, injected value, recovery value, and duration.","Veh_1_code_info_extio.xml + Veh_1.c: Veh_1_B.VCar_Outport_hz <- Veh_1_B.VCar_Inport_m"
"Veh_1.ToVCU.powerCAN_out.SoftMCUDataToBus.MC_motor_Torque_AND_speed.MC_motor_Torque_ToBus","Double","Power CAN output","Veh_1/ToVCU/powerCAN_out/SoftMCUDataToBus/MC_motor_Torque_AND_speed/MC_motor_Torque_ToBus","Veh_1_B.VCar_Outport_mio","Veh_1.FromVCU.CAN.VCU_Body.GW_VCU_2.VCU_TqReqCmd","Double","VCU/CAN input","Veh_1/FromVCU/CAN/VCU_Body/GW_VCU_2/VCU_TqReqCmd","Veh_1_B.VCar_Inport_m","Indirect input dependency","Static generated-C data flow","Power CAN output output has a generated-code data path from the VCU/CAN input input. A path does not guarantee a change in every runtime condition; state, parameters, and guards may suppress it.","After modifying this input, monitor Veh_1.ToVCU.powerCAN_out.SoftMCUDataToBus.MC_motor_Torque_AND_speed.MC_motor_Torque_ToBus; record baseline, injected value, recovery value, and duration.","Veh_1_code_info_extio.xml + Veh_1.c: Veh_1_B.VCar_Outport_mio <- Veh_1_B.VCar_Inport_m"
"Veh_1.ToVCU.powerCAN_out.SoftMCUDataToBus.MC_motor_Torque_AND_speed_MsgEnable.MC_motor_Torque_AND_speed_MsgDisable","Bool","Power CAN output","Veh_1/ToVCU/powerCAN_out/SoftMCUDataToBus/MC_motor_Torque_AND_speed_MsgEnable/MC_motor_Torque_AND_speed_MsgDisable","Veh_1_B.VCar_Outport_fjb","<none>","","","","","Parameter/state only","Static generated-C data flow","No external model input was reached. Terminal/unresolved nodes: Veh_1_P.MC_motor_Torque_AND_speedEnable; Veh_1_P.MCU_MsgEnable_Value; Veh_1_P.MsgEnable_Value; Veh_1_P.OvrdVal_Value_gsr; Veh_1_P.OvrdVal_Value_osr. Use runtime testing before treating this output as an injection observation.","Prefer outputs with a resolved external input in the same function chain for initial injection tests.","Veh_1_code_info_extio.xml + Veh_1.c: Veh_1_B.VCar_Outport_fjb"
"Veh_1.ToVCU.powerCAN_out.SoftMCUDataToBus.MC_Status.MC_max_Torque_Limit_ToBus","Double","Power CAN output","Veh_1/ToVCU/powerCAN_out/SoftMCUDataToBus/MC_Status/MC_max_Torque_Limit_ToBus","Veh_1_B.VCar_Outport_h3","Veh_1.FromVCU.CAN.VCU_Power.VCU_MC_TrqCtrl.VCU_Target_output_MaxTorque","Double","VCU/CAN input","Veh_1/FromVCU/CAN/VCU_Power/VCU_MC_TrqCtrl/VCU_Target_output_MaxTorque","Veh_1_B.VCar_Inport_lk","Indirect input dependency","Static generated-C data flow","Power CAN output output has a generated-code data path from the VCU/CAN input input. A path does not guarantee a change in every runtime condition; state, parameters, and guards may suppress it.","After modifying this input, monitor Veh_1.ToVCU.powerCAN_out.SoftMCUDataToBus.MC_Status.MC_max_Torque_Limit_ToBus; record baseline, injected value, recovery value, and duration.","Veh_1_code_info_extio.xml + Veh_1.c: Veh_1_B.VCar_Outport_h3 <- Veh_1_B.VCar_Inport_lk"
"Veh_1.ToVCU.powerCAN_out.SoftMCUDataToBus.MC_Status.MC_Status_Checksum_ToBus","Double","Power CAN output","Veh_1/ToVCU/powerCAN_out/SoftMCUDataToBus/MC_Status/MC_Status_Checksum_ToBus","Veh_1_B.VCar_Outport_o1","<none>","","","","","Parameter/state only","Static generated-C data flow","No external model input was reached. Terminal/unresolved nodes: Veh_1_P.MC_Status_Checksum_Value; Veh_1_P.OvrdVal_Value_cc. Use runtime testing before treating this output as an injection observation.","Prefer outputs with a resolved external input in the same function chain for initial injection tests.","Veh_1_code_info_extio.xml + Veh_1.c: Veh_1_B.VCar_Outport_o1"
"Veh_1.ToVCU.powerCAN_out.SoftMCUDataToBus.MC_Status.MC_Status_Counter_ToBus","Double","Power CAN output","Veh_1/ToVCU/powerCAN_out/SoftMCUDataToBus/MC_Status/MC_Status_Counter_ToBus","Veh_1_B.VCar_Outport_h0","<none>","","","","","Parameter/state only","Static generated-C data flow","No external model input was reached. Terminal/unresolved nodes: Veh_1_P.MC_Status_Counter_Value; Veh_1_P.OvrdVal_Value_b2. Use runtime testing before treating this output as an injection observation.","Prefer outputs with a resolved external input in the same function chain for initial injection tests.","Veh_1_code_info_extio.xml + Veh_1.c: Veh_1_B.VCar_Outport_h0"
"Veh_1.ToVCU.powerCAN_out.SoftMCUDataToBus.MC_Status.MC_Ucurrent_ToBus","Double","Power CAN output","Veh_1/ToVCU/powerCAN_out/SoftMCUDataToBus/MC_Status/MC_Ucurrent_ToBus","Veh_1_B.VCar_Outport_pu4","<none>","","","","","Parameter/state only","Static generated-C data flow","No external model input was reached. Terminal/unresolved nodes: Veh_1_P.MC_Ucurrent_Value; Veh_1_P.OvrdVal_Value_kl. Use runtime testing before treating this output as an injection observation.","Prefer outputs with a resolved external input in the same function chain for initial injection tests.","Veh_1_code_info_extio.xml + Veh_1.c: Veh_1_B.VCar_Outport_pu4"
"Veh_1.ToVCU.powerCAN_out.SoftMCUDataToBus.MC_Status.MC_Vcurrent_ToBus","Double","Power CAN output","Veh_1/ToVCU/powerCAN_out/SoftMCUDataToBus/MC_Status/MC_Vcurrent_ToBus","Veh_1_B.VCar_Outport_jug","<none>","","","","","Parameter/state only","Static generated-C data flow","No external model input was reached. Terminal/unresolved nodes: Veh_1_P.MC_Vcurrent_Value; Veh_1_P.OvrdVal_Value_kpg. Use runtime testing before treating this output as an injection observation.","Prefer outputs with a resolved external input in the same function chain for initial injection tests.","Veh_1_code_info_extio.xml + Veh_1.c: Veh_1_B.VCar_Outport_jug"
"Veh_1.ToVCU.powerCAN_out.SoftMCUDataToBus.MC_Status_MsgEnable.MC_Status_MsgDisable","Bool","Power CAN output","Veh_1/ToVCU/powerCAN_out/SoftMCUDataToBus/MC_Status_MsgEnable/MC_Status_MsgDisable","Veh_1_B.VCar_Outport_kt1","<none>","","","","","Parameter/state only","Static generated-C data flow","No external model input was reached. Terminal/unresolved nodes: Veh_1_P.MC_StatusEnableOvrdVal_Value; Veh_1_P.MCU_MsgEnable_Value; Veh_1_P.MsgEnable_Value; Veh_1_P.OvrdVal_Value_gsr; Veh_1_P.OvrdVal_Value_osr. Use runtime testing before treating this output as an injection observation.","Prefer outputs with a resolved external input in the same function chain for initial injection tests.","Veh_1_code_info_extio.xml + Veh_1.c: Veh_1_B.VCar_Outport_kt1"
"Veh_1.ToVCU.powerCAN_out.SoftMCUDataToBus.MC_Temp.MC_Max_Temp_ToBus","Double","Power CAN output","Veh_1/ToVCU/powerCAN_out/SoftMCUDataToBus/MC_Temp/MC_Max_Temp_ToBus","Veh_1_B.VCar_Outport_br","<none>","","","","","Parameter/state only","Static generated-C data flow","No external model input was reached. Terminal/unresolved nodes: Veh_1_P.MC_Max_Temp_Value; Veh_1_P.OvrdVal_Value_ot. Use runtime testing before treating this output as an injection observation.","Prefer outputs with a resolved external input in the same function chain for initial injection tests.","Veh_1_code_info_extio.xml + Veh_1.c: Veh_1_B.VCar_Outport_br"
"Veh_1.ToVCU.powerCAN_out.SoftMCUDataToBus.MC_Temp.MC_Motor_max_Temp_ToBus","Double","Power CAN output","Veh_1/ToVCU/powerCAN_out/SoftMCUDataToBus/MC_Temp/MC_Motor_max_Temp_ToBus","Veh_1_B.VCar_Outport_g0y","<none>","","","","","Parameter/state only","Static generated-C data flow","No external model input was reached. Terminal/unresolved nodes: Veh_1_P.MC_Motor_max_Temp_Value; Veh_1_P.OvrdVal_Value_num. Use runtime testing before treating this output as an injection observation.","Prefer outputs with a resolved external input in the same function chain for initial injection tests.","Veh_1_code_info_extio.xml + Veh_1.c: Veh_1_B.VCar_Outport_g0y"
"Veh_1.ToVCU.powerCAN_out.SoftMCUDataToBus.MC_Temp.MC_Temp_Counter_ToBus","Double","Power CAN output","Veh_1/ToVCU/powerCAN_out/SoftMCUDataToBus/MC_Temp/MC_Temp_Counter_ToBus","Veh_1_B.VCar_Outport_lmm","<none>","","","","","Parameter/state only","Static generated-C data flow","No external model input was reached. Terminal/unresolved nodes: Veh_1_P.MC_Temp_Counter_Value; Veh_1_P.OvrdVal_Value_md. Use runtime testing before treating this output as an injection observation.","Prefer outputs with a resolved external input in the same function chain for initial injection tests.","Veh_1_code_info_extio.xml + Veh_1.c: Veh_1_B.VCar_Outport_lmm"
"Veh_1.ToVCU.powerCAN_out.SoftMCUDataToBus.MC_Temp_MsgEnable.MC_Temp_MsgDisable","Bool","Power CAN output","Veh_1/ToVCU/powerCAN_out/SoftMCUDataToBus/MC_Temp_MsgEnable/MC_Temp_MsgDisable","Veh_1_B.VCar_Outport_arn","<none>","","","","","Parameter/state only","Static generated-C data flow","No external model input was reached. Terminal/unresolved nodes: Veh_1_P.MC_TempEnableOvrdVal_Value; Veh_1_P.MCU_MsgEnable_Value; Veh_1_P.MsgEnable_Value; Veh_1_P.OvrdVal_Value_gsr; Veh_1_P.OvrdVal_Value_osr. Use runtime testing before treating this output as an injection observation.","Prefer outputs with a resolved external input in the same function chain for initial injection tests.","Veh_1_code_info_extio.xml + Veh_1.c: Veh_1_B.VCar_Outport_arn"
"Veh_1.ToVCU.powerCAN_out.SoftOBCDataToBus.OBC_General.OBC_Charge_Temp_ToBus","Double","Power CAN output","Veh_1/ToVCU/powerCAN_out/SoftOBCDataToBus/OBC_General/OBC_Charge_Temp_ToBus","Veh_1_B.VCar_Outport_lel","<none>","","","","","Parameter/state only","Static generated-C data flow","No external model input was reached. Terminal/unresolved nodes: Veh_1_P.OBC_Charge_Temp_Value; Veh_1_P.OvrdVal_Value_ms. Use runtime testing before treating this output as an injection observation.","Prefer outputs with a resolved external input in the same function chain for initial injection tests.","Veh_1_code_info_extio.xml + Veh_1.c: Veh_1_B.VCar_Outport_lel"
"Veh_1.ToVCU.powerCAN_out.SoftOBCDataToBus.OBC_General.OBC_error_Level_ToBus","Double","Power CAN output","Veh_1/ToVCU/powerCAN_out/SoftOBCDataToBus/OBC_General/OBC_error_Level_ToBus","Veh_1_B.VCar_Outport_bks","<none>","","","","","Parameter/state only","Static generated-C data flow","No external model input was reached. Terminal/unresolved nodes: Veh_1_P.OBC_error_Level_Value; Veh_1_P.OvrdVal_Value_neq. Use runtime testing before treating this output as an injection observation.","Prefer outputs with a resolved external input in the same function chain for initial injection tests.","Veh_1_code_info_extio.xml + Veh_1.c: Veh_1_B.VCar_Outport_bks"
"Veh_1.ToVCU.powerCAN_out.SoftOBCDataToBus.OBC_General.OBC_General_Checksum_ToBus","Double","Power CAN output","Veh_1/ToVCU/powerCAN_out/SoftOBCDataToBus/OBC_General/OBC_General_Checksum_ToBus","Veh_1_B.VCar_Outport_o1a","<none>","","","","","Parameter/state only","Static generated-C data flow","No external model input was reached. Terminal/unresolved nodes: Veh_1_P.OBC_General_Checksum_Value; Veh_1_P.OvrdVal_Value_g3. Use runtime testing before treating this output as an injection observation.","Prefer outputs with a resolved external input in the same function chain for initial injection tests.","Veh_1_code_info_extio.xml + Veh_1.c: Veh_1_B.VCar_Outport_o1a"
"Veh_1.ToVCU.powerCAN_out.SoftOBCDataToBus.OBC_General.OBC_General_Counter_ToBus","Double","Power CAN output","Veh_1/ToVCU/powerCAN_out/SoftOBCDataToBus/OBC_General/OBC_General_Counter_ToBus","Veh_1_B.VCar_Outport_aph","<none>","","","","","Parameter/state only","Static generated-C data flow","No external model input was reached. Terminal/unresolved nodes: Veh_1_P.OBC_General_Counter_Value; Veh_1_P.OvrdVal_Value_c4w. Use runtime testing before treating this output as an injection observation.","Prefer outputs with a resolved external input in the same function chain for initial injection tests.","Veh_1_code_info_extio.xml + Veh_1.c: Veh_1_B.VCar_Outport_aph"
"Veh_1.ToVCU.powerCAN_out.SoftOBCDataToBus.OBC_General.OBC_HV_In_Current_ToBus","Double","Power CAN output","Veh_1/ToVCU/powerCAN_out/SoftOBCDataToBus/OBC_General/OBC_HV_In_Current_ToBus","Veh_1_B.VCar_Outport_dpy","<none>","","","","","Parameter/state only","Static generated-C data flow","No external model input was reached. Terminal/unresolved nodes: Veh_1_P.OBC_HV_In_Current_Value; Veh_1_P.OvrdVal_Value_lt5. Use runtime testing before treating this output as an injection observation.","Prefer outputs with a resolved external input in the same function chain for initial injection tests.","Veh_1_code_info_extio.xml + Veh_1.c: Veh_1_B.VCar_Outport_dpy"
"Veh_1.ToVCU.powerCAN_out.SoftOBCDataToBus.OBC_General.OBC_HV_Input_Voltage_ToBus","Double","Power CAN output","Veh_1/ToVCU/powerCAN_out/SoftOBCDataToBus/OBC_General/OBC_HV_Input_Voltage_ToBus","Veh_1_B.VCar_Outport_hldt","<none>","","","","","Parameter/state only","Static generated-C data flow","No external model input was reached. Terminal/unresolved nodes: Veh_1_P.OBC_HV_Input_Voltage_Value; Veh_1_P.OvrdVal_Value_ppd. Use runtime testing before treating this output as an injection observation.","Prefer outputs with a resolved external input in the same function chain for initial injection tests.","Veh_1_code_info_extio.xml + Veh_1.c: Veh_1_B.VCar_Outport_hldt"
"Veh_1.ToVCU.powerCAN_out.SoftOBCDataToBus.OBC_General.OBC_HV_Output_Current_ToBus","Double","Power CAN output","Veh_1/ToVCU/powerCAN_out/SoftOBCDataToBus/OBC_General/OBC_HV_Output_Current_ToBus","Veh_1_B.VCar_Outport_aqz","<none>","","","","","Parameter/state only","Static generated-C data flow","No external model input was reached. Terminal/unresolved nodes: Veh_1_P.OBC_HV_Output_Current_Value; Veh_1_P.OvrdVal_Value_iw. Use runtime testing before treating this output as an injection observation.","Prefer outputs with a resolved external input in the same function chain for initial injection tests.","Veh_1_code_info_extio.xml + Veh_1.c: Veh_1_B.VCar_Outport_aqz"
"Veh_1.ToVCU.powerCAN_out.SoftOBCDataToBus.OBC_General.OBC_HV_Output_Voltage_ToBus","Double","Power CAN output","Veh_1/ToVCU/powerCAN_out/SoftOBCDataToBus/OBC_General/OBC_HV_Output_Voltage_ToBus","Veh_1_B.VCar_Outport_hx","<none>","","","","","Parameter/state only","Static generated-C data flow","No external model input was reached. Terminal/unresolved nodes: Veh_1_P.OBC_HV_Output_Voltage_Value; Veh_1_P.OvrdVal_Value_mm. Use runtime testing before treating this output as an injection observation.","Prefer outputs with a resolved external input in the same function chain for initial injection tests.","Veh_1_code_info_extio.xml + Veh_1.c: Veh_1_B.VCar_Outport_hx"
"Veh_1.ToVCU.powerCAN_out.SoftOBCDataToBus.OBC_General.OBC_HVIL_state_ToBus","Double","Power CAN output","Veh_1/ToVCU/powerCAN_out/SoftOBCDataToBus/OBC_General/OBC_HVIL_state_ToBus","Veh_1_B.VCar_Outport_dzi","<none>","","","","","Parameter/state only","Static generated-C data flow","No external model input was reached. Terminal/unresolved nodes: Veh_1_P.OBC_HVIL_state_Value; Veh_1_P.OvrdVal_Value_oi3. Use runtime testing before treating this output as an injection observation.","Prefer outputs with a resolved external input in the same function chain for initial injection tests.","Veh_1_code_info_extio.xml + Veh_1.c: Veh_1_B.VCar_Outport_dzi"
"Veh_1.ToVCU.powerCAN_out.SoftOBCDataToBus.OBC_General.OBC_state_charge_run_ToBus","Double","Power CAN output","Veh_1/ToVCU/powerCAN_out/SoftOBCDataToBus/OBC_General/OBC_state_charge_run_ToBus","Veh_1_B.VCar_Outport_iv","<none>","","","","","Parameter/state only","Static generated-C data flow","No external model input was reached. Terminal/unresolved nodes: Veh_1_P.OBC_state_charge_run_Value; Veh_1_P.OvrdVal_Value_ir. Use runtime testing before treating this output as an injection observation.","Prefer outputs with a resolved external input in the same function chain for initial injection tests.","Veh_1_code_info_extio.xml + Veh_1.c: Veh_1_B.VCar_Outport_iv"
"Veh_1.ToVCU.powerCAN_out.SoftOBCDataToBus.OBC_General_MsgEnable.OBC_General_MsgDisable","Bool","Power CAN output","Veh_1/ToVCU/powerCAN_out/SoftOBCDataToBus/OBC_General_MsgEnable/OBC_General_MsgDisable","Veh_1_B.VCar_Outport_jxv","<none>","","","","","Parameter/state only","Static generated-C data flow","No external model input was reached. Terminal/unresolved nodes: Veh_1_P.MsgEnable_Value; Veh_1_P.OBC_GeneralEnableOvrdVal_Value; Veh_1_P.OBC_MsgEnable_Value_g; Veh_1_P.OvrdVal_Value_e2i; Veh_1_P.OvrdVal_Value_lte. Use runtime testing before treating this output as an injection observation.","Prefer outputs with a resolved external input in the same function chain for initial injection tests.","Veh_1_code_info_extio.xml + Veh_1.c: Veh_1_B.VCar_Outport_jxv"
"Veh_1.ToVCU.powerCAN_out.SoftOBCDataToBus.OBC_VoltCurr.OBC_HV_Output_Max_Current_Limit_ToBus","Double","Power CAN output","Veh_1/ToVCU/powerCAN_out/SoftOBCDataToBus/OBC_VoltCurr/OBC_HV_Output_Max_Current_Limit_ToBus","Veh_1_B.VCar_Outport_oga","<none>","","","","","Parameter/state only","Static generated-C data flow","No external model input was reached. Terminal/unresolved nodes: Veh_1_P.OBC_HV_Output_Max_Current_Limit; Veh_1_P.OvrdVal_Value_bd. Use runtime testing before treating this output as an injection observation.","Prefer outputs with a resolved external input in the same function chain for initial injection tests.","Veh_1_code_info_extio.xml + Veh_1.c: Veh_1_B.VCar_Outport_oga"
"Veh_1.ToVCU.powerCAN_out.SoftOBCDataToBus.OBC_VoltCurr.OBC_HV_Output_Max_Voltage_Limit_ToBus","Double","Power CAN output","Veh_1/ToVCU/powerCAN_out/SoftOBCDataToBus/OBC_VoltCurr/OBC_HV_Output_Max_Voltage_Limit_ToBus","Veh_1_B.VCar_Outport_js5","<none>","","","","","Parameter/state only","Static generated-C data flow","No external model input was reached. Terminal/unresolved nodes: Veh_1_P.OBC_HV_Output_Max_Voltage_Limit; Veh_1_P.OvrdVal_Value_hbi. Use runtime testing before treating this output as an injection observation.","Prefer outputs with a resolved external input in the same function chain for initial injection tests.","Veh_1_code_info_extio.xml + Veh_1.c: Veh_1_B.VCar_Outport_js5"
"Veh_1.ToVCU.powerCAN_out.SoftOBCDataToBus.OBC_VoltCurr.OBC_LV_Output_Current_ToBus","Double","Power CAN output","Veh_1/ToVCU/powerCAN_out/SoftOBCDataToBus/OBC_VoltCurr/OBC_LV_Output_Current_ToBus","Veh_1_B.VCar_Outport_c5r","<none>","","","","","Parameter/state only","Static generated-C data flow","No external model input was reached. Terminal/unresolved nodes: Veh_1_P.OBC_LV_Output_Current_Value; Veh_1_P.OvrdVal_Value_bs1. Use runtime testing before treating this output as an injection observation.","Prefer outputs with a resolved external input in the same function chain for initial injection tests.","Veh_1_code_info_extio.xml + Veh_1.c: Veh_1_B.VCar_Outport_c5r"
"Veh_1.ToVCU.powerCAN_out.SoftOBCDataToBus.OBC_VoltCurr.OBC_LV_Output_Voltage_ToBus","Double","Power CAN output","Veh_1/ToVCU/powerCAN_out/SoftOBCDataToBus/OBC_VoltCurr/OBC_LV_Output_Voltage_ToBus","Veh_1_B.VCar_Outport_c3b","<none>","","","","","Parameter/state only","Static generated-C data flow","No external model input was reached. Terminal/unresolved nodes: Veh_1_P.OBC_LV_Output_Voltage_Value; Veh_1_P.OvrdVal_Value_j1c. Use runtime testing before treating this output as an injection observation.","Prefer outputs with a resolved external input in the same function chain for initial injection tests.","Veh_1_code_info_extio.xml + Veh_1.c: Veh_1_B.VCar_Outport_c3b"
"Veh_1.ToVCU.powerCAN_out.SoftOBCDataToBus.OBC_VoltCurr.OBC_VoltCurr_Counter_ToBus","Double","Power CAN output","Veh_1/ToVCU/powerCAN_out/SoftOBCDataToBus/OBC_VoltCurr/OBC_VoltCurr_Counter_ToBus","Veh_1_B.VCar_Outport_ld","<none>","","","","","Parameter/state only","Static generated-C data flow","No external model input was reached. Terminal/unresolved nodes: Veh_1_P.OBC_VoltCurr_Counter_Value; Veh_1_P.OvrdVal_Value_oc. Use runtime testing before treating this output as an injection observation.","Prefer outputs with a resolved external input in the same function chain for initial injection tests.","Veh_1_code_info_extio.xml + Veh_1.c: Veh_1_B.VCar_Outport_ld"
"Veh_1.ToVCU.powerCAN_out.SoftOBCDataToBus.OBC_VoltCurr_MsgEnable.OBC_VoltCurr_MsgDisable","Bool","Power CAN output","Veh_1/ToVCU/powerCAN_out/SoftOBCDataToBus/OBC_VoltCurr_MsgEnable/OBC_VoltCurr_MsgDisable","Veh_1_B.VCar_Outport_cr","<none>","","","","","Parameter/state only","Static generated-C data flow","No external model input was reached. Terminal/unresolved nodes: Veh_1_P.MsgEnable_Value; Veh_1_P.OBC_MsgEnable_Value_g; Veh_1_P.OBC_VoltCurrEnableOvrdVal_Value; Veh_1_P.OvrdVal_Value_e2i; Veh_1_P.OvrdVal_Value_lte. Use runtime testing before treating this output as an injection observation.","Prefer outputs with a resolved external input in the same function chain for initial injection tests.","Veh_1_code_info_extio.xml + Veh_1.c: Veh_1_B.VCar_Outport_cr"
"Veh_1.ToVCU.powerCAN_out.SoftTesterDataToBus.DetailInfor_BroadCast.ECU_Edition_ToBus","Double","Power CAN output","Veh_1/ToVCU/powerCAN_out/SoftTesterDataToBus/DetailInfor_BroadCast/ECU_Edition_ToBus","Veh_1_B.VCar_Outport_is0","<none>","","","","","Parameter/state only","Static generated-C data flow","No external model input was reached. Terminal/unresolved nodes: Veh_1_P.OvrdVal_Value_ai. Use runtime testing before treating this output as an injection observation.","Prefer outputs with a resolved external input in the same function chain for initial injection tests.","Veh_1_code_info_extio.xml + Veh_1.c: Veh_1_B.VCar_Outport_is0"
"Veh_1.ToVCU.powerCAN_out.SoftTesterDataToBus.DetailInfor_BroadCast_MsgEnable.DetailInfor_BroadCast_MsgDisable","Bool","Power CAN output","Veh_1/ToVCU/powerCAN_out/SoftTesterDataToBus/DetailInfor_BroadCast_MsgEnable/DetailInfor_BroadCast_MsgDisable","Veh_1_B.VCar_Outport_ac","<none>","","","","","Parameter/state only","Static generated-C data flow","No external model input was reached. Terminal/unresolved nodes: Veh_1_P.DetailInfor_BroadCastEnableOvrd; Veh_1_P.MsgEnable_Value; Veh_1_P.OvrdVal_Value_et; Veh_1_P.OvrdVal_Value_ex2; Veh_1_P.Tester_MsgEnable_Value. Use runtime testing before treating this output as an injection observation.","Prefer outputs with a resolved external input in the same function chain for initial injection tests.","Veh_1_code_info_extio.xml + Veh_1.c: Veh_1_B.VCar_Outport_ac"
