"Direction","InterfaceName","DataType","Group","RefBlock","InternalSymbol","Description","Note","ItemCount"
"Input","Model_Disabled","UInt8","Model control","Veh_1/Model_Disabled","<environment wrapper>","","Model lifecycle control; inject reset, disable, or recovery scenarios.","1"
"Input","Model_Reset","UInt8","Model control","Veh_1/Model_Reset","<environment wrapper>","","Model lifecycle control; inject reset, disable, or recovery scenarios.","1"
"Input","Veh_1.Driver.AccPedal_perc","Double","Driver input","Veh_1/Driver/AccPedal_perc","Veh_1_B.VCar_Inport_k","","Driver/drive-cycle input; inject pedal, gear, or key anomalies.","1"
"Input","Veh_1.Driver.BrakeMode ","Double","Driver input","Veh_1/Driver/BrakeMode","Veh_1_B.VCar_Inport","","Driver/drive-cycle input; inject pedal, gear, or key anomalies.","1"
"Input","Veh_1.Driver.BrakePedal_perc","Double","Driver input","Veh_1/Driver/BrakePedal_perc","Veh_1_B.VCar_Inport_n","","Driver/drive-cycle input; inject pedal, gear, or key anomalies.","1"
"Input","Veh_1.Driver.DriveMode","Double","Driver input","Veh_1/Driver/DriveMode","Veh_1_B.VCar_Inport_nt","","Driver/drive-cycle input; inject pedal, gear, or key anomalies.","1"
"Input","Veh_1.Driver.Gear_Button","Double","Driver input","Veh_1/Driver/Gear_Button","Veh_1_B.VCar_Inport_n5","","Driver/drive-cycle input; inject pedal, gear, or key anomalies.","1"
"Input","Veh_1.Driver.Key","Double","Driver input","Veh_1/Driver/Key","Veh_1_B.VCar_Inport_a","","Driver/drive-cycle input; inject pedal, gear, or key anomalies.","1"
"Input","Veh_1.FromVCU.CAN.VCU_Body.ABM_1.AirBagFailSts","Double","VCU/CAN input","Veh_1/FromVCU/CAN/VCU_Body/ABM_1/AirBagFailSts","Veh_1_B.VCar_Inport_gg","","VCU control/status signal; inject CAN out-of-range, missing, or frozen values.","1"
"Input","Veh_1.FromVCU.CAN.VCU_Body.ABM_1.CheckSum","Double","VCU/CAN input","Veh_1/FromVCU/CAN/VCU_Body/ABM_1/CheckSum","Veh_1_B.VCar_Inport_d","","VCU control/status signal; inject CAN out-of-range, missing, or frozen values.","1"
"Input","Veh_1.FromVCU.CAN.VCU_Body.ABM_1.CrashOutputSts","Double","VCU/CAN input","Veh_1/FromVCU/CAN/VCU_Body/ABM_1/CrashOutputSts","Veh_1_B.VCar_Inport_b","","VCU control/status signal; inject CAN out-of-range, missing, or frozen values.","1"
"Input","Veh_1.FromVCU.CAN.VCU_Body.ABM_1.DrvSeatBeltRSt","Double","VCU/CAN input","Veh_1/FromVCU/CAN/VCU_Body/ABM_1/DrvSeatBeltRSt","Veh_1_B.VCar_Inport_gr","","VCU control/status signal; inject CAN out-of-range, missing, or frozen values.","1"
"Input","Veh_1.FromVCU.CAN.VCU_Body.ABM_1.MessageCounter","Double","VCU/CAN input","Veh_1/FromVCU/CAN/VCU_Body/ABM_1/MessageCounter","Veh_1_B.VCar_Inport_dg","","VCU control/status signal; inject CAN out-of-range, missing, or frozen values.","1"
"Input","Veh_1.FromVCU.CAN.VCU_Body.ABM_1.PsngrSeatBeltWarning","Double","VCU/CAN input","Veh_1/FromVCU/CAN/VCU_Body/ABM_1/PsngrSeatBeltWarning","Veh_1_B.VCar_Inport_da","","VCU control/status signal; inject CAN out-of-range, missing, or frozen values.","1"
"Input","Veh_1.FromVCU.CAN.VCU_Body.BCM_1.AlarmModeReserved","Double","VCU/CAN input","Veh_1/FromVCU/CAN/VCU_Body/BCM_1/AlarmModeReserved","Veh_1_B.VCar_Inport_jj","","VCU control/status signal; inject CAN out-of-range, missing, or frozen values.","1"
"Input","Veh_1.FromVCU.CAN.VCU_Body.BCM_1.BonnetSts","Double","VCU/CAN input","Veh_1/FromVCU/CAN/VCU_Body/BCM_1/BonnetSts","Veh_1_B.VCar_Inport_ir","","VCU control/status signal; inject CAN out-of-range, missing, or frozen values.","1"
"Input","Veh_1.FromVCU.CAN.VCU_Body.BCM_1.DriverDoorLockSts","Double","VCU/CAN input","Veh_1/FromVCU/CAN/VCU_Body/BCM_1/DriverDoorLockSts","Veh_1_B.VCar_Inport_f","","VCU control/status signal; inject CAN out-of-range, missing, or frozen values.","1"
"Input","Veh_1.FromVCU.CAN.VCU_Body.BCM_1.DriverDoorSts","Double","VCU/CAN input","Veh_1/FromVCU/CAN/VCU_Body/BCM_1/DriverDoorSts","Veh_1_B.VCar_Inport_me","","VCU control/status signal; inject CAN out-of-range, missing, or frozen values.","1"
"Input","Veh_1.FromVCU.CAN.VCU_Body.BCM_1.DRLSts","Double","VCU/CAN input","Veh_1/FromVCU/CAN/VCU_Body/BCM_1/DRLSts","Veh_1_B.VCar_Inport_e","","VCU control/status signal; inject CAN out-of-range, missing, or frozen values.","1"
"Input","Veh_1.FromVCU.CAN.VCU_Body.BCM_1.FollowMeTime","Double","VCU/CAN input","Veh_1/FromVCU/CAN/VCU_Body/BCM_1/FollowMeTime","Veh_1_B.VCar_Inport_o","","VCU control/status signal; inject CAN out-of-range, missing, or frozen values.","1"
"Input","Veh_1.FromVCU.CAN.VCU_Body.BCM_1.FrontFogLightSts","Double","VCU/CAN input","Veh_1/FromVCU/CAN/VCU_Body/BCM_1/FrontFogLightSts","Veh_1_B.VCar_Inport_do","","VCU control/status signal; inject CAN out-of-range, missing, or frozen values.","1"
"Input","Veh_1.FromVCU.CAN.VCU_Body.BCM_1.HazardLightSts","Double","VCU/CAN input","Veh_1/FromVCU/CAN/VCU_Body/BCM_1/HazardLightSts","Veh_1_B.VCar_Inport_eg","","VCU control/status signal; inject CAN out-of-range, missing, or frozen values.","1"
"Input","Veh_1.FromVCU.CAN.VCU_Body.BCM_1.HighBeamSts","Double","VCU/CAN input","Veh_1/FromVCU/CAN/VCU_Body/BCM_1/HighBeamSts","Veh_1_B.VCar_Inport_lw","","VCU control/status signal; inject CAN out-of-range, missing, or frozen values.","1"
"Input","Veh_1.FromVCU.CAN.VCU_Body.BCM_1.KeyPrtBuzzCmd","Double","VCU/CAN input","Veh_1/FromVCU/CAN/VCU_Body/BCM_1/KeyPrtBuzzCmd","Veh_1_B.VCar_Inport_nh","","VCU control/status signal; inject CAN out-of-range, missing, or frozen values.","1"
"Input","Veh_1.FromVCU.CAN.VCU_Body.BCM_1.KeySts","Double","VCU/CAN input","Veh_1/FromVCU/CAN/VCU_Body/BCM_1/KeySts","Veh_1_B.VCar_Inport_jb","","VCU control/status signal; inject CAN out-of-range, missing, or frozen values.","1"
"Input","Veh_1.FromVCU.CAN.VCU_Body.BCM_1.LHRdoorSts","Double","VCU/CAN input","Veh_1/FromVCU/CAN/VCU_Body/BCM_1/LHRdoorSts","Veh_1_B.VCar_Inport_p","","VCU control/status signal; inject CAN out-of-range, missing, or frozen values.","1"
"Input","Veh_1.FromVCU.CAN.VCU_Body.BCM_1.LHTurnlightSts","Double","VCU/CAN input","Veh_1/FromVCU/CAN/VCU_Body/BCM_1/LHTurnlightSts","Veh_1_B.VCar_Inport_gi","","VCU control/status signal; inject CAN out-of-range, missing, or frozen values.","1"
"Input","Veh_1.FromVCU.CAN.VCU_Body.BCM_1.LowBeamSts","Double","VCU/CAN input","Veh_1/FromVCU/CAN/VCU_Body/BCM_1/LowBeamSts","Veh_1_B.VCar_Inport_hr","","VCU control/status signal; inject CAN out-of-range, missing, or frozen values.","1"
"Input","Veh_1.FromVCU.CAN.VCU_Body.BCM_1.ParkLightOnWarning","Double","VCU/CAN input","Veh_1/FromVCU/CAN/VCU_Body/BCM_1/ParkLightOnWarning","Veh_1_B.VCar_Inport_ei","","VCU control/status signal; inject CAN out-of-range, missing, or frozen values.","1"
"Input","Veh_1.FromVCU.CAN.VCU_Body.BCM_1.PosLightOnWarning","Double","VCU/CAN input","Veh_1/FromVCU/CAN/VCU_Body/BCM_1/PosLightOnWarning","Veh_1_B.VCar_Inport_c0","","VCU control/status signal; inject CAN out-of-range, missing, or frozen values.","1"
"Input","Veh_1.FromVCU.CAN.VCU_Body.BCM_1.PosLightSts","Double","VCU/CAN input","Veh_1/FromVCU/CAN/VCU_Body/BCM_1/PosLightSts","Veh_1_B.VCar_Inport_pl","","VCU control/status signal; inject CAN out-of-range, missing, or frozen values.","1"
"Input","Veh_1.FromVCU.CAN.VCU_Body.BCM_1.PosSwitchSts","Double","VCU/CAN input","Veh_1/FromVCU/CAN/VCU_Body/BCM_1/PosSwitchSts","Veh_1_B.VCar_Inport_kr","","VCU control/status signal; inject CAN out-of-range, missing, or frozen values.","1"
"Input","Veh_1.FromVCU.CAN.VCU_Body.BCM_1.PsngrDoorSts","Double","VCU/CAN input","Veh_1/FromVCU/CAN/VCU_Body/BCM_1/PsngrDoorSts","Veh_1_B.VCar_Inport_m2","","VCU control/status signal; inject CAN out-of-range, missing, or frozen values.","1"
"Input","Veh_1.FromVCU.CAN.VCU_Body.BCM_1.RearFogLightSts","Double","VCU/CAN input","Veh_1/FromVCU/CAN/VCU_Body/BCM_1/RearFogLightSts","Veh_1_B.VCar_Inport_kx","","VCU control/status signal; inject CAN out-of-range, missing, or frozen values.","1"
"Input","Veh_1.FromVCU.CAN.VCU_Body.BCM_1.RHRDoorSts","Double","VCU/CAN input","Veh_1/FromVCU/CAN/VCU_Body/BCM_1/RHRDoorSts","Veh_1_B.VCar_Inport_e5","","VCU control/status signal; inject CAN out-of-range, missing, or frozen values.","1"
"Input","Veh_1.FromVCU.CAN.VCU_Body.BCM_1.RHTurnlightSts","Double","VCU/CAN input","Veh_1/FromVCU/CAN/VCU_Body/BCM_1/RHTurnlightSts","Veh_1_B.VCar_Inport_is","","VCU control/status signal; inject CAN out-of-range, missing, or frozen values.","1"
"Input","Veh_1.FromVCU.CAN.VCU_Body.BCM_1.TrumpetSts","Double","VCU/CAN input","Veh_1/FromVCU/CAN/VCU_Body/BCM_1/TrumpetSts","Veh_1_B.VCar_Inport_fi","","VCU control/status signal; inject CAN out-of-range, missing, or frozen values.","1"
"Input","Veh_1.FromVCU.CAN.VCU_Body.BCM_1.Trunk_BackDoor_Sts","Double","VCU/CAN input","Veh_1/FromVCU/CAN/VCU_Body/BCM_1/Trunk_BackDoor_Sts","Veh_1_B.VCar_Inport_gz","","VCU control/status signal; inject CAN out-of-range, missing, or frozen values.","1"
"Input","Veh_1.FromVCU.CAN.VCU_Body.BCM_1.TrunkDoorLockSts","Double","VCU/CAN input","Veh_1/FromVCU/CAN/VCU_Body/BCM_1/TrunkDoorLockSts","Veh_1_B.VCar_Inport_na","","VCU control/status signal; inject CAN out-of-range, missing, or frozen values.","1"
"Input","Veh_1.FromVCU.CAN.VCU_Body.BCM_2.AlarmMode","Double","VCU/CAN input","Veh_1/FromVCU/CAN/VCU_Body/BCM_2/AlarmMode","Veh_1_B.VCar_Inport_mv","","VCU control/status signal; inject CAN out-of-range, missing, or frozen values.","1"
"Input","Veh_1.FromVCU.CAN.VCU_Body.BCM_2.Arming_Failed","Double","VCU/CAN input","Veh_1/FromVCU/CAN/VCU_Body/BCM_2/Arming_Failed","Veh_1_B.VCar_Inport_g1","","VCU control/status signal; inject CAN out-of-range, missing, or frozen values.","1"
"Input","Veh_1.FromVCU.CAN.VCU_Body.CLM_1.CLM_EAC_CompressorSpdReq","Double","VCU/CAN input","Veh_1/FromVCU/CAN/VCU_Body/CLM_1/CLM_EAC_CompressorSpdReq","Veh_1_B.VCar_Inport_kz","","VCU control/status signal; inject CAN out-of-range, missing, or frozen values.","1"
"Input","Veh_1.FromVCU.CAN.VCU_Body.CLM_1.CLM_EACReq","Double","VCU/CAN input","Veh_1/FromVCU/CAN/VCU_Body/CLM_1/CLM_EACReq","Veh_1_B.VCar_Inport_eu","","VCU control/status signal; inject CAN out-of-range, missing, or frozen values.","1"
"Input","Veh_1.FromVCU.CAN.VCU_Body.CLM_1.Evaporatortemperature","Double","VCU/CAN input","Veh_1/FromVCU/CAN/VCU_Body/CLM_1/Evaporatortemperature","Veh_1_B.VCar_Inport_gd","","VCU control/status signal; inject CAN out-of-range, missing, or frozen values.","1"
"Input","Veh_1.FromVCU.CAN.VCU_Body.CLM_1.FaultCode2","Double","VCU/CAN input","Veh_1/FromVCU/CAN/VCU_Body/CLM_1/FaultCode2","Veh_1_B.VCar_Inport_hy","","VCU control/status signal; inject CAN out-of-range, missing, or frozen values.","1"
"Input","Veh_1.FromVCU.CAN.VCU_Body.CLM_1.FaultCode3","Double","VCU/CAN input","Veh_1/FromVCU/CAN/VCU_Body/CLM_1/FaultCode3","Veh_1_B.VCar_Inport_ig","","VCU control/status signal; inject CAN out-of-range, missing, or frozen values.","1"
"Input","Veh_1.FromVCU.CAN.VCU_Body.CLM_1.FaultCode4","Double","VCU/CAN input","Veh_1/FromVCU/CAN/VCU_Body/CLM_1/FaultCode4","Veh_1_B.VCar_Inport_hm","","VCU control/status signal; inject CAN out-of-range, missing, or frozen values.","1"
"Input","Veh_1.FromVCU.CAN.VCU_Body.CLM_1.FaultCode5","Double","VCU/CAN input","Veh_1/FromVCU/CAN/VCU_Body/CLM_1/FaultCode5","Veh_1_B.VCar_Inport_a2","","VCU control/status signal; inject CAN out-of-range, missing, or frozen values.","1"
"Input","Veh_1.FromVCU.CAN.VCU_Body.CLM_1.FaultCode6","Double","VCU/CAN input","Veh_1/FromVCU/CAN/VCU_Body/CLM_1/FaultCode6","Veh_1_B.VCar_Inport_dc","","VCU control/status signal; inject CAN out-of-range, missing, or frozen values.","1"
"Input","Veh_1.FromVCU.CAN.VCU_Body.CLM_1.FaultCode7","Double","VCU/CAN input","Veh_1/FromVCU/CAN/VCU_Body/CLM_1/FaultCode7","Veh_1_B.VCar_Inport_ne","","VCU control/status signal; inject CAN out-of-range, missing, or frozen values.","1"
"Input","Veh_1.FromVCU.CAN.VCU_Body.CLM_1.FaultCode8","Double","VCU/CAN input","Veh_1/FromVCU/CAN/VCU_Body/CLM_1/FaultCode8","Veh_1_B.VCar_Inport_jm","","VCU control/status signal; inject CAN out-of-range, missing, or frozen values.","1"
"Input","Veh_1.FromVCU.CAN.VCU_Body.CLM_1.HVAC_max_perm_ACCM_power","Double","VCU/CAN input","Veh_1/FromVCU/CAN/VCU_Body/CLM_1/HVAC_max_perm_ACCM_power","Veh_1_B.VCar_Inport_n01","","VCU control/status signal; inject CAN out-of-range, missing, or frozen values.","1"
"Input","Veh_1.FromVCU.CAN.VCU_Body.CLM_1.PTC_Temp","Double","VCU/CAN input","Veh_1/FromVCU/CAN/VCU_Body/CLM_1/PTC_Temp","Veh_1_B.VCar_Inport_lkx","","VCU control/status signal; inject CAN out-of-range, missing, or frozen values.","1"
"Input","Veh_1.FromVCU.CAN.VCU_Body.CLM_1.PTCState","Double","VCU/CAN input","Veh_1/FromVCU/CAN/VCU_Body/CLM_1/PTCState","Veh_1_B.VCar_Inport_p1","","VCU control/status signal; inject CAN out-of-range, missing, or frozen values.","1"
"Input","Veh_1.FromVCU.CAN.VCU_Body.CLM_2.BlowSpeedLevelDisplaySts","Double","VCU/CAN input","Veh_1/FromVCU/CAN/VCU_Body/CLM_2/BlowSpeedLevelDisplaySts","Veh_1_B.VCar_Inport_d4","","VCU control/status signal; inject CAN out-of-range, missing, or frozen values.","1"
"Input","Veh_1.FromVCU.CAN.VCU_Body.CLM_2.CirculationModeDisplaySts","Double","VCU/CAN input","Veh_1/FromVCU/CAN/VCU_Body/CLM_2/CirculationModeDisplaySts","Veh_1_B.VCar_Inport_bd","","VCU control/status signal; inject CAN out-of-range, missing, or frozen values.","1"
"Input","Veh_1.FromVCU.CAN.VCU_Body.CLM_2.ControlMode_Sts","Double","VCU/CAN input","Veh_1/FromVCU/CAN/VCU_Body/CLM_2/ControlMode_Sts","Veh_1_B.VCar_Inport_jo","","VCU control/status signal; inject CAN out-of-range, missing, or frozen values.","1"
"Input","Veh_1.FromVCU.CAN.VCU_Body.CLM_2.ModeAdjustDisplaySts","Double","VCU/CAN input","Veh_1/FromVCU/CAN/VCU_Body/CLM_2/ModeAdjustDisplaySts","Veh_1_B.VCar_Inport_g4","","VCU control/status signal; inject CAN out-of-range, missing, or frozen values.","1"
"Input","Veh_1.FromVCU.CAN.VCU_Body.CLM_2.TempCirculationMode","Double","VCU/CAN input","Veh_1/FromVCU/CAN/VCU_Body/CLM_2/TempCirculationMode","Veh_1_B.VCar_Inport_co","","VCU control/status signal; inject CAN out-of-range, missing, or frozen values.","1"
"Input","Veh_1.FromVCU.CAN.VCU_Body.CLM_2.TempknobRollingCounter","Double","VCU/CAN input","Veh_1/FromVCU/CAN/VCU_Body/CLM_2/TempknobRollingCounter","Veh_1_B.VCar_Inport_bq","","VCU control/status signal; inject CAN out-of-range, missing, or frozen values.","1"
"Input","Veh_1.FromVCU.CAN.VCU_Body.CLM_2.WorkingSts","Double","VCU/CAN input","Veh_1/FromVCU/CAN/VCU_Body/CLM_2/WorkingSts","Veh_1_B.VCar_Inport_gh","","VCU control/status signal; inject CAN out-of-range, missing, or frozen values.","1"
"Input","Veh_1.FromVCU.CAN.VCU_Body.EAC_1.EAC_CompressorPower","Double","VCU/CAN input","Veh_1/FromVCU/CAN/VCU_Body/EAC_1/EAC_CompressorPower","Veh_1_B.VCar_Inport_g3","","VCU control/status signal; inject CAN out-of-range, missing, or frozen values.","1"
"Input","Veh_1.FromVCU.CAN.VCU_Body.EAC_1.EAC_CompressorSpd","Double","VCU/CAN input","Veh_1/FromVCU/CAN/VCU_Body/EAC_1/EAC_CompressorSpd","Veh_1_B.VCar_Inport_bqm","","VCU control/status signal; inject CAN out-of-range, missing, or frozen values.","1"
"Input","Veh_1.FromVCU.CAN.VCU_Body.EAC_1.EAC_HV_InputCurr","Double","VCU/CAN input","Veh_1/FromVCU/CAN/VCU_Body/EAC_1/EAC_HV_InputCurr","Veh_1_B.VCar_Inport_ni","","VCU control/status signal; inject CAN out-of-range, missing, or frozen values.","1"
"Input","Veh_1.FromVCU.CAN.VCU_Body.EAC_1.EAC_HV_InputVolt","Double","VCU/CAN input","Veh_1/FromVCU/CAN/VCU_Body/EAC_1/EAC_HV_InputVolt","Veh_1_B.VCar_Inport_pe","","VCU control/status signal; inject CAN out-of-range, missing, or frozen values.","1"
"Input","Veh_1.FromVCU.CAN.VCU_Body.EAC_1.EAC_IGBT_Temp","Double","VCU/CAN input","Veh_1/FromVCU/CAN/VCU_Body/EAC_1/EAC_IGBT_Temp","Veh_1_B.VCar_Inport_doz","","VCU control/status signal; inject CAN out-of-range, missing, or frozen values.","1"
"Input","Veh_1.FromVCU.CAN.VCU_Body.EAC_1.EAC_InternalVoltFault","Double","VCU/CAN input","Veh_1/FromVCU/CAN/VCU_Body/EAC_1/EAC_InternalVoltFault","Veh_1_B.VCar_Inport_ht","","VCU control/status signal; inject CAN out-of-range, missing, or frozen values.","1"
"Input","Veh_1.FromVCU.CAN.VCU_Body.EAC_1.EAC_LostCommunicationWithECC","Double","VCU/CAN input","Veh_1/FromVCU/CAN/VCU_Body/EAC_1/EAC_LostCommunicationWithECC","Veh_1_B.VCar_Inport_dq","","VCU control/status signal; inject CAN out-of-range, missing, or frozen values.","1"
"Input","Veh_1.FromVCU.CAN.VCU_Body.EAC_1.EAC_Motor_PhaseCurr","Double","VCU/CAN input","Veh_1/FromVCU/CAN/VCU_Body/EAC_1/EAC_Motor_PhaseCurr","Veh_1_B.VCar_Inport_df","","VCU control/status signal; inject CAN out-of-range, missing, or frozen values.","1"
"Input","Veh_1.FromVCU.CAN.VCU_Body.EAC_1.EAC_OverBusCurrFault","Double","VCU/CAN input","Veh_1/FromVCU/CAN/VCU_Body/EAC_1/EAC_OverBusCurrFault","Veh_1_B.VCar_Inport_e1","","VCU control/status signal; inject CAN out-of-range, missing, or frozen values.","1"
"Input","Veh_1.FromVCU.CAN.VCU_Body.EAC_1.EAC_OverPhaseECurrentFault","Double","VCU/CAN input","Veh_1/FromVCU/CAN/VCU_Body/EAC_1/EAC_OverPhaseECurrentFault","Veh_1_B.VCar_Inport_fh","","VCU control/status signal; inject CAN out-of-range, missing, or frozen values.","1"
"Input","Veh_1.FromVCU.CAN.VCU_Body.EAC_1.EAC_OverTempeDropFrequeney","Double","VCU/CAN input","Veh_1/FromVCU/CAN/VCU_Body/EAC_1/EAC_OverTempeDropFrequeney","Veh_1_B.VCar_Inport_ki","","VCU control/status signal; inject CAN out-of-range, missing, or frozen values.","1"
"Input","Veh_1.FromVCU.CAN.VCU_Body.EAC_1.EAC_OverTempFault","Double","VCU/CAN input","Veh_1/FromVCU/CAN/VCU_Body/EAC_1/EAC_OverTempFault","Veh_1_B.VCar_Inport_oz","","VCU control/status signal; inject CAN out-of-range, missing, or frozen values.","1"
"Input","Veh_1.FromVCU.CAN.VCU_Body.EAC_1.EAC_OverVoltFault","Double","VCU/CAN input","Veh_1/FromVCU/CAN/VCU_Body/EAC_1/EAC_OverVoltFault","Veh_1_B.VCar_Inport_mx","","VCU control/status signal; inject CAN out-of-range, missing, or frozen values.","1"
"Input","Veh_1.FromVCU.CAN.VCU_Body.EAC_1.EAC_UnderVoltFault","Double","VCU/CAN input","Veh_1/FromVCU/CAN/VCU_Body/EAC_1/EAC_UnderVoltFault","Veh_1_B.VCar_Inport_f1","","VCU control/status signal; inject CAN out-of-range, missing, or frozen values.","1"
"Input","Veh_1.FromVCU.CAN.VCU_Body.EAC_1.EAC_WorkingMode","Double","VCU/CAN input","Veh_1/FromVCU/CAN/VCU_Body/EAC_1/EAC_WorkingMode","Veh_1_B.VCar_Inport_j1","","VCU control/status signal; inject CAN out-of-range, missing, or frozen values.","1"
"Input","Veh_1.FromVCU.CAN.VCU_Body.GW_ABS_1.ABSActive","Double","VCU/CAN input","Veh_1/FromVCU/CAN/VCU_Body/GW_ABS_1/ABSActive","Veh_1_B.VCar_Inport_fe","","VCU control/status signal; inject CAN out-of-range, missing, or frozen values.","1"
"Input","Veh_1.FromVCU.CAN.VCU_Body.GW_ABS_1.ABSFailSts","Double","VCU/CAN input","Veh_1/FromVCU/CAN/VCU_Body/GW_ABS_1/ABSFailSts","Veh_1_B.VCar_Inport_nq","","VCU control/status signal; inject CAN out-of-range, missing, or frozen values.","1"
"Input","Veh_1.FromVCU.CAN.VCU_Body.GW_ABS_1.Checksum","Double","VCU/CAN input","Veh_1/FromVCU/CAN/VCU_Body/GW_ABS_1/Checksum","Veh_1_B.VCar_Inport_iv","","VCU control/status signal; inject CAN out-of-range, missing, or frozen values.","1"
"Input","Veh_1.FromVCU.CAN.VCU_Body.GW_ABS_1.EBDActive","Double","VCU/CAN input","Veh_1/FromVCU/CAN/VCU_Body/GW_ABS_1/EBDActive","Veh_1_B.VCar_Inport_fw","","VCU control/status signal; inject CAN out-of-range, missing, or frozen values.","1"
"Input","Veh_1.FromVCU.CAN.VCU_Body.GW_ABS_1.EBDFailSts","Double","VCU/CAN input","Veh_1/FromVCU/CAN/VCU_Body/GW_ABS_1/EBDFailSts","Veh_1_B.VCar_Inport_j2","","VCU control/status signal; inject CAN out-of-range, missing, or frozen values.","1"
"Input","Veh_1.FromVCU.CAN.VCU_Body.GW_ABS_1.MessageCounter","Double","VCU/CAN input","Veh_1/FromVCU/CAN/VCU_Body/GW_ABS_1/MessageCounter","Veh_1_B.VCar_Inport_gs","","VCU control/status signal; inject CAN out-of-range, missing, or frozen values.","1"
"Input","Veh_1.FromVCU.CAN.VCU_Body.GW_ABS_1.VehicleSpeedVSOSig","Double","VCU/CAN input","Veh_1/FromVCU/CAN/VCU_Body/GW_ABS_1/VehicleSpeedVSOSig","Veh_1_B.VCar_Inport_nl","","VCU control/status signal; inject CAN out-of-range, missing, or frozen values.","1"
"Input","Veh_1.FromVCU.CAN.VCU_Body.GW_ABS_1.VehicleSpeedVSOSigValidData","Double","VCU/CAN input","Veh_1/FromVCU/CAN/VCU_Body/GW_ABS_1/VehicleSpeedVSOSigValidData","Veh_1_B.VCar_Inport_hf","","VCU control/status signal; inject CAN out-of-range, missing, or frozen values.","1"
"Input","Veh_1.FromVCU.CAN.VCU_Body.GW_ABS_10.TPMS_DangerousPressureWarningT","Double","VCU/CAN input","Veh_1/FromVCU/CAN/VCU_Body/GW_ABS_10/TPMS_DangerousPressureWarningT","Veh_1_B.VCar_Inport_d1","","VCU control/status signal; inject CAN out-of-range, missing, or frozen values.","1"
"Input","Veh_1.FromVCU.CAN.VCU_Body.GW_ABS_10.TPMS_MalfunctionLamp","Double","VCU/CAN input","Veh_1/FromVCU/CAN/VCU_Body/GW_ABS_10/TPMS_MalfunctionLamp","Veh_1_B.VCar_Inport_ph","","VCU control/status signal; inject CAN out-of-range, missing, or frozen values.","1"
"Input","Veh_1.FromVCU.CAN.VCU_Body.GW_ABS_10.TPMS_PressureWarningLamp","Double","VCU/CAN input","Veh_1/FromVCU/CAN/VCU_Body/GW_ABS_10/TPMS_PressureWarningLamp","Veh_1_B.VCar_Inport_dn","","VCU control/status signal; inject CAN out-of-range, missing, or frozen values.","1"
"Input","Veh_1.FromVCU.CAN.VCU_Body.GW_ABS_10.TPMS_PressureWarningLampReset","Double","VCU/CAN input","Veh_1/FromVCU/CAN/VCU_Body/GW_ABS_10/TPMS_PressureWarningLampReset","Veh_1_B.VCar_Inport_dp","","VCU control/status signal; inject CAN out-of-range, missing, or frozen values.","1"
"Input","Veh_1.FromVCU.CAN.VCU_Body.GW_ABS_10.TPMS_PressureWarningText","Double","VCU/CAN input","Veh_1/FromVCU/CAN/VCU_Body/GW_ABS_10/TPMS_PressureWarningText","Veh_1_B.VCar_Inport_mu","","VCU control/status signal; inject CAN out-of-range, missing, or frozen values.","1"
"Input","Veh_1.FromVCU.CAN.VCU_Body.GW_ABS_2.LHFWheelSpeed","Double","VCU/CAN input","Veh_1/FromVCU/CAN/VCU_Body/GW_ABS_2/LHFWheelSpeed","Veh_1_B.VCar_Inport_gf","","VCU control/status signal; inject CAN out-of-range, missing, or frozen values.","1"
"Input","Veh_1.FromVCU.CAN.VCU_Body.GW_ABS_2.LHFWheelSpeedValidData","Double","VCU/CAN input","Veh_1/FromVCU/CAN/VCU_Body/GW_ABS_2/LHFWheelSpeedValidData","Veh_1_B.VCar_Inport_kex","","VCU control/status signal; inject CAN out-of-range, missing, or frozen values.","1"
"Input","Veh_1.FromVCU.CAN.VCU_Body.GW_ABS_2.LHRWheelSpeed","Double","VCU/CAN input","Veh_1/FromVCU/CAN/VCU_Body/GW_ABS_2/LHRWheelSpeed","Veh_1_B.VCar_Inport_kk","","VCU control/status signal; inject CAN out-of-range, missing, or frozen values.","1"
"Input","Veh_1.FromVCU.CAN.VCU_Body.GW_ABS_2.LHRWheelSpeedValidData","Double","VCU/CAN input","Veh_1/FromVCU/CAN/VCU_Body/GW_ABS_2/LHRWheelSpeedValidData","Veh_1_B.VCar_Inport_ny","","VCU control/status signal; inject CAN out-of-range, missing, or frozen values.","1"
"Input","Veh_1.FromVCU.CAN.VCU_Body.GW_ABS_2.RHFWheelSpeed","Double","VCU/CAN input","Veh_1/FromVCU/CAN/VCU_Body/GW_ABS_2/RHFWheelSpeed","Veh_1_B.VCar_Inport_ej","","VCU control/status signal; inject CAN out-of-range, missing, or frozen values.","1"
"Input","Veh_1.FromVCU.CAN.VCU_Body.GW_ABS_2.RHFWheelSpeedValidData","Double","VCU/CAN input","Veh_1/FromVCU/CAN/VCU_Body/GW_ABS_2/RHFWheelSpeedValidData","Veh_1_B.VCar_Inport_bdt","","VCU control/status signal; inject CAN out-of-range, missing, or frozen values.","1"
"Input","Veh_1.FromVCU.CAN.VCU_Body.GW_ABS_2.RHRWheelSpeed","Double","VCU/CAN input","Veh_1/FromVCU/CAN/VCU_Body/GW_ABS_2/RHRWheelSpeed","Veh_1_B.VCar_Inport_jv","","VCU control/status signal; inject CAN out-of-range, missing, or frozen values.","1"
"Input","Veh_1.FromVCU.CAN.VCU_Body.GW_ABS_2.RHRWheelSpeedValidData","Double","VCU/CAN input","Veh_1/FromVCU/CAN/VCU_Body/GW_ABS_2/RHRWheelSpeedValidData","Veh_1_B.VCar_Inport_p4","","VCU control/status signal; inject CAN out-of-range, missing, or frozen values.","1"
"Input","Veh_1.FromVCU.CAN.VCU_Body.GW_ABS_G.ABSFailSts","Double","VCU/CAN input","Veh_1/FromVCU/CAN/VCU_Body/GW_ABS_G/ABSFailSts","Veh_1_B.VCar_Inport_ks","","VCU control/status signal; inject CAN out-of-range, missing, or frozen values.","1"
"Input","Veh_1.FromVCU.CAN.VCU_Body.GW_ABS_G.Checksum","Double","VCU/CAN input","Veh_1/FromVCU/CAN/VCU_Body/GW_ABS_G/Checksum","Veh_1_B.VCar_Inport_h1","","VCU control/status signal; inject CAN out-of-range, missing, or frozen values.","1"
"Input","Veh_1.FromVCU.CAN.VCU_Body.GW_ABS_G.EBDFailSts","Double","VCU/CAN input","Veh_1/FromVCU/CAN/VCU_Body/GW_ABS_G/EBDFailSts","Veh_1_B.VCar_Inport_cl","","VCU control/status signal; inject CAN out-of-range, missing, or frozen values.","1"
"Input","Veh_1.FromVCU.CAN.VCU_Body.GW_ABS_G.MessageCounter","Double","VCU/CAN input","Veh_1/FromVCU/CAN/VCU_Body/GW_ABS_G/MessageCounter","Veh_1_B.VCar_Inport_gt","","VCU control/status signal; inject CAN out-of-range, missing, or frozen values.","1"
"Input","Veh_1.FromVCU.CAN.VCU_Body.GW_ABS_G.VehicleSpeedVSOSig","Double","VCU/CAN input","Veh_1/FromVCU/CAN/VCU_Body/GW_ABS_G/VehicleSpeedVSOSig","Veh_1_B.VCar_Inport_fb","","VCU control/status signal; inject CAN out-of-range, missing, or frozen values.","1"
"Input","Veh_1.FromVCU.CAN.VCU_Body.GW_ABS_G.VehicleSpeedVSOSigValidData","Double","VCU/CAN input","Veh_1/FromVCU/CAN/VCU_Body/GW_ABS_G/VehicleSpeedVSOSigValidData","Veh_1_B.VCar_Inport_gn","","VCU control/status signal; inject CAN out-of-range, missing, or frozen values.","1"
"Input","Veh_1.FromVCU.CAN.VCU_Body.GW_BMS_1.BMS_BattDisconnectWLS","Double","VCU/CAN input","Veh_1/FromVCU/CAN/VCU_Body/GW_BMS_1/BMS_BattDisconnectWLS","Veh_1_B.VCar_Inport_je","","VCU control/status signal; inject CAN out-of-range, missing, or frozen values.","1"
"Input","Veh_1.FromVCU.CAN.VCU_Body.GW_BMS_1.BMS_bBattMaintainLightReq","Double","VCU/CAN input","Veh_1/FromVCU/CAN/VCU_Body/GW_BMS_1/BMS_bBattMaintainLightReq","Veh_1_B.VCar_Inport_lz","","VCU control/status signal; inject CAN out-of-range, missing, or frozen values.","1"
"Input","Veh_1.FromVCU.CAN.VCU_Body.GW_BMS_1.BMS_ChgConnectLightSts","Double","VCU/CAN input","Veh_1/FromVCU/CAN/VCU_Body/GW_BMS_1/BMS_ChgConnectLightSts","Veh_1_B.VCar_Inport_m2a","","VCU control/status signal; inject CAN out-of-range, missing, or frozen values.","1"
"Input","Veh_1.FromVCU.CAN.VCU_Body.GW_BMS_1.BMS_MaxChgCurr","Double","VCU/CAN input","Veh_1/FromVCU/CAN/VCU_Body/GW_BMS_1/BMS_MaxChgCurr","Veh_1_B.VCar_Inport_iw","","VCU control/status signal; inject CAN out-of-range, missing, or frozen values.","1"
"Input","Veh_1.FromVCU.CAN.VCU_Body.GW_BMS_1.BMS_MaxDischgCurr","Double","VCU/CAN input","Veh_1/FromVCU/CAN/VCU_Body/GW_BMS_1/BMS_MaxDischgCurr","Veh_1_B.VCar_Inport_jq","","VCU control/status signal; inject CAN out-of-range, missing, or frozen values.","1"
"Input","Veh_1.FromVCU.CAN.VCU_Body.GW_BMS_1.BMS_SOC","Double","VCU/CAN input","Veh_1/FromVCU/CAN/VCU_Body/GW_BMS_1/BMS_SOC","Veh_1_B.VCar_Inport_ij","","VCU control/status signal; inject CAN out-of-range, missing, or frozen values.","1"
"Input","Veh_1.FromVCU.CAN.VCU_Body.GW_BMS_3.BMS_AverageBattTemp","Double","VCU/CAN input","Veh_1/FromVCU/CAN/VCU_Body/GW_BMS_3/BMS_AverageBattTemp","Veh_1_B.VCar_Inport_ba","","VCU control/status signal; inject CAN out-of-range, missing, or frozen values.","1"
"Input","Veh_1.FromVCU.CAN.VCU_Body.GW_BMS_3.BMS_BatteryCurrent","Double","VCU/CAN input","Veh_1/FromVCU/CAN/VCU_Body/GW_BMS_3/BMS_BatteryCurrent","Veh_1_B.VCar_Inport_ge","","VCU control/status signal; inject CAN out-of-range, missing, or frozen values.","1"
"Input","Veh_1.FromVCU.CAN.VCU_Body.GW_BMS_3.BMS_BattVolt","Double","VCU/CAN input","Veh_1/FromVCU/CAN/VCU_Body/GW_BMS_3/BMS_BattVolt","Veh_1_B.VCar_Inport_p1d","","VCU control/status signal; inject CAN out-of-range, missing, or frozen values.","1"
"Input","Veh_1.FromVCU.CAN.VCU_Body.GW_BMS_3.BMS_DCBusVoltage","Double","VCU/CAN input","Veh_1/FromVCU/CAN/VCU_Body/GW_BMS_3/BMS_DCBusVoltage","Veh_1_B.VCar_Inport_lm","","VCU control/status signal; inject CAN out-of-range, missing, or frozen values.","1"
"Input","Veh_1.FromVCU.CAN.VCU_Body.GW_BMS_6.BMS__BattContFail","Double","VCU/CAN input","Veh_1/FromVCU/CAN/VCU_Body/GW_BMS_6/BMS__BattContFail","Veh_1_B.VCar_Inport_ns","","VCU control/status signal; inject CAN out-of-range, missing, or frozen values.","1"
"Input","Veh_1.FromVCU.CAN.VCU_Body.GW_BMS_6.BMS__InterlockSts","Double","VCU/CAN input","Veh_1/FromVCU/CAN/VCU_Body/GW_BMS_6/BMS__InterlockSts","Veh_1_B.VCar_Inport_l3","","VCU control/status signal; inject CAN out-of-range, missing, or frozen values.","1"
"Input","Veh_1.FromVCU.CAN.VCU_Body.GW_BMS_6.BMS__PosBattContSts","Double","VCU/CAN input","Veh_1/FromVCU/CAN/VCU_Body/GW_BMS_6/BMS__PosBattContSts","Veh_1_B.VCar_Inport_hp","","VCU control/status signal; inject CAN out-of-range, missing, or frozen values.","1"
"Input","Veh_1.FromVCU.CAN.VCU_Body.GW_BMS_6.BMS__PrechargeSts","Double","VCU/CAN input","Veh_1/FromVCU/CAN/VCU_Body/GW_BMS_6/BMS__PrechargeSts","Veh_1_B.VCar_Inport_lo","","VCU control/status signal; inject CAN out-of-range, missing, or frozen values.","1"
"Input","Veh_1.FromVCU.CAN.VCU_Body.GW_BMS_6.BMS_BattConstantSts","Double","VCU/CAN input","Veh_1/FromVCU/CAN/VCU_Body/GW_BMS_6/BMS_BattConstantSts","Veh_1_B.VCar_Inport_ny1","","VCU control/status signal; inject CAN out-of-range, missing, or frozen values.","1"
"Input","Veh_1.FromVCU.CAN.VCU_Body.GW_BMS_6.BMS_bKeepWarmSet","Double","VCU/CAN input","Veh_1/FromVCU/CAN/VCU_Body/GW_BMS_6/BMS_bKeepWarmSet","Veh_1_B.VCar_Inport_ejv","","VCU control/status signal; inject CAN out-of-range, missing, or frozen values.","1"
"Input","Veh_1.FromVCU.CAN.VCU_Body.GW_BMS_6.BMS_ChgFault_Grade","Double","VCU/CAN input","Veh_1/FromVCU/CAN/VCU_Body/GW_BMS_6/BMS_ChgFault_Grade","Veh_1_B.VCar_Inport_pf","","VCU control/status signal; inject CAN out-of-range, missing, or frozen values.","1"
"Input","Veh_1.FromVCU.CAN.VCU_Body.GW_BMS_6.BMS_DcChgRelaySts","Double","VCU/CAN input","Veh_1/FromVCU/CAN/VCU_Body/GW_BMS_6/BMS_DcChgRelaySts","Veh_1_B.VCar_Inport_nd","","VCU control/status signal; inject CAN out-of-range, missing, or frozen values.","1"
"Input","Veh_1.FromVCU.CAN.VCU_Body.GW_BMS_6.BMS_DisChgfault_Grade","Double","VCU/CAN input","Veh_1/FromVCU/CAN/VCU_Body/GW_BMS_6/BMS_DisChgfault_Grade","Veh_1_B.VCar_Inport_fu","","VCU control/status signal; inject CAN out-of-range, missing, or frozen values.","1"
"Input","Veh_1.FromVCU.CAN.VCU_Body.GW_BMS_6.BMS_Powerdown","Double","VCU/CAN input","Veh_1/FromVCU/CAN/VCU_Body/GW_BMS_6/BMS_Powerdown","Veh_1_B.VCar_Inport_kp","","VCU control/status signal; inject CAN out-of-range, missing, or frozen values.","1"
"Input","Veh_1.FromVCU.CAN.VCU_Body.GW_BMS_6.BMS_PrechargeContSts","Double","VCU/CAN input","Veh_1/FromVCU/CAN/VCU_Body/GW_BMS_6/BMS_PrechargeContSts","Veh_1_B.VCar_Inport_oe","","VCU control/status signal; inject CAN out-of-range, missing, or frozen values.","1"
"Input","Veh_1.FromVCU.CAN.VCU_Body.GW_BMS_6.BMS_PTCSts","Double","VCU/CAN input","Veh_1/FromVCU/CAN/VCU_Body/GW_BMS_6/BMS_PTCSts","Veh_1_B.VCar_Inport_hh","","VCU control/status signal; inject CAN out-of-range, missing, or frozen values.","1"
"Input","Veh_1.FromVCU.CAN.VCU_Body.GW_BMS_6.BMS_SmaChrgReq","Double","VCU/CAN input","Veh_1/FromVCU/CAN/VCU_Body/GW_BMS_6/BMS_SmaChrgReq","Veh_1_B.VCar_Inport_ct","","VCU control/status signal; inject CAN out-of-range, missing, or frozen values.","1"
"Input","Veh_1.FromVCU.CAN.VCU_Body.GW_BMS_6.BMS_SmaChrgSts","Double","VCU/CAN input","Veh_1/FromVCU/CAN/VCU_Body/GW_BMS_6/BMS_SmaChrgSts","Veh_1_B.VCar_Inport_kzt","","VCU control/status signal; inject CAN out-of-range, missing, or frozen values.","1"
"Input","Veh_1.FromVCU.CAN.VCU_Body.GW_BMS_6.BMS_Sts","Double","VCU/CAN input","Veh_1/FromVCU/CAN/VCU_Body/GW_BMS_6/BMS_Sts","Veh_1_B.VCar_Inport_jh","","VCU control/status signal; inject CAN out-of-range, missing, or frozen values.","1"
"Input","Veh_1.FromVCU.CAN.VCU_Body.GW_BMS_6.BMS_TotalFautlCount_N1","Double","VCU/CAN input","Veh_1/FromVCU/CAN/VCU_Body/GW_BMS_6/BMS_TotalFautlCount_N1","Veh_1_B.VCar_Inport_o2","","VCU control/status signal; inject CAN out-of-range, missing, or frozen values.","1"
"Input","Veh_1.FromVCU.CAN.VCU_Body.GW_BMS_6.BMS_VhlChgControlMode","Double","VCU/CAN input","Veh_1/FromVCU/CAN/VCU_Body/GW_BMS_6/BMS_VhlChgControlMode","Veh_1_B.VCar_Inport_cn","","VCU control/status signal; inject CAN out-of-range, missing, or frozen values.","1"
"Input","Veh_1.FromVCU.CAN.VCU_Body.GW_BMS_6.BMS_vhlDTBOXode","Double","VCU/CAN input","Veh_1/FromVCU/CAN/VCU_Body/GW_BMS_6/BMS_vhlDTBOXode","Veh_1_B.VCar_Inport_gc","","VCU control/status signal; inject CAN out-of-range, missing, or frozen values.","1"
"Input","Veh_1.FromVCU.CAN.VCU_Body.GW_BMS_6.BMS_workingMode","Double","VCU/CAN input","Veh_1/FromVCU/CAN/VCU_Body/GW_BMS_6/BMS_workingMode","Veh_1_B.VCar_Inport_or","","VCU control/status signal; inject CAN out-of-range, missing, or frozen values.","1"
"Input","Veh_1.FromVCU.CAN.VCU_Body.GW_BMS_7.BMS__CellUnderVoltageSts","Double","VCU/CAN input","Veh_1/FromVCU/CAN/VCU_Body/GW_BMS_7/BMS__CellUnderVoltageSts","Veh_1_B.VCar_Inport_nm","","VCU control/status signal; inject CAN out-of-range, missing, or frozen values.","1"
"Input","Veh_1.FromVCU.CAN.VCU_Body.GW_BMS_7.BMS_bBatTotalVolSampleBackErr","Double","VCU/CAN input","Veh_1/FromVCU/CAN/VCU_Body/GW_BMS_7/BMS_bBatTotalVolSampleBackErr","Veh_1_B.VCar_Inport_jm3","","VCU control/status signal; inject CAN out-of-range, missing, or frozen values.","1"
"Input","Veh_1.FromVCU.CAN.VCU_Body.GW_BMS_7.BMS_bBattPack_MatchErr","Double","VCU/CAN input","Veh_1/FromVCU/CAN/VCU_Body/GW_BMS_7/BMS_bBattPack_MatchErr","Veh_1_B.VCar_Inport_fg","","VCU control/status signal; inject CAN out-of-range, missing, or frozen values.","1"
"Input","Veh_1.FromVCU.CAN.VCU_Body.GW_BMS_7.BMS_bCanBusoff","Double","VCU/CAN input","Veh_1/FromVCU/CAN/VCU_Body/GW_BMS_7/BMS_bCanBusoff","Veh_1_B.VCar_Inport_fd","","VCU control/status signal; inject CAN out-of-range, missing, or frozen values.","1"
"Input","Veh_1.FromVCU.CAN.VCU_Body.GW_BMS_7.BMS_bCarStorePowerOverCurr","Double","VCU/CAN input","Veh_1/FromVCU/CAN/VCU_Body/GW_BMS_7/BMS_bCarStorePowerOverCurr","Veh_1_B.VCar_Inport_od","","VCU control/status signal; inject CAN out-of-range, missing, or frozen values.","1"
"Input","Veh_1.FromVCU.CAN.VCU_Body.GW_BMS_7.BMS_bDischg_loop_interlock","Double","VCU/CAN input","Veh_1/FromVCU/CAN/VCU_Body/GW_BMS_7/BMS_bDischg_loop_interlock","Veh_1_B.VCar_Inport_giy","","VCU control/status signal; inject CAN out-of-range, missing, or frozen values.","1"
"Input","Veh_1.FromVCU.CAN.VCU_Body.GW_BMS_7.BMS_bHeatrelayAdhesionSts","Double","VCU/CAN input","Veh_1/FromVCU/CAN/VCU_Body/GW_BMS_7/BMS_bHeatrelayAdhesionSts","Veh_1_B.VCar_Inport_iu","","VCU control/status signal; inject CAN out-of-range, missing, or frozen values.","1"
"Input","Veh_1.FromVCU.CAN.VCU_Body.GW_BMS_7.BMS_bHighVolloopOffErr","Double","VCU/CAN input","Veh_1/FromVCU/CAN/VCU_Body/GW_BMS_7/BMS_bHighVolloopOffErr","Veh_1_B.VCar_Inport_cnc","","VCU control/status signal; inject CAN out-of-range, missing, or frozen values.","1"
"Input","Veh_1.FromVCU.CAN.VCU_Body.GW_BMS_7.BMS_bMainRelayAdhesionSts","Double","VCU/CAN input","Veh_1/FromVCU/CAN/VCU_Body/GW_BMS_7/BMS_bMainRelayAdhesionSts","Veh_1_B.VCar_Inport_lq","","VCU control/status signal; inject CAN out-of-range, missing, or frozen values.","1"
"Input","Veh_1.FromVCU.CAN.VCU_Body.GW_BMS_7.BMS_bMainSwitchBreakErr","Double","VCU/CAN input","Veh_1/FromVCU/CAN/VCU_Body/GW_BMS_7/BMS_bMainSwitchBreakErr","Veh_1_B.VCar_Inport_ew","","VCU control/status signal; inject CAN out-of-range, missing, or frozen values.","1"
"Input","Veh_1.FromVCU.CAN.VCU_Body.GW_BMS_7.BMS_bOutlettempSts","Double","VCU/CAN input","Veh_1/FromVCU/CAN/VCU_Body/GW_BMS_7/BMS_bOutlettempSts","Veh_1_B.VCar_Inport_jx","","VCU control/status signal; inject CAN out-of-range, missing, or frozen values.","1"
"Input","Veh_1.FromVCU.CAN.VCU_Body.GW_BMS_7.BMS_bOverSOCSts","Double","VCU/CAN input","Veh_1/FromVCU/CAN/VCU_Body/GW_BMS_7/BMS_bOverSOCSts","Veh_1_B.VCar_Inport_f3","","VCU control/status signal; inject CAN out-of-range, missing, or frozen values.","1"
"Input","Veh_1.FromVCU.CAN.VCU_Body.GW_BMS_7.BMS_bPowerSupplyHighErr","Double","VCU/CAN input","Veh_1/FromVCU/CAN/VCU_Body/GW_BMS_7/BMS_bPowerSupplyHighErr","Veh_1_B.VCar_Inport_dfl","","VCU control/status signal; inject CAN out-of-range, missing, or frozen values.","1"
"Input","Veh_1.FromVCU.CAN.VCU_Body.GW_BMS_7.BMS_bPowerSupplyLowErr","Double","VCU/CAN input","Veh_1/FromVCU/CAN/VCU_Body/GW_BMS_7/BMS_bPowerSupplyLowErr","Veh_1_B.VCar_Inport_bs","","VCU control/status signal; inject CAN out-of-range, missing, or frozen values.","1"
"Input","Veh_1.FromVCU.CAN.VCU_Body.GW_BMS_7.BMS_bPrerelayAdhesionSts","Double","VCU/CAN input","Veh_1/FromVCU/CAN/VCU_Body/GW_BMS_7/BMS_bPrerelayAdhesionSts","Veh_1_B.VCar_Inport_cp","","VCU control/status signal; inject CAN out-of-range, missing, or frozen values.","1"
"Input","Veh_1.FromVCU.CAN.VCU_Body.GW_BMS_7.BMS_bSingleHeatingTimeOutFault","Double","VCU/CAN input","Veh_1/FromVCU/CAN/VCU_Body/GW_BMS_7/BMS_bSingleHeatingTimeOutFault","Veh_1_B.VCar_Inport_dj","","VCU control/status signal; inject CAN out-of-range, missing, or frozen values.","1"
"Input","Veh_1.FromVCU.CAN.VCU_Body.GW_BMS_7.BMS_bSOC_JumpErr","Double","VCU/CAN input","Veh_1/FromVCU/CAN/VCU_Body/GW_BMS_7/BMS_bSOC_JumpErr","Veh_1_B.VCar_Inport_ewa","","VCU control/status signal; inject CAN out-of-range, missing, or frozen values.","1"
"Input","Veh_1.FromVCU.CAN.VCU_Body.GW_BMS_7.BMS_bTemp_line_breakErr","Double","VCU/CAN input","Veh_1/FromVCU/CAN/VCU_Body/GW_BMS_7/BMS_bTemp_line_breakErr","Veh_1_B.VCar_Inport_hs","","VCU control/status signal; inject CAN out-of-range, missing, or frozen values.","1"
"Input","Veh_1.FromVCU.CAN.VCU_Body.GW_BMS_7.BMS_bTmalRunFlt","Double","VCU/CAN input","Veh_1/FromVCU/CAN/VCU_Body/GW_BMS_7/BMS_bTmalRunFlt","Veh_1_B.VCar_Inport_g1u","","VCU control/status signal; inject CAN out-of-range, missing, or frozen values.","1"
"Input","Veh_1.FromVCU.CAN.VCU_Body.GW_BMS_7.BMS_bVCU_CAN_FAILED","Double","VCU/CAN input","Veh_1/FromVCU/CAN/VCU_Body/GW_BMS_7/BMS_bVCU_CAN_FAILED","Veh_1_B.VCar_Inport_ivi","","VCU control/status signal; inject CAN out-of-range, missing, or frozen values.","1"
"Input","Veh_1.FromVCU.CAN.VCU_Body.GW_BMS_7.BMS_bVolt_linebreakErr","Double","VCU/CAN input","Veh_1/FromVCU/CAN/VCU_Body/GW_BMS_7/BMS_bVolt_linebreakErr","Veh_1_B.VCar_Inport_fr","","VCU control/status signal; inject CAN out-of-range, missing, or frozen values.","1"
"Input","Veh_1.FromVCU.CAN.VCU_Body.GW_BMS_7.BMS_CellDiffSts","Double","VCU/CAN input","Veh_1/FromVCU/CAN/VCU_Body/GW_BMS_7/BMS_CellDiffSts","Veh_1_B.VCar_Inport_ay","","VCU control/status signal; inject CAN out-of-range, missing, or frozen values.","1"
"Input","Veh_1.FromVCU.CAN.VCU_Body.GW_BMS_7.BMS_CellOverTempSts","Double","VCU/CAN input","Veh_1/FromVCU/CAN/VCU_Body/GW_BMS_7/BMS_CellOverTempSts","Veh_1_B.VCar_Inport_ga","","VCU control/status signal; inject CAN out-of-range, missing, or frozen values.","1"
"Input","Veh_1.FromVCU.CAN.VCU_Body.GW_BMS_7.BMS_CellOverVoltageSts","Double","VCU/CAN input","Veh_1/FromVCU/CAN/VCU_Body/GW_BMS_7/BMS_CellOverVoltageSts","Veh_1_B.VCar_Inport_bf","","VCU control/status signal; inject CAN out-of-range, missing, or frozen values.","1"
"Input","Veh_1.FromVCU.CAN.VCU_Body.GW_BMS_7.BMS_CellUnderTempSts","Double","VCU/CAN input","Veh_1/FromVCU/CAN/VCU_Body/GW_BMS_7/BMS_CellUnderTempSts","Veh_1_B.VCar_Inport_lr","","VCU control/status signal; inject CAN out-of-range, missing, or frozen values.","1"
"Input","Veh_1.FromVCU.CAN.VCU_Body.GW_BMS_7.BMS_CurrSampleErr","Double","VCU/CAN input","Veh_1/FromVCU/CAN/VCU_Body/GW_BMS_7/BMS_CurrSampleErr","Veh_1_B.VCar_Inport_dt","","VCU control/status signal; inject CAN out-of-range, missing, or frozen values.","1"
"Input","Veh_1.FromVCU.CAN.VCU_Body.GW_BMS_7.BMS_Currsensor_CommuErr","Double","VCU/CAN input","Veh_1/FromVCU/CAN/VCU_Body/GW_BMS_7/BMS_Currsensor_CommuErr","Veh_1_B.VCar_Inport_em","","VCU control/status signal; inject CAN out-of-range, missing, or frozen values.","1"
"Input","Veh_1.FromVCU.CAN.VCU_Body.GW_BMS_7.BMS_DiffTempSts","Double","VCU/CAN input","Veh_1/FromVCU/CAN/VCU_Body/GW_BMS_7/BMS_DiffTempSts","Veh_1_B.VCar_Inport_irq","","VCU control/status signal; inject CAN out-of-range, missing, or frozen values.","1"
"Input","Veh_1.FromVCU.CAN.VCU_Body.GW_BMS_7.BMS_IsolSuperSts","Double","VCU/CAN input","Veh_1/FromVCU/CAN/VCU_Body/GW_BMS_7/BMS_IsolSuperSts","Veh_1_B.VCar_Inport_c0z","","VCU control/status signal; inject CAN out-of-range, missing, or frozen values.","1"
"Input","Veh_1.FromVCU.CAN.VCU_Body.GW_BMS_7.BMS_OverChgCurrSts","Double","VCU/CAN input","Veh_1/FromVCU/CAN/VCU_Body/GW_BMS_7/BMS_OverChgCurrSts","Veh_1_B.VCar_Inport_pi","","VCU control/status signal; inject CAN out-of-range, missing, or frozen values.","1"
"Input","Veh_1.FromVCU.CAN.VCU_Body.GW_BMS_7.BMS_OverCurrtSts","Double","VCU/CAN input","Veh_1/FromVCU/CAN/VCU_Body/GW_BMS_7/BMS_OverCurrtSts","Veh_1_B.VCar_Inport_fx","","VCU control/status signal; inject CAN out-of-range, missing, or frozen values.","1"
"Input","Veh_1.FromVCU.CAN.VCU_Body.GW_BMS_7.BMS_OverVoltageSts","Double","VCU/CAN input","Veh_1/FromVCU/CAN/VCU_Body/GW_BMS_7/BMS_OverVoltageSts","Veh_1_B.VCar_Inport_mo","","VCU control/status signal; inject CAN out-of-range, missing, or frozen values.","1"
"Input","Veh_1.FromVCU.CAN.VCU_Body.GW_BMS_7.BMS_UnderSOCSts","Double","VCU/CAN input","Veh_1/FromVCU/CAN/VCU_Body/GW_BMS_7/BMS_UnderSOCSts","Veh_1_B.VCar_Inport_dm","","VCU control/status signal; inject CAN out-of-range, missing, or frozen values.","1"
"Input","Veh_1.FromVCU.CAN.VCU_Body.GW_BMS_7.BMS_UnderVoltageSts","Double","VCU/CAN input","Veh_1/FromVCU/CAN/VCU_Body/GW_BMS_7/BMS_UnderVoltageSts","Veh_1_B.VCar_Inport_km","","VCU control/status signal; inject CAN out-of-range, missing, or frozen values.","1"
"Input","Veh_1.FromVCU.CAN.VCU_Body.GW_BMS_9.BMS_12vOutputDisable","Double","VCU/CAN input","Veh_1/FromVCU/CAN/VCU_Body/GW_BMS_9/BMS_12vOutputDisable","Veh_1_B.VCar_Inport_jn","","VCU control/status signal; inject CAN out-of-range, missing, or frozen values.","1"
"Input","Veh_1.FromVCU.CAN.VCU_Body.GW_BMS_9.BMS_ChgTime","Double","VCU/CAN input","Veh_1/FromVCU/CAN/VCU_Body/GW_BMS_9/BMS_ChgTime","Veh_1_B.VCar_Inport_lj","","VCU control/status signal; inject CAN out-of-range, missing, or frozen values.","1"
"Input","Veh_1.FromVCU.CAN.VCU_Body.GW_BMS_9.BMS_OutputCurrReq","Double","VCU/CAN input","Veh_1/FromVCU/CAN/VCU_Body/GW_BMS_9/BMS_OutputCurrReq","Veh_1_B.VCar_Inport_c2","","VCU control/status signal; inject CAN out-of-range, missing, or frozen values.","1"
"Input","Veh_1.FromVCU.CAN.VCU_Body.GW_BMS_9.BMS_OutputVoltReq","Double","VCU/CAN input","Veh_1/FromVCU/CAN/VCU_Body/GW_BMS_9/BMS_OutputVoltReq","Veh_1_B.VCar_Inport_mt","","VCU control/status signal; inject CAN out-of-range, missing, or frozen values.","1"
"Input","Veh_1.FromVCU.CAN.VCU_Body.GW_BMS_9.BMS_tOutputModeReq","Double","VCU/CAN input","Veh_1/FromVCU/CAN/VCU_Body/GW_BMS_9/BMS_tOutputModeReq","Veh_1_B.VCar_Inport_bv","","VCU control/status signal; inject CAN out-of-range, missing, or frozen values.","1"
"Input","Veh_1.FromVCU.CAN.VCU_Body.GW_BMS_9.BMS_WorkingMode","Double","VCU/CAN input","Veh_1/FromVCU/CAN/VCU_Body/GW_BMS_9/BMS_WorkingMode","Veh_1_B.VCar_Inport_lju","","VCU control/status signal; inject CAN out-of-range, missing, or frozen values.","1"
"Input","Veh_1.FromVCU.CAN.VCU_Body.GW_EPS_1.EPSFailSts","Double","VCU/CAN input","Veh_1/FromVCU/CAN/VCU_Body/GW_EPS_1/EPSFailSts","Veh_1_B.VCar_Inport_dos","","VCU control/status signal; inject CAN out-of-range, missing, or frozen values.","1"
"Input","Veh_1.FromVCU.CAN.VCU_Body.GW_EPS_1.RecoverableFault","Double","VCU/CAN input","Veh_1/FromVCU/CAN/VCU_Body/GW_EPS_1/RecoverableFault","Veh_1_B.VCar_Inport_mu1","","VCU control/status signal; inject CAN out-of-range, missing, or frozen values.","1"
"Input","Veh_1.FromVCU.CAN.VCU_Body.GW_MCU_1.MCU_ControllerTemp","Double","VCU/CAN input","Veh_1/FromVCU/CAN/VCU_Body/GW_MCU_1/MCU_ControllerTemp","Veh_1_B.VCar_Inport_ib","","VCU control/status signal; inject CAN out-of-range, missing, or frozen values.","1"
"Input","Veh_1.FromVCU.CAN.VCU_Body.GW_MCU_1.MCU_ControllerTorque","Double","VCU/CAN input","Veh_1/FromVCU/CAN/VCU_Body/GW_MCU_1/MCU_ControllerTorque","Veh_1_B.VCar_Inport_dd","","VCU control/status signal; inject CAN out-of-range, missing, or frozen values.","1"
"Input","Veh_1.FromVCU.CAN.VCU_Body.GW_MCU_1.MCU_MotorSpeed","Double","VCU/CAN input","Veh_1/FromVCU/CAN/VCU_Body/GW_MCU_1/MCU_MotorSpeed","Veh_1_B.VCar_Inport_nls","","VCU control/status signal; inject CAN out-of-range, missing, or frozen values.","1"
"Input","Veh_1.FromVCU.CAN.VCU_Body.GW_MCU_1.MCU_MotorTemp","Double","VCU/CAN input","Veh_1/FromVCU/CAN/VCU_Body/GW_MCU_1/MCU_MotorTemp","Veh_1_B.VCar_Inport_g3f","","VCU control/status signal; inject CAN out-of-range, missing, or frozen values.","1"
"Input","Veh_1.FromVCU.CAN.VCU_Body.GW_MCU_1.MCU_SpeedVechile","Double","VCU/CAN input","Veh_1/FromVCU/CAN/VCU_Body/GW_MCU_1/MCU_SpeedVechile","Veh_1_B.VCar_Inport_ea","","VCU control/status signal; inject CAN out-of-range, missing, or frozen values.","1"
"Input","Veh_1.FromVCU.CAN.VCU_Body.GW_SAM_1.CRCCheck","Double","VCU/CAN input","Veh_1/FromVCU/CAN/VCU_Body/GW_SAM_1/CRCCheck","Veh_1_B.VCar_Inport_j0","","VCU control/status signal; inject CAN out-of-range, missing, or frozen values.","1"
"Input","Veh_1.FromVCU.CAN.VCU_Body.GW_SAM_1.MessageCounter","Double","VCU/CAN input","Veh_1/FromVCU/CAN/VCU_Body/GW_SAM_1/MessageCounter","Veh_1_B.VCar_Inport_fxn","","VCU control/status signal; inject CAN out-of-range, missing, or frozen values.","1"
"Input","Veh_1.FromVCU.CAN.VCU_Body.GW_SAM_1.SASCalibrated","Double","VCU/CAN input","Veh_1/FromVCU/CAN/VCU_Body/GW_SAM_1/SASCalibrated","Veh_1_B.VCar_Inport_cr","","VCU control/status signal; inject CAN out-of-range, missing, or frozen values.","1"
"Input","Veh_1.FromVCU.CAN.VCU_Body.GW_SAM_1.SASInit","Double","VCU/CAN input","Veh_1/FromVCU/CAN/VCU_Body/GW_SAM_1/SASInit","Veh_1_B.VCar_Inport_cy","","VCU control/status signal; inject CAN out-of-range, missing, or frozen values.","1"
"Input","Veh_1.FromVCU.CAN.VCU_Body.GW_SAM_1.SteeringAngle","Double","VCU/CAN input","Veh_1/FromVCU/CAN/VCU_Body/GW_SAM_1/SteeringAngle","Veh_1_B.VCar_Inport_d3","","VCU control/status signal; inject CAN out-of-range, missing, or frozen values.","1"
"Input","Veh_1.FromVCU.CAN.VCU_Body.GW_SAM_1.SteeringAngleSpeed","Double","VCU/CAN input","Veh_1/FromVCU/CAN/VCU_Body/GW_SAM_1/SteeringAngleSpeed","Veh_1_B.VCar_Inport_dj1","","VCU control/status signal; inject CAN out-of-range, missing, or frozen values.","1"
"Input","Veh_1.FromVCU.CAN.VCU_Body.GW_SAM_1.SteeringAngleSpeedValidData","Double","VCU/CAN input","Veh_1/FromVCU/CAN/VCU_Body/GW_SAM_1/SteeringAngleSpeedValidData","Veh_1_B.VCar_Inport_d4o","","VCU control/status signal; inject CAN out-of-range, missing, or frozen values.","1"
"Input","Veh_1.FromVCU.CAN.VCU_Body.GW_SAM_1.SteeringAngleValidData","Double","VCU/CAN input","Veh_1/FromVCU/CAN/VCU_Body/GW_SAM_1/SteeringAngleValidData","Veh_1_B.VCar_Inport_iy","","VCU control/status signal; inject CAN out-of-range, missing, or frozen values.","1"
"Input","Veh_1.FromVCU.CAN.VCU_Body.GW_VCU_1.VCU_bBattChgAndDischgFaults","Double","VCU/CAN input","Veh_1/FromVCU/CAN/VCU_Body/GW_VCU_1/VCU_bBattChgAndDischgFaults","Veh_1_B.VCar_Inport_fm","","VCU control/status signal; inject CAN out-of-range, missing, or frozen values.","1"
"Input","Veh_1.FromVCU.CAN.VCU_Body.GW_VCU_1.VCU_bBattFaultWarningLightSts","Double","VCU/CAN input","Veh_1/FromVCU/CAN/VCU_Body/GW_VCU_1/VCU_bBattFaultWarningLightSts","Veh_1_B.VCar_Inport_j3","","VCU control/status signal; inject CAN out-of-range, missing, or frozen values.","1"
"Input","Veh_1.FromVCU.CAN.VCU_Body.GW_VCU_1.VCU_bBrakeSt","Double","VCU/CAN input","Veh_1/FromVCU/CAN/VCU_Body/GW_VCU_1/VCU_bBrakeSt","Veh_1_B.VCar_Inport_jp","","VCU control/status signal; inject CAN out-of-range, missing, or frozen values.","1"
"Input","Veh_1.FromVCU.CAN.VCU_Body.GW_VCU_1.VCU_bGrLevErr","Double","VCU/CAN input","Veh_1/FromVCU/CAN/VCU_Body/GW_VCU_1/VCU_bGrLevErr","Veh_1_B.VCar_Inport_lr5","","VCU control/status signal; inject CAN out-of-range, missing, or frozen values.","1"
"Input","Veh_1.FromVCU.CAN.VCU_Body.GW_VCU_1.VCU_bLVBattwarning","Double","VCU/CAN input","Veh_1/FromVCU/CAN/VCU_Body/GW_VCU_1/VCU_bLVBattwarning","Veh_1_B.VCar_Inport_bvv","","VCU control/status signal; inject CAN out-of-range, missing, or frozen values.","1"
"Input","Veh_1.FromVCU.CAN.VCU_Body.GW_VCU_1.VCU_bMaintainLightSts","Double","VCU/CAN input","Veh_1/FromVCU/CAN/VCU_Body/GW_VCU_1/VCU_bMaintainLightSts","Veh_1_B.VCar_Inport_ha","","VCU control/status signal; inject CAN out-of-range, missing, or frozen values.","1"
"Input","Veh_1.FromVCU.CAN.VCU_Body.GW_VCU_1.VCU_bMotorFaultWarningLightSts","Double","VCU/CAN input","Veh_1/FromVCU/CAN/VCU_Body/GW_VCU_1/VCU_bMotorFaultWarningLightSts","Veh_1_B.VCar_Inport_mm","","VCU control/status signal; inject CAN out-of-range, missing, or frozen values.","1"
"Input","Veh_1.FromVCU.CAN.VCU_Body.GW_VCU_1.VCU_bMotorOvertempWarningLig","Double","VCU/CAN input","Veh_1/FromVCU/CAN/VCU_Body/GW_VCU_1/VCU_bMotorOvertempWarningLig","Veh_1_B.VCar_Inport_ax","","VCU control/status signal; inject CAN out-of-range, missing, or frozen values.","1"
"Input","Veh_1.FromVCU.CAN.VCU_Body.GW_VCU_1.VCU_bReadyLightSts","Double","VCU/CAN input","Veh_1/FromVCU/CAN/VCU_Body/GW_VCU_1/VCU_bReadyLightSts","Veh_1_B.VCar_Inport_il","","VCU control/status signal; inject CAN out-of-range, missing, or frozen values.","1"
"Input","Veh_1.FromVCU.CAN.VCU_Body.GW_VCU_1.VCU_bSocWarningLightSts","Double","VCU/CAN input","Veh_1/FromVCU/CAN/VCU_Body/GW_VCU_1/VCU_bSocWarningLightSts","Veh_1_B.VCar_Inport_a0","","VCU control/status signal; inject CAN out-of-range, missing, or frozen values.","1"
"Input","Veh_1.FromVCU.CAN.VCU_Body.GW_VCU_1.VCU_bSysFaultsWarningLightSts","Double","VCU/CAN input","Veh_1/FromVCU/CAN/VCU_Body/GW_VCU_1/VCU_bSysFaultsWarningLightSts","Veh_1_B.VCar_Inport_ljd","","VCU control/status signal; inject CAN out-of-range, missing, or frozen values.","1"
"Input","Veh_1.FromVCU.CAN.VCU_Body.GW_VCU_1.VCU_bSysWarningLightSts","Double","VCU/CAN input","Veh_1/FromVCU/CAN/VCU_Body/GW_VCU_1/VCU_bSysWarningLightSts","Veh_1_B.VCar_Inport_krj","","VCU control/status signal; inject CAN out-of-range, missing, or frozen values.","1"
"Input","Veh_1.FromVCU.CAN.VCU_Body.GW_VCU_1.VCU_bVacuumPumpSysFailure","Double","VCU/CAN input","Veh_1/FromVCU/CAN/VCU_Body/GW_VCU_1/VCU_bVacuumPumpSysFailure","Veh_1_B.VCar_Inport_dfz","","VCU control/status signal; inject CAN out-of-range, missing, or frozen values.","1"
"Input","Veh_1.FromVCU.CAN.VCU_Body.GW_VCU_1.VCU_GasPedalPosition","Double","VCU/CAN input","Veh_1/FromVCU/CAN/VCU_Body/GW_VCU_1/VCU_GasPedalPosition","Veh_1_B.VCar_Inport_kkl","","VCU control/status signal; inject CAN out-of-range, missing, or frozen values.","1"
"Input","Veh_1.FromVCU.CAN.VCU_Body.GW_VCU_1.VCU_GearboxPositionDisplay","Double","VCU/CAN input","Veh_1/FromVCU/CAN/VCU_Body/GW_VCU_1/VCU_GearboxPositionDisplay","Veh_1_B.VCar_Inport_ba1","","VCU control/status signal; inject CAN out-of-range, missing, or frozen values.","1"
"Input","Veh_1.FromVCU.CAN.VCU_Body.GW_VCU_1.VCU_InstPowerConsum","Double","VCU/CAN input","Veh_1/FromVCU/CAN/VCU_Body/GW_VCU_1/VCU_InstPowerConsum","Veh_1_B.VCar_Inport_cz","","VCU control/status signal; inject CAN out-of-range, missing, or frozen values.","1"
"Input","Veh_1.FromVCU.CAN.VCU_Body.GW_VCU_1.VCU_ResidualOdometer","Double","VCU/CAN input","Veh_1/FromVCU/CAN/VCU_Body/GW_VCU_1/VCU_ResidualOdometer","Veh_1_B.VCar_Inport_dgy","","VCU control/status signal; inject CAN out-of-range, missing, or frozen values.","1"
"Input","Veh_1.FromVCU.CAN.VCU_Body.GW_VCU_1.VCU_VehicleSpeedVSOSig","Double","VCU/CAN input","Veh_1/FromVCU/CAN/VCU_Body/GW_VCU_1/VCU_VehicleSpeedVSOSig","Veh_1_B.VCar_Inport_ad","","VCU control/status signal; inject CAN out-of-range, missing, or frozen values.","1"
"Input","Veh_1.FromVCU.CAN.VCU_Body.GW_VCU_2.VCU_bAntiSkid","Double","VCU/CAN input","Veh_1/FromVCU/CAN/VCU_Body/GW_VCU_2/VCU_bAntiSkid","Veh_1_B.VCar_Inport_ku","","VCU control/status signal; inject CAN out-of-range, missing, or frozen values.","1"
"Input","Veh_1.FromVCU.CAN.VCU_Body.GW_VCU_2.VCU_bBattConnectSt","Double","VCU/CAN input","Veh_1/FromVCU/CAN/VCU_Body/GW_VCU_2/VCU_bBattConnectSt","Veh_1_B.VCar_Inport_nk","","VCU control/status signal; inject CAN out-of-range, missing, or frozen values.","1"
"Input","Veh_1.FromVCU.CAN.VCU_Body.GW_VCU_2.VCU_bChgAllow","Double","VCU/CAN input","Veh_1/FromVCU/CAN/VCU_Body/GW_VCU_2/VCU_bChgAllow","Veh_1_B.VCar_Inport_bp","","VCU control/status signal; inject CAN out-of-range, missing, or frozen values.","1"
"Input","Veh_1.FromVCU.CAN.VCU_Body.GW_VCU_2.VCU_bMCUActDischgCmd","Double","VCU/CAN input","Veh_1/FromVCU/CAN/VCU_Body/GW_VCU_2/VCU_bMCUActDischgCmd","Veh_1_B.VCar_Inport_g2","","VCU control/status signal; inject CAN out-of-range, missing, or frozen values.","1"
"Input","Veh_1.FromVCU.CAN.VCU_Body.GW_VCU_2.VCU_bMCUEnable","Double","VCU/CAN input","Veh_1/FromVCU/CAN/VCU_Body/GW_VCU_2/VCU_bMCUEnable","Veh_1_B.VCar_Inport_cw","","VCU control/status signal; inject CAN out-of-range, missing, or frozen values.","1"
"Input","Veh_1.FromVCU.CAN.VCU_Body.GW_VCU_2.VCU_bMCUPowerOff","Double","VCU/CAN input","Veh_1/FromVCU/CAN/VCU_Body/GW_VCU_2/VCU_bMCUPowerOff","Veh_1_B.VCar_Inport_c","","VCU control/status signal; inject CAN out-of-range, missing, or frozen values.","1"
"Input","Veh_1.FromVCU.CAN.VCU_Body.GW_VCU_2.VCU_DCDCstCtrlReq","Double","VCU/CAN input","Veh_1/FromVCU/CAN/VCU_Body/GW_VCU_2/VCU_DCDCstCtrlReq","Veh_1_B.VCar_Inport_ag","","VCU control/status signal; inject CAN out-of-range, missing, or frozen values.","1"
"Input","Veh_1.FromVCU.CAN.VCU_Body.GW_VCU_2.VCU_DCDCTarVolt","Double","VCU/CAN input","Veh_1/FromVCU/CAN/VCU_Body/GW_VCU_2/VCU_DCDCTarVolt","Veh_1_B.VCar_Inport_lu","","VCU control/status signal; inject CAN out-of-range, missing, or frozen values.","1"
"Input","Veh_1.FromVCU.CAN.VCU_Body.GW_VCU_2.VCU_ModeReq","Double","VCU/CAN input","Veh_1/FromVCU/CAN/VCU_Body/GW_VCU_2/VCU_ModeReq","Veh_1_B.VCar_Inport_gv","","VCU control/status signal; inject CAN out-of-range, missing, or frozen values.","1"
"Input","Veh_1.FromVCU.CAN.VCU_Body.GW_VCU_2.VCU_RemoteHVReady","Double","VCU/CAN input","Veh_1/FromVCU/CAN/VCU_Body/GW_VCU_2/VCU_RemoteHVReady","Veh_1_B.VCar_Inport_fy","","VCU control/status signal; inject CAN out-of-range, missing, or frozen values.","1"
"Input","Veh_1.FromVCU.CAN.VCU_Body.GW_VCU_2.VCU_stPUPDSts","Double","VCU/CAN input","Veh_1/FromVCU/CAN/VCU_Body/GW_VCU_2/VCU_stPUPDSts","Veh_1_B.VCar_Inport_py","","VCU control/status signal; inject CAN out-of-range, missing, or frozen values.","1"
"Input","Veh_1.FromVCU.CAN.VCU_Body.GW_VCU_2.VCU_TqReqCmd","Double","VCU/CAN input","Veh_1/FromVCU/CAN/VCU_Body/GW_VCU_2/VCU_TqReqCmd","Veh_1_B.VCar_Inport_m","","VCU control/status signal; inject CAN out-of-range, missing, or frozen values.","1"
"Input","Veh_1.FromVCU.CAN.VCU_Body.GW_VCU_3.VCU_bDCDCSt","Double","VCU/CAN input","Veh_1/FromVCU/CAN/VCU_Body/GW_VCU_3/VCU_bDCDCSt","Veh_1_B.VCar_Inport_f3u","","VCU control/status signal; inject CAN out-of-range, missing, or frozen values.","1"
"Input","Veh_1.FromVCU.CAN.VCU_Body.GW_VCU_3.VCU_bHandBrakeSts","Double","VCU/CAN input","Veh_1/FromVCU/CAN/VCU_Body/GW_VCU_3/VCU_bHandBrakeSts","Veh_1_B.VCar_Inport_lc","","VCU control/status signal; inject CAN out-of-range, missing, or frozen values.","1"
"Input","Veh_1.FromVCU.CAN.VCU_Body.GW_VCU_3.VCU_bHvEmgyReqSt","Double","VCU/CAN input","Veh_1/FromVCU/CAN/VCU_Body/GW_VCU_3/VCU_bHvEmgyReqSt","Veh_1_B.VCar_Inport_cyc","","VCU control/status signal; inject CAN out-of-range, missing, or frozen values.","1"
"Input","Veh_1.FromVCU.CAN.VCU_Body.GW_VCU_3.VCU_bStSmartChg","Double","VCU/CAN input","Veh_1/FromVCU/CAN/VCU_Body/GW_VCU_3/VCU_bStSmartChg","Veh_1_B.VCar_Inport_jl","","VCU control/status signal; inject CAN out-of-range, missing, or frozen values.","1"
"Input","Veh_1.FromVCU.CAN.VCU_Body.GW_VCU_3.VCU_Control","Double","VCU/CAN input","Veh_1/FromVCU/CAN/VCU_Body/GW_VCU_3/VCU_Control","Veh_1_B.VCar_Inport_p0","","VCU control/status signal; inject CAN out-of-range, missing, or frozen values.","1"
"Input","Veh_1.FromVCU.CAN.VCU_Body.GW_VCU_3.VCU_CreepFuncSts","Double","VCU/CAN input","Veh_1/FromVCU/CAN/VCU_Body/GW_VCU_3/VCU_CreepFuncSts","Veh_1_B.VCar_Inport_db","","VCU control/status signal; inject CAN out-of-range, missing, or frozen values.","1"
"Input","Veh_1.FromVCU.CAN.VCU_Body.GW_VCU_3.VCU_DriveMode","Double","VCU/CAN input","Veh_1/FromVCU/CAN/VCU_Body/GW_VCU_3/VCU_DriveMode","Veh_1_B.VCar_Inport_nw","","VCU control/status signal; inject CAN out-of-range, missing, or frozen values.","1"
"Input","Veh_1.FromVCU.CAN.VCU_Body.GW_VCU_3.VCU_DrivemodeRembSts","Double","VCU/CAN input","Veh_1/FromVCU/CAN/VCU_Body/GW_VCU_3/VCU_DrivemodeRembSts","Veh_1_B.VCar_Inport_ip","","VCU control/status signal; inject CAN out-of-range, missing, or frozen values.","1"
"Input","Veh_1.FromVCU.CAN.VCU_Body.GW_VCU_3.VCU_Faultcode","Double","VCU/CAN input","Veh_1/FromVCU/CAN/VCU_Body/GW_VCU_3/VCU_Faultcode","Veh_1_B.VCar_Inport_in","","VCU control/status signal; inject CAN out-of-range, missing, or frozen values.","1"
"Input","Veh_1.FromVCU.CAN.VCU_Body.GW_VCU_3.VCU_PPDSoundClose","Double","VCU/CAN input","Veh_1/FromVCU/CAN/VCU_Body/GW_VCU_3/VCU_PPDSoundClose","Veh_1_B.VCar_Inport_dfs","","VCU control/status signal; inject CAN out-of-range, missing, or frozen values.","1"
"Input","Veh_1.FromVCU.CAN.VCU_Body.GW_VCU_3.VCU_SpeedLimit","Double","VCU/CAN input","Veh_1/FromVCU/CAN/VCU_Body/GW_VCU_3/VCU_SpeedLimit","Veh_1_B.VCar_Inport_ijg","","VCU control/status signal; inject CAN out-of-range, missing, or frozen values.","1"
"Input","Veh_1.FromVCU.CAN.VCU_Body.GW_VCU_3.VCU_stTBOX_Limit","Double","VCU/CAN input","Veh_1/FromVCU/CAN/VCU_Body/GW_VCU_3/VCU_stTBOX_Limit","Veh_1_B.VCar_Inport_ap","","VCU control/status signal; inject CAN out-of-range, missing, or frozen values.","1"
"Input","Veh_1.FromVCU.CAN.VCU_Body.GW_VCU_3.VCU_VechileSts","Double","VCU/CAN input","Veh_1/FromVCU/CAN/VCU_Body/GW_VCU_3/VCU_VechileSts","Veh_1_B.VCar_Inport_bh","","VCU control/status signal; inject CAN out-of-range, missing, or frozen values.","1"
"Input","Veh_1.FromVCU.CAN.VCU_Body.GW_VCU_4.VCU_AvailResidPower","Double","VCU/CAN input","Veh_1/FromVCU/CAN/VCU_Body/GW_VCU_4/VCU_AvailResidPower","Veh_1_B.VCar_Inport_do1","","VCU control/status signal; inject CAN out-of-range, missing, or frozen values.","1"
"Input","Veh_1.FromVCU.CAN.VCU_Body.GW_VCU_4.VCU_CLM_stPtc","Double","VCU/CAN input","Veh_1/FromVCU/CAN/VCU_Body/GW_VCU_4/VCU_CLM_stPtc","Veh_1_B.VCar_Inport_e50","","VCU control/status signal; inject CAN out-of-range, missing, or frozen values.","1"
"Input","Veh_1.FromVCU.CAN.VCU_Body.GW_VCU_4.VCU_EAC_drive_request","Double","VCU/CAN input","Veh_1/FromVCU/CAN/VCU_Body/GW_VCU_4/VCU_EAC_drive_request","Veh_1_B.VCar_Inport_hz","","VCU control/status signal; inject CAN out-of-range, missing, or frozen values.","1"
"Input","Veh_1.FromVCU.CAN.VCU_Body.GW_VCU_4.VCU_EAC_power_lim","Double","VCU/CAN input","Veh_1/FromVCU/CAN/VCU_Body/GW_VCU_4/VCU_EAC_power_lim","Veh_1_B.VCar_Inport_jbs","","VCU control/status signal; inject CAN out-of-range, missing, or frozen values.","1"
"Input","Veh_1.FromVCU.CAN.VCU_Body.GW_VCU_4.VCU_InstantPower","Double","VCU/CAN input","Veh_1/FromVCU/CAN/VCU_Body/GW_VCU_4/VCU_InstantPower","Veh_1_B.VCar_Inport_id","","VCU control/status signal; inject CAN out-of-range, missing, or frozen values.","1"
"Input","Veh_1.FromVCU.CAN.VCU_Body.GW_VCU_4.VCU_InterlockSts","Double","VCU/CAN input","Veh_1/FromVCU/CAN/VCU_Body/GW_VCU_4/VCU_InterlockSts","Veh_1_B.VCar_Inport_e2","","VCU control/status signal; inject CAN out-of-range, missing, or frozen values.","1"
"Input","Veh_1.FromVCU.CAN.VCU_Body.GW_VCU_4.VCU_MotorMaxPower","Double","VCU/CAN input","Veh_1/FromVCU/CAN/VCU_Body/GW_VCU_4/VCU_MotorMaxPower","Veh_1_B.VCar_Inport_jxz","","VCU control/status signal; inject CAN out-of-range, missing, or frozen values.","1"
"Input","Veh_1.FromVCU.CAN.VCU_Body.ICM_1.DriverSeatBeltWarningSts","Double","VCU/CAN input","Veh_1/FromVCU/CAN/VCU_Body/ICM_1/DriverSeatBeltWarningSts","Veh_1_B.VCar_Inport_mb","","VCU control/status signal; inject CAN out-of-range, missing, or frozen values.","1"
"Input","Veh_1.FromVCU.CAN.VCU_Body.ICM_1.TotalOdometer_km","Double","VCU/CAN input","Veh_1/FromVCU/CAN/VCU_Body/ICM_1/TotalOdometer_km","Veh_1_B.VCar_Inport_ci","","VCU control/status signal; inject CAN out-of-range, missing, or frozen values.","1"
"Input","Veh_1.FromVCU.CAN.VCU_Body.NMm_BCM.ActiveLoadMaster","Double","VCU/CAN input","Veh_1/FromVCU/CAN/VCU_Body/NMm_BCM/ActiveLoadMaster","Veh_1_B.VCar_Inport_pi1","","VCU control/status signal; inject CAN out-of-range, missing, or frozen values.","1"
"Input","Veh_1.FromVCU.CAN.VCU_Body.NMm_BCM.ControllerSts","Double","VCU/CAN input","Veh_1/FromVCU/CAN/VCU_Body/NMm_BCM/ControllerSts","Veh_1_B.VCar_Inport_mvd","","VCU control/status signal; inject CAN out-of-range, missing, or frozen values.","1"
"Input","Veh_1.FromVCU.CAN.VCU_Body.NMm_BCM.Counter","Double","VCU/CAN input","Veh_1/FromVCU/CAN/VCU_Body/NMm_BCM/Counter","Veh_1_B.VCar_Inport_j5","","VCU control/status signal; inject CAN out-of-range, missing, or frozen values.","1"
"Input","Veh_1.FromVCU.CAN.VCU_Body.NMm_BCM.CurrentFailSts","Double","VCU/CAN input","Veh_1/FromVCU/CAN/VCU_Body/NMm_BCM/CurrentFailSts","Veh_1_B.VCar_Inport_ik","","VCU control/status signal; inject CAN out-of-range, missing, or frozen values.","1"
"Input","Veh_1.FromVCU.CAN.VCU_Body.NMm_BCM.NetworkCommand","Double","VCU/CAN input","Veh_1/FromVCU/CAN/VCU_Body/NMm_BCM/NetworkCommand","Veh_1_B.VCar_Inport_b5","","VCU control/status signal; inject CAN out-of-range, missing, or frozen values.","1"
"Input","Veh_1.FromVCU.CAN.VCU_Body.NMm_BCM.SYNCBits","Double","VCU/CAN input","Veh_1/FromVCU/CAN/VCU_Body/NMm_BCM/SYNCBits","Veh_1_B.VCar_Inport_kn","","VCU control/status signal; inject CAN out-of-range, missing, or frozen values.","1"
"Input","Veh_1.FromVCU.CAN.VCU_Body.NMm_DCDC_OBC.AL","Double","VCU/CAN input","Veh_1/FromVCU/CAN/VCU_Body/NMm_DCDC_OBC/AL","Veh_1_B.VCar_Inport_h0","","VCU control/status signal; inject CAN out-of-range, missing, or frozen values.","1"
"Input","Veh_1.FromVCU.CAN.VCU_Body.NMm_DCDC_OBC.ControllerSts","Double","VCU/CAN input","Veh_1/FromVCU/CAN/VCU_Body/NMm_DCDC_OBC/ControllerSts","Veh_1_B.VCar_Inport_js","","VCU control/status signal; inject CAN out-of-range, missing, or frozen values.","1"
"Input","Veh_1.FromVCU.CAN.VCU_Body.NMm_DCDC_OBC.Counter","Double","VCU/CAN input","Veh_1/FromVCU/CAN/VCU_Body/NMm_DCDC_OBC/Counter","Veh_1_B.VCar_Inport_eju","","VCU control/status signal; inject CAN out-of-range, missing, or frozen values.","1"
"Input","Veh_1.FromVCU.CAN.VCU_Body.NMm_DCDC_OBC.CurrentFailSts","Double","VCU/CAN input","Veh_1/FromVCU/CAN/VCU_Body/NMm_DCDC_OBC/CurrentFailSts","Veh_1_B.VCar_Inport_gtw","","VCU control/status signal; inject CAN out-of-range, missing, or frozen values.","1"
"Input","Veh_1.FromVCU.CAN.VCU_Body.NMm_DCDC_OBC.NC","Double","VCU/CAN input","Veh_1/FromVCU/CAN/VCU_Body/NMm_DCDC_OBC/NC","Veh_1_B.VCar_Inport_os","","VCU control/status signal; inject CAN out-of-range, missing, or frozen values.","1"
"Input","Veh_1.FromVCU.CAN.VCU_Body.NMm_DCDC_OBC.SYNCBits","Double","VCU/CAN input","Veh_1/FromVCU/CAN/VCU_Body/NMm_DCDC_OBC/SYNCBits","Veh_1_B.VCar_Inport_ms","","VCU control/status signal; inject CAN out-of-range, missing, or frozen values.","1"
"Input","Veh_1.FromVCU.CAN.VCU_Body.NMm_DCDC1.ActiveLoadMaster","Double","VCU/CAN input","Veh_1/FromVCU/CAN/VCU_Body/NMm_DCDC1/ActiveLoadMaster","Veh_1_B.VCar_Inport_gk","","VCU control/status signal; inject CAN out-of-range, missing, or frozen values.","1"
"Input","Veh_1.FromVCU.CAN.VCU_Body.NMm_DCDC1.ControllerSts","Double","VCU/CAN input","Veh_1/FromVCU/CAN/VCU_Body/NMm_DCDC1/ControllerSts","Veh_1_B.VCar_Inport_ozm","","VCU control/status signal; inject CAN out-of-range, missing, or frozen values.","1"
"Input","Veh_1.FromVCU.CAN.VCU_Body.NMm_DCDC1.Counter","Double","VCU/CAN input","Veh_1/FromVCU/CAN/VCU_Body/NMm_DCDC1/Counter","Veh_1_B.VCar_Inport_apb","","VCU control/status signal; inject CAN out-of-range, missing, or frozen values.","1"
"Input","Veh_1.FromVCU.CAN.VCU_Body.NMm_DCDC1.CurrentFailSts","Double","VCU/CAN input","Veh_1/FromVCU/CAN/VCU_Body/NMm_DCDC1/CurrentFailSts","Veh_1_B.VCar_Inport_mn","","VCU control/status signal; inject CAN out-of-range, missing, or frozen values.","1"
"Input","Veh_1.FromVCU.CAN.VCU_Body.NMm_DCDC1.NetworkCommand","Double","VCU/CAN input","Veh_1/FromVCU/CAN/VCU_Body/NMm_DCDC1/NetworkCommand","Veh_1_B.VCar_Inport_hc","","VCU control/status signal; inject CAN out-of-range, missing, or frozen values.","1"
"Input","Veh_1.FromVCU.CAN.VCU_Body.NMm_DCDC1.SYNCBits","Double","VCU/CAN input","Veh_1/FromVCU/CAN/VCU_Body/NMm_DCDC1/SYNCBits","Veh_1_B.VCar_Inport_f2","","VCU control/status signal; inject CAN out-of-range, missing, or frozen values.","1"
"Input","Veh_1.FromVCU.CAN.VCU_Body.NMm_RRM.ActiveLoadMaster","Double","VCU/CAN input","Veh_1/FromVCU/CAN/VCU_Body/NMm_RRM/ActiveLoadMaster","Veh_1_B.VCar_Inport_ix","","VCU control/status signal; inject CAN out-of-range, missing, or frozen values.","1"
"Input","Veh_1.FromVCU.CAN.VCU_Body.NMm_RRM.ControllerSts","Double","VCU/CAN input","Veh_1/FromVCU/CAN/VCU_Body/NMm_RRM/ControllerSts","Veh_1_B.VCar_Inport_hi","","VCU control/status signal; inject CAN out-of-range, missing, or frozen values.","1"
"Input","Veh_1.FromVCU.CAN.VCU_Body.NMm_RRM.Counter","Double","VCU/CAN input","Veh_1/FromVCU/CAN/VCU_Body/NMm_RRM/Counter","Veh_1_B.VCar_Inport_ou","","VCU control/status signal; inject CAN out-of-range, missing, or frozen values.","1"
"Input","Veh_1.FromVCU.CAN.VCU_Body.NMm_RRM.CurrentFailSts","Double","VCU/CAN input","Veh_1/FromVCU/CAN/VCU_Body/NMm_RRM/CurrentFailSts","Veh_1_B.VCar_Inport_a0b","","VCU control/status signal; inject CAN out-of-range, missing, or frozen values.","1"
"Input","Veh_1.FromVCU.CAN.VCU_Body.NMm_RRM.NetworkCommand","Double","VCU/CAN input","Veh_1/FromVCU/CAN/VCU_Body/NMm_RRM/NetworkCommand","Veh_1_B.VCar_Inport_jy","","VCU control/status signal; inject CAN out-of-range, missing, or frozen values.","1"
"Input","Veh_1.FromVCU.CAN.VCU_Body.NMm_RRM.SYNCBits","Double","VCU/CAN input","Veh_1/FromVCU/CAN/VCU_Body/NMm_RRM/SYNCBits","Veh_1_B.VCar_Inport_lcb","","VCU control/status signal; inject CAN out-of-range, missing, or frozen values.","1"
"Input","Veh_1.FromVCU.CAN.VCU_Body.NWM_ICM.ActiveLoads","Double","VCU/CAN input","Veh_1/FromVCU/CAN/VCU_Body/NWM_ICM/ActiveLoads","Veh_1_B.VCar_Inport_gn4","","VCU control/status signal; inject CAN out-of-range, missing, or frozen values.","1"
"Input","Veh_1.FromVCU.CAN.VCU_Body.NWM_ICM.ControllerSts","Double","VCU/CAN input","Veh_1/FromVCU/CAN/VCU_Body/NWM_ICM/ControllerSts","Veh_1_B.VCar_Inport_bi","","VCU control/status signal; inject CAN out-of-range, missing, or frozen values.","1"
"Input","Veh_1.FromVCU.CAN.VCU_Body.NWM_ICM.Counter","Double","VCU/CAN input","Veh_1/FromVCU/CAN/VCU_Body/NWM_ICM/Counter","Veh_1_B.VCar_Inport_agv","","VCU control/status signal; inject CAN out-of-range, missing, or frozen values.","1"
"Input","Veh_1.FromVCU.CAN.VCU_Body.NWM_ICM.CurrentFailSts","Double","VCU/CAN input","Veh_1/FromVCU/CAN/VCU_Body/NWM_ICM/CurrentFailSts","Veh_1_B.VCar_Inport_kt","","VCU control/status signal; inject CAN out-of-range, missing, or frozen values.","1"
"Input","Veh_1.FromVCU.CAN.VCU_Body.NWM_ICM.NetworkCommand","Double","VCU/CAN input","Veh_1/FromVCU/CAN/VCU_Body/NWM_ICM/NetworkCommand","Veh_1_B.VCar_Inport_cwh","","VCU control/status signal; inject CAN out-of-range, missing, or frozen values.","1"
"Input","Veh_1.FromVCU.CAN.VCU_Body.NWM_ICM.SyncBits","Double","VCU/CAN input","Veh_1/FromVCU/CAN/VCU_Body/NWM_ICM/SyncBits","Veh_1_B.VCar_Inport_i3","","VCU control/status signal; inject CAN out-of-range, missing, or frozen values.","1"
"Input","Veh_1.FromVCU.CAN.VCU_Body.NWM_TBOX.ActiveLoadMaster","Double","VCU/CAN input","Veh_1/FromVCU/CAN/VCU_Body/NWM_TBOX/ActiveLoadMaster","Veh_1_B.VCar_Inport_egp","","VCU control/status signal; inject CAN out-of-range, missing, or frozen values.","1"
"Input","Veh_1.FromVCU.CAN.VCU_Body.NWM_TBOX.ControllerSts","Double","VCU/CAN input","Veh_1/FromVCU/CAN/VCU_Body/NWM_TBOX/ControllerSts","Veh_1_B.VCar_Inport_kua","","VCU control/status signal; inject CAN out-of-range, missing, or frozen values.","1"
"Input","Veh_1.FromVCU.CAN.VCU_Body.NWM_TBOX.Counter","Double","VCU/CAN input","Veh_1/FromVCU/CAN/VCU_Body/NWM_TBOX/Counter","Veh_1_B.VCar_Inport_kb","","VCU control/status signal; inject CAN out-of-range, missing, or frozen values.","1"
"Input","Veh_1.FromVCU.CAN.VCU_Body.NWM_TBOX.CounterError","Double","VCU/CAN input","Veh_1/FromVCU/CAN/VCU_Body/NWM_TBOX/CounterError","Veh_1_B.VCar_Inport_o4","","VCU control/status signal; inject CAN out-of-range, missing, or frozen values.","1"
"Input","Veh_1.FromVCU.CAN.VCU_Body.NWM_TBOX.CurrentFailSts","Double","VCU/CAN input","Veh_1/FromVCU/CAN/VCU_Body/NWM_TBOX/CurrentFailSts","Veh_1_B.VCar_Inport_lcf","","VCU control/status signal; inject CAN out-of-range, missing, or frozen values.","1"
"Input","Veh_1.FromVCU.CAN.VCU_Body.NWM_TBOX.NetworkCommand","Double","VCU/CAN input","Veh_1/FromVCU/CAN/VCU_Body/NWM_TBOX/NetworkCommand","Veh_1_B.VCar_Inport_ng","","VCU control/status signal; inject CAN out-of-range, missing, or frozen values.","1"
"Input","Veh_1.FromVCU.CAN.VCU_Body.NWM_TBOX.Node0","Double","VCU/CAN input","Veh_1/FromVCU/CAN/VCU_Body/NWM_TBOX/Node0","Veh_1_B.VCar_Inport_bt","","VCU control/status signal; inject CAN out-of-range, missing, or frozen values.","1"
"Input","Veh_1.FromVCU.CAN.VCU_Body.NWM_TBOX.Node1","Double","VCU/CAN input","Veh_1/FromVCU/CAN/VCU_Body/NWM_TBOX/Node1","Veh_1_B.VCar_Inport_fc","","VCU control/status signal; inject CAN out-of-range, missing, or frozen values.","1"
"Input","Veh_1.FromVCU.CAN.VCU_Body.NWM_TBOX.Node10","Double","VCU/CAN input","Veh_1/FromVCU/CAN/VCU_Body/NWM_TBOX/Node10","Veh_1_B.VCar_Inport_mh","","VCU control/status signal; inject CAN out-of-range, missing, or frozen values.","1"
"Input","Veh_1.FromVCU.CAN.VCU_Body.NWM_TBOX.Node11","Double","VCU/CAN input","Veh_1/FromVCU/CAN/VCU_Body/NWM_TBOX/Node11","Veh_1_B.VCar_Inport_jb5","","VCU control/status signal; inject CAN out-of-range, missing, or frozen values.","1"
"Input","Veh_1.FromVCU.CAN.VCU_Body.NWM_TBOX.Node12","Double","VCU/CAN input","Veh_1/FromVCU/CAN/VCU_Body/NWM_TBOX/Node12","Veh_1_B.VCar_Inport_io","","VCU control/status signal; inject CAN out-of-range, missing, or frozen values.","1"
"Input","Veh_1.FromVCU.CAN.VCU_Body.NWM_TBOX.Node13","Double","VCU/CAN input","Veh_1/FromVCU/CAN/VCU_Body/NWM_TBOX/Node13","Veh_1_B.VCar_Inport_n1","","VCU control/status signal; inject CAN out-of-range, missing, or frozen values.","1"
"Input","Veh_1.FromVCU.CAN.VCU_Body.NWM_TBOX.Node14","Double","VCU/CAN input","Veh_1/FromVCU/CAN/VCU_Body/NWM_TBOX/Node14","Veh_1_B.VCar_Inport_jqw","","VCU control/status signal; inject CAN out-of-range, missing, or frozen values.","1"
"Input","Veh_1.FromVCU.CAN.VCU_Body.NWM_TBOX.Node15","Double","VCU/CAN input","Veh_1/FromVCU/CAN/VCU_Body/NWM_TBOX/Node15","Veh_1_B.VCar_Inport_pd","","VCU control/status signal; inject CAN out-of-range, missing, or frozen values.","1"
"Input","Veh_1.FromVCU.CAN.VCU_Body.NWM_TBOX.Node16","Double","VCU/CAN input","Veh_1/FromVCU/CAN/VCU_Body/NWM_TBOX/Node16","Veh_1_B.VCar_Inport_mmo","","VCU control/status signal; inject CAN out-of-range, missing, or frozen values.","1"
"Input","Veh_1.FromVCU.CAN.VCU_Body.NWM_TBOX.Node17","Double","VCU/CAN input","Veh_1/FromVCU/CAN/VCU_Body/NWM_TBOX/Node17","Veh_1_B.VCar_Inport_kh","","VCU control/status signal; inject CAN out-of-range, missing, or frozen values.","1"
"Input","Veh_1.FromVCU.CAN.VCU_Body.NWM_TBOX.Node18","Double","VCU/CAN input","Veh_1/FromVCU/CAN/VCU_Body/NWM_TBOX/Node18","Veh_1_B.VCar_Inport_bg","","VCU control/status signal; inject CAN out-of-range, missing, or frozen values.","1"
"Input","Veh_1.FromVCU.CAN.VCU_Body.NWM_TBOX.Node19","Double","VCU/CAN input","Veh_1/FromVCU/CAN/VCU_Body/NWM_TBOX/Node19","Veh_1_B.VCar_Inport_cp1","","VCU control/status signal; inject CAN out-of-range, missing, or frozen values.","1"
"Input","Veh_1.FromVCU.CAN.VCU_Body.NWM_TBOX.Node2","Double","VCU/CAN input","Veh_1/FromVCU/CAN/VCU_Body/NWM_TBOX/Node2","Veh_1_B.VCar_Inport_dh","","VCU control/status signal; inject CAN out-of-range, missing, or frozen values.","1"
"Input","Veh_1.FromVCU.CAN.VCU_Body.NWM_TBOX.Node20","Double","VCU/CAN input","Veh_1/FromVCU/CAN/VCU_Body/NWM_TBOX/Node20","Veh_1_B.VCar_Inport_hn","","VCU control/status signal; inject CAN out-of-range, missing, or frozen values.","1"
"Input","Veh_1.FromVCU.CAN.VCU_Body.NWM_TBOX.Node21","Double","VCU/CAN input","Veh_1/FromVCU/CAN/VCU_Body/NWM_TBOX/Node21","Veh_1_B.VCar_Inport_nhe","","VCU control/status signal; inject CAN out-of-range, missing, or frozen values.","1"
"Input","Veh_1.FromVCU.CAN.VCU_Body.NWM_TBOX.Node22","Double","VCU/CAN input","Veh_1/FromVCU/CAN/VCU_Body/NWM_TBOX/Node22","Veh_1_B.VCar_Inport_bb","","VCU control/status signal; inject CAN out-of-range, missing, or frozen values.","1"
"Input","Veh_1.FromVCU.CAN.VCU_Body.NWM_TBOX.Node23","Double","VCU/CAN input","Veh_1/FromVCU/CAN/VCU_Body/NWM_TBOX/Node23","Veh_1_B.VCar_Inport_j2d","","VCU control/status signal; inject CAN out-of-range, missing, or frozen values.","1"
"Input","Veh_1.FromVCU.CAN.VCU_Body.NWM_TBOX.Node24","Double","VCU/CAN input","Veh_1/FromVCU/CAN/VCU_Body/NWM_TBOX/Node24","Veh_1_B.VCar_Inport_nma","","VCU control/status signal; inject CAN out-of-range, missing, or frozen values.","1"
"Input","Veh_1.FromVCU.CAN.VCU_Body.NWM_TBOX.Node25","Double","VCU/CAN input","Veh_1/FromVCU/CAN/VCU_Body/NWM_TBOX/Node25","Veh_1_B.VCar_Inport_dl","","VCU control/status signal; inject CAN out-of-range, missing, or frozen values.","1"
"Input","Veh_1.FromVCU.CAN.VCU_Body.NWM_TBOX.Node26","Double","VCU/CAN input","Veh_1/FromVCU/CAN/VCU_Body/NWM_TBOX/Node26","Veh_1_B.VCar_Inport_en","","VCU control/status signal; inject CAN out-of-range, missing, or frozen values.","1"
"Input","Veh_1.FromVCU.CAN.VCU_Body.NWM_TBOX.Node27","Double","VCU/CAN input","Veh_1/FromVCU/CAN/VCU_Body/NWM_TBOX/Node27","Veh_1_B.VCar_Inport_it","","VCU control/status signal; inject CAN out-of-range, missing, or frozen values.","1"
"Input","Veh_1.FromVCU.CAN.VCU_Body.NWM_TBOX.Node28","Double","VCU/CAN input","Veh_1/FromVCU/CAN/VCU_Body/NWM_TBOX/Node28","Veh_1_B.VCar_Inport_fa","","VCU control/status signal; inject CAN out-of-range, missing, or frozen values.","1"
"Input","Veh_1.FromVCU.CAN.VCU_Body.NWM_TBOX.Node29","Double","VCU/CAN input","Veh_1/FromVCU/CAN/VCU_Body/NWM_TBOX/Node29","Veh_1_B.VCar_Inport_hmz","","VCU control/status signal; inject CAN out-of-range, missing, or frozen values.","1"
"Input","Veh_1.FromVCU.CAN.VCU_Body.NWM_TBOX.Node3","Double","VCU/CAN input","Veh_1/FromVCU/CAN/VCU_Body/NWM_TBOX/Node3","Veh_1_B.VCar_Inport_ktx","","VCU control/status signal; inject CAN out-of-range, missing, or frozen values.","1"
"Input","Veh_1.FromVCU.CAN.VCU_Body.NWM_TBOX.Node30","Double","VCU/CAN input","Veh_1/FromVCU/CAN/VCU_Body/NWM_TBOX/Node30","Veh_1_B.VCar_Inport_hnl","","VCU control/status signal; inject CAN out-of-range, missing, or frozen values.","1"
"Input","Veh_1.FromVCU.CAN.VCU_Body.NWM_TBOX.Node31","Double","VCU/CAN input","Veh_1/FromVCU/CAN/VCU_Body/NWM_TBOX/Node31","Veh_1_B.VCar_Inport_ix0","","VCU control/status signal; inject CAN out-of-range, missing, or frozen values.","1"
"Input","Veh_1.FromVCU.CAN.VCU_Body.NWM_TBOX.Node32","Double","VCU/CAN input","Veh_1/FromVCU/CAN/VCU_Body/NWM_TBOX/Node32","Veh_1_B.VCar_Inport_ic","","VCU control/status signal; inject CAN out-of-range, missing, or frozen values.","1"
"Input","Veh_1.FromVCU.CAN.VCU_Body.NWM_TBOX.Node33","Double","VCU/CAN input","Veh_1/FromVCU/CAN/VCU_Body/NWM_TBOX/Node33","Veh_1_B.VCar_Inport_m2e","","VCU control/status signal; inject CAN out-of-range, missing, or frozen values.","1"
"Input","Veh_1.FromVCU.CAN.VCU_Body.NWM_TBOX.Node34","Double","VCU/CAN input","Veh_1/FromVCU/CAN/VCU_Body/NWM_TBOX/Node34","Veh_1_B.VCar_Inport_lwu","","VCU control/status signal; inject CAN out-of-range, missing, or frozen values.","1"
"Input","Veh_1.FromVCU.CAN.VCU_Body.NWM_TBOX.Node35","Double","VCU/CAN input","Veh_1/FromVCU/CAN/VCU_Body/NWM_TBOX/Node35","Veh_1_B.VCar_Inport_bhr","","VCU control/status signal; inject CAN out-of-range, missing, or frozen values.","1"
"Input","Veh_1.FromVCU.CAN.VCU_Body.NWM_TBOX.Node36","Double","VCU/CAN input","Veh_1/FromVCU/CAN/VCU_Body/NWM_TBOX/Node36","Veh_1_B.VCar_Inport_ilv","","VCU control/status signal; inject CAN out-of-range, missing, or frozen values.","1"
"Input","Veh_1.FromVCU.CAN.VCU_Body.NWM_TBOX.Node37","Double","VCU/CAN input","Veh_1/FromVCU/CAN/VCU_Body/NWM_TBOX/Node37","Veh_1_B.VCar_Inport_ob","","VCU control/status signal; inject CAN out-of-range, missing, or frozen values.","1"
"Input","Veh_1.FromVCU.CAN.VCU_Body.NWM_TBOX.Node38","Double","VCU/CAN input","Veh_1/FromVCU/CAN/VCU_Body/NWM_TBOX/Node38","Veh_1_B.VCar_Inport_oh","","VCU control/status signal; inject CAN out-of-range, missing, or frozen values.","1"
"Input","Veh_1.FromVCU.CAN.VCU_Body.NWM_TBOX.Node39","Double","VCU/CAN input","Veh_1/FromVCU/CAN/VCU_Body/NWM_TBOX/Node39","Veh_1_B.VCar_Inport_inz","","VCU control/status signal; inject CAN out-of-range, missing, or frozen values.","1"
"Input","Veh_1.FromVCU.CAN.VCU_Body.NWM_TBOX.Node4","Double","VCU/CAN input","Veh_1/FromVCU/CAN/VCU_Body/NWM_TBOX/Node4","Veh_1_B.VCar_Inport_ed","","VCU control/status signal; inject CAN out-of-range, missing, or frozen values.","1"
"Input","Veh_1.FromVCU.CAN.VCU_Body.NWM_TBOX.Node5","Double","VCU/CAN input","Veh_1/FromVCU/CAN/VCU_Body/NWM_TBOX/Node5","Veh_1_B.VCar_Inport_eb","","VCU control/status signal; inject CAN out-of-range, missing, or frozen values.","1"
"Input","Veh_1.FromVCU.CAN.VCU_Body.NWM_TBOX.Node6","Double","VCU/CAN input","Veh_1/FromVCU/CAN/VCU_Body/NWM_TBOX/Node6","Veh_1_B.VCar_Inport_bl","","VCU control/status signal; inject CAN out-of-range, missing, or frozen values.","1"
"Input","Veh_1.FromVCU.CAN.VCU_Body.NWM_TBOX.Node7","Double","VCU/CAN input","Veh_1/FromVCU/CAN/VCU_Body/NWM_TBOX/Node7","Veh_1_B.VCar_Inport_gm","","VCU control/status signal; inject CAN out-of-range, missing, or frozen values.","1"
"Input","Veh_1.FromVCU.CAN.VCU_Body.NWM_TBOX.Node8","Double","VCU/CAN input","Veh_1/FromVCU/CAN/VCU_Body/NWM_TBOX/Node8","Veh_1_B.VCar_Inport_pfh","","VCU control/status signal; inject CAN out-of-range, missing, or frozen values.","1"
"Input","Veh_1.FromVCU.CAN.VCU_Body.NWM_TBOX.Node9","Double","VCU/CAN input","Veh_1/FromVCU/CAN/VCU_Body/NWM_TBOX/Node9","Veh_1_B.VCar_Inport_f22","","VCU control/status signal; inject CAN out-of-range, missing, or frozen values.","1"
"Input","Veh_1.FromVCU.CAN.VCU_Body.NWM_TBOX.Reserved","Double","VCU/CAN input","Veh_1/FromVCU/CAN/VCU_Body/NWM_TBOX/Reserved","Veh_1_B.VCar_Inport_inu","","VCU control/status signal; inject CAN out-of-range, missing, or frozen values.","1"
"Input","Veh_1.FromVCU.CAN.VCU_Body.NWM_TBOX.SYNCBits","Double","VCU/CAN input","Veh_1/FromVCU/CAN/VCU_Body/NWM_TBOX/SYNCBits","Veh_1_B.VCar_Inport_fmh","","VCU control/status signal; inject CAN out-of-range, missing, or frozen values.","1"
"Input","Veh_1.FromVCU.CAN.VCU_Body.PPD_1.PPD_SwitchSts","Double","VCU/CAN input","Veh_1/FromVCU/CAN/VCU_Body/PPD_1/PPD_SwitchSts","Veh_1_B.VCar_Inport_gng","","VCU control/status signal; inject CAN out-of-range, missing, or frozen values.","1"
"Input","Veh_1.FromVCU.CAN.VCU_Body.PPD_1.PPD_TypesOfNoise","Double","VCU/CAN input","Veh_1/FromVCU/CAN/VCU_Body/PPD_1/PPD_TypesOfNoise","Veh_1_B.VCar_Inport_mj","","VCU control/status signal; inject CAN out-of-range, missing, or frozen values.","1"
"Input","Veh_1.FromVCU.CAN.VCU_Body.PPD_1.Reserved","Double","VCU/CAN input","Veh_1/FromVCU/CAN/VCU_Body/PPD_1/Reserved","Veh_1_B.VCar_Inport_clh","","VCU control/status signal; inject CAN out-of-range, missing, or frozen values.","1"
"Input","Veh_1.FromVCU.CAN.VCU_Body.RADAR_1.RADAR_AudibleBeepRate","Double","VCU/CAN input","Veh_1/FromVCU/CAN/VCU_Body/RADAR_1/RADAR_AudibleBeepRate","Veh_1_B.VCar_Inport_fgh","","VCU control/status signal; inject CAN out-of-range, missing, or frozen values.","1"
"Input","Veh_1.FromVCU.CAN.VCU_Body.RADAR_1.RADAR_LHRRadarSensorDistance","Double","VCU/CAN input","Veh_1/FromVCU/CAN/VCU_Body/RADAR_1/RADAR_LHRRadarSensorDistance","Veh_1_B.VCar_Inport_b1","","VCU control/status signal; inject CAN out-of-range, missing, or frozen values.","1"
"Input","Veh_1.FromVCU.CAN.VCU_Body.RADAR_1.RADAR_RadarDetectSts","Double","VCU/CAN input","Veh_1/FromVCU/CAN/VCU_Body/RADAR_1/RADAR_RadarDetectSts","Veh_1_B.VCar_Inport_emm","","VCU control/status signal; inject CAN out-of-range, missing, or frozen values.","1"
"Input","Veh_1.FromVCU.CAN.VCU_Body.RADAR_1.RADAR_RadarWorkSts","Double","VCU/CAN input","Veh_1/FromVCU/CAN/VCU_Body/RADAR_1/RADAR_RadarWorkSts","Veh_1_B.VCar_Inport_bc","","VCU control/status signal; inject CAN out-of-range, missing, or frozen values.","1"
"Input","Veh_1.FromVCU.CAN.VCU_Body.RADAR_1.RADAR_RHMRRadarSensorDistance","Double","VCU/CAN input","Veh_1/FromVCU/CAN/VCU_Body/RADAR_1/RADAR_RHMRRadarSensorDistance","Veh_1_B.VCar_Inport_gy","","VCU control/status signal; inject CAN out-of-range, missing, or frozen values.","1"
"Input","Veh_1.FromVCU.CAN.VCU_Body.RRM_1.RRM_CreepFuncSet","Double","VCU/CAN input","Veh_1/FromVCU/CAN/VCU_Body/RRM_1/RRM_CreepFuncSet","Veh_1_B.VCar_Inport_cd","","VCU control/status signal; inject CAN out-of-range, missing, or frozen values.","1"
"Input","Veh_1.FromVCU.CAN.VCU_Body.RRM_1.RRM_DrivemodeRembSet","Double","VCU/CAN input","Veh_1/FromVCU/CAN/VCU_Body/RRM_1/RRM_DrivemodeRembSet","Veh_1_B.VCar_Inport_j4","","VCU control/status signal; inject CAN out-of-range, missing, or frozen values.","1"
"Input","Veh_1.FromVCU.CAN.VCU_Body.RRM_1.RRM_PPDFuncSet","Double","VCU/CAN input","Veh_1/FromVCU/CAN/VCU_Body/RRM_1/RRM_PPDFuncSet","Veh_1_B.VCar_Inport_mev","","VCU control/status signal; inject CAN out-of-range, missing, or frozen values.","1"
"Input","Veh_1.FromVCU.CAN.VCU_Body.RRM_1.RRM_PPDTypesOfNoise","Double","VCU/CAN input","Veh_1/FromVCU/CAN/VCU_Body/RRM_1/RRM_PPDTypesOfNoise","Veh_1_B.VCar_Inport_og","","VCU control/status signal; inject CAN out-of-range, missing, or frozen values.","1"
"Input","Veh_1.FromVCU.CAN.VCU_Body.TBOX_1.AliveCounter","Double","VCU/CAN input","Veh_1/FromVCU/CAN/VCU_Body/TBOX_1/AliveCounter","Veh_1_B.VCar_Inport_mhe","","VCU control/status signal; inject CAN out-of-range, missing, or frozen values.","1"
"Input","Veh_1.FromVCU.CAN.VCU_Body.TBOX_1.Checksum","Double","VCU/CAN input","Veh_1/FromVCU/CAN/VCU_Body/TBOX_1/Checksum","Veh_1_B.VCar_Inport_bj","","VCU control/status signal; inject CAN out-of-range, missing, or frozen values.","1"
"Input","Veh_1.FromVCU.CAN.VCU_Body.TBOX_1.DVD_SET_HORNcmd","Double","VCU/CAN input","Veh_1/FromVCU/CAN/VCU_Body/TBOX_1/DVD_SET_HORNcmd","Veh_1_B.VCar_Inport_jt","","VCU control/status signal; inject CAN out-of-range, missing, or frozen values.","1"
"Input","Veh_1.FromVCU.CAN.VCU_Body.TBOX_1.Remo_FastWarming","Double","VCU/CAN input","Veh_1/FromVCU/CAN/VCU_Body/TBOX_1/Remo_FastWarming","Veh_1_B.VCar_Inport_dm1","","VCU control/status signal; inject CAN out-of-range, missing, or frozen values.","1"
"Input","Veh_1.FromVCU.CAN.VCU_Body.TBOX_1.Remote_AC_Req","Double","VCU/CAN input","Veh_1/FromVCU/CAN/VCU_Body/TBOX_1/Remote_AC_Req","Veh_1_B.VCar_Inport_jpe","","VCU control/status signal; inject CAN out-of-range, missing, or frozen values.","1"
"Input","Veh_1.FromVCU.CAN.VCU_Body.TBOX_1.Remote_BattConstantStsReq","Double","VCU/CAN input","Veh_1/FromVCU/CAN/VCU_Body/TBOX_1/Remote_BattConstantStsReq","Veh_1_B.VCar_Inport_fs","","VCU control/status signal; inject CAN out-of-range, missing, or frozen values.","1"
"Input","Veh_1.FromVCU.CAN.VCU_Body.TBOX_1.Remote_CirculationMode","Double","VCU/CAN input","Veh_1/FromVCU/CAN/VCU_Body/TBOX_1/Remote_CirculationMode","Veh_1_B.VCar_Inport_nhd","","VCU control/status signal; inject CAN out-of-range, missing, or frozen values.","1"
"Input","Veh_1.FromVCU.CAN.VCU_Body.TBOX_1.Remote_Fastcooling","Double","VCU/CAN input","Veh_1/FromVCU/CAN/VCU_Body/TBOX_1/Remote_Fastcooling","Veh_1_B.VCar_Inport_pg","","VCU control/status signal; inject CAN out-of-range, missing, or frozen values.","1"
"Input","Veh_1.FromVCU.CAN.VCU_Body.TBOX_1.Remote_KeepWarmReq","Double","VCU/CAN input","Veh_1/FromVCU/CAN/VCU_Body/TBOX_1/Remote_KeepWarmReq","Veh_1_B.VCar_Inport_kd","","VCU control/status signal; inject CAN out-of-range, missing, or frozen values.","1"
"Input","Veh_1.FromVCU.CAN.VCU_Body.TBOX_1.Remote_Limit_Start","Double","VCU/CAN input","Veh_1/FromVCU/CAN/VCU_Body/TBOX_1/Remote_Limit_Start","Veh_1_B.VCar_Inport_mw","","VCU control/status signal; inject CAN out-of-range, missing, or frozen values.","1"
"Input","Veh_1.FromVCU.CAN.VCU_Body.TBOX_1.Remote_SmaChrgReq","Double","VCU/CAN input","Veh_1/FromVCU/CAN/VCU_Body/TBOX_1/Remote_SmaChrgReq","Veh_1_B.VCar_Inport_enh","","VCU control/status signal; inject CAN out-of-range, missing, or frozen values.","1"
"Input","Veh_1.FromVCU.CAN.VCU_Body.TBOX_1.RemotestartReq","Double","VCU/CAN input","Veh_1/FromVCU/CAN/VCU_Body/TBOX_1/RemotestartReq","Veh_1_B.VCar_Inport_fym","","VCU control/status signal; inject CAN out-of-range, missing, or frozen values.","1"
"Input","Veh_1.FromVCU.CAN.VCU_Body.TBOX_1.Rmote_Control_Lock","Double","VCU/CAN input","Veh_1/FromVCU/CAN/VCU_Body/TBOX_1/Rmote_Control_Lock","Veh_1_B.VCar_Inport_nal","","VCU control/status signal; inject CAN out-of-range, missing, or frozen values.","1"
"Input","Veh_1.FromVCU.CAN.VCU_Body.TBOX_1.Rmote_LowBeamCon_Req","Double","VCU/CAN input","Veh_1/FromVCU/CAN/VCU_Body/TBOX_1/Rmote_LowBeamCon_Req","Veh_1_B.VCar_Inport_dx","","VCU control/status signal; inject CAN out-of-range, missing, or frozen values.","1"
"Input","Veh_1.FromVCU.CAN.VCU_Body.TBOX_1.TBOX_4GSts","Double","VCU/CAN input","Veh_1/FromVCU/CAN/VCU_Body/TBOX_1/TBOX_4GSts","Veh_1_B.VCar_Inport_b2","","VCU control/status signal; inject CAN out-of-range, missing, or frozen values.","1"
"Input","Veh_1.FromVCU.CAN.VCU_Body.TBOX_1.TBOX_Diag_sts","Double","VCU/CAN input","Veh_1/FromVCU/CAN/VCU_Body/TBOX_1/TBOX_Diag_sts","Veh_1_B.VCar_Inport_fmk","","VCU control/status signal; inject CAN out-of-range, missing, or frozen values.","1"
"Input","Veh_1.FromVCU.CAN.VCU_Body.TBOX_1.TBOX_GPSSts","Double","VCU/CAN input","Veh_1/FromVCU/CAN/VCU_Body/TBOX_1/TBOX_GPSSts","Veh_1_B.VCar_Inport_eu3","","VCU control/status signal; inject CAN out-of-range, missing, or frozen values.","1"
"Input","Veh_1.FromVCU.CAN.VCU_Body.TBOX_1.TBOX_PowerSts","Double","VCU/CAN input","Veh_1/FromVCU/CAN/VCU_Body/TBOX_1/TBOX_PowerSts","Veh_1_B.VCar_Inport_bfe","","VCU control/status signal; inject CAN out-of-range, missing, or frozen values.","1"
"Input","Veh_1.FromVCU.CAN.VCU_Body.TBOX_2.day","Double","VCU/CAN input","Veh_1/FromVCU/CAN/VCU_Body/TBOX_2/day","Veh_1_B.VCar_Inport_he","","VCU control/status signal; inject CAN out-of-range, missing, or frozen values.","1"
"Input","Veh_1.FromVCU.CAN.VCU_Body.TBOX_2.Elevation","Double","VCU/CAN input","Veh_1/FromVCU/CAN/VCU_Body/TBOX_2/Elevation","Veh_1_B.VCar_Inport_pz","","VCU control/status signal; inject CAN out-of-range, missing, or frozen values.","1"
"Input","Veh_1.FromVCU.CAN.VCU_Body.TBOX_2.Elevation_Valid","Double","VCU/CAN input","Veh_1/FromVCU/CAN/VCU_Body/TBOX_2/Elevation_Valid","Veh_1_B.VCar_Inport_j5o","","VCU control/status signal; inject CAN out-of-range, missing, or frozen values.","1"
"Input","Veh_1.FromVCU.CAN.VCU_Body.TBOX_2.hour","Double","VCU/CAN input","Veh_1/FromVCU/CAN/VCU_Body/TBOX_2/hour","Veh_1_B.VCar_Inport_k1","","VCU control/status signal; inject CAN out-of-range, missing, or frozen values.","1"
"Input","Veh_1.FromVCU.CAN.VCU_Body.TBOX_2.minute","Double","VCU/CAN input","Veh_1/FromVCU/CAN/VCU_Body/TBOX_2/minute","Veh_1_B.VCar_Inport_n0d","","VCU control/status signal; inject CAN out-of-range, missing, or frozen values.","1"
"Input","Veh_1.FromVCU.CAN.VCU_Body.TBOX_2.month","Double","VCU/CAN input","Veh_1/FromVCU/CAN/VCU_Body/TBOX_2/month","Veh_1_B.VCar_Inport_nmf","","VCU control/status signal; inject CAN out-of-range, missing, or frozen values.","1"
"Input","Veh_1.FromVCU.CAN.VCU_Body.TBOX_2.second","Double","VCU/CAN input","Veh_1/FromVCU/CAN/VCU_Body/TBOX_2/second","Veh_1_B.VCar_Inport_nhv","","VCU control/status signal; inject CAN out-of-range, missing, or frozen values.","1"
"Input","Veh_1.FromVCU.CAN.VCU_Body.TBOX_2.TBOX_TimeValidity","Double","VCU/CAN input","Veh_1/FromVCU/CAN/VCU_Body/TBOX_2/TBOX_TimeValidity","Veh_1_B.VCar_Inport_nig","","VCU control/status signal; inject CAN out-of-range, missing, or frozen values.","1"
"Input","Veh_1.FromVCU.CAN.VCU_Body.TBOX_2.year","Double","VCU/CAN input","Veh_1/FromVCU/CAN/VCU_Body/TBOX_2/year","Veh_1_B.VCar_Inport_d4a","","VCU control/status signal; inject CAN out-of-range, missing, or frozen values.","1"
"Input","Veh_1.FromVCU.CAN.VCU_Power.VCU_BMS_Ctrl.VCU_BMS_Ctrl_Checksum","Double","VCU/CAN input","Veh_1/FromVCU/CAN/VCU_Power/VCU_BMS_Ctrl/VCU_BMS_Ctrl_Checksum","Veh_1_B.VCar_Inport_ktq","","VCU control/status signal; inject CAN out-of-range, missing, or frozen values.","1"
"Input","Veh_1.FromVCU.CAN.VCU_Power.VCU_BMS_Ctrl.VCU_BMS_Ctrl_Counter","Double","VCU/CAN input","Veh_1/FromVCU/CAN/VCU_Power/VCU_BMS_Ctrl/VCU_BMS_Ctrl_Counter","Veh_1_B.VCar_Inport_hth","","VCU control/status signal; inject CAN out-of-range, missing, or frozen values.","1"
"Input","Veh_1.FromVCU.CAN.VCU_Power.VCU_BMS_Ctrl.VCU_BMS_target_state","Double","VCU/CAN input","Veh_1/FromVCU/CAN/VCU_Power/VCU_BMS_Ctrl/VCU_BMS_target_state","Veh_1_B.VCar_Inport_oa","","VCU control/status signal; inject CAN out-of-range, missing, or frozen values.","1"
"Input","Veh_1.FromVCU.CAN.VCU_Power.VCU_BMS_Ctrl.VCU_charge_relay_control","Double","VCU/CAN input","Veh_1/FromVCU/CAN/VCU_Power/VCU_BMS_Ctrl/VCU_charge_relay_control","Veh_1_B.VCar_Inport_n0","","VCU control/status signal; inject CAN out-of-range, missing, or frozen values.","1"
"Input","Veh_1.FromVCU.CAN.VCU_Power.VCU_BMS_Ctrl.VCU_ChargeFiller_Temp","Double","VCU/CAN input","Veh_1/FromVCU/CAN/VCU_Power/VCU_BMS_Ctrl/VCU_ChargeFiller_Temp","Veh_1_B.VCar_Inport_idj","","VCU control/status signal; inject CAN out-of-range, missing, or frozen values.","1"
"Input","Veh_1.FromVCU.CAN.VCU_Power.VCU_BMS_Ctrl.VCU_CrashStatus","Double","VCU/CAN input","Veh_1/FromVCU/CAN/VCU_Power/VCU_BMS_Ctrl/VCU_CrashStatus","Veh_1_B.VCar_Inport_p5","","VCU control/status signal; inject CAN out-of-range, missing, or frozen values.","1"
"Input","Veh_1.FromVCU.CAN.VCU_Power.VCU_BMS_Ctrl.VCU_Discharge_relay_control","Double","VCU/CAN input","Veh_1/FromVCU/CAN/VCU_Power/VCU_BMS_Ctrl/VCU_Discharge_relay_control","Veh_1_B.VCar_Inport_ak","","VCU control/status signal; inject CAN out-of-range, missing, or frozen values.","1"
"Input","Veh_1.FromVCU.CAN.VCU_Power.VCU_DCDC_Ctrl.VCU_DCDC_12Vcharge_Enable","Double","VCU/CAN input","Veh_1/FromVCU/CAN/VCU_Power/VCU_DCDC_Ctrl/VCU_DCDC_12Vcharge_Enable","Veh_1_B.VCar_Inport_ab","","VCU control/status signal; inject CAN out-of-range, missing, or frozen values.","1"
"Input","Veh_1.FromVCU.CAN.VCU_Power.VCU_DCDC_Ctrl.VCU_DCDC_Contron_mode","Double","VCU/CAN input","Veh_1/FromVCU/CAN/VCU_Power/VCU_DCDC_Ctrl/VCU_DCDC_Contron_mode","Veh_1_B.VCar_Inport_pr","","VCU control/status signal; inject CAN out-of-range, missing, or frozen values.","1"
"Input","Veh_1.FromVCU.CAN.VCU_Power.VCU_DCDC_Ctrl.VCU_DCDC_Ctrl_Counter","Double","VCU/CAN input","Veh_1/FromVCU/CAN/VCU_Power/VCU_DCDC_Ctrl/VCU_DCDC_Ctrl_Counter","Veh_1_B.VCar_Inport_fl","","VCU control/status signal; inject CAN out-of-range, missing, or frozen values.","1"
"Input","Veh_1.FromVCU.CAN.VCU_Power.VCU_DCDC_Ctrl.VCU_DCDC_max_out_curr_Limit","Double","VCU/CAN input","Veh_1/FromVCU/CAN/VCU_Power/VCU_DCDC_Ctrl/VCU_DCDC_max_out_curr_Limit","Veh_1_B.VCar_Inport_lcd","","VCU control/status signal; inject CAN out-of-range, missing, or frozen values.","1"
"Input","Veh_1.FromVCU.CAN.VCU_Power.VCU_DCDC_Ctrl.VCU_DCDC_max_output_volt_Limit","Double","VCU/CAN input","Veh_1/FromVCU/CAN/VCU_Power/VCU_DCDC_Ctrl/VCU_DCDC_max_output_volt_Limit","Veh_1_B.VCar_Inport_fhz","","VCU control/status signal; inject CAN out-of-range, missing, or frozen values.","1"
"Input","Veh_1.FromVCU.CAN.VCU_Power.VCU_DCDC_Ctrl.VCU_DCDC_min_out_volt_Limit","Double","VCU/CAN input","Veh_1/FromVCU/CAN/VCU_Power/VCU_DCDC_Ctrl/VCU_DCDC_min_out_volt_Limit","Veh_1_B.VCar_Inport_li","","VCU control/status signal; inject CAN out-of-range, missing, or frozen values.","1"
"Input","Veh_1.FromVCU.CAN.VCU_Power.VCU_DCDC_Ctrl.VCU_DCDC_output_current_request","Double","VCU/CAN input","Veh_1/FromVCU/CAN/VCU_Power/VCU_DCDC_Ctrl/VCU_DCDC_output_current_request","Veh_1_B.VCar_Inport_czm","","VCU control/status signal; inject CAN out-of-range, missing, or frozen values.","1"
"Input","Veh_1.FromVCU.CAN.VCU_Power.VCU_DCDC_Ctrl.VCU_DCDC_output_voltage_request","Double","VCU/CAN input","Veh_1/FromVCU/CAN/VCU_Power/VCU_DCDC_Ctrl/VCU_DCDC_output_voltage_request","Veh_1_B.VCar_Inport_es","","VCU control/status signal; inject CAN out-of-range, missing, or frozen values.","1"
"Input","Veh_1.FromVCU.CAN.VCU_Power.VCU_DCDC_Ctrl.VCU_DCDC_target_state","Double","VCU/CAN input","Veh_1/FromVCU/CAN/VCU_Power/VCU_DCDC_Ctrl/VCU_DCDC_target_state","Veh_1_B.VCar_Inport_ny1g","","VCU control/status signal; inject CAN out-of-range, missing, or frozen values.","1"
"Input","Veh_1.FromVCU.CAN.VCU_Power.VCU_Geaeral_CAN1.VCU_AcceleratorPedal_position","Double","VCU/CAN input","Veh_1/FromVCU/CAN/VCU_Power/VCU_Geaeral_CAN1/VCU_AcceleratorPedal_position","Veh_1_B.VCar_Inport_lg","","VCU control/status signal; inject CAN out-of-range, missing, or frozen values.","1"
"Input","Veh_1.FromVCU.CAN.VCU_Power.VCU_Geaeral_CAN1.VCU_BMSVCC_state","Double","VCU/CAN input","Veh_1/FromVCU/CAN/VCU_Power/VCU_Geaeral_CAN1/VCU_BMSVCC_state","Veh_1_B.VCar_Inport_j","","VCU control/status signal; inject CAN out-of-range, missing, or frozen values.","1"
"Input","Veh_1.FromVCU.CAN.VCU_Power.VCU_Geaeral_CAN1.VCU_BrakePedal_position","Double","VCU/CAN input","Veh_1/FromVCU/CAN/VCU_Power/VCU_Geaeral_CAN1/VCU_BrakePedal_position","Veh_1_B.VCar_Inport_idm","","VCU control/status signal; inject CAN out-of-range, missing, or frozen values.","1"
"Input","Veh_1.FromVCU.CAN.VCU_Power.VCU_Geaeral_CAN1.VCU_Brakepump_Rely_state","Double","VCU/CAN input","Veh_1/FromVCU/CAN/VCU_Power/VCU_Geaeral_CAN1/VCU_Brakepump_Rely_state","Veh_1_B.VCar_Inport_bn","","VCU control/status signal; inject CAN out-of-range, missing, or frozen values.","1"
"Input","Veh_1.FromVCU.CAN.VCU_Power.VCU_Geaeral_CAN1.VCU_CC_and_PP_state","Double","VCU/CAN input","Veh_1/FromVCU/CAN/VCU_Power/VCU_Geaeral_CAN1/VCU_CC_and_PP_state","Veh_1_B.VCar_Inport_fxj","","VCU control/status signal; inject CAN out-of-range, missing, or frozen values.","1"
"Input","Veh_1.FromVCU.CAN.VCU_Power.VCU_Geaeral_CAN1.VCU_CP_Stage","Double","VCU/CAN input","Veh_1/FromVCU/CAN/VCU_Power/VCU_Geaeral_CAN1/VCU_CP_Stage","Veh_1_B.VCar_Inport_pn","","VCU control/status signal; inject CAN out-of-range, missing, or frozen values.","1"
"Input","Veh_1.FromVCU.CAN.VCU_Power.VCU_Geaeral_CAN1.VCU_Drive_mode","Double","VCU/CAN input","Veh_1/FromVCU/CAN/VCU_Power/VCU_Geaeral_CAN1/VCU_Drive_mode","Veh_1_B.VCar_Inport_l4","","VCU control/status signal; inject CAN out-of-range, missing, or frozen values.","1"
"Input","Veh_1.FromVCU.CAN.VCU_Power.VCU_Geaeral_CAN1.VCU_Geaeral_CAN1_Counter","Double","VCU/CAN input","Veh_1/FromVCU/CAN/VCU_Power/VCU_Geaeral_CAN1/VCU_Geaeral_CAN1_Counter","Veh_1_B.VCar_Inport_j2p","","VCU control/status signal; inject CAN out-of-range, missing, or frozen values.","1"
"Input","Veh_1.FromVCU.CAN.VCU_Power.VCU_Geaeral_CAN1.VCU_Geer_Positon","Double","VCU/CAN input","Veh_1/FromVCU/CAN/VCU_Power/VCU_Geaeral_CAN1/VCU_Geer_Positon","Veh_1_B.VCar_Inport_i","","VCU control/status signal; inject CAN out-of-range, missing, or frozen values.","1"
"Input","Veh_1.FromVCU.CAN.VCU_Power.VCU_Geaeral_CAN1.VCU_HVBox_state","Double","VCU/CAN input","Veh_1/FromVCU/CAN/VCU_Power/VCU_Geaeral_CAN1/VCU_HVBox_state","Veh_1_B.VCar_Inport_c0c","","VCU control/status signal; inject CAN out-of-range, missing, or frozen values.","1"
"Input","Veh_1.FromVCU.CAN.VCU_Power.VCU_Geaeral_CAN1.VCU_Key_Position","Double","VCU/CAN input","Veh_1/FromVCU/CAN/VCU_Power/VCU_Geaeral_CAN1/VCU_Key_Position","Veh_1_B.VCar_Inport_oq","","VCU control/status signal; inject CAN out-of-range, missing, or frozen values.","1"
"Input","Veh_1.FromVCU.CAN.VCU_Power.VCU_Geaeral_CAN1.VCU_MCVCC_state","Double","VCU/CAN input","Veh_1/FromVCU/CAN/VCU_Power/VCU_Geaeral_CAN1/VCU_MCVCC_state","Veh_1_B.VCar_Inport_jf","","VCU control/status signal; inject CAN out-of-range, missing, or frozen values.","1"
"Input","Veh_1.FromVCU.CAN.VCU_Power.VCU_Geaeral_CAN1.VCU_OBCVCC_state","Double","VCU/CAN input","Veh_1/FromVCU/CAN/VCU_Power/VCU_Geaeral_CAN1/VCU_OBCVCC_state","Veh_1_B.VCar_Inport_h","","VCU control/status signal; inject CAN out-of-range, missing, or frozen values.","1"
"Input","Veh_1.FromVCU.CAN.VCU_Power.VCU_Geaeral_CAN1.VCU_powersystem_Error","Double","VCU/CAN input","Veh_1/FromVCU/CAN/VCU_Power/VCU_Geaeral_CAN1/VCU_powersystem_Error","Veh_1_B.VCar_Inport_ke","","VCU control/status signal; inject CAN out-of-range, missing, or frozen values.","1"
"Input","Veh_1.FromVCU.CAN.VCU_Power.VCU_Geaeral_CAN1.VCU_vacuum_degree","Double","VCU/CAN input","Veh_1/FromVCU/CAN/VCU_Power/VCU_Geaeral_CAN1/VCU_vacuum_degree","Veh_1_B.VCar_Inport_p2","","VCU control/status signal; inject CAN out-of-range, missing, or frozen values.","1"
"Input","Veh_1.FromVCU.CAN.VCU_Power.VCU_Geaeral_CAN1.VCU_Vehicle_status","Double","VCU/CAN input","Veh_1/FromVCU/CAN/VCU_Power/VCU_Geaeral_CAN1/VCU_Vehicle_status","Veh_1_B.VCar_Inport_l","","VCU control/status signal; inject CAN out-of-range, missing, or frozen values.","1"
"Input","Veh_1.FromVCU.CAN.VCU_Power.VCU_MC_SpdCtrl.VCU_MC_SpdCtrl_Checksum","Double","VCU/CAN input","Veh_1/FromVCU/CAN/VCU_Power/VCU_MC_SpdCtrl/VCU_MC_SpdCtrl_Checksum","Veh_1_B.VCar_Inport_lg5","","VCU control/status signal; inject CAN out-of-range, missing, or frozen values.","1"
"Input","Veh_1.FromVCU.CAN.VCU_Power.VCU_MC_SpdCtrl.VCU_MC_SpdCtrl_Counter","Double","VCU/CAN input","Veh_1/FromVCU/CAN/VCU_Power/VCU_MC_SpdCtrl/VCU_MC_SpdCtrl_Counter","Veh_1_B.VCar_Inport_dfe","","VCU control/status signal; inject CAN out-of-range, missing, or frozen values.","1"
"Input","Veh_1.FromVCU.CAN.VCU_Power.VCU_MC_SpdCtrl.VCU_MC_target_Maxspeed","Double","VCU/CAN input","Veh_1/FromVCU/CAN/VCU_Power/VCU_MC_SpdCtrl/VCU_MC_target_Maxspeed","Veh_1_B.VCar_Inport_bsd","","VCU control/status signal; inject CAN out-of-range, missing, or frozen values.","1"
"Input","Veh_1.FromVCU.CAN.VCU_Power.VCU_MC_SpdCtrl.VCU_MC_target_speed","Double","VCU/CAN input","Veh_1/FromVCU/CAN/VCU_Power/VCU_MC_SpdCtrl/VCU_MC_target_speed","Veh_1_B.VCar_Inport_ez","","VCU control/status signal; inject CAN out-of-range, missing, or frozen values.","1"
"Input","Veh_1.FromVCU.CAN.VCU_Power.VCU_MC_TrqCtrl.VCU_MC_Contron_mode","Double","VCU/CAN input","Veh_1/FromVCU/CAN/VCU_Power/VCU_MC_TrqCtrl/VCU_MC_Contron_mode","Veh_1_B.VCar_Inport_g","","VCU control/status signal; inject CAN out-of-range, missing, or frozen values.","1"
"Input","Veh_1.FromVCU.CAN.VCU_Power.VCU_MC_TrqCtrl.VCU_MC_enable","Double","VCU/CAN input","Veh_1/FromVCU/CAN/VCU_Power/VCU_MC_TrqCtrl/VCU_MC_enable","Veh_1_B.VCar_Inport_ln","","VCU control/status signal; inject CAN out-of-range, missing, or frozen values.","1"
"Input","Veh_1.FromVCU.CAN.VCU_Power.VCU_MC_TrqCtrl.VCU_MC_ratateDirection","Double","VCU/CAN input","Veh_1/FromVCU/CAN/VCU_Power/VCU_MC_TrqCtrl/VCU_MC_ratateDirection","Veh_1_B.VCar_Inport_pt","","VCU control/status signal; inject CAN out-of-range, missing, or frozen values.","1"
"Input","Veh_1.FromVCU.CAN.VCU_Power.VCU_MC_TrqCtrl.VCU_MC_target_state","Double","VCU/CAN input","Veh_1/FromVCU/CAN/VCU_Power/VCU_MC_TrqCtrl/VCU_MC_target_state","Veh_1_B.VCar_Inport_hcd","","VCU control/status signal; inject CAN out-of-range, missing, or frozen values.","1"
"Input","Veh_1.FromVCU.CAN.VCU_Power.VCU_MC_TrqCtrl.VCU_MC_TrqCtrl_Checksum","Double","VCU/CAN input","Veh_1/FromVCU/CAN/VCU_Power/VCU_MC_TrqCtrl/VCU_MC_TrqCtrl_Checksum","Veh_1_B.VCar_Inport_fr4","","VCU control/status signal; inject CAN out-of-range, missing, or frozen values.","1"
"Input","Veh_1.FromVCU.CAN.VCU_Power.VCU_MC_TrqCtrl.VCU_MC_TrqCtrl_Counter","Double","VCU/CAN input","Veh_1/FromVCU/CAN/VCU_Power/VCU_MC_TrqCtrl/VCU_MC_TrqCtrl_Counter","Veh_1_B.VCar_Inport_hp5","","VCU control/status signal; inject CAN out-of-range, missing, or frozen values.","1"
"Input","Veh_1.FromVCU.CAN.VCU_Power.VCU_MC_TrqCtrl.VCU_Target_output_MaxTorque","Double","VCU/CAN input","Veh_1/FromVCU/CAN/VCU_Power/VCU_MC_TrqCtrl/VCU_Target_output_MaxTorque","Veh_1_B.VCar_Inport_lk","","VCU control/status signal; inject CAN out-of-range, missing, or frozen values.","1"
"Input","Veh_1.FromVCU.CAN.VCU_Power.VCU_MC_TrqCtrl.VCU_Target_output_Torque","Double","VCU/CAN input","Veh_1/FromVCU/CAN/VCU_Power/VCU_MC_TrqCtrl/VCU_Target_output_Torque","Veh_1_B.VCar_Inport_ca","","VCU control/status signal; inject CAN out-of-range, missing, or frozen values.","1"
"Input","Veh_1.FromVCU.CAN.VCU_Power.VCU_OBC_Ctrl.VCU_Charge_Enable","Double","VCU/CAN input","Veh_1/FromVCU/CAN/VCU_Power/VCU_OBC_Ctrl/VCU_Charge_Enable","Veh_1_B.VCar_Inport_ndz","","VCU control/status signal; inject CAN out-of-range, missing, or frozen values.","1"
"Input","Veh_1.FromVCU.CAN.VCU_Power.VCU_OBC_Ctrl.VCU_Max_ChargeCable","Double","VCU/CAN input","Veh_1/FromVCU/CAN/VCU_Power/VCU_OBC_Ctrl/VCU_Max_ChargeCable","Veh_1_B.VCar_Inport_il4","","VCU control/status signal; inject CAN out-of-range, missing, or frozen values.","1"
"Input","Veh_1.FromVCU.CAN.VCU_Power.VCU_OBC_Ctrl.VCU_Max_ChgPile_out_current","Double","VCU/CAN input","Veh_1/FromVCU/CAN/VCU_Power/VCU_OBC_Ctrl/VCU_Max_ChgPile_out_current","Veh_1_B.VCar_Inport_ise","","VCU control/status signal; inject CAN out-of-range, missing, or frozen values.","1"
"Input","Veh_1.FromVCU.CAN.VCU_Power.VCU_OBC_Ctrl.VCU_OBC_Ctrl_Counter","Double","VCU/CAN input","Veh_1/FromVCU/CAN/VCU_Power/VCU_OBC_Ctrl/VCU_OBC_Ctrl_Counter","Veh_1_B.VCar_Inport_c0zb","","VCU control/status signal; inject CAN out-of-range, missing, or frozen values.","1"
"Input","Veh_1.FromVCU.CAN.VCU_Power.VCU_OBC_Ctrl.VCU_OBC_target_state","Double","VCU/CAN input","Veh_1/FromVCU/CAN/VCU_Power/VCU_OBC_Ctrl/VCU_OBC_target_state","Veh_1_B.VCar_Inport_jmr","","VCU control/status signal; inject CAN out-of-range, missing, or frozen values.","1"
"Input","Veh_1.FromVCU.CAN.VCU_Power.VersionRep.Hardware_major_version_number","Double","VCU/CAN input","Veh_1/FromVCU/CAN/VCU_Power/VersionRep/Hardware_major_version_number","Veh_1_B.VCar_Inport_lx","","VCU control/status signal; inject CAN out-of-range, missing, or frozen values.","1"
"Input","Veh_1.FromVCU.CAN.VCU_Power.VersionRep.Hardware_minor_version_number","Double","VCU/CAN input","Veh_1/FromVCU/CAN/VCU_Power/VersionRep/Hardware_minor_version_number","Veh_1_B.VCar_Inport_nalg","","VCU control/status signal; inject CAN out-of-range, missing, or frozen values.","1"
"Input","Veh_1.FromVCU.CAN.VCU_Power.VersionRep.Software_major_version_number","Double","VCU/CAN input","Veh_1/FromVCU/CAN/VCU_Power/VersionRep/Software_major_version_number","Veh_1_B.VCar_Inport_o3","","VCU control/status signal; inject CAN out-of-range, missing, or frozen values.","1"
"Input","Veh_1.FromVCU.CAN.VCU_Power.VersionRep.Software_minor_version_number","Double","VCU/CAN input","Veh_1/FromVCU/CAN/VCU_Power/VersionRep/Software_minor_version_number","Veh_1_B.VCar_Inport_et","","VCU control/status signal; inject CAN out-of-range, missing, or frozen values.","1"
"Input","Veh_1.FromVCU.HW.Digital Input.Y_DI_Ch1_On_Off_Status","Double","Digital input","Veh_1/FromVCU/HW/Digital Input/Y_DI_Ch1_On_Off_Status","Veh_1_B.VCar_Inport_mk","","Discrete hardware feedback; inject toggling, stuck, or inconsistent states.","1"
"Input","Veh_1.FromVCU.HW.Digital Input.Y_DI_Ch10_On_Off_Status","Double","Digital input","Veh_1/FromVCU/HW/Digital Input/Y_DI_Ch10_On_Off_Status","Veh_1_B.VCar_Inport_ksx","","Discrete hardware feedback; inject toggling, stuck, or inconsistent states.","1"
"Input","Veh_1.FromVCU.HW.Digital Input.Y_DI_Ch11_On_Off_Status","Double","Digital input","Veh_1/FromVCU/HW/Digital Input/Y_DI_Ch11_On_Off_Status","Veh_1_B.VCar_Inport_pp","","Discrete hardware feedback; inject toggling, stuck, or inconsistent states.","1"
"Input","Veh_1.FromVCU.HW.Digital Input.Y_DI_Ch12_On_Off_Status","Double","Digital input","Veh_1/FromVCU/HW/Digital Input/Y_DI_Ch12_On_Off_Status","Veh_1_B.VCar_Inport_o0","","Discrete hardware feedback; inject toggling, stuck, or inconsistent states.","1"
"Input","Veh_1.FromVCU.HW.Digital Input.Y_DI_Ch13_On_Off_Status","Double","Digital input","Veh_1/FromVCU/HW/Digital Input/Y_DI_Ch13_On_Off_Status","Veh_1_B.VCar_Inport_mq","","Discrete hardware feedback; inject toggling, stuck, or inconsistent states.","1"
"Input","Veh_1.FromVCU.HW.Digital Input.Y_DI_Ch14_On_Off_Status","Double","Digital input","Veh_1/FromVCU/HW/Digital Input/Y_DI_Ch14_On_Off_Status","Veh_1_B.VCar_Inport_cv","","Discrete hardware feedback; inject toggling, stuck, or inconsistent states.","1"
"Input","Veh_1.FromVCU.HW.Digital Input.Y_DI_Ch15_On_Off_Status","Double","Digital input","Veh_1/FromVCU/HW/Digital Input/Y_DI_Ch15_On_Off_Status","Veh_1_B.VCar_Inport_au","","Discrete hardware feedback; inject toggling, stuck, or inconsistent states.","1"
"Input","Veh_1.FromVCU.HW.Digital Input.Y_DI_Ch16_On_Off_Status","Double","Digital input","Veh_1/FromVCU/HW/Digital Input/Y_DI_Ch16_On_Off_Status","Veh_1_B.VCar_Inport_jd","","Discrete hardware feedback; inject toggling, stuck, or inconsistent states.","1"
"Input","Veh_1.FromVCU.HW.Digital Input.Y_DI_Ch17_On_Off_Status","Double","Digital input","Veh_1/FromVCU/HW/Digital Input/Y_DI_Ch17_On_Off_Status","Veh_1_B.VCar_Inport_f4","","Discrete hardware feedback; inject toggling, stuck, or inconsistent states.","1"
"Input","Veh_1.FromVCU.HW.Digital Input.Y_DI_Ch18_On_Off_Status","Double","Digital input","Veh_1/FromVCU/HW/Digital Input/Y_DI_Ch18_On_Off_Status","Veh_1_B.VCar_Inport_gw","","Discrete hardware feedback; inject toggling, stuck, or inconsistent states.","1"
"Input","Veh_1.FromVCU.HW.Digital Input.Y_DI_Ch19_On_Off_Status","Double","Digital input","Veh_1/FromVCU/HW/Digital Input/Y_DI_Ch19_On_Off_Status","Veh_1_B.VCar_Inport_eh","","Discrete hardware feedback; inject toggling, stuck, or inconsistent states.","1"
"Input","Veh_1.FromVCU.HW.Digital Input.Y_DI_Ch2_On_Off_Status","Double","Digital input","Veh_1/FromVCU/HW/Digital Input/Y_DI_Ch2_On_Off_Status","Veh_1_B.VCar_Inport_pq","","Discrete hardware feedback; inject toggling, stuck, or inconsistent states.","1"
"Input","Veh_1.FromVCU.HW.Digital Input.Y_DI_Ch20_On_Off_Status","Double","Digital input","Veh_1/FromVCU/HW/Digital Input/Y_DI_Ch20_On_Off_Status","Veh_1_B.VCar_Inport_hew","","Discrete hardware feedback; inject toggling, stuck, or inconsistent states.","1"
"Input","Veh_1.FromVCU.HW.Digital Input.Y_DI_Ch21_On_Off_Status","Double","Digital input","Veh_1/FromVCU/HW/Digital Input/Y_DI_Ch21_On_Off_Status","Veh_1_B.VCar_Inport_cvb","","Discrete hardware feedback; inject toggling, stuck, or inconsistent states.","1"
"Input","Veh_1.FromVCU.HW.Digital Input.Y_DI_Ch22_On_Off_Status","Double","Digital input","Veh_1/FromVCU/HW/Digital Input/Y_DI_Ch22_On_Off_Status","Veh_1_B.VCar_Inport_ls","","Discrete hardware feedback; inject toggling, stuck, or inconsistent states.","1"
"Input","Veh_1.FromVCU.HW.Digital Input.Y_DI_Ch23_On_Off_Status","Double","Digital input","Veh_1/FromVCU/HW/Digital Input/Y_DI_Ch23_On_Off_Status","Veh_1_B.VCar_Inport_car","","Discrete hardware feedback; inject toggling, stuck, or inconsistent states.","1"
"Input","Veh_1.FromVCU.HW.Digital Input.Y_DI_Ch24_On_Off_Status","Double","Digital input","Veh_1/FromVCU/HW/Digital Input/Y_DI_Ch24_On_Off_Status","Veh_1_B.VCar_Inport_pa","","Discrete hardware feedback; inject toggling, stuck, or inconsistent states.","1"
"Input","Veh_1.FromVCU.HW.Digital Input.Y_DI_Ch25_On_Off_Status","Double","Digital input","Veh_1/FromVCU/HW/Digital Input/Y_DI_Ch25_On_Off_Status","Veh_1_B.VCar_Inport_ml","","Discrete hardware feedback; inject toggling, stuck, or inconsistent states.","1"
"Input","Veh_1.FromVCU.HW.Digital Input.Y_DI_Ch26_On_Off_Status","Double","Digital input","Veh_1/FromVCU/HW/Digital Input/Y_DI_Ch26_On_Off_Status","Veh_1_B.VCar_Inport_lsx","","Discrete hardware feedback; inject toggling, stuck, or inconsistent states.","1"
"Input","Veh_1.FromVCU.HW.Digital Input.Y_DI_Ch27_On_Off_Status","Double","Digital input","Veh_1/FromVCU/HW/Digital Input/Y_DI_Ch27_On_Off_Status","Veh_1_B.VCar_Inport_ky","","Discrete hardware feedback; inject toggling, stuck, or inconsistent states.","1"
"Input","Veh_1.FromVCU.HW.Digital Input.Y_DI_Ch28_On_Off_Status","Double","Digital input","Veh_1/FromVCU/HW/Digital Input/Y_DI_Ch28_On_Off_Status","Veh_1_B.VCar_Inport_ol","","Discrete hardware feedback; inject toggling, stuck, or inconsistent states.","1"
"Input","Veh_1.FromVCU.HW.Digital Input.Y_DI_Ch29_On_Off_Status","Double","Digital input","Veh_1/FromVCU/HW/Digital Input/Y_DI_Ch29_On_Off_Status","Veh_1_B.VCar_Inport_k1l","","Discrete hardware feedback; inject toggling, stuck, or inconsistent states.","1"
"Input","Veh_1.FromVCU.HW.Digital Input.Y_DI_Ch3_On_Off_Status","Double","Digital input","Veh_1/FromVCU/HW/Digital Input/Y_DI_Ch3_On_Off_Status","Veh_1_B.VCar_Inport_d4w","","Discrete hardware feedback; inject toggling, stuck, or inconsistent states.","1"
"Input","Veh_1.FromVCU.HW.Digital Input.Y_DI_Ch30_On_Off_Status","Double","Digital input","Veh_1/FromVCU/HW/Digital Input/Y_DI_Ch30_On_Off_Status","Veh_1_B.VCar_Inport_fu5","","Discrete hardware feedback; inject toggling, stuck, or inconsistent states.","1"
"Input","Veh_1.FromVCU.HW.Digital Input.Y_DI_Ch31_On_Off_Status","Double","Digital input","Veh_1/FromVCU/HW/Digital Input/Y_DI_Ch31_On_Off_Status","Veh_1_B.VCar_Inport_k0","","Discrete hardware feedback; inject toggling, stuck, or inconsistent states.","1"
"Input","Veh_1.FromVCU.HW.Digital Input.Y_DI_Ch32_On_Off_Status","Double","Digital input","Veh_1/FromVCU/HW/Digital Input/Y_DI_Ch32_On_Off_Status","Veh_1_B.VCar_Inport_eiz","","Discrete hardware feedback; inject toggling, stuck, or inconsistent states.","1"
"Input","Veh_1.FromVCU.HW.Digital Input.Y_DI_Ch33_On_Off_Status","Double","Digital input","Veh_1/FromVCU/HW/Digital Input/Y_DI_Ch33_On_Off_Status","Veh_1_B.VCar_Inport_eq","","Discrete hardware feedback; inject toggling, stuck, or inconsistent states.","1"
"Input","Veh_1.FromVCU.HW.Digital Input.Y_DI_Ch34_On_Off_Status","Double","Digital input","Veh_1/FromVCU/HW/Digital Input/Y_DI_Ch34_On_Off_Status","Veh_1_B.VCar_Inport_p1z","","Discrete hardware feedback; inject toggling, stuck, or inconsistent states.","1"
"Input","Veh_1.FromVCU.HW.Digital Input.Y_DI_Ch35_On_Off_Status","Double","Digital input","Veh_1/FromVCU/HW/Digital Input/Y_DI_Ch35_On_Off_Status","Veh_1_B.VCar_Inport_nr","","Discrete hardware feedback; inject toggling, stuck, or inconsistent states.","1"
"Input","Veh_1.FromVCU.HW.Digital Input.Y_DI_Ch36_On_Off_Status","Double","Digital input","Veh_1/FromVCU/HW/Digital Input/Y_DI_Ch36_On_Off_Status","Veh_1_B.VCar_Inport_jw","","Discrete hardware feedback; inject toggling, stuck, or inconsistent states.","1"
"Input","Veh_1.FromVCU.HW.Digital Input.Y_DI_Ch4_On_Off_Status","Double","Digital input","Veh_1/FromVCU/HW/Digital Input/Y_DI_Ch4_On_Off_Status","Veh_1_B.VCar_Inport_ef","","Discrete hardware feedback; inject toggling, stuck, or inconsistent states.","1"
"Input","Veh_1.FromVCU.HW.Digital Input.Y_DI_Ch5_On_Off_Status","Double","Digital input","Veh_1/FromVCU/HW/Digital Input/Y_DI_Ch5_On_Off_Status","Veh_1_B.VCar_Inport_op","","Discrete hardware feedback; inject toggling, stuck, or inconsistent states.","1"
"Input","Veh_1.FromVCU.HW.Digital Input.Y_DI_Ch6_On_Off_Status","Double","Digital input","Veh_1/FromVCU/HW/Digital Input/Y_DI_Ch6_On_Off_Status","Veh_1_B.VCar_Inport_ds","","Discrete hardware feedback; inject toggling, stuck, or inconsistent states.","1"
"Input","Veh_1.FromVCU.HW.Digital Input.Y_DI_Ch7_On_Off_Status","Double","Digital input","Veh_1/FromVCU/HW/Digital Input/Y_DI_Ch7_On_Off_Status","Veh_1_B.VCar_Inport_cg","","Discrete hardware feedback; inject toggling, stuck, or inconsistent states.","1"
"Input","Veh_1.FromVCU.HW.Digital Input.Y_DI_Ch8_On_Off_Status","Double","Digital input","Veh_1/FromVCU/HW/Digital Input/Y_DI_Ch8_On_Off_Status","Veh_1_B.VCar_Inport_kyu","","Discrete hardware feedback; inject toggling, stuck, or inconsistent states.","1"
"Input","Veh_1.FromVCU.HW.Digital Input.Y_DI_Ch9_On_Off_Status","Double","Digital input","Veh_1/FromVCU/HW/Digital Input/Y_DI_Ch9_On_Off_Status","Veh_1_B.VCar_Inport_cpf","","Discrete hardware feedback; inject toggling, stuck, or inconsistent states.","1"
"Input","Veh_1.FromVCU.HW.PWM Input.Y_Ch1_PWM_In_Amplitude","Double","PWM input","Veh_1/FromVCU/HW/PWM Input/Y_Ch1_PWM_In_Amplitude","Veh_1_B.VCar_Inport_bio","","PWM feedback tuple (amplitude, duty ratio, frequency); inject timing/value anomalies.","1"
"Input","Veh_1.FromVCU.HW.PWM Input.Y_Ch1_PWM_In_Duty_Ratio","Double","PWM input","Veh_1/FromVCU/HW/PWM Input/Y_Ch1_PWM_In_Duty_Ratio","Veh_1_B.VCar_Inport_ek","","PWM feedback tuple (amplitude, duty ratio, frequency); inject timing/value anomalies.","1"
"Input","Veh_1.FromVCU.HW.PWM Input.Y_Ch1_PWM_In_Frequency","Double","PWM input","Veh_1/FromVCU/HW/PWM Input/Y_Ch1_PWM_In_Frequency","Veh_1_B.VCar_Inport_jex","","PWM feedback tuple (amplitude, duty ratio, frequency); inject timing/value anomalies.","1"
"Input","Veh_1.FromVCU.HW.PWM Input.Y_Ch10_PWM_In_Amplitude","Double","PWM input","Veh_1/FromVCU/HW/PWM Input/Y_Ch10_PWM_In_Amplitude","Veh_1_B.VCar_Inport_ck","","PWM feedback tuple (amplitude, duty ratio, frequency); inject timing/value anomalies.","1"
"Input","Veh_1.FromVCU.HW.PWM Input.Y_Ch10_PWM_In_Duty_Ratio","Double","PWM input","Veh_1/FromVCU/HW/PWM Input/Y_Ch10_PWM_In_Duty_Ratio","Veh_1_B.VCar_Inport_ps","","PWM feedback tuple (amplitude, duty ratio, frequency); inject timing/value anomalies.","1"
"Input","Veh_1.FromVCU.HW.PWM Input.Y_Ch10_PWM_In_Frequency","Double","PWM input","Veh_1/FromVCU/HW/PWM Input/Y_Ch10_PWM_In_Frequency","Veh_1_B.VCar_Inport_nh2","","PWM feedback tuple (amplitude, duty ratio, frequency); inject timing/value anomalies.","1"
"Input","Veh_1.FromVCU.HW.PWM Input.Y_Ch11_PWM_In_Amplitude","Double","PWM input","Veh_1/FromVCU/HW/PWM Input/Y_Ch11_PWM_In_Amplitude","Veh_1_B.VCar_Inport_c3","","PWM feedback tuple (amplitude, duty ratio, frequency); inject timing/value anomalies.","1"
"Input","Veh_1.FromVCU.HW.PWM Input.Y_Ch11_PWM_In_Duty_Ratio","Double","PWM input","Veh_1/FromVCU/HW/PWM Input/Y_Ch11_PWM_In_Duty_Ratio","Veh_1_B.VCar_Inport_obj","","PWM feedback tuple (amplitude, duty ratio, frequency); inject timing/value anomalies.","1"
"Input","Veh_1.FromVCU.HW.PWM Input.Y_Ch11_PWM_In_Frequency","Double","PWM input","Veh_1/FromVCU/HW/PWM Input/Y_Ch11_PWM_In_Frequency","Veh_1_B.VCar_Inport_hg","","PWM feedback tuple (amplitude, duty ratio, frequency); inject timing/value anomalies.","1"
"Input","Veh_1.FromVCU.HW.PWM Input.Y_Ch12_PWM_In_Amplitude","Double","PWM input","Veh_1/FromVCU/HW/PWM Input/Y_Ch12_PWM_In_Amplitude","Veh_1_B.VCar_Inport_by","","PWM feedback tuple (amplitude, duty ratio, frequency); inject timing/value anomalies.","1"
"Input","Veh_1.FromVCU.HW.PWM Input.Y_Ch12_PWM_In_Duty_Ratio","Double","PWM input","Veh_1/FromVCU/HW/PWM Input/Y_Ch12_PWM_In_Duty_Ratio","Veh_1_B.VCar_Inport_mjs","","PWM feedback tuple (amplitude, duty ratio, frequency); inject timing/value anomalies.","1"
"Input","Veh_1.FromVCU.HW.PWM Input.Y_Ch12_PWM_In_Frequency","Double","PWM input","Veh_1/FromVCU/HW/PWM Input/Y_Ch12_PWM_In_Frequency","Veh_1_B.VCar_Inport_oi","","PWM feedback tuple (amplitude, duty ratio, frequency); inject timing/value anomalies.","1"
"Input","Veh_1.FromVCU.HW.PWM Input.Y_Ch13_PWM_In_Amplitude","Double","PWM input","Veh_1/FromVCU/HW/PWM Input/Y_Ch13_PWM_In_Amplitude","Veh_1_B.VCar_Inport_oqy","","PWM feedback tuple (amplitude, duty ratio, frequency); inject timing/value anomalies.","1"
"Input","Veh_1.FromVCU.HW.PWM Input.Y_Ch13_PWM_In_Duty_Ratio","Double","PWM input","Veh_1/FromVCU/HW/PWM Input/Y_Ch13_PWM_In_Duty_Ratio","Veh_1_B.VCar_Inport_dqm","","PWM feedback tuple (amplitude, duty ratio, frequency); inject timing/value anomalies.","1"
"Input","Veh_1.FromVCU.HW.PWM Input.Y_Ch13_PWM_In_Frequency","Double","PWM input","Veh_1/FromVCU/HW/PWM Input/Y_Ch13_PWM_In_Frequency","Veh_1_B.VCar_Inport_kpv","","PWM feedback tuple (amplitude, duty ratio, frequency); inject timing/value anomalies.","1"
"Input","Veh_1.FromVCU.HW.PWM Input.Y_Ch14_PWM_In_Amplitude","Double","PWM input","Veh_1/FromVCU/HW/PWM Input/Y_Ch14_PWM_In_Amplitude","Veh_1_B.VCar_Inport_bin","","PWM feedback tuple (amplitude, duty ratio, frequency); inject timing/value anomalies.","1"
"Input","Veh_1.FromVCU.HW.PWM Input.Y_Ch14_PWM_In_Duty_Ratio","Double","PWM input","Veh_1/FromVCU/HW/PWM Input/Y_Ch14_PWM_In_Duty_Ratio","Veh_1_B.VCar_Inport_ar","","PWM feedback tuple (amplitude, duty ratio, frequency); inject timing/value anomalies.","1"
"Input","Veh_1.FromVCU.HW.PWM Input.Y_Ch14_PWM_In_Frequency","Double","PWM input","Veh_1/FromVCU/HW/PWM Input/Y_Ch14_PWM_In_Frequency","Veh_1_B.VCar_Inport_hu","","PWM feedback tuple (amplitude, duty ratio, frequency); inject timing/value anomalies.","1"
"Input","Veh_1.FromVCU.HW.PWM Input.Y_Ch15_PWM_In_Amplitude","Double","PWM input","Veh_1/FromVCU/HW/PWM Input/Y_Ch15_PWM_In_Amplitude","Veh_1_B.VCar_Inport_byu","","PWM feedback tuple (amplitude, duty ratio, frequency); inject timing/value anomalies.","1"
"Input","Veh_1.FromVCU.HW.PWM Input.Y_Ch15_PWM_In_Duty_Ratio","Double","PWM input","Veh_1/FromVCU/HW/PWM Input/Y_Ch15_PWM_In_Duty_Ratio","Veh_1_B.VCar_Inport_he1","","PWM feedback tuple (amplitude, duty ratio, frequency); inject timing/value anomalies.","1"
"Input","Veh_1.FromVCU.HW.PWM Input.Y_Ch15_PWM_In_Frequency","Double","PWM input","Veh_1/FromVCU/HW/PWM Input/Y_Ch15_PWM_In_Frequency","Veh_1_B.VCar_Inport_nb","","PWM feedback tuple (amplitude, duty ratio, frequency); inject timing/value anomalies.","1"
"Input","Veh_1.FromVCU.HW.PWM Input.Y_Ch16_PWM_In_Amplitude","Double","PWM input","Veh_1/FromVCU/HW/PWM Input/Y_Ch16_PWM_In_Amplitude","Veh_1_B.VCar_Inport_gq","","PWM feedback tuple (amplitude, duty ratio, frequency); inject timing/value anomalies.","1"
"Input","Veh_1.FromVCU.HW.PWM Input.Y_Ch16_PWM_In_Duty_Ratio","Double","PWM input","Veh_1/FromVCU/HW/PWM Input/Y_Ch16_PWM_In_Duty_Ratio","Veh_1_B.VCar_Inport_oiw","","PWM feedback tuple (amplitude, duty ratio, frequency); inject timing/value anomalies.","1"
"Input","Veh_1.FromVCU.HW.PWM Input.Y_Ch16_PWM_In_Frequency","Double","PWM input","Veh_1/FromVCU/HW/PWM Input/Y_Ch16_PWM_In_Frequency","Veh_1_B.VCar_Inport_p5l","","PWM feedback tuple (amplitude, duty ratio, frequency); inject timing/value anomalies.","1"
"Input","Veh_1.FromVCU.HW.PWM Input.Y_Ch17_PWM_In_Amplitude","Double","PWM input","Veh_1/FromVCU/HW/PWM Input/Y_Ch17_PWM_In_Amplitude","Veh_1_B.VCar_Inport_et2","","PWM feedback tuple (amplitude, duty ratio, frequency); inject timing/value anomalies.","1"
"Input","Veh_1.FromVCU.HW.PWM Input.Y_Ch17_PWM_In_Duty_Ratio","Double","PWM input","Veh_1/FromVCU/HW/PWM Input/Y_Ch17_PWM_In_Duty_Ratio","Veh_1_B.VCar_Inport_czj","","PWM feedback tuple (amplitude, duty ratio, frequency); inject timing/value anomalies.","1"
"Input","Veh_1.FromVCU.HW.PWM Input.Y_Ch17_PWM_In_Frequency","Double","PWM input","Veh_1/FromVCU/HW/PWM Input/Y_Ch17_PWM_In_Frequency","Veh_1_B.VCar_Inport_gwy","","PWM feedback tuple (amplitude, duty ratio, frequency); inject timing/value anomalies.","1"
"Input","Veh_1.FromVCU.HW.PWM Input.Y_Ch18_PWM_In_Amplitude","Double","PWM input","Veh_1/FromVCU/HW/PWM Input/Y_Ch18_PWM_In_Amplitude","Veh_1_B.VCar_Inport_bla","","PWM feedback tuple (amplitude, duty ratio, frequency); inject timing/value anomalies.","1"
"Input","Veh_1.FromVCU.HW.PWM Input.Y_Ch18_PWM_In_Duty_Ratio","Double","PWM input","Veh_1/FromVCU/HW/PWM Input/Y_Ch18_PWM_In_Duty_Ratio","Veh_1_B.VCar_Inport_ppr","","PWM feedback tuple (amplitude, duty ratio, frequency); inject timing/value anomalies.","1"
"Input","Veh_1.FromVCU.HW.PWM Input.Y_Ch18_PWM_In_Frequency","Double","PWM input","Veh_1/FromVCU/HW/PWM Input/Y_Ch18_PWM_In_Frequency","Veh_1_B.VCar_Inport_on","","PWM feedback tuple (amplitude, duty ratio, frequency); inject timing/value anomalies.","1"
"Input","Veh_1.FromVCU.HW.PWM Input.Y_Ch19_PWM_In_Amplitude","Double","PWM input","Veh_1/FromVCU/HW/PWM Input/Y_Ch19_PWM_In_Amplitude","Veh_1_B.VCar_Inport_ega","","PWM feedback tuple (amplitude, duty ratio, frequency); inject timing/value anomalies.","1"
"Input","Veh_1.FromVCU.HW.PWM Input.Y_Ch19_PWM_In_Duty_Ratio","Double","PWM input","Veh_1/FromVCU/HW/PWM Input/Y_Ch19_PWM_In_Duty_Ratio","Veh_1_B.VCar_Inport_az","","PWM feedback tuple (amplitude, duty ratio, frequency); inject timing/value anomalies.","1"
"Input","Veh_1.FromVCU.HW.PWM Input.Y_Ch19_PWM_In_Frequency","Double","PWM input","Veh_1/FromVCU/HW/PWM Input/Y_Ch19_PWM_In_Frequency","Veh_1_B.VCar_Inport_mww","","PWM feedback tuple (amplitude, duty ratio, frequency); inject timing/value anomalies.","1"
"Input","Veh_1.FromVCU.HW.PWM Input.Y_Ch2_PWM_In_Amplitude","Double","PWM input","Veh_1/FromVCU/HW/PWM Input/Y_Ch2_PWM_In_Amplitude","Veh_1_B.VCar_Inport_f54","","PWM feedback tuple (amplitude, duty ratio, frequency); inject timing/value anomalies.","1"
"Input","Veh_1.FromVCU.HW.PWM Input.Y_Ch2_PWM_In_Duty_Ratio","Double","PWM input","Veh_1/FromVCU/HW/PWM Input/Y_Ch2_PWM_In_Duty_Ratio","Veh_1_B.VCar_Inport_isg","","PWM feedback tuple (amplitude, duty ratio, frequency); inject timing/value anomalies.","1"
"Input","Veh_1.FromVCU.HW.PWM Input.Y_Ch2_PWM_In_Frequency","Double","PWM input","Veh_1/FromVCU/HW/PWM Input/Y_Ch2_PWM_In_Frequency","Veh_1_B.VCar_Inport_n5x","","PWM feedback tuple (amplitude, duty ratio, frequency); inject timing/value anomalies.","1"
"Input","Veh_1.FromVCU.HW.PWM Input.Y_Ch20_PWM_In_Amplitude","Double","PWM input","Veh_1/FromVCU/HW/PWM Input/Y_Ch20_PWM_In_Amplitude","Veh_1_B.VCar_Inport_mvj","","PWM feedback tuple (amplitude, duty ratio, frequency); inject timing/value anomalies.","1"
"Input","Veh_1.FromVCU.HW.PWM Input.Y_Ch20_PWM_In_Duty_Ratio","Double","PWM input","Veh_1/FromVCU/HW/PWM Input/Y_Ch20_PWM_In_Duty_Ratio","Veh_1_B.VCar_Inport_hd","","PWM feedback tuple (amplitude, duty ratio, frequency); inject timing/value anomalies.","1"
"Input","Veh_1.FromVCU.HW.PWM Input.Y_Ch20_PWM_In_Frequency","Double","PWM input","Veh_1/FromVCU/HW/PWM Input/Y_Ch20_PWM_In_Frequency","Veh_1_B.VCar_Inport_lig","","PWM feedback tuple (amplitude, duty ratio, frequency); inject timing/value anomalies.","1"
"Input","Veh_1.FromVCU.HW.PWM Input.Y_Ch21_PWM_In_Amplitude","Double","PWM input","Veh_1/FromVCU/HW/PWM Input/Y_Ch21_PWM_In_Amplitude","Veh_1_B.VCar_Inport_mbz","","PWM feedback tuple (amplitude, duty ratio, frequency); inject timing/value anomalies.","1"
"Input","Veh_1.FromVCU.HW.PWM Input.Y_Ch21_PWM_In_Duty_Ratio","Double","PWM input","Veh_1/FromVCU/HW/PWM Input/Y_Ch21_PWM_In_Duty_Ratio","Veh_1_B.VCar_Inport_paf","","PWM feedback tuple (amplitude, duty ratio, frequency); inject timing/value anomalies.","1"
"Input","Veh_1.FromVCU.HW.PWM Input.Y_Ch21_PWM_In_Frequency","Double","PWM input","Veh_1/FromVCU/HW/PWM Input/Y_Ch21_PWM_In_Frequency","Veh_1_B.VCar_Inport_cx","","PWM feedback tuple (amplitude, duty ratio, frequency); inject timing/value anomalies.","1"
"Input","Veh_1.FromVCU.HW.PWM Input.Y_Ch22_PWM_In_Amplitude","Double","PWM input","Veh_1/FromVCU/HW/PWM Input/Y_Ch22_PWM_In_Amplitude","Veh_1_B.VCar_Inport_of","","PWM feedback tuple (amplitude, duty ratio, frequency); inject timing/value anomalies.","1"
"Input","Veh_1.FromVCU.HW.PWM Input.Y_Ch22_PWM_In_Duty_Ratio","Double","PWM input","Veh_1/FromVCU/HW/PWM Input/Y_Ch22_PWM_In_Duty_Ratio","Veh_1_B.VCar_Inport_ode","","PWM feedback tuple (amplitude, duty ratio, frequency); inject timing/value anomalies.","1"
"Input","Veh_1.FromVCU.HW.PWM Input.Y_Ch22_PWM_In_Frequency","Double","PWM input","Veh_1/FromVCU/HW/PWM Input/Y_Ch22_PWM_In_Frequency","Veh_1_B.VCar_Inport_bcy","","PWM feedback tuple (amplitude, duty ratio, frequency); inject timing/value anomalies.","1"
"Input","Veh_1.FromVCU.HW.PWM Input.Y_Ch23_PWM_In_Amplitude","Double","PWM input","Veh_1/FromVCU/HW/PWM Input/Y_Ch23_PWM_In_Amplitude","Veh_1_B.VCar_Inport_f3z","","PWM feedback tuple (amplitude, duty ratio, frequency); inject timing/value anomalies.","1"
"Input","Veh_1.FromVCU.HW.PWM Input.Y_Ch23_PWM_In_Duty_Ratio","Double","PWM input","Veh_1/FromVCU/HW/PWM Input/Y_Ch23_PWM_In_Duty_Ratio","Veh_1_B.VCar_Inport_dxx","","PWM feedback tuple (amplitude, duty ratio, frequency); inject timing/value anomalies.","1"
"Input","Veh_1.FromVCU.HW.PWM Input.Y_Ch23_PWM_In_Frequency","Double","PWM input","Veh_1/FromVCU/HW/PWM Input/Y_Ch23_PWM_In_Frequency","Veh_1_B.VCar_Inport_kb5","","PWM feedback tuple (amplitude, duty ratio, frequency); inject timing/value anomalies.","1"
"Input","Veh_1.FromVCU.HW.PWM Input.Y_Ch24_PWM_In_Amplitude","Double","PWM input","Veh_1/FromVCU/HW/PWM Input/Y_Ch24_PWM_In_Amplitude","Veh_1_B.VCar_Inport_f5","","PWM feedback tuple (amplitude, duty ratio, frequency); inject timing/value anomalies.","1"
"Input","Veh_1.FromVCU.HW.PWM Input.Y_Ch24_PWM_In_Duty_Ratio","Double","PWM input","Veh_1/FromVCU/HW/PWM Input/Y_Ch24_PWM_In_Duty_Ratio","Veh_1_B.VCar_Inport_ayx","","PWM feedback tuple (amplitude, duty ratio, frequency); inject timing/value anomalies.","1"
"Input","Veh_1.FromVCU.HW.PWM Input.Y_Ch24_PWM_In_Frequency","Double","PWM input","Veh_1/FromVCU/HW/PWM Input/Y_Ch24_PWM_In_Frequency","Veh_1_B.VCar_Inport_i30","","PWM feedback tuple (amplitude, duty ratio, frequency); inject timing/value anomalies.","1"
"Input","Veh_1.FromVCU.HW.PWM Input.Y_Ch25_PWM_In_Amplitude","Double","PWM input","Veh_1/FromVCU/HW/PWM Input/Y_Ch25_PWM_In_Amplitude","Veh_1_B.VCar_Inport_ll","","PWM feedback tuple (amplitude, duty ratio, frequency); inject timing/value anomalies.","1"
"Input","Veh_1.FromVCU.HW.PWM Input.Y_Ch25_PWM_In_Duty_Ratio","Double","PWM input","Veh_1/FromVCU/HW/PWM Input/Y_Ch25_PWM_In_Duty_Ratio","Veh_1_B.VCar_Inport_l0","","PWM feedback tuple (amplitude, duty ratio, frequency); inject timing/value anomalies.","1"
"Input","Veh_1.FromVCU.HW.PWM Input.Y_Ch25_PWM_In_Frequency","Double","PWM input","Veh_1/FromVCU/HW/PWM Input/Y_Ch25_PWM_In_Frequency","Veh_1_B.VCar_Inport_h5","","PWM feedback tuple (amplitude, duty ratio, frequency); inject timing/value anomalies.","1"
"Input","Veh_1.FromVCU.HW.PWM Input.Y_Ch26_PWM_In_Amplitude","Double","PWM input","Veh_1/FromVCU/HW/PWM Input/Y_Ch26_PWM_In_Amplitude","Veh_1_B.VCar_Inport_pel","","PWM feedback tuple (amplitude, duty ratio, frequency); inject timing/value anomalies.","1"
"Input","Veh_1.FromVCU.HW.PWM Input.Y_Ch26_PWM_In_Duty_Ratio","Double","PWM input","Veh_1/FromVCU/HW/PWM Input/Y_Ch26_PWM_In_Duty_Ratio","Veh_1_B.VCar_Inport_cr3","","PWM feedback tuple (amplitude, duty ratio, frequency); inject timing/value anomalies.","1"
"Input","Veh_1.FromVCU.HW.PWM Input.Y_Ch26_PWM_In_Frequency","Double","PWM input","Veh_1/FromVCU/HW/PWM Input/Y_Ch26_PWM_In_Frequency","Veh_1_B.VCar_Inport_au5","","PWM feedback tuple (amplitude, duty ratio, frequency); inject timing/value anomalies.","1"
"Input","Veh_1.FromVCU.HW.PWM Input.Y_Ch27_PWM_In_Amplitude","Double","PWM input","Veh_1/FromVCU/HW/PWM Input/Y_Ch27_PWM_In_Amplitude","Veh_1_B.VCar_Inport_akv","","PWM feedback tuple (amplitude, duty ratio, frequency); inject timing/value anomalies.","1"
"Input","Veh_1.FromVCU.HW.PWM Input.Y_Ch27_PWM_In_Duty_Ratio","Double","PWM input","Veh_1/FromVCU/HW/PWM Input/Y_Ch27_PWM_In_Duty_Ratio","Veh_1_B.VCar_Inport_mbe","","PWM feedback tuple (amplitude, duty ratio, frequency); inject timing/value anomalies.","1"
"Input","Veh_1.FromVCU.HW.PWM Input.Y_Ch27_PWM_In_Frequency","Double","PWM input","Veh_1/FromVCU/HW/PWM Input/Y_Ch27_PWM_In_Frequency","Veh_1_B.VCar_Inport_egt","","PWM feedback tuple (amplitude, duty ratio, frequency); inject timing/value anomalies.","1"
"Input","Veh_1.FromVCU.HW.PWM Input.Y_Ch28_PWM_In_Amplitude","Double","PWM input","Veh_1/FromVCU/HW/PWM Input/Y_Ch28_PWM_In_Amplitude","Veh_1_B.VCar_Inport_j3r","","PWM feedback tuple (amplitude, duty ratio, frequency); inject timing/value anomalies.","1"
"Input","Veh_1.FromVCU.HW.PWM Input.Y_Ch28_PWM_In_Duty_Ratio","Double","PWM input","Veh_1/FromVCU/HW/PWM Input/Y_Ch28_PWM_In_Duty_Ratio","Veh_1_B.VCar_Inport_bvx","","PWM feedback tuple (amplitude, duty ratio, frequency); inject timing/value anomalies.","1"
"Input","Veh_1.FromVCU.HW.PWM Input.Y_Ch28_PWM_In_Frequency","Double","PWM input","Veh_1/FromVCU/HW/PWM Input/Y_Ch28_PWM_In_Frequency","Veh_1_B.VCar_Inport_edn","","PWM feedback tuple (amplitude, duty ratio, frequency); inject timing/value anomalies.","1"
"Input","Veh_1.FromVCU.HW.PWM Input.Y_Ch29_PWM_In_Amplitude","Double","PWM input","Veh_1/FromVCU/HW/PWM Input/Y_Ch29_PWM_In_Amplitude","Veh_1_B.VCar_Inport_phw","","PWM feedback tuple (amplitude, duty ratio, frequency); inject timing/value anomalies.","1"
"Input","Veh_1.FromVCU.HW.PWM Input.Y_Ch29_PWM_In_Duty_Ratio","Double","PWM input","Veh_1/FromVCU/HW/PWM Input/Y_Ch29_PWM_In_Duty_Ratio","Veh_1_B.VCar_Inport_gee","","PWM feedback tuple (amplitude, duty ratio, frequency); inject timing/value anomalies.","1"
"Input","Veh_1.FromVCU.HW.PWM Input.Y_Ch29_PWM_In_Frequency","Double","PWM input","Veh_1/FromVCU/HW/PWM Input/Y_Ch29_PWM_In_Frequency","Veh_1_B.VCar_Inport_obk","","PWM feedback tuple (amplitude, duty ratio, frequency); inject timing/value anomalies.","1"
"Input","Veh_1.FromVCU.HW.PWM Input.Y_Ch3_PWM_In_Amplitude","Double","PWM input","Veh_1/FromVCU/HW/PWM Input/Y_Ch3_PWM_In_Amplitude","Veh_1_B.VCar_Inport_itf","","PWM feedback tuple (amplitude, duty ratio, frequency); inject timing/value anomalies.","1"
"Input","Veh_1.FromVCU.HW.PWM Input.Y_Ch3_PWM_In_Duty_Ratio","Double","PWM input","Veh_1/FromVCU/HW/PWM Input/Y_Ch3_PWM_In_Duty_Ratio","Veh_1_B.VCar_Inport_md","","PWM feedback tuple (amplitude, duty ratio, frequency); inject timing/value anomalies.","1"
"Input","Veh_1.FromVCU.HW.PWM Input.Y_Ch3_PWM_In_Frequency","Double","PWM input","Veh_1/FromVCU/HW/PWM Input/Y_Ch3_PWM_In_Frequency","Veh_1_B.VCar_Inport_cn3","","PWM feedback tuple (amplitude, duty ratio, frequency); inject timing/value anomalies.","1"
"Input","Veh_1.FromVCU.HW.PWM Input.Y_Ch30_PWM_In_Amplitude","Double","PWM input","Veh_1/FromVCU/HW/PWM Input/Y_Ch30_PWM_In_Amplitude","Veh_1_B.VCar_Inport_px","","PWM feedback tuple (amplitude, duty ratio, frequency); inject timing/value anomalies.","1"
"Input","Veh_1.FromVCU.HW.PWM Input.Y_Ch30_PWM_In_Duty_Ratio","Double","PWM input","Veh_1/FromVCU/HW/PWM Input/Y_Ch30_PWM_In_Duty_Ratio","Veh_1_B.VCar_Inport_k3","","PWM feedback tuple (amplitude, duty ratio, frequency); inject timing/value anomalies.","1"
"Input","Veh_1.FromVCU.HW.PWM Input.Y_Ch30_PWM_In_Frequency","Double","PWM input","Veh_1/FromVCU/HW/PWM Input/Y_Ch30_PWM_In_Frequency","Veh_1_B.VCar_Inport_jq4","","PWM feedback tuple (amplitude, duty ratio, frequency); inject timing/value anomalies.","1"
"Input","Veh_1.FromVCU.HW.PWM Input.Y_Ch31_PWM_In_Amplitude","Double","PWM input","Veh_1/FromVCU/HW/PWM Input/Y_Ch31_PWM_In_Amplitude","Veh_1_B.VCar_Inport_eq2","","PWM feedback tuple (amplitude, duty ratio, frequency); inject timing/value anomalies.","1"
"Input","Veh_1.FromVCU.HW.PWM Input.Y_Ch31_PWM_In_Duty_Ratio","Double","PWM input","Veh_1/FromVCU/HW/PWM Input/Y_Ch31_PWM_In_Duty_Ratio","Veh_1_B.VCar_Inport_om","","PWM feedback tuple (amplitude, duty ratio, frequency); inject timing/value anomalies.","1"
"Input","Veh_1.FromVCU.HW.PWM Input.Y_Ch31_PWM_In_Frequency","Double","PWM input","Veh_1/FromVCU/HW/PWM Input/Y_Ch31_PWM_In_Frequency","Veh_1_B.VCar_Inport_hub","","PWM feedback tuple (amplitude, duty ratio, frequency); inject timing/value anomalies.","1"
"Input","Veh_1.FromVCU.HW.PWM Input.Y_Ch32_PWM_In_Amplitude","Double","PWM input","Veh_1/FromVCU/HW/PWM Input/Y_Ch32_PWM_In_Amplitude","Veh_1_B.VCar_Inport_opc","","PWM feedback tuple (amplitude, duty ratio, frequency); inject timing/value anomalies.","1"
"Input","Veh_1.FromVCU.HW.PWM Input.Y_Ch32_PWM_In_Duty_Ratio","Double","PWM input","Veh_1/FromVCU/HW/PWM Input/Y_Ch32_PWM_In_Duty_Ratio","Veh_1_B.VCar_Inport_gsw","","PWM feedback tuple (amplitude, duty ratio, frequency); inject timing/value anomalies.","1"
"Input","Veh_1.FromVCU.HW.PWM Input.Y_Ch32_PWM_In_Frequency","Double","PWM input","Veh_1/FromVCU/HW/PWM Input/Y_Ch32_PWM_In_Frequency","Veh_1_B.VCar_Inport_ko","","PWM feedback tuple (amplitude, duty ratio, frequency); inject timing/value anomalies.","1"
"Input","Veh_1.FromVCU.HW.PWM Input.Y_Ch33_PWM_In_Amplitude","Double","PWM input","Veh_1/FromVCU/HW/PWM Input/Y_Ch33_PWM_In_Amplitude","Veh_1_B.VCar_Inport_gcs","","PWM feedback tuple (amplitude, duty ratio, frequency); inject timing/value anomalies.","1"
"Input","Veh_1.FromVCU.HW.PWM Input.Y_Ch33_PWM_In_Duty_Ratio","Double","PWM input","Veh_1/FromVCU/HW/PWM Input/Y_Ch33_PWM_In_Duty_Ratio","Veh_1_B.VCar_Inport_dpv","","PWM feedback tuple (amplitude, duty ratio, frequency); inject timing/value anomalies.","1"
"Input","Veh_1.FromVCU.HW.PWM Input.Y_Ch33_PWM_In_Frequency","Double","PWM input","Veh_1/FromVCU/HW/PWM Input/Y_Ch33_PWM_In_Frequency","Veh_1_B.VCar_Inport_f2o","","PWM feedback tuple (amplitude, duty ratio, frequency); inject timing/value anomalies.","1"
"Input","Veh_1.FromVCU.HW.PWM Input.Y_Ch34_PWM_In_Amplitude","Double","PWM input","Veh_1/FromVCU/HW/PWM Input/Y_Ch34_PWM_In_Amplitude","Veh_1_B.VCar_Inport_itc","","PWM feedback tuple (amplitude, duty ratio, frequency); inject timing/value anomalies.","1"
"Input","Veh_1.FromVCU.HW.PWM Input.Y_Ch34_PWM_In_Duty_Ratio","Double","PWM input","Veh_1/FromVCU/HW/PWM Input/Y_Ch34_PWM_In_Duty_Ratio","Veh_1_B.VCar_Inport_la","","PWM feedback tuple (amplitude, duty ratio, frequency); inject timing/value anomalies.","1"
"Input","Veh_1.FromVCU.HW.PWM Input.Y_Ch34_PWM_In_Frequency","Double","PWM input","Veh_1/FromVCU/HW/PWM Input/Y_Ch34_PWM_In_Frequency","Veh_1_B.VCar_Inport_ayz","","PWM feedback tuple (amplitude, duty ratio, frequency); inject timing/value anomalies.","1"
"Input","Veh_1.FromVCU.HW.PWM Input.Y_Ch35_PWM_In_Amplitude","Double","PWM input","Veh_1/FromVCU/HW/PWM Input/Y_Ch35_PWM_In_Amplitude","Veh_1_B.VCar_Inport_krq","","PWM feedback tuple (amplitude, duty ratio, frequency); inject timing/value anomalies.","1"
"Input","Veh_1.FromVCU.HW.PWM Input.Y_Ch35_PWM_In_Duty_Ratio","Double","PWM input","Veh_1/FromVCU/HW/PWM Input/Y_Ch35_PWM_In_Duty_Ratio","Veh_1_B.VCar_Inport_j1o","","PWM feedback tuple (amplitude, duty ratio, frequency); inject timing/value anomalies.","1"
"Input","Veh_1.FromVCU.HW.PWM Input.Y_Ch35_PWM_In_Frequency","Double","PWM input","Veh_1/FromVCU/HW/PWM Input/Y_Ch35_PWM_In_Frequency","Veh_1_B.VCar_Inport_emb","","PWM feedback tuple (amplitude, duty ratio, frequency); inject timing/value anomalies.","1"
"Input","Veh_1.FromVCU.HW.PWM Input.Y_Ch36_PWM_In_Amplitude","Double","PWM input","Veh_1/FromVCU/HW/PWM Input/Y_Ch36_PWM_In_Amplitude","Veh_1_B.VCar_Inport_eqa","","PWM feedback tuple (amplitude, duty ratio, frequency); inject timing/value anomalies.","1"
"Input","Veh_1.FromVCU.HW.PWM Input.Y_Ch36_PWM_In_Duty_Ratio","Double","PWM input","Veh_1/FromVCU/HW/PWM Input/Y_Ch36_PWM_In_Duty_Ratio","Veh_1_B.VCar_Inport_j35","","PWM feedback tuple (amplitude, duty ratio, frequency); inject timing/value anomalies.","1"
"Input","Veh_1.FromVCU.HW.PWM Input.Y_Ch36_PWM_In_Frequency","Double","PWM input","Veh_1/FromVCU/HW/PWM Input/Y_Ch36_PWM_In_Frequency","Veh_1_B.VCar_Inport_a5","","PWM feedback tuple (amplitude, duty ratio, frequency); inject timing/value anomalies.","1"
"Input","Veh_1.FromVCU.HW.PWM Input.Y_Ch37_PWM_In_Amplitude","Double","PWM input","Veh_1/FromVCU/HW/PWM Input/Y_Ch37_PWM_In_Amplitude","Veh_1_B.VCar_Inport_mz","","PWM feedback tuple (amplitude, duty ratio, frequency); inject timing/value anomalies.","1"
"Input","Veh_1.FromVCU.HW.PWM Input.Y_Ch37_PWM_In_Duty_Ratio","Double","PWM input","Veh_1/FromVCU/HW/PWM Input/Y_Ch37_PWM_In_Duty_Ratio","Veh_1_B.VCar_Inport_gmy","","PWM feedback tuple (amplitude, duty ratio, frequency); inject timing/value anomalies.","1"
"Input","Veh_1.FromVCU.HW.PWM Input.Y_Ch37_PWM_In_Frequency","Double","PWM input","Veh_1/FromVCU/HW/PWM Input/Y_Ch37_PWM_In_Frequency","Veh_1_B.VCar_Inport_hx","","PWM feedback tuple (amplitude, duty ratio, frequency); inject timing/value anomalies.","1"
"Input","Veh_1.FromVCU.HW.PWM Input.Y_Ch38_PWM_In_Amplitude","Double","PWM input","Veh_1/FromVCU/HW/PWM Input/Y_Ch38_PWM_In_Amplitude","Veh_1_B.VCar_Inport_frh","","PWM feedback tuple (amplitude, duty ratio, frequency); inject timing/value anomalies.","1"
"Input","Veh_1.FromVCU.HW.PWM Input.Y_Ch38_PWM_In_Duty_Ratio","Double","PWM input","Veh_1/FromVCU/HW/PWM Input/Y_Ch38_PWM_In_Duty_Ratio","Veh_1_B.VCar_Inport_lrw","","PWM feedback tuple (amplitude, duty ratio, frequency); inject timing/value anomalies.","1"
"Input","Veh_1.FromVCU.HW.PWM Input.Y_Ch38_PWM_In_Frequency","Double","PWM input","Veh_1/FromVCU/HW/PWM Input/Y_Ch38_PWM_In_Frequency","Veh_1_B.VCar_Inport_n4","","PWM feedback tuple (amplitude, duty ratio, frequency); inject timing/value anomalies.","1"
"Input","Veh_1.FromVCU.HW.PWM Input.Y_Ch39_PWM_In_Amplitude","Double","PWM input","Veh_1/FromVCU/HW/PWM Input/Y_Ch39_PWM_In_Amplitude","Veh_1_B.VCar_Inport_ec","","PWM feedback tuple (amplitude, duty ratio, frequency); inject timing/value anomalies.","1"
"Input","Veh_1.FromVCU.HW.PWM Input.Y_Ch39_PWM_In_Duty_Ratio","Double","PWM input","Veh_1/FromVCU/HW/PWM Input/Y_Ch39_PWM_In_Duty_Ratio","Veh_1_B.VCar_Inport_dv","","PWM feedback tuple (amplitude, duty ratio, frequency); inject timing/value anomalies.","1"
"Input","Veh_1.FromVCU.HW.PWM Input.Y_Ch39_PWM_In_Frequency","Double","PWM input","Veh_1/FromVCU/HW/PWM Input/Y_Ch39_PWM_In_Frequency","Veh_1_B.VCar_Inport_egz","","PWM feedback tuple (amplitude, duty ratio, frequency); inject timing/value anomalies.","1"
"Input","Veh_1.FromVCU.HW.PWM Input.Y_Ch4_PWM_In_Amplitude","Double","PWM input","Veh_1/FromVCU/HW/PWM Input/Y_Ch4_PWM_In_Amplitude","Veh_1_B.VCar_Inport_hse","","PWM feedback tuple (amplitude, duty ratio, frequency); inject timing/value anomalies.","1"
"Input","Veh_1.FromVCU.HW.PWM Input.Y_Ch4_PWM_In_Duty_Ratio","Double","PWM input","Veh_1/FromVCU/HW/PWM Input/Y_Ch4_PWM_In_Duty_Ratio","Veh_1_B.VCar_Inport_nmf1","","PWM feedback tuple (amplitude, duty ratio, frequency); inject timing/value anomalies.","1"
"Input","Veh_1.FromVCU.HW.PWM Input.Y_Ch4_PWM_In_Frequency","Double","PWM input","Veh_1/FromVCU/HW/PWM Input/Y_Ch4_PWM_In_Frequency","Veh_1_B.VCar_Inport_jer","","PWM feedback tuple (amplitude, duty ratio, frequency); inject timing/value anomalies.","1"
"Input","Veh_1.FromVCU.HW.PWM Input.Y_Ch40_PWM_In_Amplitude","Double","PWM input","Veh_1/FromVCU/HW/PWM Input/Y_Ch40_PWM_In_Amplitude","Veh_1_B.VCar_Inport_fsx","","PWM feedback tuple (amplitude, duty ratio, frequency); inject timing/value anomalies.","1"
"Input","Veh_1.FromVCU.HW.PWM Input.Y_Ch40_PWM_In_Duty_Ratio","Double","PWM input","Veh_1/FromVCU/HW/PWM Input/Y_Ch40_PWM_In_Duty_Ratio","Veh_1_B.VCar_Inport_fn","","PWM feedback tuple (amplitude, duty ratio, frequency); inject timing/value anomalies.","1"
"Input","Veh_1.FromVCU.HW.PWM Input.Y_Ch40_PWM_In_Frequency","Double","PWM input","Veh_1/FromVCU/HW/PWM Input/Y_Ch40_PWM_In_Frequency","Veh_1_B.VCar_Inport_gfg","","PWM feedback tuple (amplitude, duty ratio, frequency); inject timing/value anomalies.","1"
"Input","Veh_1.FromVCU.HW.PWM Input.Y_Ch41_PWM_In_Amplitude","Double","PWM input","Veh_1/FromVCU/HW/PWM Input/Y_Ch41_PWM_In_Amplitude","Veh_1_B.VCar_Inport_ibt","","PWM feedback tuple (amplitude, duty ratio, frequency); inject timing/value anomalies.","1"
"Input","Veh_1.FromVCU.HW.PWM Input.Y_Ch41_PWM_In_Duty_Ratio","Double","PWM input","Veh_1/FromVCU/HW/PWM Input/Y_Ch41_PWM_In_Duty_Ratio","Veh_1_B.VCar_Inport_co5","","PWM feedback tuple (amplitude, duty ratio, frequency); inject timing/value anomalies.","1"
"Input","Veh_1.FromVCU.HW.PWM Input.Y_Ch41_PWM_In_Frequency","Double","PWM input","Veh_1/FromVCU/HW/PWM Input/Y_Ch41_PWM_In_Frequency","Veh_1_B.VCar_Inport_ksz","","PWM feedback tuple (amplitude, duty ratio, frequency); inject timing/value anomalies.","1"
"Input","Veh_1.FromVCU.HW.PWM Input.Y_Ch42_PWM_In_Amplitude","Double","PWM input","Veh_1/FromVCU/HW/PWM Input/Y_Ch42_PWM_In_Amplitude","Veh_1_B.VCar_Inport_ho","","PWM feedback tuple (amplitude, duty ratio, frequency); inject timing/value anomalies.","1"
"Input","Veh_1.FromVCU.HW.PWM Input.Y_Ch42_PWM_In_Duty_Ratio","Double","PWM input","Veh_1/FromVCU/HW/PWM Input/Y_Ch42_PWM_In_Duty_Ratio","Veh_1_B.VCar_Inport_iwu","","PWM feedback tuple (amplitude, duty ratio, frequency); inject timing/value anomalies.","1"
"Input","Veh_1.FromVCU.HW.PWM Input.Y_Ch42_PWM_In_Frequency","Double","PWM input","Veh_1/FromVCU/HW/PWM Input/Y_Ch42_PWM_In_Frequency","Veh_1_B.VCar_Inport_l43","","PWM feedback tuple (amplitude, duty ratio, frequency); inject timing/value anomalies.","1"
"Input","Veh_1.FromVCU.HW.PWM Input.Y_Ch43_PWM_In_Amplitude","Double","PWM input","Veh_1/FromVCU/HW/PWM Input/Y_Ch43_PWM_In_Amplitude","Veh_1_B.VCar_Inport_lxl","","PWM feedback tuple (amplitude, duty ratio, frequency); inject timing/value anomalies.","1"
"Input","Veh_1.FromVCU.HW.PWM Input.Y_Ch43_PWM_In_Duty_Ratio","Double","PWM input","Veh_1/FromVCU/HW/PWM Input/Y_Ch43_PWM_In_Duty_Ratio","Veh_1_B.VCar_Inport_dou","","PWM feedback tuple (amplitude, duty ratio, frequency); inject timing/value anomalies.","1"
"Input","Veh_1.FromVCU.HW.PWM Input.Y_Ch43_PWM_In_Frequency","Double","PWM input","Veh_1/FromVCU/HW/PWM Input/Y_Ch43_PWM_In_Frequency","Veh_1_B.VCar_Inport_ppry","","PWM feedback tuple (amplitude, duty ratio, frequency); inject timing/value anomalies.","1"
"Input","Veh_1.FromVCU.HW.PWM Input.Y_Ch44_PWM_In_Amplitude","Double","PWM input","Veh_1/FromVCU/HW/PWM Input/Y_Ch44_PWM_In_Amplitude","Veh_1_B.VCar_Inport_nw2","","PWM feedback tuple (amplitude, duty ratio, frequency); inject timing/value anomalies.","1"
"Input","Veh_1.FromVCU.HW.PWM Input.Y_Ch44_PWM_In_Duty_Ratio","Double","PWM input","Veh_1/FromVCU/HW/PWM Input/Y_Ch44_PWM_In_Duty_Ratio","Veh_1_B.VCar_Inport_ke1","","PWM feedback tuple (amplitude, duty ratio, frequency); inject timing/value anomalies.","1"
"Input","Veh_1.FromVCU.HW.PWM Input.Y_Ch44_PWM_In_Frequency","Double","PWM input","Veh_1/FromVCU/HW/PWM Input/Y_Ch44_PWM_In_Frequency","Veh_1_B.VCar_Inport_jo1","","PWM feedback tuple (amplitude, duty ratio, frequency); inject timing/value anomalies.","1"
"Input","Veh_1.FromVCU.HW.PWM Input.Y_Ch45_PWM_In_Amplitude","Double","PWM input","Veh_1/FromVCU/HW/PWM Input/Y_Ch45_PWM_In_Amplitude","Veh_1_B.VCar_Inport_lns","","PWM feedback tuple (amplitude, duty ratio, frequency); inject timing/value anomalies.","1"
"Input","Veh_1.FromVCU.HW.PWM Input.Y_Ch45_PWM_In_Duty_Ratio","Double","PWM input","Veh_1/FromVCU/HW/PWM Input/Y_Ch45_PWM_In_Duty_Ratio","Veh_1_B.VCar_Inport_jz","","PWM feedback tuple (amplitude, duty ratio, frequency); inject timing/value anomalies.","1"
"Input","Veh_1.FromVCU.HW.PWM Input.Y_Ch45_PWM_In_Frequency","Double","PWM input","Veh_1/FromVCU/HW/PWM Input/Y_Ch45_PWM_In_Frequency","Veh_1_B.VCar_Inport_lkr","","PWM feedback tuple (amplitude, duty ratio, frequency); inject timing/value anomalies.","1"
"Input","Veh_1.FromVCU.HW.PWM Input.Y_Ch46_PWM_In_Amplitude","Double","PWM input","Veh_1/FromVCU/HW/PWM Input/Y_Ch46_PWM_In_Amplitude","Veh_1_B.VCar_Inport_af","","PWM feedback tuple (amplitude, duty ratio, frequency); inject timing/value anomalies.","1"
"Input","Veh_1.FromVCU.HW.PWM Input.Y_Ch46_PWM_In_Duty_Ratio","Double","PWM input","Veh_1/FromVCU/HW/PWM Input/Y_Ch46_PWM_In_Duty_Ratio","Veh_1_B.VCar_Inport_dsr","","PWM feedback tuple (amplitude, duty ratio, frequency); inject timing/value anomalies.","1"
"Input","Veh_1.FromVCU.HW.PWM Input.Y_Ch46_PWM_In_Frequency","Double","PWM input","Veh_1/FromVCU/HW/PWM Input/Y_Ch46_PWM_In_Frequency","Veh_1_B.VCar_Inport_av","","PWM feedback tuple (amplitude, duty ratio, frequency); inject timing/value anomalies.","1"
"Input","Veh_1.FromVCU.HW.PWM Input.Y_Ch47_PWM_In_Amplitude","Double","PWM input","Veh_1/FromVCU/HW/PWM Input/Y_Ch47_PWM_In_Amplitude","Veh_1_B.VCar_Inport_ngr","","PWM feedback tuple (amplitude, duty ratio, frequency); inject timing/value anomalies.","1"
"Input","Veh_1.FromVCU.HW.PWM Input.Y_Ch47_PWM_In_Duty_Ratio","Double","PWM input","Veh_1/FromVCU/HW/PWM Input/Y_Ch47_PWM_In_Duty_Ratio","Veh_1_B.VCar_Inport_l0f","","PWM feedback tuple (amplitude, duty ratio, frequency); inject timing/value anomalies.","1"
"Input","Veh_1.FromVCU.HW.PWM Input.Y_Ch47_PWM_In_Frequency","Double","PWM input","Veh_1/FromVCU/HW/PWM Input/Y_Ch47_PWM_In_Frequency","Veh_1_B.VCar_Inport_nv","","PWM feedback tuple (amplitude, duty ratio, frequency); inject timing/value anomalies.","1"
"Input","Veh_1.FromVCU.HW.PWM Input.Y_Ch48_PWM_In_Amplitude","Double","PWM input","Veh_1/FromVCU/HW/PWM Input/Y_Ch48_PWM_In_Amplitude","Veh_1_B.VCar_Inport_ka","","PWM feedback tuple (amplitude, duty ratio, frequency); inject timing/value anomalies.","1"
"Input","Veh_1.FromVCU.HW.PWM Input.Y_Ch48_PWM_In_Duty_Ratio","Double","PWM input","Veh_1/FromVCU/HW/PWM Input/Y_Ch48_PWM_In_Duty_Ratio","Veh_1_B.VCar_Inport_m5","","PWM feedback tuple (amplitude, duty ratio, frequency); inject timing/value anomalies.","1"
"Input","Veh_1.FromVCU.HW.PWM Input.Y_Ch48_PWM_In_Frequency","Double","PWM input","Veh_1/FromVCU/HW/PWM Input/Y_Ch48_PWM_In_Frequency","Veh_1_B.VCar_Inport_h1a","","PWM feedback tuple (amplitude, duty ratio, frequency); inject timing/value anomalies.","1"
"Input","Veh_1.FromVCU.HW.PWM Input.Y_Ch49_PWM_In_Amplitude","Double","PWM input","Veh_1/FromVCU/HW/PWM Input/Y_Ch49_PWM_In_Amplitude","Veh_1_B.VCar_Inport_o5","","PWM feedback tuple (amplitude, duty ratio, frequency); inject timing/value anomalies.","1"
"Input","Veh_1.FromVCU.HW.PWM Input.Y_Ch49_PWM_In_Duty_Ratio","Double","PWM input","Veh_1/FromVCU/HW/PWM Input/Y_Ch49_PWM_In_Duty_Ratio","Veh_1_B.VCar_Inport_k3z","","PWM feedback tuple (amplitude, duty ratio, frequency); inject timing/value anomalies.","1"
"Input","Veh_1.FromVCU.HW.PWM Input.Y_Ch49_PWM_In_Frequency","Double","PWM input","Veh_1/FromVCU/HW/PWM Input/Y_Ch49_PWM_In_Frequency","Veh_1_B.VCar_Inport_kn2","","PWM feedback tuple (amplitude, duty ratio, frequency); inject timing/value anomalies.","1"
"Input","Veh_1.FromVCU.HW.PWM Input.Y_Ch5_PWM_In_Amplitude","Double","PWM input","Veh_1/FromVCU/HW/PWM Input/Y_Ch5_PWM_In_Amplitude","Veh_1_B.VCar_Inport_dcs","","PWM feedback tuple (amplitude, duty ratio, frequency); inject timing/value anomalies.","1"
"Input","Veh_1.FromVCU.HW.PWM Input.Y_Ch5_PWM_In_Duty_Ratio","Double","PWM input","Veh_1/FromVCU/HW/PWM Input/Y_Ch5_PWM_In_Duty_Ratio","Veh_1_B.VCar_Inport_ixr","","PWM feedback tuple (amplitude, duty ratio, frequency); inject timing/value anomalies.","1"
"Input","Veh_1.FromVCU.HW.PWM Input.Y_Ch5_PWM_In_Frequency","Double","PWM input","Veh_1/FromVCU/HW/PWM Input/Y_Ch5_PWM_In_Frequency","Veh_1_B.VCar_Inport_kmw","","PWM feedback tuple (amplitude, duty ratio, frequency); inject timing/value anomalies.","1"
"Input","Veh_1.FromVCU.HW.PWM Input.Y_Ch50_PWM_In_Amplitude","Double","PWM input","Veh_1/FromVCU/HW/PWM Input/Y_Ch50_PWM_In_Amplitude","Veh_1_B.VCar_Inport_eib","","PWM feedback tuple (amplitude, duty ratio, frequency); inject timing/value anomalies.","1"
"Input","Veh_1.FromVCU.HW.PWM Input.Y_Ch50_PWM_In_Duty_Ratio","Double","PWM input","Veh_1/FromVCU/HW/PWM Input/Y_Ch50_PWM_In_Duty_Ratio","Veh_1_B.VCar_Inport_ink","","PWM feedback tuple (amplitude, duty ratio, frequency); inject timing/value anomalies.","1"
"Input","Veh_1.FromVCU.HW.PWM Input.Y_Ch50_PWM_In_Frequency","Double","PWM input","Veh_1/FromVCU/HW/PWM Input/Y_Ch50_PWM_In_Frequency","Veh_1_B.VCar_Inport_bt5","","PWM feedback tuple (amplitude, duty ratio, frequency); inject timing/value anomalies.","1"
"Input","Veh_1.FromVCU.HW.PWM Input.Y_Ch51_PWM_In_Amplitude","Double","PWM input","Veh_1/FromVCU/HW/PWM Input/Y_Ch51_PWM_In_Amplitude","Veh_1_B.VCar_Inport_pj","","PWM feedback tuple (amplitude, duty ratio, frequency); inject timing/value anomalies.","1"
"Input","Veh_1.FromVCU.HW.PWM Input.Y_Ch51_PWM_In_Duty_Ratio","Double","PWM input","Veh_1/FromVCU/HW/PWM Input/Y_Ch51_PWM_In_Duty_Ratio","Veh_1_B.VCar_Inport_mmr","","PWM feedback tuple (amplitude, duty ratio, frequency); inject timing/value anomalies.","1"
"Input","Veh_1.FromVCU.HW.PWM Input.Y_Ch51_PWM_In_Frequency","Double","PWM input","Veh_1/FromVCU/HW/PWM Input/Y_Ch51_PWM_In_Frequency","Veh_1_B.VCar_Inport_jr","","PWM feedback tuple (amplitude, duty ratio, frequency); inject timing/value anomalies.","1"
"Input","Veh_1.FromVCU.HW.PWM Input.Y_Ch52_PWM_In_Amplitude","Double","PWM input","Veh_1/FromVCU/HW/PWM Input/Y_Ch52_PWM_In_Amplitude","Veh_1_B.VCar_Inport_pnl","","PWM feedback tuple (amplitude, duty ratio, frequency); inject timing/value anomalies.","1"
"Input","Veh_1.FromVCU.HW.PWM Input.Y_Ch52_PWM_In_Duty_Ratio","Double","PWM input","Veh_1/FromVCU/HW/PWM Input/Y_Ch52_PWM_In_Duty_Ratio","Veh_1_B.VCar_Inport_j1g","","PWM feedback tuple (amplitude, duty ratio, frequency); inject timing/value anomalies.","1"
"Input","Veh_1.FromVCU.HW.PWM Input.Y_Ch52_PWM_In_Frequency","Double","PWM input","Veh_1/FromVCU/HW/PWM Input/Y_Ch52_PWM_In_Frequency","Veh_1_B.VCar_Inport_m0","","PWM feedback tuple (amplitude, duty ratio, frequency); inject timing/value anomalies.","1"
"Input","Veh_1.FromVCU.HW.PWM Input.Y_Ch53_PWM_In_Amplitude","Double","PWM input","Veh_1/FromVCU/HW/PWM Input/Y_Ch53_PWM_In_Amplitude","Veh_1_B.VCar_Inport_gnq","","PWM feedback tuple (amplitude, duty ratio, frequency); inject timing/value anomalies.","1"
"Input","Veh_1.FromVCU.HW.PWM Input.Y_Ch53_PWM_In_Duty_Ratio","Double","PWM input","Veh_1/FromVCU/HW/PWM Input/Y_Ch53_PWM_In_Duty_Ratio","Veh_1_B.VCar_Inport_gvd","","PWM feedback tuple (amplitude, duty ratio, frequency); inject timing/value anomalies.","1"
"Input","Veh_1.FromVCU.HW.PWM Input.Y_Ch53_PWM_In_Frequency","Double","PWM input","Veh_1/FromVCU/HW/PWM Input/Y_Ch53_PWM_In_Frequency","Veh_1_B.VCar_Inport_lcj","","PWM feedback tuple (amplitude, duty ratio, frequency); inject timing/value anomalies.","1"
"Input","Veh_1.FromVCU.HW.PWM Input.Y_Ch54_PWM_In_Amplitude","Double","PWM input","Veh_1/FromVCU/HW/PWM Input/Y_Ch54_PWM_In_Amplitude","Veh_1_B.VCar_Inport_fdt","","PWM feedback tuple (amplitude, duty ratio, frequency); inject timing/value anomalies.","1"
"Input","Veh_1.FromVCU.HW.PWM Input.Y_Ch54_PWM_In_Duty_Ratio","Double","PWM input","Veh_1/FromVCU/HW/PWM Input/Y_Ch54_PWM_In_Duty_Ratio","Veh_1_B.VCar_Inport_enp","","PWM feedback tuple (amplitude, duty ratio, frequency); inject timing/value anomalies.","1"
"Input","Veh_1.FromVCU.HW.PWM Input.Y_Ch54_PWM_In_Frequency","Double","PWM input","Veh_1/FromVCU/HW/PWM Input/Y_Ch54_PWM_In_Frequency","Veh_1_B.VCar_Inport_ehs","","PWM feedback tuple (amplitude, duty ratio, frequency); inject timing/value anomalies.","1"
"Input","Veh_1.FromVCU.HW.PWM Input.Y_Ch55_PWM_In_Amplitude","Double","PWM input","Veh_1/FromVCU/HW/PWM Input/Y_Ch55_PWM_In_Amplitude","Veh_1_B.VCar_Inport_pxm","","PWM feedback tuple (amplitude, duty ratio, frequency); inject timing/value anomalies.","1"
"Input","Veh_1.FromVCU.HW.PWM Input.Y_Ch55_PWM_In_Duty_Ratio","Double","PWM input","Veh_1/FromVCU/HW/PWM Input/Y_Ch55_PWM_In_Duty_Ratio","Veh_1_B.VCar_Inport_fv","","PWM feedback tuple (amplitude, duty ratio, frequency); inject timing/value anomalies.","1"
"Input","Veh_1.FromVCU.HW.PWM Input.Y_Ch55_PWM_In_Frequency","Double","PWM input","Veh_1/FromVCU/HW/PWM Input/Y_Ch55_PWM_In_Frequency","Veh_1_B.VCar_Inport_lh","","PWM feedback tuple (amplitude, duty ratio, frequency); inject timing/value anomalies.","1"
"Input","Veh_1.FromVCU.HW.PWM Input.Y_Ch56_PWM_In_Amplitude","Double","PWM input","Veh_1/FromVCU/HW/PWM Input/Y_Ch56_PWM_In_Amplitude","Veh_1_B.VCar_Inport_no","","PWM feedback tuple (amplitude, duty ratio, frequency); inject timing/value anomalies.","1"
"Input","Veh_1.FromVCU.HW.PWM Input.Y_Ch56_PWM_In_Duty_Ratio","Double","PWM input","Veh_1/FromVCU/HW/PWM Input/Y_Ch56_PWM_In_Duty_Ratio","Veh_1_B.VCar_Inport_p55","","PWM feedback tuple (amplitude, duty ratio, frequency); inject timing/value anomalies.","1"
"Input","Veh_1.FromVCU.HW.PWM Input.Y_Ch56_PWM_In_Frequency","Double","PWM input","Veh_1/FromVCU/HW/PWM Input/Y_Ch56_PWM_In_Frequency","Veh_1_B.VCar_Inport_oz2","","PWM feedback tuple (amplitude, duty ratio, frequency); inject timing/value anomalies.","1"
"Input","Veh_1.FromVCU.HW.PWM Input.Y_Ch57_PWM_In_Amplitude","Double","PWM input","Veh_1/FromVCU/HW/PWM Input/Y_Ch57_PWM_In_Amplitude","Veh_1_B.VCar_Inport_jk","","PWM feedback tuple (amplitude, duty ratio, frequency); inject timing/value anomalies.","1"
"Input","Veh_1.FromVCU.HW.PWM Input.Y_Ch57_PWM_In_Duty_Ratio","Double","PWM input","Veh_1/FromVCU/HW/PWM Input/Y_Ch57_PWM_In_Duty_Ratio","Veh_1_B.VCar_Inport_oh4","","PWM feedback tuple (amplitude, duty ratio, frequency); inject timing/value anomalies.","1"
"Input","Veh_1.FromVCU.HW.PWM Input.Y_Ch57_PWM_In_Frequency","Double","PWM input","Veh_1/FromVCU/HW/PWM Input/Y_Ch57_PWM_In_Frequency","Veh_1_B.VCar_Inport_nb0","","PWM feedback tuple (amplitude, duty ratio, frequency); inject timing/value anomalies.","1"
"Input","Veh_1.FromVCU.HW.PWM Input.Y_Ch58_PWM_In_Amplitude","Double","PWM input","Veh_1/FromVCU/HW/PWM Input/Y_Ch58_PWM_In_Amplitude","Veh_1_B.VCar_Inport_ayu","","PWM feedback tuple (amplitude, duty ratio, frequency); inject timing/value anomalies.","1"
"Input","Veh_1.FromVCU.HW.PWM Input.Y_Ch58_PWM_In_Duty_Ratio","Double","PWM input","Veh_1/FromVCU/HW/PWM Input/Y_Ch58_PWM_In_Duty_Ratio","Veh_1_B.VCar_Inport_lsp","","PWM feedback tuple (amplitude, duty ratio, frequency); inject timing/value anomalies.","1"
"Input","Veh_1.FromVCU.HW.PWM Input.Y_Ch58_PWM_In_Frequency","Double","PWM input","Veh_1/FromVCU/HW/PWM Input/Y_Ch58_PWM_In_Frequency","Veh_1_B.VCar_Inport_b4","","PWM feedback tuple (amplitude, duty ratio, frequency); inject timing/value anomalies.","1"
"Input","Veh_1.FromVCU.HW.PWM Input.Y_Ch59_PWM_In_Amplitude","Double","PWM input","Veh_1/FromVCU/HW/PWM Input/Y_Ch59_PWM_In_Amplitude","Veh_1_B.VCar_Inport_d1u","","PWM feedback tuple (amplitude, duty ratio, frequency); inject timing/value anomalies.","1"
"Input","Veh_1.FromVCU.HW.PWM Input.Y_Ch59_PWM_In_Duty_Ratio","Double","PWM input","Veh_1/FromVCU/HW/PWM Input/Y_Ch59_PWM_In_Duty_Ratio","Veh_1_B.VCar_Inport_h2","","PWM feedback tuple (amplitude, duty ratio, frequency); inject timing/value anomalies.","1"
"Input","Veh_1.FromVCU.HW.PWM Input.Y_Ch59_PWM_In_Frequency","Double","PWM input","Veh_1/FromVCU/HW/PWM Input/Y_Ch59_PWM_In_Frequency","Veh_1_B.VCar_Inport_nhr","","PWM feedback tuple (amplitude, duty ratio, frequency); inject timing/value anomalies.","1"
"Input","Veh_1.FromVCU.HW.PWM Input.Y_Ch6_PWM_In_Amplitude","Double","PWM input","Veh_1/FromVCU/HW/PWM Input/Y_Ch6_PWM_In_Amplitude","Veh_1_B.VCar_Inport_ghs","","PWM feedback tuple (amplitude, duty ratio, frequency); inject timing/value anomalies.","1"
"Input","Veh_1.FromVCU.HW.PWM Input.Y_Ch6_PWM_In_Duty_Ratio","Double","PWM input","Veh_1/FromVCU/HW/PWM Input/Y_Ch6_PWM_In_Duty_Ratio","Veh_1_B.VCar_Inport_cm","","PWM feedback tuple (amplitude, duty ratio, frequency); inject timing/value anomalies.","1"
"Input","Veh_1.FromVCU.HW.PWM Input.Y_Ch6_PWM_In_Frequency","Double","PWM input","Veh_1/FromVCU/HW/PWM Input/Y_Ch6_PWM_In_Frequency","Veh_1_B.VCar_Inport_nyu","","PWM feedback tuple (amplitude, duty ratio, frequency); inject timing/value anomalies.","1"
"Input","Veh_1.FromVCU.HW.PWM Input.Y_Ch60_PWM_In_Amplitude","Double","PWM input","Veh_1/FromVCU/HW/PWM Input/Y_Ch60_PWM_In_Amplitude","Veh_1_B.VCar_Inport_jjx","","PWM feedback tuple (amplitude, duty ratio, frequency); inject timing/value anomalies.","1"
"Input","Veh_1.FromVCU.HW.PWM Input.Y_Ch60_PWM_In_Duty_Ratio","Double","PWM input","Veh_1/FromVCU/HW/PWM Input/Y_Ch60_PWM_In_Duty_Ratio","Veh_1_B.VCar_Inport_jk3","","PWM feedback tuple (amplitude, duty ratio, frequency); inject timing/value anomalies.","1"
"Input","Veh_1.FromVCU.HW.PWM Input.Y_Ch60_PWM_In_Frequency","Double","PWM input","Veh_1/FromVCU/HW/PWM Input/Y_Ch60_PWM_In_Frequency","Veh_1_B.VCar_Inport_d5","","PWM feedback tuple (amplitude, duty ratio, frequency); inject timing/value anomalies.","1"
"Input","Veh_1.FromVCU.HW.PWM Input.Y_Ch7_PWM_In_Amplitude","Double","PWM input","Veh_1/FromVCU/HW/PWM Input/Y_Ch7_PWM_In_Amplitude","Veh_1_B.VCar_Inport_dhh","","PWM feedback tuple (amplitude, duty ratio, frequency); inject timing/value anomalies.","1"
"Input","Veh_1.FromVCU.HW.PWM Input.Y_Ch7_PWM_In_Duty_Ratio","Double","PWM input","Veh_1/FromVCU/HW/PWM Input/Y_Ch7_PWM_In_Duty_Ratio","Veh_1_B.VCar_Inport_psu","","PWM feedback tuple (amplitude, duty ratio, frequency); inject timing/value anomalies.","1"
"Input","Veh_1.FromVCU.HW.PWM Input.Y_Ch7_PWM_In_Frequency","Double","PWM input","Veh_1/FromVCU/HW/PWM Input/Y_Ch7_PWM_In_Frequency","Veh_1_B.VCar_Inport_ah","","PWM feedback tuple (amplitude, duty ratio, frequency); inject timing/value anomalies.","1"
"Input","Veh_1.FromVCU.HW.PWM Input.Y_Ch8_PWM_In_Amplitude","Double","PWM input","Veh_1/FromVCU/HW/PWM Input/Y_Ch8_PWM_In_Amplitude","Veh_1_B.VCar_Inport_o2e","","PWM feedback tuple (amplitude, duty ratio, frequency); inject timing/value anomalies.","1"
"Input","Veh_1.FromVCU.HW.PWM Input.Y_Ch8_PWM_In_Duty_Ratio","Double","PWM input","Veh_1/FromVCU/HW/PWM Input/Y_Ch8_PWM_In_Duty_Ratio","Veh_1_B.VCar_Inport_prp","","PWM feedback tuple (amplitude, duty ratio, frequency); inject timing/value anomalies.","1"
"Input","Veh_1.FromVCU.HW.PWM Input.Y_Ch8_PWM_In_Frequency","Double","PWM input","Veh_1/FromVCU/HW/PWM Input/Y_Ch8_PWM_In_Frequency","Veh_1_B.VCar_Inport_g3k","","PWM feedback tuple (amplitude, duty ratio, frequency); inject timing/value anomalies.","1"
"Input","Veh_1.FromVCU.HW.PWM Input.Y_Ch9_PWM_In_Amplitude","Double","PWM input","Veh_1/FromVCU/HW/PWM Input/Y_Ch9_PWM_In_Amplitude","Veh_1_B.VCar_Inport_ef0","","PWM feedback tuple (amplitude, duty ratio, frequency); inject timing/value anomalies.","1"
"Input","Veh_1.FromVCU.HW.PWM Input.Y_Ch9_PWM_In_Duty_Ratio","Double","PWM input","Veh_1/FromVCU/HW/PWM Input/Y_Ch9_PWM_In_Duty_Ratio","Veh_1_B.VCar_Inport_nf","","PWM feedback tuple (amplitude, duty ratio, frequency); inject timing/value anomalies.","1"
"Input","Veh_1.FromVCU.HW.PWM Input.Y_Ch9_PWM_In_Frequency","Double","PWM input","Veh_1/FromVCU/HW/PWM Input/Y_Ch9_PWM_In_Frequency","Veh_1_B.VCar_Inport_d4u","","PWM feedback tuple (amplitude, duty ratio, frequency); inject timing/value anomalies.","1"
"Input","Veh_1.FromVCU.HW.Voltage Input.Y_Ch1_Average_Voltage","Double","Voltage input","Veh_1/FromVCU/HW/Voltage Input/Y_Ch1_Average_Voltage","Veh_1_B.VCar_Inport_niu","","Voltage feedback; inject under-voltage, over-voltage, frozen, or inconsistent channels.","1"
"Input","Veh_1.FromVCU.HW.Voltage Input.Y_Ch1_Present_Voltage","Double","Voltage input","Veh_1/FromVCU/HW/Voltage Input/Y_Ch1_Present_Voltage","Veh_1_B.VCar_Inport_eky","","Voltage feedback; inject under-voltage, over-voltage, frozen, or inconsistent channels.","1"
"Input","Veh_1.FromVCU.HW.Voltage Input.Y_Ch10_Average_Voltage","Double","Voltage input","Veh_1/FromVCU/HW/Voltage Input/Y_Ch10_Average_Voltage","Veh_1_B.VCar_Inport_gj","","Voltage feedback; inject under-voltage, over-voltage, frozen, or inconsistent channels.","1"
"Input","Veh_1.FromVCU.HW.Voltage Input.Y_Ch10_Present_Voltage","Double","Voltage input","Veh_1/FromVCU/HW/Voltage Input/Y_Ch10_Present_Voltage","Veh_1_B.VCar_Inport_bdc","","Voltage feedback; inject under-voltage, over-voltage, frozen, or inconsistent channels.","1"
"Input","Veh_1.FromVCU.HW.Voltage Input.Y_Ch11_Average_Voltage","Double","Voltage input","Veh_1/FromVCU/HW/Voltage Input/Y_Ch11_Average_Voltage","Veh_1_B.VCar_Inport_ng5","","Voltage feedback; inject under-voltage, over-voltage, frozen, or inconsistent channels.","1"
"Input","Veh_1.FromVCU.HW.Voltage Input.Y_Ch11_Present_Voltage","Double","Voltage input","Veh_1/FromVCU/HW/Voltage Input/Y_Ch11_Present_Voltage","Veh_1_B.VCar_Inport_ci2","","Voltage feedback; inject under-voltage, over-voltage, frozen, or inconsistent channels.","1"
"Input","Veh_1.FromVCU.HW.Voltage Input.Y_Ch12_Average_Voltage","Double","Voltage input","Veh_1/FromVCU/HW/Voltage Input/Y_Ch12_Average_Voltage","Veh_1_B.VCar_Inport_pqq","","Voltage feedback; inject under-voltage, over-voltage, frozen, or inconsistent channels.","1"
"Input","Veh_1.FromVCU.HW.Voltage Input.Y_Ch12_Present_Voltage","Double","Voltage input","Veh_1/FromVCU/HW/Voltage Input/Y_Ch12_Present_Voltage","Veh_1_B.VCar_Inport_n51","","Voltage feedback; inject under-voltage, over-voltage, frozen, or inconsistent channels.","1"
"Input","Veh_1.FromVCU.HW.Voltage Input.Y_Ch13_Average_Voltage","Double","Voltage input","Veh_1/FromVCU/HW/Voltage Input/Y_Ch13_Average_Voltage","Veh_1_B.VCar_Inport_ckp","","Voltage feedback; inject under-voltage, over-voltage, frozen, or inconsistent channels.","1"
"Input","Veh_1.FromVCU.HW.Voltage Input.Y_Ch13_Present_Voltage","Double","Voltage input","Veh_1/FromVCU/HW/Voltage Input/Y_Ch13_Present_Voltage","Veh_1_B.VCar_Inport_bnt","","Voltage feedback; inject under-voltage, over-voltage, frozen, or inconsistent channels.","1"
"Input","Veh_1.FromVCU.HW.Voltage Input.Y_Ch14_Average_Voltage","Double","Voltage input","Veh_1/FromVCU/HW/Voltage Input/Y_Ch14_Average_Voltage","Veh_1_B.VCar_Inport_h1u","","Voltage feedback; inject under-voltage, over-voltage, frozen, or inconsistent channels.","1"
"Input","Veh_1.FromVCU.HW.Voltage Input.Y_Ch14_Present_Voltage","Double","Voltage input","Veh_1/FromVCU/HW/Voltage Input/Y_Ch14_Present_Voltage","Veh_1_B.VCar_Inport_gi4","","Voltage feedback; inject under-voltage, over-voltage, frozen, or inconsistent channels.","1"
"Input","Veh_1.FromVCU.HW.Voltage Input.Y_Ch15_Average_Voltage","Double","Voltage input","Veh_1/FromVCU/HW/Voltage Input/Y_Ch15_Average_Voltage","Veh_1_B.VCar_Inport_f2d","","Voltage feedback; inject under-voltage, over-voltage, frozen, or inconsistent channels.","1"
"Input","Veh_1.FromVCU.HW.Voltage Input.Y_Ch15_Present_Voltage","Double","Voltage input","Veh_1/FromVCU/HW/Voltage Input/Y_Ch15_Present_Voltage","Veh_1_B.VCar_Inport_nz","","Voltage feedback; inject under-voltage, over-voltage, frozen, or inconsistent channels.","1"
"Input","Veh_1.FromVCU.HW.Voltage Input.Y_Ch16_Average_Voltage","Double","Voltage input","Veh_1/FromVCU/HW/Voltage Input/Y_Ch16_Average_Voltage","Veh_1_B.VCar_Inport_bdp","","Voltage feedback; inject under-voltage, over-voltage, frozen, or inconsistent channels.","1"
"Input","Veh_1.FromVCU.HW.Voltage Input.Y_Ch16_Present_Voltage","Double","Voltage input","Veh_1/FromVCU/HW/Voltage Input/Y_Ch16_Present_Voltage","Veh_1_B.VCar_Inport_mc","","Voltage feedback; inject under-voltage, over-voltage, frozen, or inconsistent channels.","1"
"Input","Veh_1.FromVCU.HW.Voltage Input.Y_Ch17_Average_Voltage","Double","Voltage input","Veh_1/FromVCU/HW/Voltage Input/Y_Ch17_Average_Voltage","Veh_1_B.VCar_Inport_pc","","Voltage feedback; inject under-voltage, over-voltage, frozen, or inconsistent channels.","1"
"Input","Veh_1.FromVCU.HW.Voltage Input.Y_Ch17_Present_Voltage","Double","Voltage input","Veh_1/FromVCU/HW/Voltage Input/Y_Ch17_Present_Voltage","Veh_1_B.VCar_Inport_oqc","","Voltage feedback; inject under-voltage, over-voltage, frozen, or inconsistent channels.","1"
"Input","Veh_1.FromVCU.HW.Voltage Input.Y_Ch18_Average_Voltage","Double","Voltage input","Veh_1/FromVCU/HW/Voltage Input/Y_Ch18_Average_Voltage","Veh_1_B.VCar_Inport_b5v","","Voltage feedback; inject under-voltage, over-voltage, frozen, or inconsistent channels.","1"
"Input","Veh_1.FromVCU.HW.Voltage Input.Y_Ch18_Present_Voltage","Double","Voltage input","Veh_1/FromVCU/HW/Voltage Input/Y_Ch18_Present_Voltage","Veh_1_B.VCar_Inport_i0","","Voltage feedback; inject under-voltage, over-voltage, frozen, or inconsistent channels.","1"
"Input","Veh_1.FromVCU.HW.Voltage Input.Y_Ch19_Average_Voltage","Double","Voltage input","Veh_1/FromVCU/HW/Voltage Input/Y_Ch19_Average_Voltage","Veh_1_B.VCar_Inport_kw","","Voltage feedback; inject under-voltage, over-voltage, frozen, or inconsistent channels.","1"
"Input","Veh_1.FromVCU.HW.Voltage Input.Y_Ch19_Present_Voltage","Double","Voltage input","Veh_1/FromVCU/HW/Voltage Input/Y_Ch19_Present_Voltage","Veh_1_B.VCar_Inport_nyx","","Voltage feedback; inject under-voltage, over-voltage, frozen, or inconsistent channels.","1"
"Input","Veh_1.FromVCU.HW.Voltage Input.Y_Ch2_Average_Voltage","Double","Voltage input","Veh_1/FromVCU/HW/Voltage Input/Y_Ch2_Average_Voltage","Veh_1_B.VCar_Inport_nzw","","Voltage feedback; inject under-voltage, over-voltage, frozen, or inconsistent channels.","1"
"Input","Veh_1.FromVCU.HW.Voltage Input.Y_Ch2_Present_Voltage","Double","Voltage input","Veh_1/FromVCU/HW/Voltage Input/Y_Ch2_Present_Voltage","Veh_1_B.VCar_Inport_kj","","Voltage feedback; inject under-voltage, over-voltage, frozen, or inconsistent channels.","1"
"Input","Veh_1.FromVCU.HW.Voltage Input.Y_Ch20_Average_Voltage","Double","Voltage input","Veh_1/FromVCU/HW/Voltage Input/Y_Ch20_Average_Voltage","Veh_1_B.VCar_Inport_kt4","","Voltage feedback; inject under-voltage, over-voltage, frozen, or inconsistent channels.","1"
"Input","Veh_1.FromVCU.HW.Voltage Input.Y_Ch20_Present_Voltage","Double","Voltage input","Veh_1/FromVCU/HW/Voltage Input/Y_Ch20_Present_Voltage","Veh_1_B.VCar_Inport_i1","","Voltage feedback; inject under-voltage, over-voltage, frozen, or inconsistent channels.","1"
"Input","Veh_1.FromVCU.HW.Voltage Input.Y_Ch21_Average_Voltage","Double","Voltage input","Veh_1/FromVCU/HW/Voltage Input/Y_Ch21_Average_Voltage","Veh_1_B.VCar_Inport_cds","","Voltage feedback; inject under-voltage, over-voltage, frozen, or inconsistent channels.","1"
"Input","Veh_1.FromVCU.HW.Voltage Input.Y_Ch21_Present_Voltage","Double","Voltage input","Veh_1/FromVCU/HW/Voltage Input/Y_Ch21_Present_Voltage","Veh_1_B.VCar_Inport_ji","","Voltage feedback; inject under-voltage, over-voltage, frozen, or inconsistent channels.","1"
"Input","Veh_1.FromVCU.HW.Voltage Input.Y_Ch22_Average_Voltage","Double","Voltage input","Veh_1/FromVCU/HW/Voltage Input/Y_Ch22_Average_Voltage","Veh_1_B.VCar_Inport_bo","","Voltage feedback; inject under-voltage, over-voltage, frozen, or inconsistent channels.","1"
"Input","Veh_1.FromVCU.HW.Voltage Input.Y_Ch22_Present_Voltage","Double","Voltage input","Veh_1/FromVCU/HW/Voltage Input/Y_Ch22_Present_Voltage","Veh_1_B.VCar_Inport_lb","","Voltage feedback; inject under-voltage, over-voltage, frozen, or inconsistent channels.","1"
"Input","Veh_1.FromVCU.HW.Voltage Input.Y_Ch23_Average_Voltage","Double","Voltage input","Veh_1/FromVCU/HW/Voltage Input/Y_Ch23_Average_Voltage","Veh_1_B.VCar_Inport_ogd","","Voltage feedback; inject under-voltage, over-voltage, frozen, or inconsistent channels.","1"
"Input","Veh_1.FromVCU.HW.Voltage Input.Y_Ch23_Present_Voltage","Double","Voltage input","Veh_1/FromVCU/HW/Voltage Input/Y_Ch23_Present_Voltage","Veh_1_B.VCar_Inport_jsv","","Voltage feedback; inject under-voltage, over-voltage, frozen, or inconsistent channels.","1"
"Input","Veh_1.FromVCU.HW.Voltage Input.Y_Ch24_Average_Voltage","Double","Voltage input","Veh_1/FromVCU/HW/Voltage Input/Y_Ch24_Average_Voltage","Veh_1_B.VCar_Inport_ap0","","Voltage feedback; inject under-voltage, over-voltage, frozen, or inconsistent channels.","1"
"Input","Veh_1.FromVCU.HW.Voltage Input.Y_Ch24_Present_Voltage","Double","Voltage input","Veh_1/FromVCU/HW/Voltage Input/Y_Ch24_Present_Voltage","Veh_1_B.VCar_Inport_cxc","","Voltage feedback; inject under-voltage, over-voltage, frozen, or inconsistent channels.","1"
"Input","Veh_1.FromVCU.HW.Voltage Input.Y_Ch3_Average_Voltage","Double","Voltage input","Veh_1/FromVCU/HW/Voltage Input/Y_Ch3_Average_Voltage","Veh_1_B.VCar_Inport_aw","","Voltage feedback; inject under-voltage, over-voltage, frozen, or inconsistent channels.","1"
"Input","Veh_1.FromVCU.HW.Voltage Input.Y_Ch3_Present_Voltage","Double","Voltage input","Veh_1/FromVCU/HW/Voltage Input/Y_Ch3_Present_Voltage","Veh_1_B.VCar_Inport_pb","","Voltage feedback; inject under-voltage, over-voltage, frozen, or inconsistent channels.","1"
"Input","Veh_1.FromVCU.HW.Voltage Input.Y_Ch4_Average_Voltage","Double","Voltage input","Veh_1/FromVCU/HW/Voltage Input/Y_Ch4_Average_Voltage","Veh_1_B.VCar_Inport_nzn","","Voltage feedback; inject under-voltage, over-voltage, frozen, or inconsistent channels.","1"
"Input","Veh_1.FromVCU.HW.Voltage Input.Y_Ch4_Present_Voltage","Double","Voltage input","Veh_1/FromVCU/HW/Voltage Input/Y_Ch4_Present_Voltage","Veh_1_B.VCar_Inport_fig","","Voltage feedback; inject under-voltage, over-voltage, frozen, or inconsistent channels.","1"
"Input","Veh_1.FromVCU.HW.Voltage Input.Y_Ch5_Average_Voltage","Double","Voltage input","Veh_1/FromVCU/HW/Voltage Input/Y_Ch5_Average_Voltage","Veh_1_B.VCar_Inport_cf","","Voltage feedback; inject under-voltage, over-voltage, frozen, or inconsistent channels.","1"
"Input","Veh_1.FromVCU.HW.Voltage Input.Y_Ch5_Present_Voltage","Double","Voltage input","Veh_1/FromVCU/HW/Voltage Input/Y_Ch5_Present_Voltage","Veh_1_B.VCar_Inport_aa","","Voltage feedback; inject under-voltage, over-voltage, frozen, or inconsistent channels.","1"
"Input","Veh_1.FromVCU.HW.Voltage Input.Y_Ch6_Average_Voltage","Double","Voltage input","Veh_1/FromVCU/HW/Voltage Input/Y_Ch6_Average_Voltage","Veh_1_B.VCar_Inport_ob2","","Voltage feedback; inject under-voltage, over-voltage, frozen, or inconsistent channels.","1"
"Input","Veh_1.FromVCU.HW.Voltage Input.Y_Ch6_Present_Voltage","Double","Voltage input","Veh_1/FromVCU/HW/Voltage Input/Y_Ch6_Present_Voltage","Veh_1_B.VCar_Inport_oep","","Voltage feedback; inject under-voltage, over-voltage, frozen, or inconsistent channels.","1"
"Input","Veh_1.FromVCU.HW.Voltage Input.Y_Ch7_Average_Voltage","Double","Voltage input","Veh_1/FromVCU/HW/Voltage Input/Y_Ch7_Average_Voltage","Veh_1_B.VCar_Inport_fz","","Voltage feedback; inject under-voltage, over-voltage, frozen, or inconsistent channels.","1"
"Input","Veh_1.FromVCU.HW.Voltage Input.Y_Ch7_Present_Voltage","Double","Voltage input","Veh_1/FromVCU/HW/Voltage Input/Y_Ch7_Present_Voltage","Veh_1_B.VCar_Inport_kj4","","Voltage feedback; inject under-voltage, over-voltage, frozen, or inconsistent channels.","1"
"Input","Veh_1.FromVCU.HW.Voltage Input.Y_Ch8_Average_Voltage","Double","Voltage input","Veh_1/FromVCU/HW/Voltage Input/Y_Ch8_Average_Voltage","Veh_1_B.VCar_Inport_e4","","Voltage feedback; inject under-voltage, over-voltage, frozen, or inconsistent channels.","1"
"Input","Veh_1.FromVCU.HW.Voltage Input.Y_Ch8_Present_Voltage","Double","Voltage input","Veh_1/FromVCU/HW/Voltage Input/Y_Ch8_Present_Voltage","Veh_1_B.VCar_Inport_lcv","","Voltage feedback; inject under-voltage, over-voltage, frozen, or inconsistent channels.","1"
"Input","Veh_1.FromVCU.HW.Voltage Input.Y_Ch9_Average_Voltage","Double","Voltage input","Veh_1/FromVCU/HW/Voltage Input/Y_Ch9_Average_Voltage","Veh_1_B.VCar_Inport_ox","","Voltage feedback; inject under-voltage, over-voltage, frozen, or inconsistent channels.","1"
"Input","Veh_1.FromVCU.HW.Voltage Input.Y_Ch9_Present_Voltage","Double","Voltage input","Veh_1/FromVCU/HW/Voltage Input/Y_Ch9_Present_Voltage","Veh_1_B.VCar_Inport_cdj","","Voltage feedback; inject under-voltage, over-voltage, frozen, or inconsistent channels.","1"
"Input","Veh_1.ToModelbase.FromCAN.FrontTrqCmd1","Double","Modelbase input","Veh_1/ToModelbase/FromCAN/FrontTrqCmd1","Veh_1_B.VCar_Inport_kn3","","Chassis/vehicle physical feedback; inject force, angle, or torque anomalies.","1"
"Input","Veh_1.ToModelbase.FromCAN.RearTrqCmd","Double","Modelbase input","Veh_1/ToModelbase/FromCAN/RearTrqCmd","Veh_1_B.RearTrqCmd_d","","Chassis/vehicle physical feedback; inject force, angle, or torque anomalies.","1"
"Input","Veh_1.ToModelbase.FromDriverManeuver.DecelZoneSet","Double","Modelbase input","Veh_1/ToModelbase/FromDriverManeuver/DecelZoneSet","Veh_1_B.DecelZoneSet","","Chassis/vehicle physical feedback; inject force, angle, or torque anomalies.","1"
"Input","Veh_1.ToModelbase.FromDriverManeuver.SteeringWheelAngle_rad","Double","Modelbase input","Veh_1/ToModelbase/FromDriverManeuver/SteeringWheelAngle_rad","Veh_1_B.SteeringWheelAnglerad","","Chassis/vehicle physical feedback; inject force, angle, or torque anomalies.","1"
"Input","Veh_1.ToModelbase.FromEPS_model.EPSActuator_AN_IN_PowerSteeringTorque","Double","Modelbase input","Veh_1/ToModelbase/FromEPS_model/EPSActuator_AN_IN_PowerSteeringTorque","Veh_1_B.EPSActuator_AN_IN_PowerSteering","","Chassis/vehicle physical feedback; inject force, angle, or torque anomalies.","1"
"Input","Veh_1.ToModelbase.FromFCC_model.EPB_Force_RL","Double","Modelbase input","Veh_1/ToModelbase/FromFCC_model/EPB_Force_RL","Veh_1_B.EPB_Force_RL","","Chassis/vehicle physical feedback; inject force, angle, or torque anomalies.","1"
"Input","Veh_1.ToModelbase.FromFCC_model.EPB_Force_RR","Double","Modelbase input","Veh_1/ToModelbase/FromFCC_model/EPB_Force_RR","Veh_1_B.EPB_Force_RR","","Chassis/vehicle physical feedback; inject force, angle, or torque anomalies.","1"
"Input","Veh_1.ToModelbase.FromFCC_model.FLDamperForce","Double","Modelbase input","Veh_1/ToModelbase/FromFCC_model/FLDamperForce","Veh_1_B.FLDamperForce","","Chassis/vehicle physical feedback; inject force, angle, or torque anomalies.","1"
"Input","Veh_1.ToModelbase.FromFCC_model.FLSpringForce","Double","Modelbase input","Veh_1/ToModelbase/FromFCC_model/FLSpringForce","Veh_1_B.FLSpringForce","","Chassis/vehicle physical feedback; inject force, angle, or torque anomalies.","1"
"Input","Veh_1.ToModelbase.FromFCC_model.Force_SusWext_1L","Double","Modelbase input","Veh_1/ToModelbase/FromFCC_model/Force_SusWext_1L","Veh_1_B.Force_SusWext_1L","","Chassis/vehicle physical feedback; inject force, angle, or torque anomalies.","1"
"Input","Veh_1.ToModelbase.FromFCC_model.Force_SusWext_1R","Double","Modelbase input","Veh_1/ToModelbase/FromFCC_model/Force_SusWext_1R","Veh_1_B.Force_SusWext_1R","","Chassis/vehicle physical feedback; inject force, angle, or torque anomalies.","1"
"Input","Veh_1.ToModelbase.FromFCC_model.Force_SusWext_2L","Double","Modelbase input","Veh_1/ToModelbase/FromFCC_model/Force_SusWext_2L","Veh_1_B.Force_SusWext_2L","","Chassis/vehicle physical feedback; inject force, angle, or torque anomalies.","1"
"Input","Veh_1.ToModelbase.FromFCC_model.Force_SusWext_2R","Double","Modelbase input","Veh_1/ToModelbase/FromFCC_model/Force_SusWext_2R","Veh_1_B.Force_SusWext_2R","","Chassis/vehicle physical feedback; inject force, angle, or torque anomalies.","1"
"Input","Veh_1.ToModelbase.FromFCC_model.FRDamperForce","Double","Modelbase input","Veh_1/ToModelbase/FromFCC_model/FRDamperForce","Veh_1_B.FRDamperForce","","Chassis/vehicle physical feedback; inject force, angle, or torque anomalies.","1"
"Input","Veh_1.ToModelbase.FromFCC_model.FRSpringForce","Double","Modelbase input","Veh_1/ToModelbase/FromFCC_model/FRSpringForce","Veh_1_B.FRSpringForce","","Chassis/vehicle physical feedback; inject force, angle, or torque anomalies.","1"
"Input","Veh_1.ToModelbase.FromFCC_model.RLDamperForce","Double","Modelbase input","Veh_1/ToModelbase/FromFCC_model/RLDamperForce","Veh_1_B.RLDamperForce","","Chassis/vehicle physical feedback; inject force, angle, or torque anomalies.","1"
"Input","Veh_1.ToModelbase.FromFCC_model.RLSpringForce","Double","Modelbase input","Veh_1/ToModelbase/FromFCC_model/RLSpringForce","Veh_1_B.RLSpringForce","","Chassis/vehicle physical feedback; inject force, angle, or torque anomalies.","1"
"Input","Veh_1.ToModelbase.FromFCC_model.RRDamperForce","Double","Modelbase input","Veh_1/ToModelbase/FromFCC_model/RRDamperForce","Veh_1_B.RRDamperForce","","Chassis/vehicle physical feedback; inject force, angle, or torque anomalies.","1"
"Input","Veh_1.ToModelbase.FromFCC_model.RRSpringForce","Double","Modelbase input","Veh_1/ToModelbase/FromFCC_model/RRSpringForce","Veh_1_B.RRSpringForce","","Chassis/vehicle physical feedback; inject force, angle, or torque anomalies.","1"
"Output","Veh_1.PlantModel.PlantModel.Driveline.FrontMotSpd","Double","Plant/state output","Veh_1/PlantModel/PlantModel/Driveline/FrontMotSpd","Veh_1_B.VCar_Outport_jrn","","Vehicle/dynamic state feedback; assess impact on speed, motor speed, and torque.","1"
"Output","Veh_1.PlantModel.PlantModel.Driveline.RearMotSpd","Double","Plant/state output","Veh_1/PlantModel/PlantModel/Driveline/RearMotSpd","Veh_1_B.VCar_Outport_j0","","Vehicle/dynamic state feedback; assess impact on speed, motor speed, and torque.","1"
"Output","Veh_1.PlantModel.PlantModel.Powertrain.FMotor.Motor.MotTrq","Double","Plant/state output","Veh_1/PlantModel/PlantModel/Powertrain/FMotor/Motor/MotTrq","Veh_1_B.VCar_Outport_brd","","Vehicle/dynamic state feedback; assess impact on speed, motor speed, and torque.","1"
"Output","Veh_1.PlantModel.PlantModel.Powertrain.FMotor.Motor.MotTrqManagement.FTrq","Double","Plant/state output","Veh_1/PlantModel/PlantModel/Powertrain/FMotor/Motor/MotTrqManagement/FTrq","Veh_1_B.VCar_Outport_dx4","","Vehicle/dynamic state feedback; assess impact on speed, motor speed, and torque.","1"
"Output","Veh_1.PlantModel.PlantModel.Powertrain.RMotor.Motor.MotTrqManagement.RTrq","Double","Plant/state output","Veh_1/PlantModel/PlantModel/Powertrain/RMotor/Motor/MotTrqManagement/RTrq","Veh_1_B.VCar_Outport_due","","Vehicle/dynamic state feedback; assess impact on speed, motor speed, and torque.","1"
"Output","Veh_1.PlantModel.PlantModel.Vehicle1.Vehspeed ","Double","Plant/state output","Veh_1/PlantModel/PlantModel/Vehicle1/Vehspeed","Veh_1_B.VCar_Outport_mcw","","Vehicle/dynamic state feedback; assess impact on speed, motor speed, and torque.","1"
"Output","Veh_1.ToVCU.bodyCAN_out.SoftDCDCDataToBus.DCDC_1.DCDC_CANError_ToBus","Double","Body CAN output","Veh_1/ToVCU/bodyCAN_out/SoftDCDCDataToBus/DCDC_1/DCDC_CANError_ToBus","Veh_1_B.VCar_Outport_ja2","","Body-domain CAN output; observe body-control, lighting, and status frames.","1"
"Output","Veh_1.ToVCU.bodyCAN_out.SoftDCDCDataToBus.DCDC_1.DCDC_Derating_ToBus","Double","Body CAN output","Veh_1/ToVCU/bodyCAN_out/SoftDCDCDataToBus/DCDC_1/DCDC_Derating_ToBus","Veh_1_B.VCar_Outport_cy","","Body-domain CAN output; observe body-control, lighting, and status frames.","1"
"Output","Veh_1.ToVCU.bodyCAN_out.SoftDCDCDataToBus.DCDC_1.DCDC_faultlevel_ToBus","Double","Body CAN output","Veh_1/ToVCU/bodyCAN_out/SoftDCDCDataToBus/DCDC_1/DCDC_faultlevel_ToBus","Veh_1_B.VCar_Outport_ei","","Body-domain CAN output; observe body-control, lighting, and status frames.","1"
"Output","Veh_1.ToVCU.bodyCAN_out.SoftDCDCDataToBus.DCDC_1.DCDC_InputCurrent_ToBus","Double","Body CAN output","Veh_1/ToVCU/bodyCAN_out/SoftDCDCDataToBus/DCDC_1/DCDC_InputCurrent_ToBus","Veh_1_B.VCar_Outport_kj","","Body-domain CAN output; observe body-control, lighting, and status frames.","1"
"Output","Veh_1.ToVCU.bodyCAN_out.SoftDCDCDataToBus.DCDC_1.DCDC_InputVoltage_ToBus","Double","Body CAN output","Veh_1/ToVCU/bodyCAN_out/SoftDCDCDataToBus/DCDC_1/DCDC_InputVoltage_ToBus","Veh_1_B.VCar_Outport_i3","","Body-domain CAN output; observe body-control, lighting, and status frames.","1"
"Output","Veh_1.ToVCU.bodyCAN_out.SoftDCDCDataToBus.DCDC_1.DCDC_OperatingMode_ToBus","Double","Body CAN output","Veh_1/ToVCU/bodyCAN_out/SoftDCDCDataToBus/DCDC_1/DCDC_OperatingMode_ToBus","Veh_1_B.VCar_Outport_nx","","Body-domain CAN output; observe body-control, lighting, and status frames.","1"
"Output","Veh_1.ToVCU.bodyCAN_out.SoftDCDCDataToBus.DCDC_1.DCDC_OuputOpencircuit_ToBus","Double","Body CAN output","Veh_1/ToVCU/bodyCAN_out/SoftDCDCDataToBus/DCDC_1/DCDC_OuputOpencircuit_ToBus","Veh_1_B.VCar_Outport_jr","","Body-domain CAN output; observe body-control, lighting, and status frames.","1"
"Output","Veh_1.ToVCU.bodyCAN_out.SoftDCDCDataToBus.DCDC_1.DCDC_OutCurrent_ToBus","Double","Body CAN output","Veh_1/ToVCU/bodyCAN_out/SoftDCDCDataToBus/DCDC_1/DCDC_OutCurrent_ToBus","Veh_1_B.VCar_Outport_ipi","","Body-domain CAN output; observe body-control, lighting, and status frames.","1"
"Output","Veh_1.ToVCU.bodyCAN_out.SoftDCDCDataToBus.DCDC_1.DCDC_OutVoltage_ToBus","Double","Body CAN output","Veh_1/ToVCU/bodyCAN_out/SoftDCDCDataToBus/DCDC_1/DCDC_OutVoltage_ToBus","Veh_1_B.VCar_Outport_fob","","Body-domain CAN output; observe body-control, lighting, and status frames.","1"
"Output","Veh_1.ToVCU.bodyCAN_out.SoftDCDCDataToBus.DCDC_1.DCDC_OverIV_ToBus","Double","Body CAN output","Veh_1/ToVCU/bodyCAN_out/SoftDCDCDataToBus/DCDC_1/DCDC_OverIV_ToBus","Veh_1_B.VCar_Outport_fws","","Body-domain CAN output; observe body-control, lighting, and status frames.","1"
"Output","Veh_1.ToVCU.bodyCAN_out.SoftDCDCDataToBus.DCDC_1.DCDC_OverOC_ToBus","Double","Body CAN output","Veh_1/ToVCU/bodyCAN_out/SoftDCDCDataToBus/DCDC_1/DCDC_OverOC_ToBus","Veh_1_B.VCar_Outport_i2","","Body-domain CAN output; observe body-control, lighting, and status frames.","1"
"Output","Veh_1.ToVCU.bodyCAN_out.SoftDCDCDataToBus.DCDC_1.DCDC_OverOV_ToBus","Double","Body CAN output","Veh_1/ToVCU/bodyCAN_out/SoftDCDCDataToBus/DCDC_1/DCDC_OverOV_ToBus","Veh_1_B.VCar_Outport_je","","Body-domain CAN output; observe body-control, lighting, and status frames.","1"
"Output","Veh_1.ToVCU.bodyCAN_out.SoftDCDCDataToBus.DCDC_1.DCDC_OverTemp_ToBus","Double","Body CAN output","Veh_1/ToVCU/bodyCAN_out/SoftDCDCDataToBus/DCDC_1/DCDC_OverTemp_ToBus","Veh_1_B.VCar_Outport_d5","","Body-domain CAN output; observe body-control, lighting, and status frames.","1"
"Output","Veh_1.ToVCU.bodyCAN_out.SoftDCDCDataToBus.DCDC_1.DCDC_RealityTemp_ToBus","Double","Body CAN output","Veh_1/ToVCU/bodyCAN_out/SoftDCDCDataToBus/DCDC_1/DCDC_RealityTemp_ToBus","Veh_1_B.VCar_Outport_ifs","","Body-domain CAN output; observe body-control, lighting, and status frames.","1"
"Output","Veh_1.ToVCU.bodyCAN_out.SoftDCDCDataToBus.DCDC_1.DCDC_stsError_ToBus","Double","Body CAN output","Veh_1/ToVCU/bodyCAN_out/SoftDCDCDataToBus/DCDC_1/DCDC_stsError_ToBus","Veh_1_B.VCar_Outport_jc","","Body-domain CAN output; observe body-control, lighting, and status frames.","1"
"Output","Veh_1.ToVCU.bodyCAN_out.SoftDCDCDataToBus.DCDC_1.DCDC_UnderIV_ToBus","Double","Body CAN output","Veh_1/ToVCU/bodyCAN_out/SoftDCDCDataToBus/DCDC_1/DCDC_UnderIV_ToBus","Veh_1_B.VCar_Outport_ev","","Body-domain CAN output; observe body-control, lighting, and status frames.","1"
"Output","Veh_1.ToVCU.bodyCAN_out.SoftDCDCDataToBus.DCDC_1.DCDC_UnderOV_ToBus","Double","Body CAN output","Veh_1/ToVCU/bodyCAN_out/SoftDCDCDataToBus/DCDC_1/DCDC_UnderOV_ToBus","Veh_1_B.VCar_Outport_bcu","","Body-domain CAN output; observe body-control, lighting, and status frames.","1"
"Output","Veh_1.ToVCU.bodyCAN_out.SoftDCDCDataToBus.DCDC_1_MsgEnable.DCDC_1_MsgDisable","Bool","Body CAN output","Veh_1/ToVCU/bodyCAN_out/SoftDCDCDataToBus/DCDC_1_MsgEnable/DCDC_1_MsgDisable","Veh_1_B.VCar_Outport_pum","","Body-domain CAN output; observe body-control, lighting, and status frames.","1"
"Output","Veh_1.ToVCU.bodyCAN_out.SoftDCDCDataToBus.DCDC1_1.DC1_AverageTemp_ToBus","Double","Body CAN output","Veh_1/ToVCU/bodyCAN_out/SoftDCDCDataToBus/DCDC1_1/DC1_AverageTemp_ToBus","Veh_1_B.VCar_Outport_lkp","","Body-domain CAN output; observe body-control, lighting, and status frames.","1"
"Output","Veh_1.ToVCU.bodyCAN_out.SoftDCDCDataToBus.DCDC1_1.DC1_ChargingTime_ToBus","Double","Body CAN output","Veh_1/ToVCU/bodyCAN_out/SoftDCDCDataToBus/DCDC1_1/DC1_ChargingTime_ToBus","Veh_1_B.VCar_Outport_b4n","","Body-domain CAN output; observe body-control, lighting, and status frames.","1"
"Output","Veh_1.ToVCU.bodyCAN_out.SoftDCDCDataToBus.DCDC1_1.DC1_ChgConnectSts_ToBus","Double","Body CAN output","Veh_1/ToVCU/bodyCAN_out/SoftDCDCDataToBus/DCDC1_1/DC1_ChgConnectSts_ToBus","Veh_1_B.VCar_Outport_gd","","Body-domain CAN output; observe body-control, lighting, and status frames.","1"
"Output","Veh_1.ToVCU.bodyCAN_out.SoftDCDCDataToBus.DCDC1_1.DC1_Faultcode_ToBus","Double","Body CAN output","Veh_1/ToVCU/bodyCAN_out/SoftDCDCDataToBus/DCDC1_1/DC1_Faultcode_ToBus","Veh_1_B.VCar_Outport_n4","","Body-domain CAN output; observe body-control, lighting, and status frames.","1"
"Output","Veh_1.ToVCU.bodyCAN_out.SoftDCDCDataToBus.DCDC1_1.DC1_OutputCurr_ToBus","Double","Body CAN output","Veh_1/ToVCU/bodyCAN_out/SoftDCDCDataToBus/DCDC1_1/DC1_OutputCurr_ToBus","Veh_1_B.VCar_Outport_jme","","Body-domain CAN output; observe body-control, lighting, and status frames.","1"
"Output","Veh_1.ToVCU.bodyCAN_out.SoftDCDCDataToBus.DCDC1_1.DC1_OutputVoltage_ToBus","Double","Body CAN output","Veh_1/ToVCU/bodyCAN_out/SoftDCDCDataToBus/DCDC1_1/DC1_OutputVoltage_ToBus","Veh_1_B.VCar_Outport_dm","","Body-domain CAN output; observe body-control, lighting, and status frames.","1"
"Output","Veh_1.ToVCU.bodyCAN_out.SoftDCDCDataToBus.DCDC1_1.DC1_PDUSts_ToBus","Double","Body CAN output","Veh_1/ToVCU/bodyCAN_out/SoftDCDCDataToBus/DCDC1_1/DC1_PDUSts_ToBus","Veh_1_B.VCar_Outport_ce","","Body-domain CAN output; observe body-control, lighting, and status frames.","1"
"Output","Veh_1.ToVCU.bodyCAN_out.SoftDCDCDataToBus.DCDC1_1.DC1_WorkingMode_ToBus","Double","Body CAN output","Veh_1/ToVCU/bodyCAN_out/SoftDCDCDataToBus/DCDC1_1/DC1_WorkingMode_ToBus","Veh_1_B.VCar_Outport_aqm","","Body-domain CAN output; observe body-control, lighting, and status frames.","1"
"Output","Veh_1.ToVCU.bodyCAN_out.SoftDCDCDataToBus.DCDC1_1.NTC_AverageTemp_ToBus","Double","Body CAN output","Veh_1/ToVCU/bodyCAN_out/SoftDCDCDataToBus/DCDC1_1/NTC_AverageTemp_ToBus","Veh_1_B.VCar_Outport_kn","","Body-domain CAN output; observe body-control, lighting, and status frames.","1"
"Output","Veh_1.ToVCU.bodyCAN_out.SoftDCDCDataToBus.DCDC1_1_MsgEnable.DCDC1_1_MsgDisable","Bool","Body CAN output","Veh_1/ToVCU/bodyCAN_out/SoftDCDCDataToBus/DCDC1_1_MsgEnable/DCDC1_1_MsgDisable","Veh_1_B.VCar_Outport_ll","","Body-domain CAN output; observe body-control, lighting, and status frames.","1"
"Output","Veh_1.ToVCU.bodyCAN_out.SoftOBCDataToBus.OBC_1.OBC_CANMsgFault_ToBus","Double","Body CAN output","Veh_1/ToVCU/bodyCAN_out/SoftOBCDataToBus/OBC_1/OBC_CANMsgFault_ToBus","Veh_1_B.VCar_Outport_kp","","Body-domain CAN output; observe body-control, lighting, and status frames.","1"
"Output","Veh_1.ToVCU.bodyCAN_out.SoftOBCDataToBus.OBC_1.OBC_ChargeCurrent_ToBus","Double","Body CAN output","Veh_1/ToVCU/bodyCAN_out/SoftOBCDataToBus/OBC_1/OBC_ChargeCurrent_ToBus","Veh_1_B.VCar_Outport_e4","","Body-domain CAN output; observe body-control, lighting, and status frames.","1"
"Output","Veh_1.ToVCU.bodyCAN_out.SoftOBCDataToBus.OBC_1.OBC_ChargeVoltage_ToBus","Double","Body CAN output","Veh_1/ToVCU/bodyCAN_out/SoftOBCDataToBus/OBC_1/OBC_ChargeVoltage_ToBus","Veh_1_B.VCar_Outport_lb","","Body-domain CAN output; observe body-control, lighting, and status frames.","1"
"Output","Veh_1.ToVCU.bodyCAN_out.SoftOBCDataToBus.OBC_1.OBC_FanFault_ToBus","Double","Body CAN output","Veh_1/ToVCU/bodyCAN_out/SoftOBCDataToBus/OBC_1/OBC_FanFault_ToBus","Veh_1_B.VCar_Outport_do","","Body-domain CAN output; observe body-control, lighting, and status frames.","1"
"Output","Veh_1.ToVCU.bodyCAN_out.SoftOBCDataToBus.OBC_1.OBC_HighCurrOutputFault_ToBus","Double","Body CAN output","Veh_1/ToVCU/bodyCAN_out/SoftOBCDataToBus/OBC_1/OBC_HighCurrOutputFault_ToBus","Veh_1_B.VCar_Outport_b5","","Body-domain CAN output; observe body-control, lighting, and status frames.","1"
"Output","Veh_1.ToVCU.bodyCAN_out.SoftOBCDataToBus.OBC_1.OBC_HighVoltOutputOverVolt_ToBus","Double","Body CAN output","Veh_1/ToVCU/bodyCAN_out/SoftOBCDataToBus/OBC_1/OBC_HighVoltOutputOverVolt_ToBus","Veh_1_B.VCar_Outport_bfc","","Body-domain CAN output; observe body-control, lighting, and status frames.","1"
"Output","Veh_1.ToVCU.bodyCAN_out.SoftOBCDataToBus.OBC_1.OBC_HighVoltOutputShortCircuit_ToBus","Double","Body CAN output","Veh_1/ToVCU/bodyCAN_out/SoftOBCDataToBus/OBC_1/OBC_HighVoltOutputShortCircuit_ToBus","Veh_1_B.VCar_Outport_be","","Body-domain CAN output; observe body-control, lighting, and status frames.","1"
"Output","Veh_1.ToVCU.bodyCAN_out.SoftOBCDataToBus.OBC_1.OBC_HighVoltOutputUnderVolt_ToBus","Double","Body CAN output","Veh_1/ToVCU/bodyCAN_out/SoftOBCDataToBus/OBC_1/OBC_HighVoltOutputUnderVolt_ToBus","Veh_1_B.VCar_Outport_c5","","Body-domain CAN output; observe body-control, lighting, and status frames.","1"
"Output","Veh_1.ToVCU.bodyCAN_out.SoftOBCDataToBus.OBC_1.OBC_InputOverVolt_ToBus","Double","Body CAN output","Veh_1/ToVCU/bodyCAN_out/SoftOBCDataToBus/OBC_1/OBC_InputOverVolt_ToBus","Veh_1_B.VCar_Outport_bk","","Body-domain CAN output; observe body-control, lighting, and status frames.","1"
"Output","Veh_1.ToVCU.bodyCAN_out.SoftOBCDataToBus.OBC_1.OBC_InputUnderVolt_ToBus","Double","Body CAN output","Veh_1/ToVCU/bodyCAN_out/SoftOBCDataToBus/OBC_1/OBC_InputUnderVolt_ToBus","Veh_1_B.VCar_Outport_dg2","","Body-domain CAN output; observe body-control, lighting, and status frames.","1"
"Output","Veh_1.ToVCU.bodyCAN_out.SoftOBCDataToBus.OBC_1.OBC_LowVoltOTFault_ToBus","Double","Body CAN output","Veh_1/ToVCU/bodyCAN_out/SoftOBCDataToBus/OBC_1/OBC_LowVoltOTFault_ToBus","Veh_1_B.VCar_Outport_ps","","Body-domain CAN output; observe body-control, lighting, and status frames.","1"
"Output","Veh_1.ToVCU.bodyCAN_out.SoftOBCDataToBus.OBC_1.OBC_NoBattery_ToBus","Double","Body CAN output","Veh_1/ToVCU/bodyCAN_out/SoftOBCDataToBus/OBC_1/OBC_NoBattery_ToBus","Veh_1_B.VCar_Outport_b2r","","Body-domain CAN output; observe body-control, lighting, and status frames.","1"
"Output","Veh_1.ToVCU.bodyCAN_out.SoftOBCDataToBus.OBC_1.OBC_OverTemp_ToBus","Double","Body CAN output","Veh_1/ToVCU/bodyCAN_out/SoftOBCDataToBus/OBC_1/OBC_OverTemp_ToBus","Veh_1_B.VCar_Outport_ax","","Body-domain CAN output; observe body-control, lighting, and status frames.","1"
"Output","Veh_1.ToVCU.bodyCAN_out.SoftOBCDataToBus.OBC_1.OBC_State_ToBus","Double","Body CAN output","Veh_1/ToVCU/bodyCAN_out/SoftOBCDataToBus/OBC_1/OBC_State_ToBus","Veh_1_B.VCar_Outport_n1","","Body-domain CAN output; observe body-control, lighting, and status frames.","1"
"Output","Veh_1.ToVCU.bodyCAN_out.SoftOBCDataToBus.OBC_1_MsgEnable.OBC_1_MsgDisable","Bool","Body CAN output","Veh_1/ToVCU/bodyCAN_out/SoftOBCDataToBus/OBC_1_MsgEnable/OBC_1_MsgDisable","Veh_1_B.VCar_Outport_liw","","Body-domain CAN output; observe body-control, lighting, and status frames.","1"
"Output","Veh_1.ToVCU.bodyCAN_out.SoftOBCDataToBus.OBC_2.OBC_ACVolageSts_ToBus","Double","Body CAN output","Veh_1/ToVCU/bodyCAN_out/SoftOBCDataToBus/OBC_2/OBC_ACVolageSts_ToBus","Veh_1_B.VCar_Outport_bo","","Body-domain CAN output; observe body-control, lighting, and status frames.","1"
"Output","Veh_1.ToVCU.bodyCAN_out.SoftOBCDataToBus.OBC_2.OBC_BattConnectSts_ToBus","Double","Body CAN output","Veh_1/ToVCU/bodyCAN_out/SoftOBCDataToBus/OBC_2/OBC_BattConnectSts_ToBus","Veh_1_B.VCar_Outport_kmn","","Body-domain CAN output; observe body-control, lighting, and status frames.","1"
"Output","Veh_1.ToVCU.bodyCAN_out.SoftOBCDataToBus.OBC_2.OBC_CommOverTime_ToBus","Double","Body CAN output","Veh_1/ToVCU/bodyCAN_out/SoftOBCDataToBus/OBC_2/OBC_CommOverTime_ToBus","Veh_1_B.VCar_Outport_jn","","Body-domain CAN output; observe body-control, lighting, and status frames.","1"
"Output","Veh_1.ToVCU.bodyCAN_out.SoftOBCDataToBus.OBC_2.OBC_CP_Sts_ToBus","Double","Body CAN output","Veh_1/ToVCU/bodyCAN_out/SoftOBCDataToBus/OBC_2/OBC_CP_Sts_ToBus","Veh_1_B.VCar_Outport_fb","","Body-domain CAN output; observe body-control, lighting, and status frames.","1"
"Output","Veh_1.ToVCU.bodyCAN_out.SoftOBCDataToBus.OBC_2.OBC_HWSts_ToBus","Double","Body CAN output","Veh_1/ToVCU/bodyCAN_out/SoftOBCDataToBus/OBC_2/OBC_HWSts_ToBus","Veh_1_B.VCar_Outport_i1j","","Body-domain CAN output; observe body-control, lighting, and status frames.","1"
"Output","Veh_1.ToVCU.bodyCAN_out.SoftOBCDataToBus.OBC_2.OBC_HWVersion_ToBus","Double","Body CAN output","Veh_1/ToVCU/bodyCAN_out/SoftOBCDataToBus/OBC_2/OBC_HWVersion_ToBus","Veh_1_B.VCar_Outport_j3","","Body-domain CAN output; observe body-control, lighting, and status frames.","1"
"Output","Veh_1.ToVCU.bodyCAN_out.SoftOBCDataToBus.OBC_2.OBC_SoftVersion_ToBus","Double","Body CAN output","Veh_1/ToVCU/bodyCAN_out/SoftOBCDataToBus/OBC_2/OBC_SoftVersion_ToBus","Veh_1_B.VCar_Outport_oq","","Body-domain CAN output; observe body-control, lighting, and status frames.","1"
"Output","Veh_1.ToVCU.bodyCAN_out.SoftOBCDataToBus.OBC_2.OBC_Temp_ToBus","Double","Body CAN output","Veh_1/ToVCU/bodyCAN_out/SoftOBCDataToBus/OBC_2/OBC_Temp_ToBus","Veh_1_B.VCar_Outport_ec","","Body-domain CAN output; observe body-control, lighting, and status frames.","1"
"Output","Veh_1.ToVCU.bodyCAN_out.SoftOBCDataToBus.OBC_2.OBC_TempSts_ToBus","Double","Body CAN output","Veh_1/ToVCU/bodyCAN_out/SoftOBCDataToBus/OBC_2/OBC_TempSts_ToBus","Veh_1_B.VCar_Outport_n45","","Body-domain CAN output; observe body-control, lighting, and status frames.","1"
"Output","Veh_1.ToVCU.bodyCAN_out.SoftOBCDataToBus.OBC_2_MsgEnable.OBC_2_MsgDisable","Bool","Body CAN output","Veh_1/ToVCU/bodyCAN_out/SoftOBCDataToBus/OBC_2_MsgEnable/OBC_2_MsgDisable","Veh_1_B.VCar_Outport_ge3","","Body-domain CAN output; observe body-control, lighting, and status frames.","1"
"Output","Veh_1.ToVCU.bodyCAN_out.SoftOBCDataToBus.OBC_3.OBC_ACInputVoltage_ToBus","Double","Body CAN output","Veh_1/ToVCU/bodyCAN_out/SoftOBCDataToBus/OBC_3/OBC_ACInputVoltage_ToBus","Veh_1_B.VCar_Outport_oz","","Body-domain CAN output; observe body-control, lighting, and status frames.","1"
"Output","Veh_1.ToVCU.bodyCAN_out.SoftOBCDataToBus.OBC_3.OBC_BatteryVoltage_ToBus","Double","Body CAN output","Veh_1/ToVCU/bodyCAN_out/SoftOBCDataToBus/OBC_3/OBC_BatteryVoltage_ToBus","Veh_1_B.VCar_Outport_gy","","Body-domain CAN output; observe body-control, lighting, and status frames.","1"
"Output","Veh_1.ToVCU.bodyCAN_out.SoftOBCDataToBus.OBC_3.OBC_CurrentLimit_ToBus","Double","Body CAN output","Veh_1/ToVCU/bodyCAN_out/SoftOBCDataToBus/OBC_3/OBC_CurrentLimit_ToBus","Veh_1_B.VCar_Outport_ewb","","Body-domain CAN output; observe body-control, lighting, and status frames.","1"
"Output","Veh_1.ToVCU.bodyCAN_out.SoftOBCDataToBus.OBC_3.OBC_ErrorFlag_ToBus","Double","Body CAN output","Veh_1/ToVCU/bodyCAN_out/SoftOBCDataToBus/OBC_3/OBC_ErrorFlag_ToBus","Veh_1_B.VCar_Outport_mzj","","Body-domain CAN output; observe body-control, lighting, and status frames.","1"
"Output","Veh_1.ToVCU.bodyCAN_out.SoftOBCDataToBus.OBC_3.OBC_PFCVoltage_ToBus","Double","Body CAN output","Veh_1/ToVCU/bodyCAN_out/SoftOBCDataToBus/OBC_3/OBC_PFCVoltage_ToBus","Veh_1_B.VCar_Outport_nc","","Body-domain CAN output; observe body-control, lighting, and status frames.","1"
"Output","Veh_1.ToVCU.bodyCAN_out.SoftOBCDataToBus.OBC_3_MsgEnable.OBC_3_MsgDisable","Bool","Body CAN output","Veh_1/ToVCU/bodyCAN_out/SoftOBCDataToBus/OBC_3_MsgEnable/OBC_3_MsgDisable","Veh_1_B.VCar_Outport_nb","","Body-domain CAN output; observe body-control, lighting, and status frames.","1"
"Output","Veh_1.ToVCU.bodyCAN_out.SoftOBCDataToBus.OBC_4.OBC_ACInputCurrent_ToBus","Double","Body CAN output","Veh_1/ToVCU/bodyCAN_out/SoftOBCDataToBus/OBC_4/OBC_ACInputCurrent_ToBus","Veh_1_B.VCar_Outport_ib4","","Body-domain CAN output; observe body-control, lighting, and status frames.","1"
"Output","Veh_1.ToVCU.bodyCAN_out.SoftOBCDataToBus.OBC_4.OBC_BMSWakeSts_ToBus","Double","Body CAN output","Veh_1/ToVCU/bodyCAN_out/SoftOBCDataToBus/OBC_4/OBC_BMSWakeSts_ToBus","Veh_1_B.VCar_Outport_kg","","Body-domain CAN output; observe body-control, lighting, and status frames.","1"
"Output","Veh_1.ToVCU.bodyCAN_out.SoftOBCDataToBus.OBC_4.OBC_CCSts_ToBus","Double","Body CAN output","Veh_1/ToVCU/bodyCAN_out/SoftOBCDataToBus/OBC_4/OBC_CCSts_ToBus","Veh_1_B.VCar_Outport_eg","","Body-domain CAN output; observe body-control, lighting, and status frames.","1"
"Output","Veh_1.ToVCU.bodyCAN_out.SoftOBCDataToBus.OBC_4.OBC_ChrgPiletMaxCurr_ToBus","Double","Body CAN output","Veh_1/ToVCU/bodyCAN_out/SoftOBCDataToBus/OBC_4/OBC_ChrgPiletMaxCurr_ToBus","Veh_1_B.VCar_Outport_bt","","Body-domain CAN output; observe body-control, lighting, and status frames.","1"
"Output","Veh_1.ToVCU.bodyCAN_out.SoftOBCDataToBus.OBC_4.OBC_ChrgPortTemp1_ToBus","Double","Body CAN output","Veh_1/ToVCU/bodyCAN_out/SoftOBCDataToBus/OBC_4/OBC_ChrgPortTemp1_ToBus","Veh_1_B.VCar_Outport_oi2","","Body-domain CAN output; observe body-control, lighting, and status frames.","1"
"Output","Veh_1.ToVCU.bodyCAN_out.SoftOBCDataToBus.OBC_4.OBC_ChrgPortTemp2_ToBus","Double","Body CAN output","Veh_1/ToVCU/bodyCAN_out/SoftOBCDataToBus/OBC_4/OBC_ChrgPortTemp2_ToBus","Veh_1_B.VCar_Outport_ca","","Body-domain CAN output; observe body-control, lighting, and status frames.","1"
"Output","Veh_1.ToVCU.bodyCAN_out.SoftOBCDataToBus.OBC_4.OBC_CPDuty_ToBus","Double","Body CAN output","Veh_1/ToVCU/bodyCAN_out/SoftOBCDataToBus/OBC_4/OBC_CPDuty_ToBus","Veh_1_B.VCar_Outport_me","","Body-domain CAN output; observe body-control, lighting, and status frames.","1"
"Output","Veh_1.ToVCU.bodyCAN_out.SoftOBCDataToBus.OBC_4.OBC_Faultlevel_ToBus","Double","Body CAN output","Veh_1/ToVCU/bodyCAN_out/SoftOBCDataToBus/OBC_4/OBC_Faultlevel_ToBus","Veh_1_B.VCar_Outport_lb4","","Body-domain CAN output; observe body-control, lighting, and status frames.","1"
"Output","Veh_1.ToVCU.bodyCAN_out.SoftOBCDataToBus.OBC_4.OBC_S2Sts_ToBus","Double","Body CAN output","Veh_1/ToVCU/bodyCAN_out/SoftOBCDataToBus/OBC_4/OBC_S2Sts_ToBus","Veh_1_B.VCar_Outport_nch","","Body-domain CAN output; observe body-control, lighting, and status frames.","1"
"Output","Veh_1.ToVCU.bodyCAN_out.SoftOBCDataToBus.OBC_4.Unused_ToBus","Double","Body CAN output","Veh_1/ToVCU/bodyCAN_out/SoftOBCDataToBus/OBC_4/Unused_ToBus","Veh_1_B.VCar_Outport_ms","","Body-domain CAN output; observe body-control, lighting, and status frames.","1"
"Output","Veh_1.ToVCU.bodyCAN_out.SoftOBCDataToBus.OBC_4_MsgEnable.OBC_4_MsgDisable","Bool","Body CAN output","Veh_1/ToVCU/bodyCAN_out/SoftOBCDataToBus/OBC_4_MsgEnable/OBC_4_MsgDisable","Veh_1_B.VCar_Outport_p0","","Body-domain CAN output; observe body-control, lighting, and status frames.","1"
"Output","Veh_1.ToVCU.HW.Digital Output.Digital Output1.BRKWeak","Double","Hardware digital output","Veh_1/ToVCU/HW/Digital Output/Digital Output1/BRKWeak","Veh_1_B.VCar_Outport","","Hardware digital/actuator command; observe propagation of input faults to actuators.","1"
"Output","Veh_1.ToVCU.HW.Digital Output.Digital Output1.U_DO_Ch1_Enable_Out","Double","Hardware digital output","Veh_1/ToVCU/HW/Digital Output/Digital Output1/U_DO_Ch1_Enable_Out","Veh_1_B.VCar_Outport_c","","Hardware digital/actuator command; observe propagation of input faults to actuators.","1"
"Output","Veh_1.ToVCU.HW.Digital Output.Digital Output10.U_DO_Ch10_Enable_Out","Double","Hardware digital output","Veh_1/ToVCU/HW/Digital Output/Digital Output10/U_DO_Ch10_Enable_Out","Veh_1_B.VCar_Outport_m","","Hardware digital/actuator command; observe propagation of input faults to actuators.","1"
"Output","Veh_1.ToVCU.HW.Digital Output.Digital Output10.U_DO_Ch10_OutCmd_Out","Double","Hardware digital output","Veh_1/ToVCU/HW/Digital Output/Digital Output10/U_DO_Ch10_OutCmd_Out","Veh_1_B.VCar_Outport_e","","Hardware digital/actuator command; observe propagation of input faults to actuators.","1"
"Output","Veh_1.ToVCU.HW.Digital Output.Digital Output11.U_DO_Ch11_Enable_Out","Double","Hardware digital output","Veh_1/ToVCU/HW/Digital Output/Digital Output11/U_DO_Ch11_Enable_Out","Veh_1_B.VCar_Outport_a","","Hardware digital/actuator command; observe propagation of input faults to actuators.","1"
"Output","Veh_1.ToVCU.HW.Digital Output.Digital Output11.U_DO_Ch11_OutCmd_Out","Double","Hardware digital output","Veh_1/ToVCU/HW/Digital Output/Digital Output11/U_DO_Ch11_OutCmd_Out","Veh_1_B.VCar_Outport_k","","Hardware digital/actuator command; observe propagation of input faults to actuators.","1"
"Output","Veh_1.ToVCU.HW.Digital Output.Digital Output12.U_DO_Ch12_Enable_Out","Double","Hardware digital output","Veh_1/ToVCU/HW/Digital Output/Digital Output12/U_DO_Ch12_Enable_Out","Veh_1_B.VCar_Outport_h","","Hardware digital/actuator command; observe propagation of input faults to actuators.","1"
"Output","Veh_1.ToVCU.HW.Digital Output.Digital Output12.U_DO_Ch12_OutCmd_Out","Double","Hardware digital output","Veh_1/ToVCU/HW/Digital Output/Digital Output12/U_DO_Ch12_OutCmd_Out","Veh_1_B.VCar_Outport_ki","","Hardware digital/actuator command; observe propagation of input faults to actuators.","1"
"Output","Veh_1.ToVCU.HW.Digital Output.Digital Output13.U_DO_Ch13_Enable_Out","Double","Hardware digital output","Veh_1/ToVCU/HW/Digital Output/Digital Output13/U_DO_Ch13_Enable_Out","Veh_1_B.VCar_Outport_p","","Hardware digital/actuator command; observe propagation of input faults to actuators.","1"
"Output","Veh_1.ToVCU.HW.Digital Output.Digital Output13.U_DO_Ch13_OutCmd_Out","Double","Hardware digital output","Veh_1/ToVCU/HW/Digital Output/Digital Output13/U_DO_Ch13_OutCmd_Out","Veh_1_B.VCar_Outport_o","","Hardware digital/actuator command; observe propagation of input faults to actuators.","1"
"Output","Veh_1.ToVCU.HW.Digital Output.Digital Output14.U_DO_Ch14_Enable_Out","Double","Hardware digital output","Veh_1/ToVCU/HW/Digital Output/Digital Output14/U_DO_Ch14_Enable_Out","Veh_1_B.VCar_Outport_at","","Hardware digital/actuator command; observe propagation of input faults to actuators.","1"
"Output","Veh_1.ToVCU.HW.Digital Output.Digital Output14.U_DO_Ch14_OutCmd_Out","Double","Hardware digital output","Veh_1/ToVCU/HW/Digital Output/Digital Output14/U_DO_Ch14_OutCmd_Out","Veh_1_B.VCar_Outport_m3","","Hardware digital/actuator command; observe propagation of input faults to actuators.","1"
"Output","Veh_1.ToVCU.HW.Digital Output.Digital Output15.U_DO_Ch15_Enable_Out","Double","Hardware digital output","Veh_1/ToVCU/HW/Digital Output/Digital Output15/U_DO_Ch15_Enable_Out","Veh_1_B.VCar_Outport_pg","","Hardware digital/actuator command; observe propagation of input faults to actuators.","1"
"Output","Veh_1.ToVCU.HW.Digital Output.Digital Output15.U_DO_Ch15_OutCmd_Out","Double","Hardware digital output","Veh_1/ToVCU/HW/Digital Output/Digital Output15/U_DO_Ch15_OutCmd_Out","Veh_1_B.VCar_Outport_b","","Hardware digital/actuator command; observe propagation of input faults to actuators.","1"
"Output","Veh_1.ToVCU.HW.Digital Output.Digital Output16.U_DO_Ch16_Enable_Out","Double","Hardware digital output","Veh_1/ToVCU/HW/Digital Output/Digital Output16/U_DO_Ch16_Enable_Out","Veh_1_B.VCar_Outport_hl","","Hardware digital/actuator command; observe propagation of input faults to actuators.","1"
"Output","Veh_1.ToVCU.HW.Digital Output.Digital Output16.U_DO_Ch16_OutCmd_Out","Double","Hardware digital output","Veh_1/ToVCU/HW/Digital Output/Digital Output16/U_DO_Ch16_OutCmd_Out","Veh_1_B.VCar_Outport_af","","Hardware digital/actuator command; observe propagation of input faults to actuators.","1"
"Output","Veh_1.ToVCU.HW.Digital Output.Digital Output17.U_DO_Ch17_Enable_Out","Double","Hardware digital output","Veh_1/ToVCU/HW/Digital Output/Digital Output17/U_DO_Ch17_Enable_Out","Veh_1_B.VCar_Outport_ko","","Hardware digital/actuator command; observe propagation of input faults to actuators.","1"
"Output","Veh_1.ToVCU.HW.Digital Output.Digital Output17.U_DO_Ch17_OutCmd_Out","Double","Hardware digital output","Veh_1/ToVCU/HW/Digital Output/Digital Output17/U_DO_Ch17_OutCmd_Out","Veh_1_B.VCar_Outport_ow","","Hardware digital/actuator command; observe propagation of input faults to actuators.","1"
"Output","Veh_1.ToVCU.HW.Digital Output.Digital Output18.U_DO_Ch18_Enable_Out","Double","Hardware digital output","Veh_1/ToVCU/HW/Digital Output/Digital Output18/U_DO_Ch18_Enable_Out","Veh_1_B.VCar_Outport_l","","Hardware digital/actuator command; observe propagation of input faults to actuators.","1"
"Output","Veh_1.ToVCU.HW.Digital Output.Digital Output18.U_DO_Ch18_OutCmd_Out","Double","Hardware digital output","Veh_1/ToVCU/HW/Digital Output/Digital Output18/U_DO_Ch18_OutCmd_Out","Veh_1_B.VCar_Outport_mp","","Hardware digital/actuator command; observe propagation of input faults to actuators.","1"
"Output","Veh_1.ToVCU.HW.Digital Output.Digital Output19.U_DO_Ch19_Enable_Out","Double","Hardware digital output","Veh_1/ToVCU/HW/Digital Output/Digital Output19/U_DO_Ch19_Enable_Out","Veh_1_B.VCar_Outport_cv","","Hardware digital/actuator command; observe propagation of input faults to actuators.","1"
"Output","Veh_1.ToVCU.HW.Digital Output.Digital Output19.U_DO_Ch19_OutCmd_Out","Double","Hardware digital output","Veh_1/ToVCU/HW/Digital Output/Digital Output19/U_DO_Ch19_OutCmd_Out","Veh_1_B.VCar_Outport_d","","Hardware digital/actuator command; observe propagation of input faults to actuators.","1"
"Output","Veh_1.ToVCU.HW.Digital Output.Digital Output2.BRKStr","Double","Hardware digital output","Veh_1/ToVCU/HW/Digital Output/Digital Output2/BRKStr","Veh_1_B.VCar_Outport_ke","","Hardware digital/actuator command; observe propagation of input faults to actuators.","1"
"Output","Veh_1.ToVCU.HW.Digital Output.Digital Output2.U_DO_Ch2_Enable_Out","Double","Hardware digital output","Veh_1/ToVCU/HW/Digital Output/Digital Output2/U_DO_Ch2_Enable_Out","Veh_1_B.VCar_Outport_k4","","Hardware digital/actuator command; observe propagation of input faults to actuators.","1"
"Output","Veh_1.ToVCU.HW.Digital Output.Digital Output20.U_DO_Ch20_Enable_Out","Double","Hardware digital output","Veh_1/ToVCU/HW/Digital Output/Digital Output20/U_DO_Ch20_Enable_Out","Veh_1_B.VCar_Outport_az","","Hardware digital/actuator command; observe propagation of input faults to actuators.","1"
"Output","Veh_1.ToVCU.HW.Digital Output.Digital Output20.U_DO_Ch20_OutCmd_Out","Double","Hardware digital output","Veh_1/ToVCU/HW/Digital Output/Digital Output20/U_DO_Ch20_OutCmd_Out","Veh_1_B.VCar_Outport_n","","Hardware digital/actuator command; observe propagation of input faults to actuators.","1"
"Output","Veh_1.ToVCU.HW.Digital Output.Digital Output21.U_DO_Ch21_Enable_Out","Double","Hardware digital output","Veh_1/ToVCU/HW/Digital Output/Digital Output21/U_DO_Ch21_Enable_Out","Veh_1_B.VCar_Outport_i","","Hardware digital/actuator command; observe propagation of input faults to actuators.","1"
"Output","Veh_1.ToVCU.HW.Digital Output.Digital Output21.U_DO_Ch21_OutCmd_Out","Double","Hardware digital output","Veh_1/ToVCU/HW/Digital Output/Digital Output21/U_DO_Ch21_OutCmd_Out","Veh_1_B.VCar_Outport_nr","","Hardware digital/actuator command; observe propagation of input faults to actuators.","1"
"Output","Veh_1.ToVCU.HW.Digital Output.Digital Output22.U_DO_Ch22_Enable_Out","Double","Hardware digital output","Veh_1/ToVCU/HW/Digital Output/Digital Output22/U_DO_Ch22_Enable_Out","Veh_1_B.VCar_Outport_en","","Hardware digital/actuator command; observe propagation of input faults to actuators.","1"
"Output","Veh_1.ToVCU.HW.Digital Output.Digital Output22.U_DO_Ch22_OutCmd_Out","Double","Hardware digital output","Veh_1/ToVCU/HW/Digital Output/Digital Output22/U_DO_Ch22_OutCmd_Out","Veh_1_B.VCar_Outport_ii","","Hardware digital/actuator command; observe propagation of input faults to actuators.","1"
"Output","Veh_1.ToVCU.HW.Digital Output.Digital Output23.U_DO_Ch23_Enable_Out","Double","Hardware digital output","Veh_1/ToVCU/HW/Digital Output/Digital Output23/U_DO_Ch23_Enable_Out","Veh_1_B.VCar_Outport_f","","Hardware digital/actuator command; observe propagation of input faults to actuators.","1"
"Output","Veh_1.ToVCU.HW.Digital Output.Digital Output23.U_DO_Ch23_OutCmd_Out","Double","Hardware digital output","Veh_1/ToVCU/HW/Digital Output/Digital Output23/U_DO_Ch23_OutCmd_Out","Veh_1_B.VCar_Outport_em","","Hardware digital/actuator command; observe propagation of input faults to actuators.","1"
"Output","Veh_1.ToVCU.HW.Digital Output.Digital Output24.U_DO_Ch24_Enable_Out","Double","Hardware digital output","Veh_1/ToVCU/HW/Digital Output/Digital Output24/U_DO_Ch24_Enable_Out","Veh_1_B.VCar_Outport_b0","","Hardware digital/actuator command; observe propagation of input faults to actuators.","1"
"Output","Veh_1.ToVCU.HW.Digital Output.Digital Output24.U_DO_Ch24_OutCmd_Out","Double","Hardware digital output","Veh_1/ToVCU/HW/Digital Output/Digital Output24/U_DO_Ch24_OutCmd_Out","Veh_1_B.VCar_Outport_g","","Hardware digital/actuator command; observe propagation of input faults to actuators.","1"
"Output","Veh_1.ToVCU.HW.Digital Output.Digital Output25.U_DO_Ch25_Enable_Out","Double","Hardware digital output","Veh_1/ToVCU/HW/Digital Output/Digital Output25/U_DO_Ch25_Enable_Out","Veh_1_B.VCar_Outport_hg","","Hardware digital/actuator command; observe propagation of input faults to actuators.","1"
"Output","Veh_1.ToVCU.HW.Digital Output.Digital Output25.U_DO_Ch25_OutCmd_Out","Double","Hardware digital output","Veh_1/ToVCU/HW/Digital Output/Digital Output25/U_DO_Ch25_OutCmd_Out","Veh_1_B.VCar_Outport_a3","","Hardware digital/actuator command; observe propagation of input faults to actuators.","1"
"Output","Veh_1.ToVCU.HW.Digital Output.Digital Output26.U_DO_Ch26_Enable_Out","Double","Hardware digital output","Veh_1/ToVCU/HW/Digital Output/Digital Output26/U_DO_Ch26_Enable_Out","Veh_1_B.VCar_Outport_j","","Hardware digital/actuator command; observe propagation of input faults to actuators.","1"
"Output","Veh_1.ToVCU.HW.Digital Output.Digital Output26.U_DO_Ch26_OutCmd_Out","Double","Hardware digital output","Veh_1/ToVCU/HW/Digital Output/Digital Output26/U_DO_Ch26_OutCmd_Out","Veh_1_B.VCar_Outport_ad","","Hardware digital/actuator command; observe propagation of input faults to actuators.","1"
"Output","Veh_1.ToVCU.HW.Digital Output.Digital Output27.U_DO_Ch27_Enable_Out","Double","Hardware digital output","Veh_1/ToVCU/HW/Digital Output/Digital Output27/U_DO_Ch27_Enable_Out","Veh_1_B.VCar_Outport_kib","","Hardware digital/actuator command; observe propagation of input faults to actuators.","1"
"Output","Veh_1.ToVCU.HW.Digital Output.Digital Output27.U_DO_Ch27_OutCmd_Out","Double","Hardware digital output","Veh_1/ToVCU/HW/Digital Output/Digital Output27/U_DO_Ch27_OutCmd_Out","Veh_1_B.VCar_Outport_bc","","Hardware digital/actuator command; observe propagation of input faults to actuators.","1"
"Output","Veh_1.ToVCU.HW.Digital Output.Digital Output28.U_DO_Ch28_Enable_Out","Double","Hardware digital output","Veh_1/ToVCU/HW/Digital Output/Digital Output28/U_DO_Ch28_Enable_Out","Veh_1_B.VCar_Outport_a5","","Hardware digital/actuator command; observe propagation of input faults to actuators.","1"
"Output","Veh_1.ToVCU.HW.Digital Output.Digital Output28.U_DO_Ch28_OutCmd_Out","Double","Hardware digital output","Veh_1/ToVCU/HW/Digital Output/Digital Output28/U_DO_Ch28_OutCmd_Out","Veh_1_B.VCar_Outport_h2","","Hardware digital/actuator command; observe propagation of input faults to actuators.","1"
"Output","Veh_1.ToVCU.HW.Digital Output.Digital Output29.U_DO_Ch29_Enable_Out","Double","Hardware digital output","Veh_1/ToVCU/HW/Digital Output/Digital Output29/U_DO_Ch29_Enable_Out","Veh_1_B.VCar_Outport_mc","","Hardware digital/actuator command; observe propagation of input faults to actuators.","1"
"Output","Veh_1.ToVCU.HW.Digital Output.Digital Output29.U_DO_Ch29_OutCmd_Out","Double","Hardware digital output","Veh_1/ToVCU/HW/Digital Output/Digital Output29/U_DO_Ch29_OutCmd_Out","Veh_1_B.VCar_Outport_n0","","Hardware digital/actuator command; observe propagation of input faults to actuators.","1"
"Output","Veh_1.ToVCU.HW.Digital Output.Digital Output3.U_DO_Ch3_Enable_Out","Double","Hardware digital output","Veh_1/ToVCU/HW/Digital Output/Digital Output3/U_DO_Ch3_Enable_Out","Veh_1_B.VCar_Outport_js","","Hardware digital/actuator command; observe propagation of input faults to actuators.","1"
"Output","Veh_1.ToVCU.HW.Digital Output.Digital Output3.U_DO_Ch3_OutCmd_Out","Double","Hardware digital output","Veh_1/ToVCU/HW/Digital Output/Digital Output3/U_DO_Ch3_OutCmd_Out","Veh_1_B.VCar_Outport_b4","","Hardware digital/actuator command; observe propagation of input faults to actuators.","1"
"Output","Veh_1.ToVCU.HW.Digital Output.Digital Output30.U_DO_Ch30_Enable_Out","Double","Hardware digital output","Veh_1/ToVCU/HW/Digital Output/Digital Output30/U_DO_Ch30_Enable_Out","Veh_1_B.VCar_Outport_ip","","Hardware digital/actuator command; observe propagation of input faults to actuators.","1"
"Output","Veh_1.ToVCU.HW.Digital Output.Digital Output30.U_DO_Ch30_OutCmd_Out","Double","Hardware digital output","Veh_1/ToVCU/HW/Digital Output/Digital Output30/U_DO_Ch30_OutCmd_Out","Veh_1_B.VCar_Outport_f5","","Hardware digital/actuator command; observe propagation of input faults to actuators.","1"
"Output","Veh_1.ToVCU.HW.Digital Output.Digital Output31.U_DO_Ch31_Enable_Out","Double","Hardware digital output","Veh_1/ToVCU/HW/Digital Output/Digital Output31/U_DO_Ch31_Enable_Out","Veh_1_B.VCar_Outport_d1","","Hardware digital/actuator command; observe propagation of input faults to actuators.","1"
"Output","Veh_1.ToVCU.HW.Digital Output.Digital Output31.U_DO_Ch31_OutCmd_Out","Double","Hardware digital output","Veh_1/ToVCU/HW/Digital Output/Digital Output31/U_DO_Ch31_OutCmd_Out","Veh_1_B.VCar_Outport_ij","","Hardware digital/actuator command; observe propagation of input faults to actuators.","1"
"Output","Veh_1.ToVCU.HW.Digital Output.Digital Output32.U_DO_Ch32_Enable_Out","Double","Hardware digital output","Veh_1/ToVCU/HW/Digital Output/Digital Output32/U_DO_Ch32_Enable_Out","Veh_1_B.VCar_Outport_ny","","Hardware digital/actuator command; observe propagation of input faults to actuators.","1"
"Output","Veh_1.ToVCU.HW.Digital Output.Digital Output32.U_DO_Ch32_OutCmd_Out","Double","Hardware digital output","Veh_1/ToVCU/HW/Digital Output/Digital Output32/U_DO_Ch32_OutCmd_Out","Veh_1_B.VCar_Outport_fp","","Hardware digital/actuator command; observe propagation of input faults to actuators.","1"
"Output","Veh_1.ToVCU.HW.Digital Output.Digital Output33.U_DO_Ch33_Enable_Out","Double","Hardware digital output","Veh_1/ToVCU/HW/Digital Output/Digital Output33/U_DO_Ch33_Enable_Out","Veh_1_B.VCar_Outport_ph","","Hardware digital/actuator command; observe propagation of input faults to actuators.","1"
"Output","Veh_1.ToVCU.HW.Digital Output.Digital Output33.U_DO_Ch33_OutCmd_Out","Double","Hardware digital output","Veh_1/ToVCU/HW/Digital Output/Digital Output33/U_DO_Ch33_OutCmd_Out","Veh_1_B.VCar_Outport_ab","","Hardware digital/actuator command; observe propagation of input faults to actuators.","1"
"Output","Veh_1.ToVCU.HW.Digital Output.Digital Output34.U_DO_Ch34_Enable_Out","Double","Hardware digital output","Veh_1/ToVCU/HW/Digital Output/Digital Output34/U_DO_Ch34_Enable_Out","Veh_1_B.VCar_Outport_fg","","Hardware digital/actuator command; observe propagation of input faults to actuators.","1"
"Output","Veh_1.ToVCU.HW.Digital Output.Digital Output34.U_DO_Ch34_OutCmd_Out","Double","Hardware digital output","Veh_1/ToVCU/HW/Digital Output/Digital Output34/U_DO_Ch34_OutCmd_Out","Veh_1_B.VCar_Outport_f2","","Hardware digital/actuator command; observe propagation of input faults to actuators.","1"
"Output","Veh_1.ToVCU.HW.Digital Output.Digital Output35.U_DO_Ch35_Enable_Out","Double","Hardware digital output","Veh_1/ToVCU/HW/Digital Output/Digital Output35/U_DO_Ch35_Enable_Out","Veh_1_B.VCar_Outport_le","","Hardware digital/actuator command; observe propagation of input faults to actuators.","1"
"Output","Veh_1.ToVCU.HW.Digital Output.Digital Output35.U_DO_Ch35_OutCmd_Out","Double","Hardware digital output","Veh_1/ToVCU/HW/Digital Output/Digital Output35/U_DO_Ch35_OutCmd_Out","Veh_1_B.VCar_Outport_k2","","Hardware digital/actuator command; observe propagation of input faults to actuators.","1"
"Output","Veh_1.ToVCU.HW.Digital Output.Digital Output36.U_DO_Ch36_Enable_Out","Double","Hardware digital output","Veh_1/ToVCU/HW/Digital Output/Digital Output36/U_DO_Ch36_Enable_Out","Veh_1_B.VCar_Outport_np","","Hardware digital/actuator command; observe propagation of input faults to actuators.","1"
"Output","Veh_1.ToVCU.HW.Digital Output.Digital Output36.U_DO_Ch36_OutCmd_Out","Double","Hardware digital output","Veh_1/ToVCU/HW/Digital Output/Digital Output36/U_DO_Ch36_OutCmd_Out","Veh_1_B.VCar_Outport_jv","","Hardware digital/actuator command; observe propagation of input faults to actuators.","1"
"Output","Veh_1.ToVCU.HW.Digital Output.Digital Output4.U_DO_Ch4_Enable_Out","Double","Hardware digital output","Veh_1/ToVCU/HW/Digital Output/Digital Output4/U_DO_Ch4_Enable_Out","Veh_1_B.VCar_Outport_a1","","Hardware digital/actuator command; observe propagation of input faults to actuators.","1"
"Output","Veh_1.ToVCU.HW.Digital Output.Digital Output4.U_DO_Ch4_OutCmd_Out","Double","Hardware digital output","Veh_1/ToVCU/HW/Digital Output/Digital Output4/U_DO_Ch4_OutCmd_Out","Veh_1_B.VCar_Outport_es","","Hardware digital/actuator command; observe propagation of input faults to actuators.","1"
"Output","Veh_1.ToVCU.HW.Digital Output.Digital Output5.U_DO_Ch5_Enable_Out","Double","Hardware digital output","Veh_1/ToVCU/HW/Digital Output/Digital Output5/U_DO_Ch5_Enable_Out","Veh_1_B.VCar_Outport_bf","","Hardware digital/actuator command; observe propagation of input faults to actuators.","1"
"Output","Veh_1.ToVCU.HW.Digital Output.Digital Output5.U_DO_Ch5_OutCmd_Out","Double","Hardware digital output","Veh_1/ToVCU/HW/Digital Output/Digital Output5/U_DO_Ch5_OutCmd_Out","Veh_1_B.VCar_Outport_nl","","Hardware digital/actuator command; observe propagation of input faults to actuators.","1"
"Output","Veh_1.ToVCU.HW.Digital Output.Digital Output6.U_DO_Ch6_Enable_Out","Double","Hardware digital output","Veh_1/ToVCU/HW/Digital Output/Digital Output6/U_DO_Ch6_Enable_Out","Veh_1_B.VCar_Outport_ee","","Hardware digital/actuator command; observe propagation of input faults to actuators.","1"
"Output","Veh_1.ToVCU.HW.Digital Output.Digital Output6.U_DO_Ch6_OutCmd_Out","Double","Hardware digital output","Veh_1/ToVCU/HW/Digital Output/Digital Output6/U_DO_Ch6_OutCmd_Out","Veh_1_B.VCar_Outport_ay","","Hardware digital/actuator command; observe propagation of input faults to actuators.","1"
"Output","Veh_1.ToVCU.HW.Digital Output.Digital Output7.U_DO_Ch7_Enable_Out","Double","Hardware digital output","Veh_1/ToVCU/HW/Digital Output/Digital Output7/U_DO_Ch7_Enable_Out","Veh_1_B.VCar_Outport_od","","Hardware digital/actuator command; observe propagation of input faults to actuators.","1"
"Output","Veh_1.ToVCU.HW.Digital Output.Digital Output7.U_DO_Ch7_OutCmd_Out","Double","Hardware digital output","Veh_1/ToVCU/HW/Digital Output/Digital Output7/U_DO_Ch7_OutCmd_Out","Veh_1_B.VCar_Outport_e3","","Hardware digital/actuator command; observe propagation of input faults to actuators.","1"
"Output","Veh_1.ToVCU.HW.Digital Output.Digital Output8.U_DO_Ch8_Enable_Out","Double","Hardware digital output","Veh_1/ToVCU/HW/Digital Output/Digital Output8/U_DO_Ch8_Enable_Out","Veh_1_B.VCar_Outport_oi","","Hardware digital/actuator command; observe propagation of input faults to actuators.","1"
"Output","Veh_1.ToVCU.HW.Digital Output.Digital Output8.U_DO_Ch8_OutCmd_Out","Double","Hardware digital output","Veh_1/ToVCU/HW/Digital Output/Digital Output8/U_DO_Ch8_OutCmd_Out","Veh_1_B.VCar_Outport_dz","","Hardware digital/actuator command; observe propagation of input faults to actuators.","1"
"Output","Veh_1.ToVCU.HW.Digital Output.Digital Output9.U_DO_Ch9_Enable_Out","Double","Hardware digital output","Veh_1/ToVCU/HW/Digital Output/Digital Output9/U_DO_Ch9_Enable_Out","Veh_1_B.VCar_Outport_d0","","Hardware digital/actuator command; observe propagation of input faults to actuators.","1"
"Output","Veh_1.ToVCU.HW.Digital Output.Digital Output9.U_DO_Ch9_OutCmd_Out","Double","Hardware digital output","Veh_1/ToVCU/HW/Digital Output/Digital Output9/U_DO_Ch9_OutCmd_Out","Veh_1_B.VCar_Outport_jy","","Hardware digital/actuator command; observe propagation of input faults to actuators.","1"
"Output","Veh_1.ToVCU.HW.PWM Output.PWM Output1.U_Ch1_PWM_Out_Amplitude_Out","Double","Hardware PWM output","Veh_1/ToVCU/HW/PWM Output/PWM Output1/U_Ch1_PWM_Out_Amplitude_Out","Veh_1_B.VCar_Outport_cb","","Hardware PWM output; observe frequency, duty ratio, amplitude, and enable coupling.","1"
"Output","Veh_1.ToVCU.HW.PWM Output.PWM Output1.U_Ch1_PWM_Out_Duty_Ratio_Out","Double","Hardware PWM output","Veh_1/ToVCU/HW/PWM Output/PWM Output1/U_Ch1_PWM_Out_Duty_Ratio_Out","Veh_1_B.VCar_Outport_m3o","","Hardware PWM output; observe frequency, duty ratio, amplitude, and enable coupling.","1"
"Output","Veh_1.ToVCU.HW.PWM Output.PWM Output1.U_Ch1_PWM_Out_Enable_Out","Double","Hardware PWM output","Veh_1/ToVCU/HW/PWM Output/PWM Output1/U_Ch1_PWM_Out_Enable_Out","Veh_1_B.VCar_Outport_bm","","Hardware PWM output; observe frequency, duty ratio, amplitude, and enable coupling.","1"
"Output","Veh_1.ToVCU.HW.PWM Output.PWM Output1.U_Ch1_PWM_Out_Frequency_Out","Double","Hardware PWM output","Veh_1/ToVCU/HW/PWM Output/PWM Output1/U_Ch1_PWM_Out_Frequency_Out","Veh_1_B.VCar_Outport_ht","","Hardware PWM output; observe frequency, duty ratio, amplitude, and enable coupling.","1"
"Output","Veh_1.ToVCU.HW.PWM Output.PWM Output10.U_Ch10_PWM_Out_Amplitude_Out","Double","Hardware PWM output","Veh_1/ToVCU/HW/PWM Output/PWM Output10/U_Ch10_PWM_Out_Amplitude_Out","Veh_1_B.VCar_Outport_n5","","Hardware PWM output; observe frequency, duty ratio, amplitude, and enable coupling.","1"
"Output","Veh_1.ToVCU.HW.PWM Output.PWM Output10.U_Ch10_PWM_Out_Duty_Ratio_Out","Double","Hardware PWM output","Veh_1/ToVCU/HW/PWM Output/PWM Output10/U_Ch10_PWM_Out_Duty_Ratio_Out","Veh_1_B.VCar_Outport_jva","","Hardware PWM output; observe frequency, duty ratio, amplitude, and enable coupling.","1"
"Output","Veh_1.ToVCU.HW.PWM Output.PWM Output10.U_Ch10_PWM_Out_Enable_Out","Double","Hardware PWM output","Veh_1/ToVCU/HW/PWM Output/PWM Output10/U_Ch10_PWM_Out_Enable_Out","Veh_1_B.VCar_Outport_l3","","Hardware PWM output; observe frequency, duty ratio, amplitude, and enable coupling.","1"
"Output","Veh_1.ToVCU.HW.PWM Output.PWM Output10.U_Ch10_PWM_Out_Frequency_Out","Double","Hardware PWM output","Veh_1/ToVCU/HW/PWM Output/PWM Output10/U_Ch10_PWM_Out_Frequency_Out","Veh_1_B.VCar_Outport_lw","","Hardware PWM output; observe frequency, duty ratio, amplitude, and enable coupling.","1"
"Output","Veh_1.ToVCU.HW.PWM Output.PWM Output11.U_Ch11_PWM_Out_Amplitude_Out","Double","Hardware PWM output","Veh_1/ToVCU/HW/PWM Output/PWM Output11/U_Ch11_PWM_Out_Amplitude_Out","Veh_1_B.VCar_Outport_ig","","Hardware PWM output; observe frequency, duty ratio, amplitude, and enable coupling.","1"
"Output","Veh_1.ToVCU.HW.PWM Output.PWM Output11.U_Ch11_PWM_Out_Duty_Ratio_Out","Double","Hardware PWM output","Veh_1/ToVCU/HW/PWM Output/PWM Output11/U_Ch11_PWM_Out_Duty_Ratio_Out","Veh_1_B.VCar_Outport_ai","","Hardware PWM output; observe frequency, duty ratio, amplitude, and enable coupling.","1"
"Output","Veh_1.ToVCU.HW.PWM Output.PWM Output11.U_Ch11_PWM_Out_Enable_Out","Double","Hardware PWM output","Veh_1/ToVCU/HW/PWM Output/PWM Output11/U_Ch11_PWM_Out_Enable_Out","Veh_1_B.VCar_Outport_cj","","Hardware PWM output; observe frequency, duty ratio, amplitude, and enable coupling.","1"
"Output","Veh_1.ToVCU.HW.PWM Output.PWM Output11.U_Ch11_PWM_Out_Frequency_Out","Double","Hardware PWM output","Veh_1/ToVCU/HW/PWM Output/PWM Output11/U_Ch11_PWM_Out_Frequency_Out","Veh_1_B.VCar_Outport_og","","Hardware PWM output; observe frequency, duty ratio, amplitude, and enable coupling.","1"
"Output","Veh_1.ToVCU.HW.PWM Output.PWM Output12.U_Ch12_PWM_Out_Amplitude_Out","Double","Hardware PWM output","Veh_1/ToVCU/HW/PWM Output/PWM Output12/U_Ch12_PWM_Out_Amplitude_Out","Veh_1_B.VCar_Outport_if","","Hardware PWM output; observe frequency, duty ratio, amplitude, and enable coupling.","1"
"Output","Veh_1.ToVCU.HW.PWM Output.PWM Output12.U_Ch12_PWM_Out_Duty_Ratio_Out","Double","Hardware PWM output","Veh_1/ToVCU/HW/PWM Output/PWM Output12/U_Ch12_PWM_Out_Duty_Ratio_Out","Veh_1_B.VCar_Outport_o2","","Hardware PWM output; observe frequency, duty ratio, amplitude, and enable coupling.","1"
"Output","Veh_1.ToVCU.HW.PWM Output.PWM Output12.U_Ch12_PWM_Out_Enable_Out","Double","Hardware PWM output","Veh_1/ToVCU/HW/PWM Output/PWM Output12/U_Ch12_PWM_Out_Enable_Out","Veh_1_B.VCar_Outport_co","","Hardware PWM output; observe frequency, duty ratio, amplitude, and enable coupling.","1"
"Output","Veh_1.ToVCU.HW.PWM Output.PWM Output12.U_Ch12_PWM_Out_Frequency_Out","Double","Hardware PWM output","Veh_1/ToVCU/HW/PWM Output/PWM Output12/U_Ch12_PWM_Out_Frequency_Out","Veh_1_B.VCar_Outport_pu","","Hardware PWM output; observe frequency, duty ratio, amplitude, and enable coupling.","1"
"Output","Veh_1.ToVCU.HW.PWM Output.PWM Output13.U_Ch13_PWM_Out_Amplitude_Out","Double","Hardware PWM output","Veh_1/ToVCU/HW/PWM Output/PWM Output13/U_Ch13_PWM_Out_Amplitude_Out","Veh_1_B.VCar_Outport_cbd","","Hardware PWM output; observe frequency, duty ratio, amplitude, and enable coupling.","1"
"Output","Veh_1.ToVCU.HW.PWM Output.PWM Output13.U_Ch13_PWM_Out_Duty_Ratio_Out","Double","Hardware PWM output","Veh_1/ToVCU/HW/PWM Output/PWM Output13/U_Ch13_PWM_Out_Duty_Ratio_Out","Veh_1_B.VCar_Outport_km","","Hardware PWM output; observe frequency, duty ratio, amplitude, and enable coupling.","1"
"Output","Veh_1.ToVCU.HW.PWM Output.PWM Output13.U_Ch13_PWM_Out_Enable_Out","Double","Hardware PWM output","Veh_1/ToVCU/HW/PWM Output/PWM Output13/U_Ch13_PWM_Out_Enable_Out","Veh_1_B.VCar_Outport_hr","","Hardware PWM output; observe frequency, duty ratio, amplitude, and enable coupling.","1"
"Output","Veh_1.ToVCU.HW.PWM Output.PWM Output13.U_Ch13_PWM_Out_Frequency_Out","Double","Hardware PWM output","Veh_1/ToVCU/HW/PWM Output/PWM Output13/U_Ch13_PWM_Out_Frequency_Out","Veh_1_B.VCar_Outport_ma","","Hardware PWM output; observe frequency, duty ratio, amplitude, and enable coupling.","1"
"Output","Veh_1.ToVCU.HW.PWM Output.PWM Output14.U_Ch14_PWM_Out_Amplitude_Out","Double","Hardware PWM output","Veh_1/ToVCU/HW/PWM Output/PWM Output14/U_Ch14_PWM_Out_Amplitude_Out","Veh_1_B.VCar_Outport_dz4","","Hardware PWM output; observe frequency, duty ratio, amplitude, and enable coupling.","1"
"Output","Veh_1.ToVCU.HW.PWM Output.PWM Output14.U_Ch14_PWM_Out_Duty_Ratio_Out","Double","Hardware PWM output","Veh_1/ToVCU/HW/PWM Output/PWM Output14/U_Ch14_PWM_Out_Duty_Ratio_Out","Veh_1_B.VCar_Outport_ag","","Hardware PWM output; observe frequency, duty ratio, amplitude, and enable coupling.","1"
"Output","Veh_1.ToVCU.HW.PWM Output.PWM Output14.U_Ch14_PWM_Out_Enable_Out","Double","Hardware PWM output","Veh_1/ToVCU/HW/PWM Output/PWM Output14/U_Ch14_PWM_Out_Enable_Out","Veh_1_B.VCar_Outport_fs","","Hardware PWM output; observe frequency, duty ratio, amplitude, and enable coupling.","1"
"Output","Veh_1.ToVCU.HW.PWM Output.PWM Output14.U_Ch14_PWM_Out_Frequency_Out","Double","Hardware PWM output","Veh_1/ToVCU/HW/PWM Output/PWM Output14/U_Ch14_PWM_Out_Frequency_Out","Veh_1_B.VCar_Outport_fq","","Hardware PWM output; observe frequency, duty ratio, amplitude, and enable coupling.","1"
"Output","Veh_1.ToVCU.HW.PWM Output.PWM Output15.U_Ch15_PWM_Out_Amplitude_Out","Double","Hardware PWM output","Veh_1/ToVCU/HW/PWM Output/PWM Output15/U_Ch15_PWM_Out_Amplitude_Out","Veh_1_B.VCar_Outport_kq","","Hardware PWM output; observe frequency, duty ratio, amplitude, and enable coupling.","1"
"Output","Veh_1.ToVCU.HW.PWM Output.PWM Output15.U_Ch15_PWM_Out_Duty_Ratio_Out","Double","Hardware PWM output","Veh_1/ToVCU/HW/PWM Output/PWM Output15/U_Ch15_PWM_Out_Duty_Ratio_Out","Veh_1_B.VCar_Outport_mn","","Hardware PWM output; observe frequency, duty ratio, amplitude, and enable coupling.","1"
"Output","Veh_1.ToVCU.HW.PWM Output.PWM Output15.U_Ch15_PWM_Out_Enable_Out","Double","Hardware PWM output","Veh_1/ToVCU/HW/PWM Output/PWM Output15/U_Ch15_PWM_Out_Enable_Out","Veh_1_B.VCar_Outport_jg","","Hardware PWM output; observe frequency, duty ratio, amplitude, and enable coupling.","1"
"Output","Veh_1.ToVCU.HW.PWM Output.PWM Output15.U_Ch15_PWM_Out_Frequency_Out","Double","Hardware PWM output","Veh_1/ToVCU/HW/PWM Output/PWM Output15/U_Ch15_PWM_Out_Frequency_Out","Veh_1_B.VCar_Outport_hy","","Hardware PWM output; observe frequency, duty ratio, amplitude, and enable coupling.","1"
"Output","Veh_1.ToVCU.HW.PWM Output.PWM Output16.U_Ch16_PWM_Out_Amplitude_Out","Double","Hardware PWM output","Veh_1/ToVCU/HW/PWM Output/PWM Output16/U_Ch16_PWM_Out_Amplitude_Out","Veh_1_B.VCar_Outport_b2","","Hardware PWM output; observe frequency, duty ratio, amplitude, and enable coupling.","1"
"Output","Veh_1.ToVCU.HW.PWM Output.PWM Output16.U_Ch16_PWM_Out_Duty_Ratio_Out","Double","Hardware PWM output","Veh_1/ToVCU/HW/PWM Output/PWM Output16/U_Ch16_PWM_Out_Duty_Ratio_Out","Veh_1_B.VCar_Outport_aq","","Hardware PWM output; observe frequency, duty ratio, amplitude, and enable coupling.","1"
"Output","Veh_1.ToVCU.HW.PWM Output.PWM Output16.U_Ch16_PWM_Out_Enable_Out","Double","Hardware PWM output","Veh_1/ToVCU/HW/PWM Output/PWM Output16/U_Ch16_PWM_Out_Enable_Out","Veh_1_B.VCar_Outport_jo","","Hardware PWM output; observe frequency, duty ratio, amplitude, and enable coupling.","1"
"Output","Veh_1.ToVCU.HW.PWM Output.PWM Output16.U_Ch16_PWM_Out_Frequency_Out","Double","Hardware PWM output","Veh_1/ToVCU/HW/PWM Output/PWM Output16/U_Ch16_PWM_Out_Frequency_Out","Veh_1_B.VCar_Outport_adj","","Hardware PWM output; observe frequency, duty ratio, amplitude, and enable coupling.","1"
"Output","Veh_1.ToVCU.HW.PWM Output.PWM Output17.U_Ch17_PWM_Out_Amplitude_Out","Double","Hardware PWM output","Veh_1/ToVCU/HW/PWM Output/PWM Output17/U_Ch17_PWM_Out_Amplitude_Out","Veh_1_B.VCar_Outport_fpl","","Hardware PWM output; observe frequency, duty ratio, amplitude, and enable coupling.","1"
"Output","Veh_1.ToVCU.HW.PWM Output.PWM Output17.U_Ch17_PWM_Out_Duty_Ratio_Out","Double","Hardware PWM output","Veh_1/ToVCU/HW/PWM Output/PWM Output17/U_Ch17_PWM_Out_Duty_Ratio_Out","Veh_1_B.VCar_Outport_mnz","","Hardware PWM output; observe frequency, duty ratio, amplitude, and enable coupling.","1"
"Output","Veh_1.ToVCU.HW.PWM Output.PWM Output17.U_Ch17_PWM_Out_Enable_Out","Double","Hardware PWM output","Veh_1/ToVCU/HW/PWM Output/PWM Output17/U_Ch17_PWM_Out_Enable_Out","Veh_1_B.VCar_Outport_ek","","Hardware PWM output; observe frequency, duty ratio, amplitude, and enable coupling.","1"
"Output","Veh_1.ToVCU.HW.PWM Output.PWM Output17.U_Ch17_PWM_Out_Frequency_Out","Double","Hardware PWM output","Veh_1/ToVCU/HW/PWM Output/PWM Output17/U_Ch17_PWM_Out_Frequency_Out","Veh_1_B.VCar_Outport_fo","","Hardware PWM output; observe frequency, duty ratio, amplitude, and enable coupling.","1"
"Output","Veh_1.ToVCU.HW.PWM Output.PWM Output18.U_Ch18_PWM_Out_Amplitude_Out","Double","Hardware PWM output","Veh_1/ToVCU/HW/PWM Output/PWM Output18/U_Ch18_PWM_Out_Amplitude_Out","Veh_1_B.VCar_Outport_ea","","Hardware PWM output; observe frequency, duty ratio, amplitude, and enable coupling.","1"
"Output","Veh_1.ToVCU.HW.PWM Output.PWM Output18.U_Ch18_PWM_Out_Duty_Ratio_Out","Double","Hardware PWM output","Veh_1/ToVCU/HW/PWM Output/PWM Output18/U_Ch18_PWM_Out_Duty_Ratio_Out","Veh_1_B.VCar_Outport_k2b","","Hardware PWM output; observe frequency, duty ratio, amplitude, and enable coupling.","1"
"Output","Veh_1.ToVCU.HW.PWM Output.PWM Output18.U_Ch18_PWM_Out_Enable_Out","Double","Hardware PWM output","Veh_1/ToVCU/HW/PWM Output/PWM Output18/U_Ch18_PWM_Out_Enable_Out","Veh_1_B.VCar_Outport_cg","","Hardware PWM output; observe frequency, duty ratio, amplitude, and enable coupling.","1"
"Output","Veh_1.ToVCU.HW.PWM Output.PWM Output18.U_Ch18_PWM_Out_Frequency_Out","Double","Hardware PWM output","Veh_1/ToVCU/HW/PWM Output/PWM Output18/U_Ch18_PWM_Out_Frequency_Out","Veh_1_B.VCar_Outport_k43","","Hardware PWM output; observe frequency, duty ratio, amplitude, and enable coupling.","1"
"Output","Veh_1.ToVCU.HW.PWM Output.PWM Output19.U_Ch19_PWM_Out_Amplitude_Out","Double","Hardware PWM output","Veh_1/ToVCU/HW/PWM Output/PWM Output19/U_Ch19_PWM_Out_Amplitude_Out","Veh_1_B.VCar_Outport_ej","","Hardware PWM output; observe frequency, duty ratio, amplitude, and enable coupling.","1"
"Output","Veh_1.ToVCU.HW.PWM Output.PWM Output19.U_Ch19_PWM_Out_Duty_Ratio_Out","Double","Hardware PWM output","Veh_1/ToVCU/HW/PWM Output/PWM Output19/U_Ch19_PWM_Out_Duty_Ratio_Out","Veh_1_B.VCar_Outport_gr","","Hardware PWM output; observe frequency, duty ratio, amplitude, and enable coupling.","1"
"Output","Veh_1.ToVCU.HW.PWM Output.PWM Output19.U_Ch19_PWM_Out_Enable_Out","Double","Hardware PWM output","Veh_1/ToVCU/HW/PWM Output/PWM Output19/U_Ch19_PWM_Out_Enable_Out","Veh_1_B.VCar_Outport_gri","","Hardware PWM output; observe frequency, duty ratio, amplitude, and enable coupling.","1"
"Output","Veh_1.ToVCU.HW.PWM Output.PWM Output19.U_Ch19_PWM_Out_Frequency_Out","Double","Hardware PWM output","Veh_1/ToVCU/HW/PWM Output/PWM Output19/U_Ch19_PWM_Out_Frequency_Out","Veh_1_B.VCar_Outport_bn","","Hardware PWM output; observe frequency, duty ratio, amplitude, and enable coupling.","1"
"Output","Veh_1.ToVCU.HW.PWM Output.PWM Output2.U_Ch2_PWM_Out_Amplitude_Out","Double","Hardware PWM output","Veh_1/ToVCU/HW/PWM Output/PWM Output2/U_Ch2_PWM_Out_Amplitude_Out","Veh_1_B.VCar_Outport_fc","","Hardware PWM output; observe frequency, duty ratio, amplitude, and enable coupling.","1"
"Output","Veh_1.ToVCU.HW.PWM Output.PWM Output2.U_Ch2_PWM_Out_Duty_Ratio_Out","Double","Hardware PWM output","Veh_1/ToVCU/HW/PWM Output/PWM Output2/U_Ch2_PWM_Out_Duty_Ratio_Out","Veh_1_B.VCar_Outport_li","","Hardware PWM output; observe frequency, duty ratio, amplitude, and enable coupling.","1"
"Output","Veh_1.ToVCU.HW.PWM Output.PWM Output2.U_Ch2_PWM_Out_Enable_Out","Double","Hardware PWM output","Veh_1/ToVCU/HW/PWM Output/PWM Output2/U_Ch2_PWM_Out_Enable_Out","Veh_1_B.VCar_Outport_ka","","Hardware PWM output; observe frequency, duty ratio, amplitude, and enable coupling.","1"
"Output","Veh_1.ToVCU.HW.PWM Output.PWM Output2.U_Ch2_PWM_Out_Frequency_Out","Double","Hardware PWM output","Veh_1/ToVCU/HW/PWM Output/PWM Output2/U_Ch2_PWM_Out_Frequency_Out","Veh_1_B.VCar_Outport_lm","","Hardware PWM output; observe frequency, duty ratio, amplitude, and enable coupling.","1"
"Output","Veh_1.ToVCU.HW.PWM Output.PWM Output20.U_Ch20_PWM_Out_Amplitude_Out","Double","Hardware PWM output","Veh_1/ToVCU/HW/PWM Output/PWM Output20/U_Ch20_PWM_Out_Amplitude_Out","Veh_1_B.VCar_Outport_nf","","Hardware PWM output; observe frequency, duty ratio, amplitude, and enable coupling.","1"
"Output","Veh_1.ToVCU.HW.PWM Output.PWM Output20.U_Ch20_PWM_Out_Duty_Ratio_Out","Double","Hardware PWM output","Veh_1/ToVCU/HW/PWM Output/PWM Output20/U_Ch20_PWM_Out_Duty_Ratio_Out","Veh_1_B.VCar_Outport_ep","","Hardware PWM output; observe frequency, duty ratio, amplitude, and enable coupling.","1"
"Output","Veh_1.ToVCU.HW.PWM Output.PWM Output20.U_Ch20_PWM_Out_Enable_Out","Double","Hardware PWM output","Veh_1/ToVCU/HW/PWM Output/PWM Output20/U_Ch20_PWM_Out_Enable_Out","Veh_1_B.VCar_Outport_kw","","Hardware PWM output; observe frequency, duty ratio, amplitude, and enable coupling.","1"
"Output","Veh_1.ToVCU.HW.PWM Output.PWM Output20.U_Ch20_PWM_Out_Frequency_Out","Double","Hardware PWM output","Veh_1/ToVCU/HW/PWM Output/PWM Output20/U_Ch20_PWM_Out_Frequency_Out","Veh_1_B.VCar_Outport_jx","","Hardware PWM output; observe frequency, duty ratio, amplitude, and enable coupling.","1"
"Output","Veh_1.ToVCU.HW.PWM Output.PWM Output21.U_Ch21_PWM_Out_Amplitude_Out","Double","Hardware PWM output","Veh_1/ToVCU/HW/PWM Output/PWM Output21/U_Ch21_PWM_Out_Amplitude_Out","Veh_1_B.VCar_Outport_j4","","Hardware PWM output; observe frequency, duty ratio, amplitude, and enable coupling.","1"
"Output","Veh_1.ToVCU.HW.PWM Output.PWM Output21.U_Ch21_PWM_Out_Duty_Ratio_Out","Double","Hardware PWM output","Veh_1/ToVCU/HW/PWM Output/PWM Output21/U_Ch21_PWM_Out_Duty_Ratio_Out","Veh_1_B.VCar_Outport_cd","","Hardware PWM output; observe frequency, duty ratio, amplitude, and enable coupling.","1"
"Output","Veh_1.ToVCU.HW.PWM Output.PWM Output21.U_Ch21_PWM_Out_Enable_Out","Double","Hardware PWM output","Veh_1/ToVCU/HW/PWM Output/PWM Output21/U_Ch21_PWM_Out_Enable_Out","Veh_1_B.VCar_Outport_lk","","Hardware PWM output; observe frequency, duty ratio, amplitude, and enable coupling.","1"
"Output","Veh_1.ToVCU.HW.PWM Output.PWM Output21.U_Ch21_PWM_Out_Frequency_Out","Double","Hardware PWM output","Veh_1/ToVCU/HW/PWM Output/PWM Output21/U_Ch21_PWM_Out_Frequency_Out","Veh_1_B.VCar_Outport_ekg","","Hardware PWM output; observe frequency, duty ratio, amplitude, and enable coupling.","1"
"Output","Veh_1.ToVCU.HW.PWM Output.PWM Output22.U_Ch22_PWM_Out_Amplitude_Out","Double","Hardware PWM output","Veh_1/ToVCU/HW/PWM Output/PWM Output22/U_Ch22_PWM_Out_Amplitude_Out","Veh_1_B.VCar_Outport_ck","","Hardware PWM output; observe frequency, duty ratio, amplitude, and enable coupling.","1"
"Output","Veh_1.ToVCU.HW.PWM Output.PWM Output22.U_Ch22_PWM_Out_Duty_Ratio_Out","Double","Hardware PWM output","Veh_1/ToVCU/HW/PWM Output/PWM Output22/U_Ch22_PWM_Out_Duty_Ratio_Out","Veh_1_B.VCar_Outport_in","","Hardware PWM output; observe frequency, duty ratio, amplitude, and enable coupling.","1"
"Output","Veh_1.ToVCU.HW.PWM Output.PWM Output22.U_Ch22_PWM_Out_Enable_Out","Double","Hardware PWM output","Veh_1/ToVCU/HW/PWM Output/PWM Output22/U_Ch22_PWM_Out_Enable_Out","Veh_1_B.VCar_Outport_it","","Hardware PWM output; observe frequency, duty ratio, amplitude, and enable coupling.","1"
"Output","Veh_1.ToVCU.HW.PWM Output.PWM Output22.U_Ch22_PWM_Out_Frequency_Out","Double","Hardware PWM output","Veh_1/ToVCU/HW/PWM Output/PWM Output22/U_Ch22_PWM_Out_Frequency_Out","Veh_1_B.VCar_Outport_gw","","Hardware PWM output; observe frequency, duty ratio, amplitude, and enable coupling.","1"
"Output","Veh_1.ToVCU.HW.PWM Output.PWM Output23.U_Ch23_PWM_Out_Amplitude_Out","Double","Hardware PWM output","Veh_1/ToVCU/HW/PWM Output/PWM Output23/U_Ch23_PWM_Out_Amplitude_Out","Veh_1_B.VCar_Outport_id","","Hardware PWM output; observe frequency, duty ratio, amplitude, and enable coupling.","1"
"Output","Veh_1.ToVCU.HW.PWM Output.PWM Output23.U_Ch23_PWM_Out_Duty_Ratio_Out","Double","Hardware PWM output","Veh_1/ToVCU/HW/PWM Output/PWM Output23/U_Ch23_PWM_Out_Duty_Ratio_Out","Veh_1_B.VCar_Outport_e2","","Hardware PWM output; observe frequency, duty ratio, amplitude, and enable coupling.","1"
"Output","Veh_1.ToVCU.HW.PWM Output.PWM Output23.U_Ch23_PWM_Out_Enable_Out","Double","Hardware PWM output","Veh_1/ToVCU/HW/PWM Output/PWM Output23/U_Ch23_PWM_Out_Enable_Out","Veh_1_B.VCar_Outport_la","","Hardware PWM output; observe frequency, duty ratio, amplitude, and enable coupling.","1"
"Output","Veh_1.ToVCU.HW.PWM Output.PWM Output23.U_Ch23_PWM_Out_Frequency_Out","Double","Hardware PWM output","Veh_1/ToVCU/HW/PWM Output/PWM Output23/U_Ch23_PWM_Out_Frequency_Out","Veh_1_B.VCar_Outport_cw","","Hardware PWM output; observe frequency, duty ratio, amplitude, and enable coupling.","1"
"Output","Veh_1.ToVCU.HW.PWM Output.PWM Output24.U_Ch24_PWM_Out_Amplitude_Out","Double","Hardware PWM output","Veh_1/ToVCU/HW/PWM Output/PWM Output24/U_Ch24_PWM_Out_Amplitude_Out","Veh_1_B.VCar_Outport_mw","","Hardware PWM output; observe frequency, duty ratio, amplitude, and enable coupling.","1"
"Output","Veh_1.ToVCU.HW.PWM Output.PWM Output24.U_Ch24_PWM_Out_Duty_Ratio_Out","Double","Hardware PWM output","Veh_1/ToVCU/HW/PWM Output/PWM Output24/U_Ch24_PWM_Out_Duty_Ratio_Out","Veh_1_B.VCar_Outport_hv","","Hardware PWM output; observe frequency, duty ratio, amplitude, and enable coupling.","1"
"Output","Veh_1.ToVCU.HW.PWM Output.PWM Output24.U_Ch24_PWM_Out_Enable_Out","Double","Hardware PWM output","Veh_1/ToVCU/HW/PWM Output/PWM Output24/U_Ch24_PWM_Out_Enable_Out","Veh_1_B.VCar_Outport_oi5","","Hardware PWM output; observe frequency, duty ratio, amplitude, and enable coupling.","1"
"Output","Veh_1.ToVCU.HW.PWM Output.PWM Output24.U_Ch24_PWM_Out_Frequency_Out","Double","Hardware PWM output","Veh_1/ToVCU/HW/PWM Output/PWM Output24/U_Ch24_PWM_Out_Frequency_Out","Veh_1_B.VCar_Outport_oj","","Hardware PWM output; observe frequency, duty ratio, amplitude, and enable coupling.","1"
"Output","Veh_1.ToVCU.HW.PWM Output.PWM Output25.U_Ch25_PWM_Out_Amplitude_Out","Double","Hardware PWM output","Veh_1/ToVCU/HW/PWM Output/PWM Output25/U_Ch25_PWM_Out_Amplitude_Out","Veh_1_B.VCar_Outport_mas","","Hardware PWM output; observe frequency, duty ratio, amplitude, and enable coupling.","1"
"Output","Veh_1.ToVCU.HW.PWM Output.PWM Output25.U_Ch25_PWM_Out_Duty_Ratio_Out","Double","Hardware PWM output","Veh_1/ToVCU/HW/PWM Output/PWM Output25/U_Ch25_PWM_Out_Duty_Ratio_Out","Veh_1_B.VCar_Outport_pui","","Hardware PWM output; observe frequency, duty ratio, amplitude, and enable coupling.","1"
"Output","Veh_1.ToVCU.HW.PWM Output.PWM Output25.U_Ch25_PWM_Out_Enable_Out","Double","Hardware PWM output","Veh_1/ToVCU/HW/PWM Output/PWM Output25/U_Ch25_PWM_Out_Enable_Out","Veh_1_B.VCar_Outport_l5","","Hardware PWM output; observe frequency, duty ratio, amplitude, and enable coupling.","1"
"Output","Veh_1.ToVCU.HW.PWM Output.PWM Output25.U_Ch25_PWM_Out_Frequency_Out","Double","Hardware PWM output","Veh_1/ToVCU/HW/PWM Output/PWM Output25/U_Ch25_PWM_Out_Frequency_Out","Veh_1_B.VCar_Outport_pi","","Hardware PWM output; observe frequency, duty ratio, amplitude, and enable coupling.","1"
"Output","Veh_1.ToVCU.HW.PWM Output.PWM Output26.U_Ch26_PWM_Out_Amplitude_Out","Double","Hardware PWM output","Veh_1/ToVCU/HW/PWM Output/PWM Output26/U_Ch26_PWM_Out_Amplitude_Out","Veh_1_B.VCar_Outport_mo","","Hardware PWM output; observe frequency, duty ratio, amplitude, and enable coupling.","1"
"Output","Veh_1.ToVCU.HW.PWM Output.PWM Output26.U_Ch26_PWM_Out_Duty_Ratio_Out","Double","Hardware PWM output","Veh_1/ToVCU/HW/PWM Output/PWM Output26/U_Ch26_PWM_Out_Duty_Ratio_Out","Veh_1_B.VCar_Outport_bz","","Hardware PWM output; observe frequency, duty ratio, amplitude, and enable coupling.","1"
"Output","Veh_1.ToVCU.HW.PWM Output.PWM Output26.U_Ch26_PWM_Out_Enable_Out","Double","Hardware PWM output","Veh_1/ToVCU/HW/PWM Output/PWM Output26/U_Ch26_PWM_Out_Enable_Out","Veh_1_B.VCar_Outport_dw","","Hardware PWM output; observe frequency, duty ratio, amplitude, and enable coupling.","1"
"Output","Veh_1.ToVCU.HW.PWM Output.PWM Output26.U_Ch26_PWM_Out_Frequency_Out","Double","Hardware PWM output","Veh_1/ToVCU/HW/PWM Output/PWM Output26/U_Ch26_PWM_Out_Frequency_Out","Veh_1_B.VCar_Outport_or","","Hardware PWM output; observe frequency, duty ratio, amplitude, and enable coupling.","1"
"Output","Veh_1.ToVCU.HW.PWM Output.PWM Output27.U_Ch27_PWM_Out_Amplitude_Out","Double","Hardware PWM output","Veh_1/ToVCU/HW/PWM Output/PWM Output27/U_Ch27_PWM_Out_Amplitude_Out","Veh_1_B.VCar_Outport_eq","","Hardware PWM output; observe frequency, duty ratio, amplitude, and enable coupling.","1"
"Output","Veh_1.ToVCU.HW.PWM Output.PWM Output27.U_Ch27_PWM_Out_Duty_Ratio_Out","Double","Hardware PWM output","Veh_1/ToVCU/HW/PWM Output/PWM Output27/U_Ch27_PWM_Out_Duty_Ratio_Out","Veh_1_B.VCar_Outport_cwd","","Hardware PWM output; observe frequency, duty ratio, amplitude, and enable coupling.","1"
"Output","Veh_1.ToVCU.HW.PWM Output.PWM Output27.U_Ch27_PWM_Out_Enable_Out","Double","Hardware PWM output","Veh_1/ToVCU/HW/PWM Output/PWM Output27/U_Ch27_PWM_Out_Enable_Out","Veh_1_B.VCar_Outport_pu0","","Hardware PWM output; observe frequency, duty ratio, amplitude, and enable coupling.","1"
"Output","Veh_1.ToVCU.HW.PWM Output.PWM Output27.U_Ch27_PWM_Out_Frequency_Out","Double","Hardware PWM output","Veh_1/ToVCU/HW/PWM Output/PWM Output27/U_Ch27_PWM_Out_Frequency_Out","Veh_1_B.VCar_Outport_er","","Hardware PWM output; observe frequency, duty ratio, amplitude, and enable coupling.","1"
"Output","Veh_1.ToVCU.HW.PWM Output.PWM Output28.U_Ch28_PWM_Out_Amplitude_Out","Double","Hardware PWM output","Veh_1/ToVCU/HW/PWM Output/PWM Output28/U_Ch28_PWM_Out_Amplitude_Out","Veh_1_B.VCar_Outport_g0","","Hardware PWM output; observe frequency, duty ratio, amplitude, and enable coupling.","1"
"Output","Veh_1.ToVCU.HW.PWM Output.PWM Output28.U_Ch28_PWM_Out_Duty_Ratio_Out","Double","Hardware PWM output","Veh_1/ToVCU/HW/PWM Output/PWM Output28/U_Ch28_PWM_Out_Duty_Ratio_Out","Veh_1_B.VCar_Outport_i4","","Hardware PWM output; observe frequency, duty ratio, amplitude, and enable coupling.","1"
"Output","Veh_1.ToVCU.HW.PWM Output.PWM Output28.U_Ch28_PWM_Out_Enable_Out","Double","Hardware PWM output","Veh_1/ToVCU/HW/PWM Output/PWM Output28/U_Ch28_PWM_Out_Enable_Out","Veh_1_B.VCar_Outport_ijh","","Hardware PWM output; observe frequency, duty ratio, amplitude, and enable coupling.","1"
"Output","Veh_1.ToVCU.HW.PWM Output.PWM Output28.U_Ch28_PWM_Out_Frequency_Out","Double","Hardware PWM output","Veh_1/ToVCU/HW/PWM Output/PWM Output28/U_Ch28_PWM_Out_Frequency_Out","Veh_1_B.VCar_Outport_mx","","Hardware PWM output; observe frequency, duty ratio, amplitude, and enable coupling.","1"
"Output","Veh_1.ToVCU.HW.PWM Output.PWM Output29.U_Ch29_PWM_Out_Amplitude_Out","Double","Hardware PWM output","Veh_1/ToVCU/HW/PWM Output/PWM Output29/U_Ch29_PWM_Out_Amplitude_Out","Veh_1_B.VCar_Outport_e1","","Hardware PWM output; observe frequency, duty ratio, amplitude, and enable coupling.","1"
"Output","Veh_1.ToVCU.HW.PWM Output.PWM Output29.U_Ch29_PWM_Out_Duty_Ratio_Out","Double","Hardware PWM output","Veh_1/ToVCU/HW/PWM Output/PWM Output29/U_Ch29_PWM_Out_Duty_Ratio_Out","Veh_1_B.VCar_Outport_ob","","Hardware PWM output; observe frequency, duty ratio, amplitude, and enable coupling.","1"
"Output","Veh_1.ToVCU.HW.PWM Output.PWM Output29.U_Ch29_PWM_Out_Enable_Out","Double","Hardware PWM output","Veh_1/ToVCU/HW/PWM Output/PWM Output29/U_Ch29_PWM_Out_Enable_Out","Veh_1_B.VCar_Outport_eh","","Hardware PWM output; observe frequency, duty ratio, amplitude, and enable coupling.","1"
"Output","Veh_1.ToVCU.HW.PWM Output.PWM Output29.U_Ch29_PWM_Out_Frequency_Out","Double","Hardware PWM output","Veh_1/ToVCU/HW/PWM Output/PWM Output29/U_Ch29_PWM_Out_Frequency_Out","Veh_1_B.VCar_Outport_jyw","","Hardware PWM output; observe frequency, duty ratio, amplitude, and enable coupling.","1"
"Output","Veh_1.ToVCU.HW.PWM Output.PWM Output3.U_Ch3_PWM_Out_Amplitude_Out","Double","Hardware PWM output","Veh_1/ToVCU/HW/PWM Output/PWM Output3/U_Ch3_PWM_Out_Amplitude_Out","Veh_1_B.VCar_Outport_m0","","Hardware PWM output; observe frequency, duty ratio, amplitude, and enable coupling.","1"
"Output","Veh_1.ToVCU.HW.PWM Output.PWM Output3.U_Ch3_PWM_Out_Duty_Ratio_Out","Double","Hardware PWM output","Veh_1/ToVCU/HW/PWM Output/PWM Output3/U_Ch3_PWM_Out_Duty_Ratio_Out","Veh_1_B.VCar_Outport_df","","Hardware PWM output; observe frequency, duty ratio, amplitude, and enable coupling.","1"
"Output","Veh_1.ToVCU.HW.PWM Output.PWM Output3.U_Ch3_PWM_Out_Enable_Out","Double","Hardware PWM output","Veh_1/ToVCU/HW/PWM Output/PWM Output3/U_Ch3_PWM_Out_Enable_Out","Veh_1_B.VCar_Outport_ge","","Hardware PWM output; observe frequency, duty ratio, amplitude, and enable coupling.","1"
"Output","Veh_1.ToVCU.HW.PWM Output.PWM Output3.U_Ch3_PWM_Out_Frequency_Out","Double","Hardware PWM output","Veh_1/ToVCU/HW/PWM Output/PWM Output3/U_Ch3_PWM_Out_Frequency_Out","Veh_1_B.VCar_Outport_nm","","Hardware PWM output; observe frequency, duty ratio, amplitude, and enable coupling.","1"
"Output","Veh_1.ToVCU.HW.PWM Output.PWM Output30.U_Ch30_PWM_Out_Amplitude_Out","Double","Hardware PWM output","Veh_1/ToVCU/HW/PWM Output/PWM Output30/U_Ch30_PWM_Out_Amplitude_Out","Veh_1_B.VCar_Outport_nv","","Hardware PWM output; observe frequency, duty ratio, amplitude, and enable coupling.","1"
"Output","Veh_1.ToVCU.HW.PWM Output.PWM Output30.U_Ch30_PWM_Out_Duty_Ratio_Out","Double","Hardware PWM output","Veh_1/ToVCU/HW/PWM Output/PWM Output30/U_Ch30_PWM_Out_Duty_Ratio_Out","Veh_1_B.VCar_Outport_lwb","","Hardware PWM output; observe frequency, duty ratio, amplitude, and enable coupling.","1"
"Output","Veh_1.ToVCU.HW.PWM Output.PWM Output30.U_Ch30_PWM_Out_Enable_Out","Double","Hardware PWM output","Veh_1/ToVCU/HW/PWM Output/PWM Output30/U_Ch30_PWM_Out_Enable_Out","Veh_1_B.VCar_Outport_j2","","Hardware PWM output; observe frequency, duty ratio, amplitude, and enable coupling.","1"
"Output","Veh_1.ToVCU.HW.PWM Output.PWM Output30.U_Ch30_PWM_Out_Frequency_Out","Double","Hardware PWM output","Veh_1/ToVCU/HW/PWM Output/PWM Output30/U_Ch30_PWM_Out_Frequency_Out","Veh_1_B.VCar_Outport_mz","","Hardware PWM output; observe frequency, duty ratio, amplitude, and enable coupling.","1"
"Output","Veh_1.ToVCU.HW.PWM Output.PWM Output31.U_Ch31_PWM_Out_Amplitude_Out","Double","Hardware PWM output","Veh_1/ToVCU/HW/PWM Output/PWM Output31/U_Ch31_PWM_Out_Amplitude_Out","Veh_1_B.VCar_Outport_o4","","Hardware PWM output; observe frequency, duty ratio, amplitude, and enable coupling.","1"
"Output","Veh_1.ToVCU.HW.PWM Output.PWM Output31.U_Ch31_PWM_Out_Duty_Ratio_Out","Double","Hardware PWM output","Veh_1/ToVCU/HW/PWM Output/PWM Output31/U_Ch31_PWM_Out_Duty_Ratio_Out","Veh_1_B.VCar_Outport_ii5","","Hardware PWM output; observe frequency, duty ratio, amplitude, and enable coupling.","1"
"Output","Veh_1.ToVCU.HW.PWM Output.PWM Output31.U_Ch31_PWM_Out_Enable_Out","Double","Hardware PWM output","Veh_1/ToVCU/HW/PWM Output/PWM Output31/U_Ch31_PWM_Out_Enable_Out","Veh_1_B.VCar_Outport_ih","","Hardware PWM output; observe frequency, duty ratio, amplitude, and enable coupling.","1"
"Output","Veh_1.ToVCU.HW.PWM Output.PWM Output31.U_Ch31_PWM_Out_Frequency_Out","Double","Hardware PWM output","Veh_1/ToVCU/HW/PWM Output/PWM Output31/U_Ch31_PWM_Out_Frequency_Out","Veh_1_B.VCar_Outport_da","","Hardware PWM output; observe frequency, duty ratio, amplitude, and enable coupling.","1"
"Output","Veh_1.ToVCU.HW.PWM Output.PWM Output32.U_Ch32_PWM_Out_Amplitude_Out","Double","Hardware PWM output","Veh_1/ToVCU/HW/PWM Output/PWM Output32/U_Ch32_PWM_Out_Amplitude_Out","Veh_1_B.VCar_Outport_hgr","","Hardware PWM output; observe frequency, duty ratio, amplitude, and enable coupling.","1"
"Output","Veh_1.ToVCU.HW.PWM Output.PWM Output32.U_Ch32_PWM_Out_Duty_Ratio_Out","Double","Hardware PWM output","Veh_1/ToVCU/HW/PWM Output/PWM Output32/U_Ch32_PWM_Out_Duty_Ratio_Out","Veh_1_B.VCar_Outport_g0v","","Hardware PWM output; observe frequency, duty ratio, amplitude, and enable coupling.","1"
"Output","Veh_1.ToVCU.HW.PWM Output.PWM Output32.U_Ch32_PWM_Out_Enable_Out","Double","Hardware PWM output","Veh_1/ToVCU/HW/PWM Output/PWM Output32/U_Ch32_PWM_Out_Enable_Out","Veh_1_B.VCar_Outport_phw","","Hardware PWM output; observe frequency, duty ratio, amplitude, and enable coupling.","1"
"Output","Veh_1.ToVCU.HW.PWM Output.PWM Output32.U_Ch32_PWM_Out_Frequency_Out","Double","Hardware PWM output","Veh_1/ToVCU/HW/PWM Output/PWM Output32/U_Ch32_PWM_Out_Frequency_Out","Veh_1_B.VCar_Outport_eay","","Hardware PWM output; observe frequency, duty ratio, amplitude, and enable coupling.","1"
"Output","Veh_1.ToVCU.HW.PWM Output.PWM Output33.U_Ch33_PWM_Out_Amplitude_Out","Double","Hardware PWM output","Veh_1/ToVCU/HW/PWM Output/PWM Output33/U_Ch33_PWM_Out_Amplitude_Out","Veh_1_B.VCar_Outport_h5","","Hardware PWM output; observe frequency, duty ratio, amplitude, and enable coupling.","1"
"Output","Veh_1.ToVCU.HW.PWM Output.PWM Output33.U_Ch33_PWM_Out_Duty_Ratio_Out","Double","Hardware PWM output","Veh_1/ToVCU/HW/PWM Output/PWM Output33/U_Ch33_PWM_Out_Duty_Ratio_Out","Veh_1_B.VCar_Outport_pr","","Hardware PWM output; observe frequency, duty ratio, amplitude, and enable coupling.","1"
"Output","Veh_1.ToVCU.HW.PWM Output.PWM Output33.U_Ch33_PWM_Out_Enable_Out","Double","Hardware PWM output","Veh_1/ToVCU/HW/PWM Output/PWM Output33/U_Ch33_PWM_Out_Enable_Out","Veh_1_B.VCar_Outport_cgb","","Hardware PWM output; observe frequency, duty ratio, amplitude, and enable coupling.","1"
"Output","Veh_1.ToVCU.HW.PWM Output.PWM Output33.U_Ch33_PWM_Out_Frequency_Out","Double","Hardware PWM output","Veh_1/ToVCU/HW/PWM Output/PWM Output33/U_Ch33_PWM_Out_Frequency_Out","Veh_1_B.VCar_Outport_dg","","Hardware PWM output; observe frequency, duty ratio, amplitude, and enable coupling.","1"
"Output","Veh_1.ToVCU.HW.PWM Output.PWM Output34.U_Ch34_PWM_Out_Amplitude_Out","Double","Hardware PWM output","Veh_1/ToVCU/HW/PWM Output/PWM Output34/U_Ch34_PWM_Out_Amplitude_Out","Veh_1_B.VCar_Outport_mop","","Hardware PWM output; observe frequency, duty ratio, amplitude, and enable coupling.","1"
"Output","Veh_1.ToVCU.HW.PWM Output.PWM Output34.U_Ch34_PWM_Out_Duty_Ratio_Out","Double","Hardware PWM output","Veh_1/ToVCU/HW/PWM Output/PWM Output34/U_Ch34_PWM_Out_Duty_Ratio_Out","Veh_1_B.VCar_Outport_di","","Hardware PWM output; observe frequency, duty ratio, amplitude, and enable coupling.","1"
"Output","Veh_1.ToVCU.HW.PWM Output.PWM Output34.U_Ch34_PWM_Out_Enable_Out","Double","Hardware PWM output","Veh_1/ToVCU/HW/PWM Output/PWM Output34/U_Ch34_PWM_Out_Enable_Out","Veh_1_B.VCar_Outport_dc","","Hardware PWM output; observe frequency, duty ratio, amplitude, and enable coupling.","1"
"Output","Veh_1.ToVCU.HW.PWM Output.PWM Output34.U_Ch34_PWM_Out_Frequency_Out","Double","Hardware PWM output","Veh_1/ToVCU/HW/PWM Output/PWM Output34/U_Ch34_PWM_Out_Frequency_Out","Veh_1_B.VCar_Outport_dv","","Hardware PWM output; observe frequency, duty ratio, amplitude, and enable coupling.","1"
"Output","Veh_1.ToVCU.HW.PWM Output.PWM Output35.U_Ch35_PWM_Out_Amplitude_Out","Double","Hardware PWM output","Veh_1/ToVCU/HW/PWM Output/PWM Output35/U_Ch35_PWM_Out_Amplitude_Out","Veh_1_B.VCar_Outport_o4j","","Hardware PWM output; observe frequency, duty ratio, amplitude, and enable coupling.","1"
"Output","Veh_1.ToVCU.HW.PWM Output.PWM Output35.U_Ch35_PWM_Out_Duty_Ratio_Out","Double","Hardware PWM output","Veh_1/ToVCU/HW/PWM Output/PWM Output35/U_Ch35_PWM_Out_Duty_Ratio_Out","Veh_1_B.VCar_Outport_lr","","Hardware PWM output; observe frequency, duty ratio, amplitude, and enable coupling.","1"
"Output","Veh_1.ToVCU.HW.PWM Output.PWM Output35.U_Ch35_PWM_Out_Enable_Out","Double","Hardware PWM output","Veh_1/ToVCU/HW/PWM Output/PWM Output35/U_Ch35_PWM_Out_Enable_Out","Veh_1_B.VCar_Outport_mpc","","Hardware PWM output; observe frequency, duty ratio, amplitude, and enable coupling.","1"
"Output","Veh_1.ToVCU.HW.PWM Output.PWM Output35.U_Ch35_PWM_Out_Frequency_Out","Double","Hardware PWM output","Veh_1/ToVCU/HW/PWM Output/PWM Output35/U_Ch35_PWM_Out_Frequency_Out","Veh_1_B.VCar_Outport_he","","Hardware PWM output; observe frequency, duty ratio, amplitude, and enable coupling.","1"
"Output","Veh_1.ToVCU.HW.PWM Output.PWM Output36.U_Ch36_PWM_Out_Amplitude_Out","Double","Hardware PWM output","Veh_1/ToVCU/HW/PWM Output/PWM Output36/U_Ch36_PWM_Out_Amplitude_Out","Veh_1_B.VCar_Outport_hew","","Hardware PWM output; observe frequency, duty ratio, amplitude, and enable coupling.","1"
"Output","Veh_1.ToVCU.HW.PWM Output.PWM Output36.U_Ch36_PWM_Out_Duty_Ratio_Out","Double","Hardware PWM output","Veh_1/ToVCU/HW/PWM Output/PWM Output36/U_Ch36_PWM_Out_Duty_Ratio_Out","Veh_1_B.VCar_Outport_fv","","Hardware PWM output; observe frequency, duty ratio, amplitude, and enable coupling.","1"
"Output","Veh_1.ToVCU.HW.PWM Output.PWM Output36.U_Ch36_PWM_Out_Enable_Out","Double","Hardware PWM output","Veh_1/ToVCU/HW/PWM Output/PWM Output36/U_Ch36_PWM_Out_Enable_Out","Veh_1_B.VCar_Outport_jj","","Hardware PWM output; observe frequency, duty ratio, amplitude, and enable coupling.","1"
"Output","Veh_1.ToVCU.HW.PWM Output.PWM Output36.U_Ch36_PWM_Out_Frequency_Out","Double","Hardware PWM output","Veh_1/ToVCU/HW/PWM Output/PWM Output36/U_Ch36_PWM_Out_Frequency_Out","Veh_1_B.VCar_Outport_cc","","Hardware PWM output; observe frequency, duty ratio, amplitude, and enable coupling.","1"
"Output","Veh_1.ToVCU.HW.PWM Output.PWM Output4.U_Ch4_PWM_Out_Amplitude_Out","Double","Hardware PWM output","Veh_1/ToVCU/HW/PWM Output/PWM Output4/U_Ch4_PWM_Out_Amplitude_Out","Veh_1_B.VCar_Outport_abb","","Hardware PWM output; observe frequency, duty ratio, amplitude, and enable coupling.","1"
"Output","Veh_1.ToVCU.HW.PWM Output.PWM Output4.U_Ch4_PWM_Out_Duty_Ratio_Out","Double","Hardware PWM output","Veh_1/ToVCU/HW/PWM Output/PWM Output4/U_Ch4_PWM_Out_Duty_Ratio_Out","Veh_1_B.VCar_Outport_nu","","Hardware PWM output; observe frequency, duty ratio, amplitude, and enable coupling.","1"
"Output","Veh_1.ToVCU.HW.PWM Output.PWM Output4.U_Ch4_PWM_Out_Enable_Out","Double","Hardware PWM output","Veh_1/ToVCU/HW/PWM Output/PWM Output4/U_Ch4_PWM_Out_Enable_Out","Veh_1_B.VCar_Outport_fw","","Hardware PWM output; observe frequency, duty ratio, amplitude, and enable coupling.","1"
"Output","Veh_1.ToVCU.HW.PWM Output.PWM Output4.U_Ch4_PWM_Out_Frequency_Out","Double","Hardware PWM output","Veh_1/ToVCU/HW/PWM Output/PWM Output4/U_Ch4_PWM_Out_Frequency_Out","Veh_1_B.VCar_Outport_o4n","","Hardware PWM output; observe frequency, duty ratio, amplitude, and enable coupling.","1"
"Output","Veh_1.ToVCU.HW.PWM Output.PWM Output5.U_Ch5_PWM_Out_Amplitude_Out","Double","Hardware PWM output","Veh_1/ToVCU/HW/PWM Output/PWM Output5/U_Ch5_PWM_Out_Amplitude_Out","Veh_1_B.VCar_Outport_k3","","Hardware PWM output; observe frequency, duty ratio, amplitude, and enable coupling.","1"
"Output","Veh_1.ToVCU.HW.PWM Output.PWM Output5.U_Ch5_PWM_Out_Duty_Ratio_Out","Double","Hardware PWM output","Veh_1/ToVCU/HW/PWM Output/PWM Output5/U_Ch5_PWM_Out_Duty_Ratio_Out","Veh_1_B.VCar_Outport_fqw","","Hardware PWM output; observe frequency, duty ratio, amplitude, and enable coupling.","1"
"Output","Veh_1.ToVCU.HW.PWM Output.PWM Output5.U_Ch5_PWM_Out_Enable_Out","Double","Hardware PWM output","Veh_1/ToVCU/HW/PWM Output/PWM Output5/U_Ch5_PWM_Out_Enable_Out","Veh_1_B.VCar_Outport_nw","","Hardware PWM output; observe frequency, duty ratio, amplitude, and enable coupling.","1"
"Output","Veh_1.ToVCU.HW.PWM Output.PWM Output5.U_Ch5_PWM_Out_Frequency_Out","Double","Hardware PWM output","Veh_1/ToVCU/HW/PWM Output/PWM Output5/U_Ch5_PWM_Out_Frequency_Out","Veh_1_B.VCar_Outport_ed","","Hardware PWM output; observe frequency, duty ratio, amplitude, and enable coupling.","1"
"Output","Veh_1.ToVCU.HW.PWM Output.PWM Output6.U_Ch6_PWM_Out_Amplitude_Out","Double","Hardware PWM output","Veh_1/ToVCU/HW/PWM Output/PWM Output6/U_Ch6_PWM_Out_Amplitude_Out","Veh_1_B.VCar_Outport_pgz","","Hardware PWM output; observe frequency, duty ratio, amplitude, and enable coupling.","1"
"Output","Veh_1.ToVCU.HW.PWM Output.PWM Output6.U_Ch6_PWM_Out_Duty_Ratio_Out","Double","Hardware PWM output","Veh_1/ToVCU/HW/PWM Output/PWM Output6/U_Ch6_PWM_Out_Duty_Ratio_Out","Veh_1_B.VCar_Outport_ao","","Hardware PWM output; observe frequency, duty ratio, amplitude, and enable coupling.","1"
"Output","Veh_1.ToVCU.HW.PWM Output.PWM Output6.U_Ch6_PWM_Out_Enable_Out","Double","Hardware PWM output","Veh_1/ToVCU/HW/PWM Output/PWM Output6/U_Ch6_PWM_Out_Enable_Out","Veh_1_B.VCar_Outport_mh","","Hardware PWM output; observe frequency, duty ratio, amplitude, and enable coupling.","1"
"Output","Veh_1.ToVCU.HW.PWM Output.PWM Output6.U_Ch6_PWM_Out_Frequency_Out","Double","Hardware PWM output","Veh_1/ToVCU/HW/PWM Output/PWM Output6/U_Ch6_PWM_Out_Frequency_Out","Veh_1_B.VCar_Outport_el","","Hardware PWM output; observe frequency, duty ratio, amplitude, and enable coupling.","1"
"Output","Veh_1.ToVCU.HW.PWM Output.PWM Output7.U_Ch7_PWM_Out_Amplitude_Out","Double","Hardware PWM output","Veh_1/ToVCU/HW/PWM Output/PWM Output7/U_Ch7_PWM_Out_Amplitude_Out","Veh_1_B.VCar_Outport_n2","","Hardware PWM output; observe frequency, duty ratio, amplitude, and enable coupling.","1"
"Output","Veh_1.ToVCU.HW.PWM Output.PWM Output7.U_Ch7_PWM_Out_Duty_Ratio_Out","Double","Hardware PWM output","Veh_1/ToVCU/HW/PWM Output/PWM Output7/U_Ch7_PWM_Out_Duty_Ratio_Out","Veh_1_B.VCar_Outport_i1","","Hardware PWM output; observe frequency, duty ratio, amplitude, and enable coupling.","1"
"Output","Veh_1.ToVCU.HW.PWM Output.PWM Output7.U_Ch7_PWM_Out_Enable_Out","Double","Hardware PWM output","Veh_1/ToVCU/HW/PWM Output/PWM Output7/U_Ch7_PWM_Out_Enable_Out","Veh_1_B.VCar_Outport_ib","","Hardware PWM output; observe frequency, duty ratio, amplitude, and enable coupling.","1"
"Output","Veh_1.ToVCU.HW.PWM Output.PWM Output7.U_Ch7_PWM_Out_Frequency_Out","Double","Hardware PWM output","Veh_1/ToVCU/HW/PWM Output/PWM Output7/U_Ch7_PWM_Out_Frequency_Out","Veh_1_B.VCar_Outport_idb","","Hardware PWM output; observe frequency, duty ratio, amplitude, and enable coupling.","1"
"Output","Veh_1.ToVCU.HW.PWM Output.PWM Output8.U_Ch8_PWM_Out_Amplitude_Out","Double","Hardware PWM output","Veh_1/ToVCU/HW/PWM Output/PWM Output8/U_Ch8_PWM_Out_Amplitude_Out","Veh_1_B.VCar_Outport_ew","","Hardware PWM output; observe frequency, duty ratio, amplitude, and enable coupling.","1"
"Output","Veh_1.ToVCU.HW.PWM Output.PWM Output8.U_Ch8_PWM_Out_Duty_Ratio_Out","Double","Hardware PWM output","Veh_1/ToVCU/HW/PWM Output/PWM Output8/U_Ch8_PWM_Out_Duty_Ratio_Out","Veh_1_B.VCar_Outport_in5","","Hardware PWM output; observe frequency, duty ratio, amplitude, and enable coupling.","1"
"Output","Veh_1.ToVCU.HW.PWM Output.PWM Output8.U_Ch8_PWM_Out_Enable_Out","Double","Hardware PWM output","Veh_1/ToVCU/HW/PWM Output/PWM Output8/U_Ch8_PWM_Out_Enable_Out","Veh_1_B.VCar_Outport_dd","","Hardware PWM output; observe frequency, duty ratio, amplitude, and enable coupling.","1"
"Output","Veh_1.ToVCU.HW.PWM Output.PWM Output8.U_Ch8_PWM_Out_Frequency_Out","Double","Hardware PWM output","Veh_1/ToVCU/HW/PWM Output/PWM Output8/U_Ch8_PWM_Out_Frequency_Out","Veh_1_B.VCar_Outport_let","","Hardware PWM output; observe frequency, duty ratio, amplitude, and enable coupling.","1"
"Output","Veh_1.ToVCU.HW.PWM Output.PWM Output9.U_Ch9_PWM_Out_Amplitude_Out","Double","Hardware PWM output","Veh_1/ToVCU/HW/PWM Output/PWM Output9/U_Ch9_PWM_Out_Amplitude_Out","Veh_1_B.VCar_Outport_hq","","Hardware PWM output; observe frequency, duty ratio, amplitude, and enable coupling.","1"
"Output","Veh_1.ToVCU.HW.PWM Output.PWM Output9.U_Ch9_PWM_Out_Duty_Ratio_Out","Double","Hardware PWM output","Veh_1/ToVCU/HW/PWM Output/PWM Output9/U_Ch9_PWM_Out_Duty_Ratio_Out","Veh_1_B.VCar_Outport_mr","","Hardware PWM output; observe frequency, duty ratio, amplitude, and enable coupling.","1"
"Output","Veh_1.ToVCU.HW.PWM Output.PWM Output9.U_Ch9_PWM_Out_Enable_Out","Double","Hardware PWM output","Veh_1/ToVCU/HW/PWM Output/PWM Output9/U_Ch9_PWM_Out_Enable_Out","Veh_1_B.VCar_Outport_a2","","Hardware PWM output; observe frequency, duty ratio, amplitude, and enable coupling.","1"
"Output","Veh_1.ToVCU.HW.PWM Output.PWM Output9.U_Ch9_PWM_Out_Frequency_Out","Double","Hardware PWM output","Veh_1/ToVCU/HW/PWM Output/PWM Output9/U_Ch9_PWM_Out_Frequency_Out","Veh_1_B.VCar_Outport_c3","","Hardware PWM output; observe frequency, duty ratio, amplitude, and enable coupling.","1"
"Output","Veh_1.ToVCU.HW.Relay.Relay10.BrakeClose1_Out","Double","Relay output","Veh_1/ToVCU/HW/Relay/Relay10/BrakeClose1_Out","Veh_1_B.VCar_Outport_jm","","Relay output; observe command, protection logic, and fallback behavior.","1"
"Output","Veh_1.ToVCU.HW.Relay.Relay11.BrakeClose2_Out","Double","Relay output","Veh_1/ToVCU/HW/Relay/Relay11/BrakeClose2_Out","Veh_1_B.VCar_Outport_ly","","Relay output; observe command, protection logic, and fallback behavior.","1"
"Output","Veh_1.ToVCU.HW.Relay.Relay12.BrakeOpen2_Out","Double","Relay output","Veh_1/ToVCU/HW/Relay/Relay12/BrakeOpen2_Out","Veh_1_B.VCar_Outport_a50","","Relay output; observe command, protection logic, and fallback behavior.","1"
"Output","Veh_1.ToVCU.HW.Relay.Relay25.Model_Disabled_Out","Double","Relay output","Veh_1/ToVCU/HW/Relay/Relay25/Model_Disabled_Out","Veh_1_B.VCar_Outport_fa","","Relay output; observe command, protection logic, and fallback behavior.","1"
"Output","Veh_1.ToVCU.HW.Relay.Relay4.GearR_Out","Double","Relay output","Veh_1/ToVCU/HW/Relay/Relay4/GearR_Out","Veh_1_B.VCar_Outport_gh","","Relay output; observe command, protection logic, and fallback behavior.","1"
"Output","Veh_1.ToVCU.HW.Relay.Relay5.GearN_Out","Double","Relay output","Veh_1/ToVCU/HW/Relay/Relay5/GearN_Out","Veh_1_B.VCar_Outport_dr","","Relay output; observe command, protection logic, and fallback behavior.","1"
"Output","Veh_1.ToVCU.HW.Relay.Relay6.GearD_Out","Double","Relay output","Veh_1/ToVCU/HW/Relay/Relay6/GearD_Out","Veh_1_B.VCar_Outport_a2m","","Relay output; observe command, protection logic, and fallback behavior.","1"
"Output","Veh_1.ToVCU.HW.Relay.Relay7.GearP_Out","Double","Relay output","Veh_1/ToVCU/HW/Relay/Relay7/GearP_Out","Veh_1_B.VCar_Outport_cl","","Relay output; observe command, protection logic, and fallback behavior.","1"
"Output","Veh_1.ToVCU.HW.Relay.Relay8.DriveMode_Out","Double","Relay output","Veh_1/ToVCU/HW/Relay/Relay8/DriveMode_Out","Veh_1_B.VCar_Outport_d0p","","Relay output; observe command, protection logic, and fallback behavior.","1"
"Output","Veh_1.ToVCU.HW.Relay.Relay9.BrakeOpen1_Out","Double","Relay output","Veh_1/ToVCU/HW/Relay/Relay9/BrakeOpen1_Out","Veh_1_B.VCar_Outport_b02","","Relay output; observe command, protection logic, and fallback behavior.","1"
"Output","Veh_1.ToVCU.HW.Voltage Output.Voltage Output1 .PUMP_Enable_Out","Double","Voltage output","Veh_1/ToVCU/HW/Voltage Output/Voltage Output1 /PUMP_Enable_Out","Veh_1_B.VCar_Outport_hy5","","Voltage output; observe supply and drive fault propagation.","1"
"Output","Veh_1.ToVCU.HW.Voltage Output.Voltage Output1 .PUMP_Out","Double","Voltage output","Veh_1/ToVCU/HW/Voltage Output/Voltage Output1 /PUMP_Out","Veh_1_B.VCar_Outport_edl","","Voltage output; observe supply and drive fault propagation.","1"
"Output","Veh_1.ToVCU.HW.Voltage Output.Voltage Output1.BRK_Main_Enable_Out","Double","Voltage output","Veh_1/ToVCU/HW/Voltage Output/Voltage Output1/BRK_Main_Enable_Out","Veh_1_B.VCar_Outport_ds","","Voltage output; observe supply and drive fault propagation.","1"
"Output","Veh_1.ToVCU.HW.Voltage Output.Voltage Output1.BRK_Main_Out","Double","Voltage output","Veh_1/ToVCU/HW/Voltage Output/Voltage Output1/BRK_Main_Out","Veh_1_B.VCar_Outport_op","","Voltage output; observe supply and drive fault propagation.","1"
"Output","Veh_1.ToVCU.HW.Voltage Output.Voltage Output4.Btemp_Enable_Out","Double","Voltage output","Veh_1/ToVCU/HW/Voltage Output/Voltage Output4/Btemp_Enable_Out","Veh_1_B.VCar_Outport_ja","","Voltage output; observe supply and drive fault propagation.","1"
"Output","Veh_1.ToVCU.HW.Voltage Output.Voltage Output4.Btemp_Out","Double","Voltage output","Veh_1/ToVCU/HW/Voltage Output/Voltage Output4/Btemp_Out","Veh_1_B.VCar_Outport_pun","","Voltage output; observe supply and drive fault propagation.","1"
"Output","Veh_1.ToVCU.HW.Voltage Output.Voltage Output5.BRK_Auxi_Enable_Out","Double","Voltage output","Veh_1/ToVCU/HW/Voltage Output/Voltage Output5/BRK_Auxi_Enable_Out","Veh_1_B.VCar_Outport_hj","","Voltage output; observe supply and drive fault propagation.","1"
"Output","Veh_1.ToVCU.HW.Voltage Output.Voltage Output5.BRK_Auxi_Out","Double","Voltage output","Veh_1/ToVCU/HW/Voltage Output/Voltage Output5/BRK_Auxi_Out","Veh_1_B.VCar_Outport_hqw","","Voltage output; observe supply and drive fault propagation.","1"
"Output","Veh_1.ToVCU.HW.Voltage Output.Voltage Output7.ACC_Main_Enable_Out","Double","Voltage output","Veh_1/ToVCU/HW/Voltage Output/Voltage Output7/ACC_Main_Enable_Out","Veh_1_B.VCar_Outport_mf","","Voltage output; observe supply and drive fault propagation.","1"
"Output","Veh_1.ToVCU.HW.Voltage Output.Voltage Output7.ACC_Main_Out_Out","Double","Voltage output","Veh_1/ToVCU/HW/Voltage Output/Voltage Output7/ACC_Main_Out_Out","Veh_1_B.VCar_Outport_iq","","Voltage output; observe supply and drive fault propagation.","1"
"Output","Veh_1.ToVCU.HW.Voltage Output.Voltage Output8.ACC_Auxi_Enable_Out","Double","Voltage output","Veh_1/ToVCU/HW/Voltage Output/Voltage Output8/ACC_Auxi_Enable_Out","Veh_1_B.VCar_Outport_mi","","Voltage output; observe supply and drive fault propagation.","1"
"Output","Veh_1.ToVCU.HW.Voltage Output.Voltage Output8.ACC_Auxi_Out_Out","Double","Voltage output","Veh_1/ToVCU/HW/Voltage Output/Voltage Output8/ACC_Auxi_Out_Out","Veh_1_B.VCar_Outport_al","","Voltage output; observe supply and drive fault propagation.","1"
"Output","Veh_1.ToVCU.powerCAN_out.SoftBMSDataToBus.BMS_battery_system_code_1.BMS_battery_type_code_ToBus","Double","Power CAN output","Veh_1/ToVCU/powerCAN_out/SoftBMSDataToBus/BMS_battery_system_code_1/BMS_battery_type_code_ToBus","Veh_1_B.VCar_Outport_hm","","Power-domain CAN output; observe motor, battery, and power-control frames.","1"
"Output","Veh_1.ToVCU.powerCAN_out.SoftBMSDataToBus.BMS_battery_system_code_1.BMS_rated_energy_ToBus","Double","Power CAN output","Veh_1/ToVCU/powerCAN_out/SoftBMSDataToBus/BMS_battery_system_code_1/BMS_rated_energy_ToBus","Veh_1_B.VCar_Outport_c55","","Power-domain CAN output; observe motor, battery, and power-control frames.","1"
"Output","Veh_1.ToVCU.powerCAN_out.SoftBMSDataToBus.BMS_battery_system_code_1.BMS_supplier_code_ToBus","Double","Power CAN output","Veh_1/ToVCU/powerCAN_out/SoftBMSDataToBus/BMS_battery_system_code_1/BMS_supplier_code_ToBus","Veh_1_B.VCar_Outport_a5s","","Power-domain CAN output; observe motor, battery, and power-control frames.","1"
"Output","Veh_1.ToVCU.powerCAN_out.SoftBMSDataToBus.BMS_battery_system_code_1_MsgEnable.BMS_battery_system_code_1_MsgDisable","Bool","Power CAN output","Veh_1/ToVCU/powerCAN_out/SoftBMSDataToBus/BMS_battery_system_code_1_MsgEnable/BMS_battery_system_code_1_MsgDisable","Veh_1_B.VCar_Outport_ave","","Power-domain CAN output; observe motor, battery, and power-control frames.","1"
"Output","Veh_1.ToVCU.powerCAN_out.SoftBMSDataToBus.BMS_battery_system_code_2.BMS_battery_code_ToBus","Double","Power CAN output","Veh_1/ToVCU/powerCAN_out/SoftBMSDataToBus/BMS_battery_system_code_2/BMS_battery_code_ToBus","Veh_1_B.VCar_Outport_ix","","Power-domain CAN output; observe motor, battery, and power-control frames.","1"
"Output","Veh_1.ToVCU.powerCAN_out.SoftBMSDataToBus.BMS_battery_system_code_2.BMS_battery_system_code_length_ToBus","Double","Power CAN output","Veh_1/ToVCU/powerCAN_out/SoftBMSDataToBus/BMS_battery_system_code_2/BMS_battery_system_code_length_ToBus","Veh_1_B.VCar_Outport_jf","","Power-domain CAN output; observe motor, battery, and power-control frames.","1"
"Output","Veh_1.ToVCU.powerCAN_out.SoftBMSDataToBus.BMS_battery_system_code_2.BMS_production_day_ToBus","Double","Power CAN output","Veh_1/ToVCU/powerCAN_out/SoftBMSDataToBus/BMS_battery_system_code_2/BMS_production_day_ToBus","Veh_1_B.VCar_Outport_lc","","Power-domain CAN output; observe motor, battery, and power-control frames.","1"
"Output","Veh_1.ToVCU.powerCAN_out.SoftBMSDataToBus.BMS_battery_system_code_2.BMS_production_month_ToBus","Double","Power CAN output","Veh_1/ToVCU/powerCAN_out/SoftBMSDataToBus/BMS_battery_system_code_2/BMS_production_month_ToBus","Veh_1_B.VCar_Outport_k5","","Power-domain CAN output; observe motor, battery, and power-control frames.","1"
"Output","Veh_1.ToVCU.powerCAN_out.SoftBMSDataToBus.BMS_battery_system_code_2.BMS_production_year_ToBus","Double","Power CAN output","Veh_1/ToVCU/powerCAN_out/SoftBMSDataToBus/BMS_battery_system_code_2/BMS_production_year_ToBus","Veh_1_B.VCar_Outport_jow","","Power-domain CAN output; observe motor, battery, and power-control frames.","1"
"Output","Veh_1.ToVCU.powerCAN_out.SoftBMSDataToBus.BMS_battery_system_code_2.BMS_rated_voltage_ToBus","Double","Power CAN output","Veh_1/ToVCU/powerCAN_out/SoftBMSDataToBus/BMS_battery_system_code_2/BMS_rated_voltage_ToBus","Veh_1_B.VCar_Outport_mm","","Power-domain CAN output; observe motor, battery, and power-control frames.","1"
"Output","Veh_1.ToVCU.powerCAN_out.SoftBMSDataToBus.BMS_battery_system_code_2_MsgEnable.BMS_battery_system_code_2_MsgDisable","Bool","Power CAN output","Veh_1/ToVCU/powerCAN_out/SoftBMSDataToBus/BMS_battery_system_code_2_MsgEnable/BMS_battery_system_code_2_MsgDisable","Veh_1_B.VCar_Outport_dgg","","Power-domain CAN output; observe motor, battery, and power-control frames.","1"
"Output","Veh_1.ToVCU.powerCAN_out.SoftBMSDataToBus.BMS_Capability.BMS_Capability_Counter_ToBus","Double","Power CAN output","Veh_1/ToVCU/powerCAN_out/SoftBMSDataToBus/BMS_Capability/BMS_Capability_Counter_ToBus","Veh_1_B.VCar_Outport_fpn","","Power-domain CAN output; observe motor, battery, and power-control frames.","1"
"Output","Veh_1.ToVCU.powerCAN_out.SoftBMSDataToBus.BMS_Capability.BMS_max_charge_current_ToBus","Double","Power CAN output","Veh_1/ToVCU/powerCAN_out/SoftBMSDataToBus/BMS_Capability/BMS_max_charge_current_ToBus","Veh_1_B.VCar_Outport_nx5","","Power-domain CAN output; observe motor, battery, and power-control frames.","1"
"Output","Veh_1.ToVCU.powerCAN_out.SoftBMSDataToBus.BMS_Capability.BMS_max_charge_voltage_ToBus","Double","Power CAN output","Veh_1/ToVCU/powerCAN_out/SoftBMSDataToBus/BMS_Capability/BMS_max_charge_voltage_ToBus","Veh_1_B.VCar_Outport_lk3","","Power-domain CAN output; observe motor, battery, and power-control frames.","1"
"Output","Veh_1.ToVCU.powerCAN_out.SoftBMSDataToBus.BMS_Capability.BMS_max_discharge_current_ToBus","Double","Power CAN output","Veh_1/ToVCU/powerCAN_out/SoftBMSDataToBus/BMS_Capability/BMS_max_discharge_current_ToBus","Veh_1_B.VCar_Outport_lv","","Power-domain CAN output; observe motor, battery, and power-control frames.","1"
"Output","Veh_1.ToVCU.powerCAN_out.SoftBMSDataToBus.BMS_Capability.BMS_max_discharge_voltage_ToBus","Double","Power CAN output","Veh_1/ToVCU/powerCAN_out/SoftBMSDataToBus/BMS_Capability/BMS_max_discharge_voltage_ToBus","Veh_1_B.VCar_Outport_bnr","","Power-domain CAN output; observe motor, battery, and power-control frames.","1"
"Output","Veh_1.ToVCU.powerCAN_out.SoftBMSDataToBus.BMS_Capability_MsgEnable.BMS_Capability_MsgDisable","Bool","Power CAN output","Veh_1/ToVCU/powerCAN_out/SoftBMSDataToBus/BMS_Capability_MsgEnable/BMS_Capability_MsgDisable","Veh_1_B.VCar_Outport_mda","","Power-domain CAN output; observe motor, battery, and power-control frames.","1"
"Output","Veh_1.ToVCU.powerCAN_out.SoftBMSDataToBus.BMS_CellVolt.BMS_Cell_aveVolt_ToBus","Double","Power CAN output","Veh_1/ToVCU/powerCAN_out/SoftBMSDataToBus/BMS_CellVolt/BMS_Cell_aveVolt_ToBus","Veh_1_B.VCar_Outport_iz","","Power-domain CAN output; observe motor, battery, and power-control frames.","1"
"Output","Veh_1.ToVCU.powerCAN_out.SoftBMSDataToBus.BMS_CellVolt.BMS_CellVolt_Counter_ToBus","Double","Power CAN output","Veh_1/ToVCU/powerCAN_out/SoftBMSDataToBus/BMS_CellVolt/BMS_CellVolt_Counter_ToBus","Veh_1_B.VCar_Outport_a1x","","Power-domain CAN output; observe motor, battery, and power-control frames.","1"
"Output","Veh_1.ToVCU.powerCAN_out.SoftBMSDataToBus.BMS_CellVolt.BMS_CellVoltMax_Num_ToBus","Double","Power CAN output","Veh_1/ToVCU/powerCAN_out/SoftBMSDataToBus/BMS_CellVolt/BMS_CellVoltMax_Num_ToBus","Veh_1_B.VCar_Outport_gb","","Power-domain CAN output; observe motor, battery, and power-control frames.","1"
"Output","Veh_1.ToVCU.powerCAN_out.SoftBMSDataToBus.BMS_CellVolt.BMS_CellVoltMax_ToBus","Double","Power CAN output","Veh_1/ToVCU/powerCAN_out/SoftBMSDataToBus/BMS_CellVolt/BMS_CellVoltMax_ToBus","Veh_1_B.VCar_Outport_om","","Power-domain CAN output; observe motor, battery, and power-control frames.","1"
"Output","Veh_1.ToVCU.powerCAN_out.SoftBMSDataToBus.BMS_CellVolt.BMS_CellVoltMin_Num_ToBus","Double","Power CAN output","Veh_1/ToVCU/powerCAN_out/SoftBMSDataToBus/BMS_CellVolt/BMS_CellVoltMin_Num_ToBus","Veh_1_B.VCar_Outport_fi","","Power-domain CAN output; observe motor, battery, and power-control frames.","1"
"Output","Veh_1.ToVCU.powerCAN_out.SoftBMSDataToBus.BMS_CellVolt.BMS_CellVoltMin_ToBus","Double","Power CAN output","Veh_1/ToVCU/powerCAN_out/SoftBMSDataToBus/BMS_CellVolt/BMS_CellVoltMin_ToBus","Veh_1_B.VCar_Outport_fr","","Power-domain CAN output; observe motor, battery, and power-control frames.","1"
"Output","Veh_1.ToVCU.powerCAN_out.SoftBMSDataToBus.BMS_CellVolt_MsgEnable.BMS_CellVolt_MsgDisable","Bool","Power CAN output","Veh_1/ToVCU/powerCAN_out/SoftBMSDataToBus/BMS_CellVolt_MsgEnable/BMS_CellVolt_MsgDisable","Veh_1_B.VCar_Outport_pns","","Power-domain CAN output; observe motor, battery, and power-control frames.","1"
"Output","Veh_1.ToVCU.powerCAN_out.SoftBMSDataToBus.BMS_CellVoltMsg1.BMS_cell_Volt_1_ToBus","Double","Power CAN output","Veh_1/ToVCU/powerCAN_out/SoftBMSDataToBus/BMS_CellVoltMsg1/BMS_cell_Volt_1_ToBus","Veh_1_B.VCar_Outport_eiq","","Power-domain CAN output; observe motor, battery, and power-control frames.","1"
"Output","Veh_1.ToVCU.powerCAN_out.SoftBMSDataToBus.BMS_CellVoltMsg1.BMS_cell_Volt_2_ToBus","Double","Power CAN output","Veh_1/ToVCU/powerCAN_out/SoftBMSDataToBus/BMS_CellVoltMsg1/BMS_cell_Volt_2_ToBus","Veh_1_B.VCar_Outport_lt","","Power-domain CAN output; observe motor, battery, and power-control frames.","1"
"Output","Veh_1.ToVCU.powerCAN_out.SoftBMSDataToBus.BMS_CellVoltMsg1.BMS_cell_Volt_3_ToBus","Double","Power CAN output","Veh_1/ToVCU/powerCAN_out/SoftBMSDataToBus/BMS_CellVoltMsg1/BMS_cell_Volt_3_ToBus","Veh_1_B.VCar_Outport_ae","","Power-domain CAN output; observe motor, battery, and power-control frames.","1"
"Output","Veh_1.ToVCU.powerCAN_out.SoftBMSDataToBus.BMS_CellVoltMsg1.BMS_cell_Volt_4_ToBus","Double","Power CAN output","Veh_1/ToVCU/powerCAN_out/SoftBMSDataToBus/BMS_CellVoltMsg1/BMS_cell_Volt_4_ToBus","Veh_1_B.VCar_Outport_dab","","Power-domain CAN output; observe motor, battery, and power-control frames.","1"
"Output","Veh_1.ToVCU.powerCAN_out.SoftBMSDataToBus.BMS_CellVoltMsg1.BMS_CellVoltMsg1_Counter_ToBus","Double","Power CAN output","Veh_1/ToVCU/powerCAN_out/SoftBMSDataToBus/BMS_CellVoltMsg1/BMS_CellVoltMsg1_Counter_ToBus","Veh_1_B.VCar_Outport_fl","","Power-domain CAN output; observe motor, battery, and power-control frames.","1"
"Output","Veh_1.ToVCU.powerCAN_out.SoftBMSDataToBus.BMS_CellVoltMsg1_MsgEnable.BMS_CellVoltMsg1_MsgDisable","Bool","Power CAN output","Veh_1/ToVCU/powerCAN_out/SoftBMSDataToBus/BMS_CellVoltMsg1_MsgEnable/BMS_CellVoltMsg1_MsgDisable","Veh_1_B.VCar_Outport_kx","","Power-domain CAN output; observe motor, battery, and power-control frames.","1"
"Output","Veh_1.ToVCU.powerCAN_out.SoftBMSDataToBus.BMS_CellVoltMsg10.BMS_cell_Volt_37_ToBus","Double","Power CAN output","Veh_1/ToVCU/powerCAN_out/SoftBMSDataToBus/BMS_CellVoltMsg10/BMS_cell_Volt_37_ToBus","Veh_1_B.VCar_Outport_kqk","","Power-domain CAN output; observe motor, battery, and power-control frames.","1"
"Output","Veh_1.ToVCU.powerCAN_out.SoftBMSDataToBus.BMS_CellVoltMsg10.BMS_cell_Volt_38_ToBus","Double","Power CAN output","Veh_1/ToVCU/powerCAN_out/SoftBMSDataToBus/BMS_CellVoltMsg10/BMS_cell_Volt_38_ToBus","Veh_1_B.VCar_Outport_of","","Power-domain CAN output; observe motor, battery, and power-control frames.","1"
"Output","Veh_1.ToVCU.powerCAN_out.SoftBMSDataToBus.BMS_CellVoltMsg10.BMS_cell_Volt_39_ToBus","Double","Power CAN output","Veh_1/ToVCU/powerCAN_out/SoftBMSDataToBus/BMS_CellVoltMsg10/BMS_cell_Volt_39_ToBus","Veh_1_B.VCar_Outport_jy5","","Power-domain CAN output; observe motor, battery, and power-control frames.","1"
"Output","Veh_1.ToVCU.powerCAN_out.SoftBMSDataToBus.BMS_CellVoltMsg10.BMS_cell_Volt_40_ToBus","Double","Power CAN output","Veh_1/ToVCU/powerCAN_out/SoftBMSDataToBus/BMS_CellVoltMsg10/BMS_cell_Volt_40_ToBus","Veh_1_B.VCar_Outport_kz","","Power-domain CAN output; observe motor, battery, and power-control frames.","1"
"Output","Veh_1.ToVCU.powerCAN_out.SoftBMSDataToBus.BMS_CellVoltMsg10.BMS_CellVoltMsg10_Counter_ToBus","Double","Power CAN output","Veh_1/ToVCU/powerCAN_out/SoftBMSDataToBus/BMS_CellVoltMsg10/BMS_CellVoltMsg10_Counter_ToBus","Veh_1_B.VCar_Outport_ey","","Power-domain CAN output; observe motor, battery, and power-control frames.","1"
"Output","Veh_1.ToVCU.powerCAN_out.SoftBMSDataToBus.BMS_CellVoltMsg10_MsgEnable.BMS_CellVoltMsg10_MsgDisable","Bool","Power CAN output","Veh_1/ToVCU/powerCAN_out/SoftBMSDataToBus/BMS_CellVoltMsg10_MsgEnable/BMS_CellVoltMsg10_MsgDisable","Veh_1_B.VCar_Outport_gm","","Power-domain CAN output; observe motor, battery, and power-control frames.","1"
"Output","Veh_1.ToVCU.powerCAN_out.SoftBMSDataToBus.BMS_CellVoltMsg11.BMS_cell_Volt_41_ToBus","Double","Power CAN output","Veh_1/ToVCU/powerCAN_out/SoftBMSDataToBus/BMS_CellVoltMsg11/BMS_cell_Volt_41_ToBus","Veh_1_B.VCar_Outport_dp","","Power-domain CAN output; observe motor, battery, and power-control frames.","1"
"Output","Veh_1.ToVCU.powerCAN_out.SoftBMSDataToBus.BMS_CellVoltMsg11.BMS_cell_Volt_42_ToBus","Double","Power CAN output","Veh_1/ToVCU/powerCAN_out/SoftBMSDataToBus/BMS_CellVoltMsg11/BMS_cell_Volt_42_ToBus","Veh_1_B.VCar_Outport_e5","","Power-domain CAN output; observe motor, battery, and power-control frames.","1"
"Output","Veh_1.ToVCU.powerCAN_out.SoftBMSDataToBus.BMS_CellVoltMsg11.BMS_CellVoltMsg11_Counter_ToBus","Double","Power CAN output","Veh_1/ToVCU/powerCAN_out/SoftBMSDataToBus/BMS_CellVoltMsg11/BMS_CellVoltMsg11_Counter_ToBus","Veh_1_B.VCar_Outport_mnm","","Power-domain CAN output; observe motor, battery, and power-control frames.","1"
"Output","Veh_1.ToVCU.powerCAN_out.SoftBMSDataToBus.BMS_CellVoltMsg11_MsgEnable.BMS_CellVoltMsg11_MsgDisable","Bool","Power CAN output","Veh_1/ToVCU/powerCAN_out/SoftBMSDataToBus/BMS_CellVoltMsg11_MsgEnable/BMS_CellVoltMsg11_MsgDisable","Veh_1_B.VCar_Outport_ivz","","Power-domain CAN output; observe motor, battery, and power-control frames.","1"
"Output","Veh_1.ToVCU.powerCAN_out.SoftBMSDataToBus.BMS_CellVoltMsg2.BMS_cell_Volt_5_ToBus","Double","Power CAN output","Veh_1/ToVCU/powerCAN_out/SoftBMSDataToBus/BMS_CellVoltMsg2/BMS_cell_Volt_5_ToBus","Veh_1_B.VCar_Outport_evf","","Power-domain CAN output; observe motor, battery, and power-control frames.","1"
"Output","Veh_1.ToVCU.powerCAN_out.SoftBMSDataToBus.BMS_CellVoltMsg2.BMS_cell_Volt_6_ToBus","Double","Power CAN output","Veh_1/ToVCU/powerCAN_out/SoftBMSDataToBus/BMS_CellVoltMsg2/BMS_cell_Volt_6_ToBus","Veh_1_B.VCar_Outport_eu","","Power-domain CAN output; observe motor, battery, and power-control frames.","1"
"Output","Veh_1.ToVCU.powerCAN_out.SoftBMSDataToBus.BMS_CellVoltMsg2.BMS_cell_Volt_7_ToBus","Double","Power CAN output","Veh_1/ToVCU/powerCAN_out/SoftBMSDataToBus/BMS_CellVoltMsg2/BMS_cell_Volt_7_ToBus","Veh_1_B.VCar_Outport_nd","","Power-domain CAN output; observe motor, battery, and power-control frames.","1"
"Output","Veh_1.ToVCU.powerCAN_out.SoftBMSDataToBus.BMS_CellVoltMsg2.BMS_cell_Volt_8_ToBus","Double","Power CAN output","Veh_1/ToVCU/powerCAN_out/SoftBMSDataToBus/BMS_CellVoltMsg2/BMS_cell_Volt_8_ToBus","Veh_1_B.VCar_Outport_n4a","","Power-domain CAN output; observe motor, battery, and power-control frames.","1"
"Output","Veh_1.ToVCU.powerCAN_out.SoftBMSDataToBus.BMS_CellVoltMsg2.BMS_CellVoltMsg2_Counter_ToBus","Double","Power CAN output","Veh_1/ToVCU/powerCAN_out/SoftBMSDataToBus/BMS_CellVoltMsg2/BMS_CellVoltMsg2_Counter_ToBus","Veh_1_B.VCar_Outport_hld","","Power-domain CAN output; observe motor, battery, and power-control frames.","1"
"Output","Veh_1.ToVCU.powerCAN_out.SoftBMSDataToBus.BMS_CellVoltMsg2_MsgEnable.BMS_CellVoltMsg2_MsgDisable","Bool","Power CAN output","Veh_1/ToVCU/powerCAN_out/SoftBMSDataToBus/BMS_CellVoltMsg2_MsgEnable/BMS_CellVoltMsg2_MsgDisable","Veh_1_B.VCar_Outport_ef","","Power-domain CAN output; observe motor, battery, and power-control frames.","1"
"Output","Veh_1.ToVCU.powerCAN_out.SoftBMSDataToBus.BMS_CellVoltMsg3.BMS_cell_Volt_10_ToBus","Double","Power CAN output","Veh_1/ToVCU/powerCAN_out/SoftBMSDataToBus/BMS_CellVoltMsg3/BMS_cell_Volt_10_ToBus","Veh_1_B.VCar_Outport_gg","","Power-domain CAN output; observe motor, battery, and power-control frames.","1"
"Output","Veh_1.ToVCU.powerCAN_out.SoftBMSDataToBus.BMS_CellVoltMsg3.BMS_cell_Volt_11_ToBus","Double","Power CAN output","Veh_1/ToVCU/powerCAN_out/SoftBMSDataToBus/BMS_CellVoltMsg3/BMS_cell_Volt_11_ToBus","Veh_1_B.VCar_Outport_bh","","Power-domain CAN output; observe motor, battery, and power-control frames.","1"
"Output","Veh_1.ToVCU.powerCAN_out.SoftBMSDataToBus.BMS_CellVoltMsg3.BMS_cell_Volt_12_ToBus","Double","Power CAN output","Veh_1/ToVCU/powerCAN_out/SoftBMSDataToBus/BMS_CellVoltMsg3/BMS_cell_Volt_12_ToBus","Veh_1_B.VCar_Outport_lyx","","Power-domain CAN output; observe motor, battery, and power-control frames.","1"
"Output","Veh_1.ToVCU.powerCAN_out.SoftBMSDataToBus.BMS_CellVoltMsg3.BMS_cell_Volt_9_ToBus","Double","Power CAN output","Veh_1/ToVCU/powerCAN_out/SoftBMSDataToBus/BMS_CellVoltMsg3/BMS_cell_Volt_9_ToBus","Veh_1_B.VCar_Outport_joz","","Power-domain CAN output; observe motor, battery, and power-control frames.","1"
"Output","Veh_1.ToVCU.powerCAN_out.SoftBMSDataToBus.BMS_CellVoltMsg3.BMS_CellVoltMsg3_Counter_ToBus","Double","Power CAN output","Veh_1/ToVCU/powerCAN_out/SoftBMSDataToBus/BMS_CellVoltMsg3/BMS_CellVoltMsg3_Counter_ToBus","Veh_1_B.VCar_Outport_jxk","","Power-domain CAN output; observe motor, battery, and power-control frames.","1"
"Output","Veh_1.ToVCU.powerCAN_out.SoftBMSDataToBus.BMS_CellVoltMsg3_MsgEnable.BMS_CellVoltMsg3_MsgDisable","Bool","Power CAN output","Veh_1/ToVCU/powerCAN_out/SoftBMSDataToBus/BMS_CellVoltMsg3_MsgEnable/BMS_CellVoltMsg3_MsgDisable","Veh_1_B.VCar_Outport_ao3","","Power-domain CAN output; observe motor, battery, and power-control frames.","1"
"Output","Veh_1.ToVCU.powerCAN_out.SoftBMSDataToBus.BMS_CellVoltMsg4.BMS_cell_Volt_13_ToBus","Double","Power CAN output","Veh_1/ToVCU/powerCAN_out/SoftBMSDataToBus/BMS_CellVoltMsg4/BMS_cell_Volt_13_ToBus","Veh_1_B.VCar_Outport_dl","","Power-domain CAN output; observe motor, battery, and power-control frames.","1"
"Output","Veh_1.ToVCU.powerCAN_out.SoftBMSDataToBus.BMS_CellVoltMsg4.BMS_cell_Volt_14_ToBus","Double","Power CAN output","Veh_1/ToVCU/powerCAN_out/SoftBMSDataToBus/BMS_CellVoltMsg4/BMS_cell_Volt_14_ToBus","Veh_1_B.VCar_Outport_m3f","","Power-domain CAN output; observe motor, battery, and power-control frames.","1"
"Output","Veh_1.ToVCU.powerCAN_out.SoftBMSDataToBus.BMS_CellVoltMsg4.BMS_cell_Volt_15_ToBus","Double","Power CAN output","Veh_1/ToVCU/powerCAN_out/SoftBMSDataToBus/BMS_CellVoltMsg4/BMS_cell_Volt_15_ToBus","Veh_1_B.VCar_Outport_pq","","Power-domain CAN output; observe motor, battery, and power-control frames.","1"
"Output","Veh_1.ToVCU.powerCAN_out.SoftBMSDataToBus.BMS_CellVoltMsg4.BMS_cell_Volt_16_ToBus","Double","Power CAN output","Veh_1/ToVCU/powerCAN_out/SoftBMSDataToBus/BMS_CellVoltMsg4/BMS_cell_Volt_16_ToBus","Veh_1_B.VCar_Outport_dj","","Power-domain CAN output; observe motor, battery, and power-control frames.","1"
"Output","Veh_1.ToVCU.powerCAN_out.SoftBMSDataToBus.BMS_CellVoltMsg4.BMS_CellVoltMsg4_Counter_ToBus","Double","Power CAN output","Veh_1/ToVCU/powerCAN_out/SoftBMSDataToBus/BMS_CellVoltMsg4/BMS_CellVoltMsg4_Counter_ToBus","Veh_1_B.VCar_Outport_lu","","Power-domain CAN output; observe motor, battery, and power-control frames.","1"
"Output","Veh_1.ToVCU.powerCAN_out.SoftBMSDataToBus.BMS_CellVoltMsg4_MsgEnable.BMS_CellVoltMsg4_MsgDisable","Bool","Power CAN output","Veh_1/ToVCU/powerCAN_out/SoftBMSDataToBus/BMS_CellVoltMsg4_MsgEnable/BMS_CellVoltMsg4_MsgDisable","Veh_1_B.VCar_Outport_pqv","","Power-domain CAN output; observe motor, battery, and power-control frames.","1"
"Output","Veh_1.ToVCU.powerCAN_out.SoftBMSDataToBus.BMS_CellVoltMsg5.BMS_cell_Volt_17_ToBus","Double","Power CAN output","Veh_1/ToVCU/powerCAN_out/SoftBMSDataToBus/BMS_CellVoltMsg5/BMS_cell_Volt_17_ToBus","Veh_1_B.VCar_Outport_kwb","","Power-domain CAN output; observe motor, battery, and power-control frames.","1"
"Output","Veh_1.ToVCU.powerCAN_out.SoftBMSDataToBus.BMS_CellVoltMsg5.BMS_cell_Volt_18_ToBus","Double","Power CAN output","Veh_1/ToVCU/powerCAN_out/SoftBMSDataToBus/BMS_CellVoltMsg5/BMS_cell_Volt_18_ToBus","Veh_1_B.VCar_Outport_m2","","Power-domain CAN output; observe motor, battery, and power-control frames.","1"
"Output","Veh_1.ToVCU.powerCAN_out.SoftBMSDataToBus.BMS_CellVoltMsg5.BMS_cell_Volt_19_ToBus","Double","Power CAN output","Veh_1/ToVCU/powerCAN_out/SoftBMSDataToBus/BMS_CellVoltMsg5/BMS_cell_Volt_19_ToBus","Veh_1_B.VCar_Outport_i3d","","Power-domain CAN output; observe motor, battery, and power-control frames.","1"
"Output","Veh_1.ToVCU.powerCAN_out.SoftBMSDataToBus.BMS_CellVoltMsg5.BMS_cell_Volt_20_ToBus","Double","Power CAN output","Veh_1/ToVCU/powerCAN_out/SoftBMSDataToBus/BMS_CellVoltMsg5/BMS_cell_Volt_20_ToBus","Veh_1_B.VCar_Outport_kel","","Power-domain CAN output; observe motor, battery, and power-control frames.","1"
"Output","Veh_1.ToVCU.powerCAN_out.SoftBMSDataToBus.BMS_CellVoltMsg5.BMS_CellVoltMsg5_Counter_ToBus","Double","Power CAN output","Veh_1/ToVCU/powerCAN_out/SoftBMSDataToBus/BMS_CellVoltMsg5/BMS_CellVoltMsg5_Counter_ToBus","Veh_1_B.VCar_Outport_oo","","Power-domain CAN output; observe motor, battery, and power-control frames.","1"
"Output","Veh_1.ToVCU.powerCAN_out.SoftBMSDataToBus.BMS_CellVoltMsg5_MsgEnable.BMS_CellVoltMsg5_MsgDisable","Bool","Power CAN output","Veh_1/ToVCU/powerCAN_out/SoftBMSDataToBus/BMS_CellVoltMsg5_MsgEnable/BMS_CellVoltMsg5_MsgDisable","Veh_1_B.VCar_Outport_k0","","Power-domain CAN output; observe motor, battery, and power-control frames.","1"
"Output","Veh_1.ToVCU.powerCAN_out.SoftBMSDataToBus.BMS_CellVoltMsg6.BMS_cell_Volt_21_ToBus","Double","Power CAN output","Veh_1/ToVCU/powerCAN_out/SoftBMSDataToBus/BMS_CellVoltMsg6/BMS_cell_Volt_21_ToBus","Veh_1_B.VCar_Outport_ju","","Power-domain CAN output; observe motor, battery, and power-control frames.","1"
"Output","Veh_1.ToVCU.powerCAN_out.SoftBMSDataToBus.BMS_CellVoltMsg6.BMS_cell_Volt_22_ToBus","Double","Power CAN output","Veh_1/ToVCU/powerCAN_out/SoftBMSDataToBus/BMS_CellVoltMsg6/BMS_cell_Volt_22_ToBus","Veh_1_B.VCar_Outport_fd","","Power-domain CAN output; observe motor, battery, and power-control frames.","1"
"Output","Veh_1.ToVCU.powerCAN_out.SoftBMSDataToBus.BMS_CellVoltMsg6.BMS_cell_Volt_23_ToBus","Double","Power CAN output","Veh_1/ToVCU/powerCAN_out/SoftBMSDataToBus/BMS_CellVoltMsg6/BMS_cell_Volt_23_ToBus","Veh_1_B.VCar_Outport_e0","","Power-domain CAN output; observe motor, battery, and power-control frames.","1"
"Output","Veh_1.ToVCU.powerCAN_out.SoftBMSDataToBus.BMS_CellVoltMsg6.BMS_cell_Volt_24_ToBus","Double","Power CAN output","Veh_1/ToVCU/powerCAN_out/SoftBMSDataToBus/BMS_CellVoltMsg6/BMS_cell_Volt_24_ToBus","Veh_1_B.VCar_Outport_ex","","Power-domain CAN output; observe motor, battery, and power-control frames.","1"
"Output","Veh_1.ToVCU.powerCAN_out.SoftBMSDataToBus.BMS_CellVoltMsg6.BMS_CellVoltMsg6_Counter_ToBus","Double","Power CAN output","Veh_1/ToVCU/powerCAN_out/SoftBMSDataToBus/BMS_CellVoltMsg6/BMS_CellVoltMsg6_Counter_ToBus","Veh_1_B.VCar_Outport_jq","","Power-domain CAN output; observe motor, battery, and power-control frames.","1"
"Output","Veh_1.ToVCU.powerCAN_out.SoftBMSDataToBus.BMS_CellVoltMsg6_MsgEnable.BMS_CellVoltMsg6_MsgDisable","Bool","Power CAN output","Veh_1/ToVCU/powerCAN_out/SoftBMSDataToBus/BMS_CellVoltMsg6_MsgEnable/BMS_CellVoltMsg6_MsgDisable","Veh_1_B.VCar_Outport_cwj","","Power-domain CAN output; observe motor, battery, and power-control frames.","1"
"Output","Veh_1.ToVCU.powerCAN_out.SoftBMSDataToBus.BMS_CellVoltMsg7.BMS_cell_Volt_25_ToBus","Double","Power CAN output","Veh_1/ToVCU/powerCAN_out/SoftBMSDataToBus/BMS_CellVoltMsg7/BMS_cell_Volt_25_ToBus","Veh_1_B.VCar_Outport_iu","","Power-domain CAN output; observe motor, battery, and power-control frames.","1"
"Output","Veh_1.ToVCU.powerCAN_out.SoftBMSDataToBus.BMS_CellVoltMsg7.BMS_cell_Volt_26_ToBus","Double","Power CAN output","Veh_1/ToVCU/powerCAN_out/SoftBMSDataToBus/BMS_CellVoltMsg7/BMS_cell_Volt_26_ToBus","Veh_1_B.VCar_Outport_pv","","Power-domain CAN output; observe motor, battery, and power-control frames.","1"
"Output","Veh_1.ToVCU.powerCAN_out.SoftBMSDataToBus.BMS_CellVoltMsg7.BMS_cell_Volt_27_ToBus","Double","Power CAN output","Veh_1/ToVCU/powerCAN_out/SoftBMSDataToBus/BMS_CellVoltMsg7/BMS_cell_Volt_27_ToBus","Veh_1_B.VCar_Outport_ez","","Power-domain CAN output; observe motor, battery, and power-control frames.","1"
"Output","Veh_1.ToVCU.powerCAN_out.SoftBMSDataToBus.BMS_CellVoltMsg7.BMS_cell_Volt_28_ToBus","Double","Power CAN output","Veh_1/ToVCU/powerCAN_out/SoftBMSDataToBus/BMS_CellVoltMsg7/BMS_cell_Volt_28_ToBus","Veh_1_B.VCar_Outport_du","","Power-domain CAN output; observe motor, battery, and power-control frames.","1"
"Output","Veh_1.ToVCU.powerCAN_out.SoftBMSDataToBus.BMS_CellVoltMsg7.BMS_CellVoltMsg7_Counter_ToBus","Double","Power CAN output","Veh_1/ToVCU/powerCAN_out/SoftBMSDataToBus/BMS_CellVoltMsg7/BMS_CellVoltMsg7_Counter_ToBus","Veh_1_B.VCar_Outport_oc","","Power-domain CAN output; observe motor, battery, and power-control frames.","1"
"Output","Veh_1.ToVCU.powerCAN_out.SoftBMSDataToBus.BMS_CellVoltMsg7_MsgEnable.BMS_CellVoltMsg7_MsgDisable","Bool","Power CAN output","Veh_1/ToVCU/powerCAN_out/SoftBMSDataToBus/BMS_CellVoltMsg7_MsgEnable/BMS_CellVoltMsg7_MsgDisable","Veh_1_B.VCar_Outport_afg","","Power-domain CAN output; observe motor, battery, and power-control frames.","1"
"Output","Veh_1.ToVCU.powerCAN_out.SoftBMSDataToBus.BMS_CellVoltMsg8.BMS_cell_Volt_29_ToBus","Double","Power CAN output","Veh_1/ToVCU/powerCAN_out/SoftBMSDataToBus/BMS_CellVoltMsg8/BMS_cell_Volt_29_ToBus","Veh_1_B.VCar_Outport_gv","","Power-domain CAN output; observe motor, battery, and power-control frames.","1"
"Output","Veh_1.ToVCU.powerCAN_out.SoftBMSDataToBus.BMS_CellVoltMsg8.BMS_cell_Volt_30_ToBus","Double","Power CAN output","Veh_1/ToVCU/powerCAN_out/SoftBMSDataToBus/BMS_CellVoltMsg8/BMS_cell_Volt_30_ToBus","Veh_1_B.VCar_Outport_o5","","Power-domain CAN output; observe motor, battery, and power-control frames.","1"
"Output","Veh_1.ToVCU.powerCAN_out.SoftBMSDataToBus.BMS_CellVoltMsg8.BMS_cell_Volt_31_ToBus","Double","Power CAN output","Veh_1/ToVCU/powerCAN_out/SoftBMSDataToBus/BMS_CellVoltMsg8/BMS_cell_Volt_31_ToBus","Veh_1_B.VCar_Outport_eyl","","Power-domain CAN output; observe motor, battery, and power-control frames.","1"
"Output","Veh_1.ToVCU.powerCAN_out.SoftBMSDataToBus.BMS_CellVoltMsg8.BMS_cell_Volt_32_ToBus","Double","Power CAN output","Veh_1/ToVCU/powerCAN_out/SoftBMSDataToBus/BMS_CellVoltMsg8/BMS_cell_Volt_32_ToBus","Veh_1_B.VCar_Outport_gi","","Power-domain CAN output; observe motor, battery, and power-control frames.","1"
"Output","Veh_1.ToVCU.powerCAN_out.SoftBMSDataToBus.BMS_CellVoltMsg8.BMS_CellVoltMsg8_Counter_ToBus","Double","Power CAN output","Veh_1/ToVCU/powerCAN_out/SoftBMSDataToBus/BMS_CellVoltMsg8/BMS_CellVoltMsg8_Counter_ToBus","Veh_1_B.VCar_Outport_p1","","Power-domain CAN output; observe motor, battery, and power-control frames.","1"
"Output","Veh_1.ToVCU.powerCAN_out.SoftBMSDataToBus.BMS_CellVoltMsg8_MsgEnable.BMS_CellVoltMsg8_MsgDisable","Bool","Power CAN output","Veh_1/ToVCU/powerCAN_out/SoftBMSDataToBus/BMS_CellVoltMsg8_MsgEnable/BMS_CellVoltMsg8_MsgDisable","Veh_1_B.VCar_Outport_hw","","Power-domain CAN output; observe motor, battery, and power-control frames.","1"
"Output","Veh_1.ToVCU.powerCAN_out.SoftBMSDataToBus.BMS_CellVoltMsg9.BMS_cell_Volt_33_ToBus","Double","Power CAN output","Veh_1/ToVCU/powerCAN_out/SoftBMSDataToBus/BMS_CellVoltMsg9/BMS_cell_Volt_33_ToBus","Veh_1_B.VCar_Outport_d1t","","Power-domain CAN output; observe motor, battery, and power-control frames.","1"
"Output","Veh_1.ToVCU.powerCAN_out.SoftBMSDataToBus.BMS_CellVoltMsg9.BMS_cell_Volt_34_ToBus","Double","Power CAN output","Veh_1/ToVCU/powerCAN_out/SoftBMSDataToBus/BMS_CellVoltMsg9/BMS_cell_Volt_34_ToBus","Veh_1_B.VCar_Outport_an","","Power-domain CAN output; observe motor, battery, and power-control frames.","1"
"Output","Veh_1.ToVCU.powerCAN_out.SoftBMSDataToBus.BMS_CellVoltMsg9.BMS_cell_Volt_35_ToBus","Double","Power CAN output","Veh_1/ToVCU/powerCAN_out/SoftBMSDataToBus/BMS_CellVoltMsg9/BMS_cell_Volt_35_ToBus","Veh_1_B.VCar_Outport_o2v","","Power-domain CAN output; observe motor, battery, and power-control frames.","1"
"Output","Veh_1.ToVCU.powerCAN_out.SoftBMSDataToBus.BMS_CellVoltMsg9.BMS_cell_Volt_36_ToBus","Double","Power CAN output","Veh_1/ToVCU/powerCAN_out/SoftBMSDataToBus/BMS_CellVoltMsg9/BMS_cell_Volt_36_ToBus","Veh_1_B.VCar_Outport_hys","","Power-domain CAN output; observe motor, battery, and power-control frames.","1"
"Output","Veh_1.ToVCU.powerCAN_out.SoftBMSDataToBus.BMS_CellVoltMsg9.BMS_CellVoltMsg9_Counter_ToBus","Double","Power CAN output","Veh_1/ToVCU/powerCAN_out/SoftBMSDataToBus/BMS_CellVoltMsg9/BMS_CellVoltMsg9_Counter_ToBus","Veh_1_B.VCar_Outport_l5c","","Power-domain CAN output; observe motor, battery, and power-control frames.","1"
"Output","Veh_1.ToVCU.powerCAN_out.SoftBMSDataToBus.BMS_CellVoltMsg9_MsgEnable.BMS_CellVoltMsg9_MsgDisable","Bool","Power CAN output","Veh_1/ToVCU/powerCAN_out/SoftBMSDataToBus/BMS_CellVoltMsg9_MsgEnable/BMS_CellVoltMsg9_MsgDisable","Veh_1_B.VCar_Outport_atp","","Power-domain CAN output; observe motor, battery, and power-control frames.","1"
"Output","Veh_1.ToVCU.powerCAN_out.SoftBMSDataToBus.BMS_General.BMS_chgFault_alarm_ToBus","Double","Power CAN output","Veh_1/ToVCU/powerCAN_out/SoftBMSDataToBus/BMS_General/BMS_chgFault_alarm_ToBus","Veh_1_B.VCar_Outport_jp","","Power-domain CAN output; observe motor, battery, and power-control frames.","1"
"Output","Veh_1.ToVCU.powerCAN_out.SoftBMSDataToBus.BMS_General.BMS_chgFaultLevel_ToBus","Double","Power CAN output","Veh_1/ToVCU/powerCAN_out/SoftBMSDataToBus/BMS_General/BMS_chgFaultLevel_ToBus","Veh_1_B.VCar_Outport_ni","","Power-domain CAN output; observe motor, battery, and power-control frames.","1"
"Output","Veh_1.ToVCU.powerCAN_out.SoftBMSDataToBus.BMS_General.BMS_Discharge_Relay_state_ToBus","Double","Power CAN output","Veh_1/ToVCU/powerCAN_out/SoftBMSDataToBus/BMS_General/BMS_Discharge_Relay_state_ToBus","Veh_1_B.VCar_Outport_dn","","Power-domain CAN output; observe motor, battery, and power-control frames.","1"
"Output","Veh_1.ToVCU.powerCAN_out.SoftBMSDataToBus.BMS_General.BMS_General_CheckSUM_ToBus","Double","Power CAN output","Veh_1/ToVCU/powerCAN_out/SoftBMSDataToBus/BMS_General/BMS_General_CheckSUM_ToBus","Veh_1_B.VCar_Outport_gbg","","Power-domain CAN output; observe motor, battery, and power-control frames.","1"
"Output","Veh_1.ToVCU.powerCAN_out.SoftBMSDataToBus.BMS_General.BMS_General_RollingCounter_ToBus","Double","Power CAN output","Veh_1/ToVCU/powerCAN_out/SoftBMSDataToBus/BMS_General/BMS_General_RollingCounter_ToBus","Veh_1_B.VCar_Outport_led","","Power-domain CAN output; observe motor, battery, and power-control frames.","1"
"Output","Veh_1.ToVCU.powerCAN_out.SoftBMSDataToBus.BMS_General.BMS_HVIL_state_ToBus","Double","Power CAN output","Veh_1/ToVCU/powerCAN_out/SoftBMSDataToBus/BMS_General/BMS_HVIL_state_ToBus","Veh_1_B.VCar_Outport_ofe","","Power-domain CAN output; observe motor, battery, and power-control frames.","1"
"Output","Veh_1.ToVCU.powerCAN_out.SoftBMSDataToBus.BMS_General.BMS_Insolation_Sta_ToBus","Double","Power CAN output","Veh_1/ToVCU/powerCAN_out/SoftBMSDataToBus/BMS_General/BMS_Insolation_Sta_ToBus","Veh_1_B.VCar_Outport_k4t","","Power-domain CAN output; observe motor, battery, and power-control frames.","1"
"Output","Veh_1.ToVCU.powerCAN_out.SoftBMSDataToBus.BMS_General.BMS_InsulationRes_ToBus","Double","Power CAN output","Veh_1/ToVCU/powerCAN_out/SoftBMSDataToBus/BMS_General/BMS_InsulationRes_ToBus","Veh_1_B.VCar_Outport_mel","","Power-domain CAN output; observe motor, battery, and power-control frames.","1"
"Output","Veh_1.ToVCU.powerCAN_out.SoftBMSDataToBus.BMS_General.BMS_mode_ToBus","Double","Power CAN output","Veh_1/ToVCU/powerCAN_out/SoftBMSDataToBus/BMS_General/BMS_mode_ToBus","Veh_1_B.VCar_Outport_dq","","Power-domain CAN output; observe motor, battery, and power-control frames.","1"
"Output","Veh_1.ToVCU.powerCAN_out.SoftBMSDataToBus.BMS_General.BMS_Vehicle_crash_signal_ToBus","Double","Power CAN output","Veh_1/ToVCU/powerCAN_out/SoftBMSDataToBus/BMS_General/BMS_Vehicle_crash_signal_ToBus","Veh_1_B.VCar_Outport_mj","","Power-domain CAN output; observe motor, battery, and power-control frames.","1"
"Output","Veh_1.ToVCU.powerCAN_out.SoftBMSDataToBus.BMS_General_MsgEnable.BMS_General_MsgDisable","Bool","Power CAN output","Veh_1/ToVCU/powerCAN_out/SoftBMSDataToBus/BMS_General_MsgEnable/BMS_General_MsgDisable","Veh_1_B.VCar_Outport_nh","","Power-domain CAN output; observe motor, battery, and power-control frames.","1"
"Output","Veh_1.ToVCU.powerCAN_out.SoftBMSDataToBus.BMS_HVBusVolt_Curr.BMS_HVBusCurr_ToBus","Double","Power CAN output","Veh_1/ToVCU/powerCAN_out/SoftBMSDataToBus/BMS_HVBusVolt_Curr/BMS_HVBusCurr_ToBus","Veh_1_B.VCar_Outport_mrd","","Power-domain CAN output; observe motor, battery, and power-control frames.","1"
"Output","Veh_1.ToVCU.powerCAN_out.SoftBMSDataToBus.BMS_HVBusVolt_Curr.BMS_HVBusVolt_ToBus","Double","Power CAN output","Veh_1/ToVCU/powerCAN_out/SoftBMSDataToBus/BMS_HVBusVolt_Curr/BMS_HVBusVolt_ToBus","Veh_1_B.VCar_Outport_axe","","Power-domain CAN output; observe motor, battery, and power-control frames.","1"
"Output","Veh_1.ToVCU.powerCAN_out.SoftBMSDataToBus.BMS_HVBusVolt_Curr.BMS_SOC_ToBus","Double","Power CAN output","Veh_1/ToVCU/powerCAN_out/SoftBMSDataToBus/BMS_HVBusVolt_Curr/BMS_SOC_ToBus","Veh_1_B.VCar_Outport_ia","","Power-domain CAN output; observe motor, battery, and power-control frames.","1"
"Output","Veh_1.ToVCU.powerCAN_out.SoftBMSDataToBus.BMS_HVBusVolt_Curr.BMS_SOH_ToBus","Double","Power CAN output","Veh_1/ToVCU/powerCAN_out/SoftBMSDataToBus/BMS_HVBusVolt_Curr/BMS_SOH_ToBus","Veh_1_B.VCar_Outport_dx","","Power-domain CAN output; observe motor, battery, and power-control frames.","1"
"Output","Veh_1.ToVCU.powerCAN_out.SoftBMSDataToBus.BMS_HVBusVolt_Curr_MsgEnable.BMS_HVBusVolt_Curr_MsgDisable","Bool","Power CAN output","Veh_1/ToVCU/powerCAN_out/SoftBMSDataToBus/BMS_HVBusVolt_Curr_MsgEnable/BMS_HVBusVolt_Curr_MsgDisable","Veh_1_B.VCar_Outport_dgb","","Power-domain CAN output; observe motor, battery, and power-control frames.","1"
"Output","Veh_1.ToVCU.powerCAN_out.SoftBMSDataToBus.BMS_OBCCtrl.BMS_charge_enable_ToBus","Double","Power CAN output","Veh_1/ToVCU/powerCAN_out/SoftBMSDataToBus/BMS_OBCCtrl/BMS_charge_enable_ToBus","Veh_1_B.VCar_Outport_na","","Power-domain CAN output; observe motor, battery, and power-control frames.","1"
"Output","Veh_1.ToVCU.powerCAN_out.SoftBMSDataToBus.BMS_OBCCtrl.BMS_charge_remaintime_ToBus","Double","Power CAN output","Veh_1/ToVCU/powerCAN_out/SoftBMSDataToBus/BMS_OBCCtrl/BMS_charge_remaintime_ToBus","Veh_1_B.VCar_Outport_d5d","","Power-domain CAN output; observe motor, battery, and power-control frames.","1"
"Output","Veh_1.ToVCU.powerCAN_out.SoftBMSDataToBus.BMS_OBCCtrl.BMS_charger_arrow_chargcurrent_ToBus","Double","Power CAN output","Veh_1/ToVCU/powerCAN_out/SoftBMSDataToBus/BMS_OBCCtrl/BMS_charger_arrow_chargcurrent_ToBus","Veh_1_B.VCar_Outport_dqb","","Power-domain CAN output; observe motor, battery, and power-control frames.","1"
"Output","Veh_1.ToVCU.powerCAN_out.SoftBMSDataToBus.BMS_OBCCtrl.BMS_charger_arrow_chargvoltag_ToBus","Double","Power CAN output","Veh_1/ToVCU/powerCAN_out/SoftBMSDataToBus/BMS_OBCCtrl/BMS_charger_arrow_chargvoltag_ToBus","Veh_1_B.VCar_Outport_jcm","","Power-domain CAN output; observe motor, battery, and power-control frames.","1"
"Output","Veh_1.ToVCU.powerCAN_out.SoftBMSDataToBus.BMS_OBCCtrl.BMS_charger_requier_chargcurrent_ToBus","Double","Power CAN output","Veh_1/ToVCU/powerCAN_out/SoftBMSDataToBus/BMS_OBCCtrl/BMS_charger_requier_chargcurrent_ToBus","Veh_1_B.VCar_Outport_puj","","Power-domain CAN output; observe motor, battery, and power-control frames.","1"
"Output","Veh_1.ToVCU.powerCAN_out.SoftBMSDataToBus.BMS_OBCCtrl.BMS_charger_requier_chargvoltag_ToBus","Double","Power CAN output","Veh_1/ToVCU/powerCAN_out/SoftBMSDataToBus/BMS_OBCCtrl/BMS_charger_requier_chargvoltag_ToBus","Veh_1_B.VCar_Outport_pb","","Power-domain CAN output; observe motor, battery, and power-control frames.","1"
"Output","Veh_1.ToVCU.powerCAN_out.SoftBMSDataToBus.BMS_OBCCtrl.BMS_OBCCtrl_Counter_ToBus","Double","Power CAN output","Veh_1/ToVCU/powerCAN_out/SoftBMSDataToBus/BMS_OBCCtrl/BMS_OBCCtrl_Counter_ToBus","Veh_1_B.VCar_Outport_ch","","Power-domain CAN output; observe motor, battery, and power-control frames.","1"
"Output","Veh_1.ToVCU.powerCAN_out.SoftBMSDataToBus.BMS_OBCCtrl_MsgEnable.BMS_OBCCtrl_MsgDisable","Bool","Power CAN output","Veh_1/ToVCU/powerCAN_out/SoftBMSDataToBus/BMS_OBCCtrl_MsgEnable/BMS_OBCCtrl_MsgDisable","Veh_1_B.VCar_Outport_iy","","Power-domain CAN output; observe motor, battery, and power-control frames.","1"
"Output","Veh_1.ToVCU.powerCAN_out.SoftBMSDataToBus.BMS_Pack_status.BMS_charge_or_discharge_status_ToBus","Double","Power CAN output","Veh_1/ToVCU/powerCAN_out/SoftBMSDataToBus/BMS_Pack_status/BMS_charge_or_discharge_status_ToBus","Veh_1_B.VCar_Outport_jud","","Power-domain CAN output; observe motor, battery, and power-control frames.","1"
"Output","Veh_1.ToVCU.powerCAN_out.SoftBMSDataToBus.BMS_Pack_status.BMS_cold_or_heat_status_ToBus","Double","Power CAN output","Veh_1/ToVCU/powerCAN_out/SoftBMSDataToBus/BMS_Pack_status/BMS_cold_or_heat_status_ToBus","Veh_1_B.VCar_Outport_bhb","","Power-domain CAN output; observe motor, battery, and power-control frames.","1"
"Output","Veh_1.ToVCU.powerCAN_out.SoftBMSDataToBus.BMS_Pack_status.Bms_num_PLUG_ToBus","Double","Power CAN output","Veh_1/ToVCU/powerCAN_out/SoftBMSDataToBus/BMS_Pack_status/Bms_num_PLUG_ToBus","Veh_1_B.VCar_Outport_btf","","Power-domain CAN output; observe motor, battery, and power-control frames.","1"
"Output","Veh_1.ToVCU.powerCAN_out.SoftBMSDataToBus.BMS_Pack_status.BMS_Pack_status_Counter_ToBus","Double","Power CAN output","Veh_1/ToVCU/powerCAN_out/SoftBMSDataToBus/BMS_Pack_status/BMS_Pack_status_Counter_ToBus","Veh_1_B.VCar_Outport_ks","","Power-domain CAN output; observe motor, battery, and power-control frames.","1"
"Output","Veh_1.ToVCU.powerCAN_out.SoftBMSDataToBus.BMS_Pack_status.BMS_status_blacce_ToBus","Double","Power CAN output","Veh_1/ToVCU/powerCAN_out/SoftBMSDataToBus/BMS_Pack_status/BMS_status_blacce_ToBus","Veh_1_B.VCar_Outport_cjb","","Power-domain CAN output; observe motor, battery, and power-control frames.","1"
"Output","Veh_1.ToVCU.powerCAN_out.SoftBMSDataToBus.BMS_Pack_status.BMS_status_chargerelay_ToBus","Double","Power CAN output","Veh_1/ToVCU/powerCAN_out/SoftBMSDataToBus/BMS_Pack_status/BMS_status_chargerelay_ToBus","Veh_1_B.VCar_Outport_d2","","Power-domain CAN output; observe motor, battery, and power-control frames.","1"
"Output","Veh_1.ToVCU.powerCAN_out.SoftBMSDataToBus.BMS_Pack_status_MsgEnable.BMS_Pack_status_MsgDisable","Bool","Power CAN output","Veh_1/ToVCU/powerCAN_out/SoftBMSDataToBus/BMS_Pack_status_MsgEnable/BMS_Pack_status_MsgDisable","Veh_1_B.VCar_Outport_ar","","Power-domain CAN output; observe motor, battery, and power-control frames.","1"
"Output","Veh_1.ToVCU.powerCAN_out.SoftBMSDataToBus.BMS_PwrLimit_Chg.BMS_Max_continuous_charge_power_ToBus","Double","Power CAN output","Veh_1/ToVCU/powerCAN_out/SoftBMSDataToBus/BMS_PwrLimit_Chg/BMS_Max_continuous_charge_power_ToBus","Veh_1_B.VCar_Outport_ls","","Power-domain CAN output; observe motor, battery, and power-control frames.","1"
"Output","Veh_1.ToVCU.powerCAN_out.SoftBMSDataToBus.BMS_PwrLimit_Chg.BMS_Max_Instantaneous_Peak_charge_power_ToBus","Double","Power CAN output","Veh_1/ToVCU/powerCAN_out/SoftBMSDataToBus/BMS_PwrLimit_Chg/BMS_Max_Instantaneous_Peak_charge_power_ToBus","Veh_1_B.VCar_Outport_mef","","Power-domain CAN output; observe motor, battery, and power-control frames.","1"
"Output","Veh_1.ToVCU.powerCAN_out.SoftBMSDataToBus.BMS_PwrLimit_Chg.BMS_PwrLimit_Chg_Counter_ToBus","Double","Power CAN output","Veh_1/ToVCU/powerCAN_out/SoftBMSDataToBus/BMS_PwrLimit_Chg/BMS_PwrLimit_Chg_Counter_ToBus","Veh_1_B.VCar_Outport_gz","","Power-domain CAN output; observe motor, battery, and power-control frames.","1"
"Output","Veh_1.ToVCU.powerCAN_out.SoftBMSDataToBus.BMS_PwrLimit_Chg_MsgEnable.BMS_PwrLimit_Chg_MsgDisable","Bool","Power CAN output","Veh_1/ToVCU/powerCAN_out/SoftBMSDataToBus/BMS_PwrLimit_Chg_MsgEnable/BMS_PwrLimit_Chg_MsgDisable","Veh_1_B.VCar_Outport_fyu","","Power-domain CAN output; observe motor, battery, and power-control frames.","1"
"Output","Veh_1.ToVCU.powerCAN_out.SoftBMSDataToBus.BMS_PwrLimit_DisChg.BMS_10sMaxDischgPwr_ToBus","Double","Power CAN output","Veh_1/ToVCU/powerCAN_out/SoftBMSDataToBus/BMS_PwrLimit_DisChg/BMS_10sMaxDischgPwr_ToBus","Veh_1_B.VCar_Outport_d1u","","Power-domain CAN output; observe motor, battery, and power-control frames.","1"
"Output","Veh_1.ToVCU.powerCAN_out.SoftBMSDataToBus.BMS_PwrLimit_DisChg.BMS_30sMaxDischgPwr_ToBus","Double","Power CAN output","Veh_1/ToVCU/powerCAN_out/SoftBMSDataToBus/BMS_PwrLimit_DisChg/BMS_30sMaxDischgPwr_ToBus","Veh_1_B.VCar_Outport_bq","","Power-domain CAN output; observe motor, battery, and power-control frames.","1"
"Output","Veh_1.ToVCU.powerCAN_out.SoftBMSDataToBus.BMS_PwrLimit_DisChg.BMS_MaxContDischgPwr_ToBus","Double","Power CAN output","Veh_1/ToVCU/powerCAN_out/SoftBMSDataToBus/BMS_PwrLimit_DisChg/BMS_MaxContDischgPwr_ToBus","Veh_1_B.VCar_Outport_ceh","","Power-domain CAN output; observe motor, battery, and power-control frames.","1"
"Output","Veh_1.ToVCU.powerCAN_out.SoftBMSDataToBus.BMS_PwrLimit_DisChg.BMS_PwrLimit_DisChg_Counter_ToBus","Double","Power CAN output","Veh_1/ToVCU/powerCAN_out/SoftBMSDataToBus/BMS_PwrLimit_DisChg/BMS_PwrLimit_DisChg_Counter_ToBus","Veh_1_B.VCar_Outport_kt","","Power-domain CAN output; observe motor, battery, and power-control frames.","1"
"Output","Veh_1.ToVCU.powerCAN_out.SoftBMSDataToBus.BMS_PwrLimit_DisChg_MsgEnable.BMS_PwrLimit_DisChg_MsgDisable","Bool","Power CAN output","Veh_1/ToVCU/powerCAN_out/SoftBMSDataToBus/BMS_PwrLimit_DisChg_MsgEnable/BMS_PwrLimit_DisChg_MsgDisable","Veh_1_B.VCar_Outport_f4t","","Power-domain CAN output; observe motor, battery, and power-control frames.","1"
"Output","Veh_1.ToVCU.powerCAN_out.SoftBMSDataToBus.BMS_Temp.BMS_BattTempAvg_ToBus","Double","Power CAN output","Veh_1/ToVCU/powerCAN_out/SoftBMSDataToBus/BMS_Temp/BMS_BattTempAvg_ToBus","Veh_1_B.VCar_Outport_heq","","Power-domain CAN output; observe motor, battery, and power-control frames.","1"
"Output","Veh_1.ToVCU.powerCAN_out.SoftBMSDataToBus.BMS_Temp.BMS_Cell_total_ToBus","Double","Power CAN output","Veh_1/ToVCU/powerCAN_out/SoftBMSDataToBus/BMS_Temp/BMS_Cell_total_ToBus","Veh_1_B.VCar_Outport_lq","","Power-domain CAN output; observe motor, battery, and power-control frames.","1"
"Output","Veh_1.ToVCU.powerCAN_out.SoftBMSDataToBus.BMS_Temp.BMS_CellTempMax_Num_ToBus","Double","Power CAN output","Veh_1/ToVCU/powerCAN_out/SoftBMSDataToBus/BMS_Temp/BMS_CellTempMax_Num_ToBus","Veh_1_B.VCar_Outport_pf","","Power-domain CAN output; observe motor, battery, and power-control frames.","1"
"Output","Veh_1.ToVCU.powerCAN_out.SoftBMSDataToBus.BMS_Temp.BMS_CellTempMax_ToBus","Double","Power CAN output","Veh_1/ToVCU/powerCAN_out/SoftBMSDataToBus/BMS_Temp/BMS_CellTempMax_ToBus","Veh_1_B.VCar_Outport_izn","","Power-domain CAN output; observe motor, battery, and power-control frames.","1"
"Output","Veh_1.ToVCU.powerCAN_out.SoftBMSDataToBus.BMS_Temp.BMS_CellTempMin_Num_ToBus","Double","Power CAN output","Veh_1/ToVCU/powerCAN_out/SoftBMSDataToBus/BMS_Temp/BMS_CellTempMin_Num_ToBus","Veh_1_B.VCar_Outport_i3v","","Power-domain CAN output; observe motor, battery, and power-control frames.","1"
"Output","Veh_1.ToVCU.powerCAN_out.SoftBMSDataToBus.BMS_Temp.BMS_CellTempMin_ToBus","Double","Power CAN output","Veh_1/ToVCU/powerCAN_out/SoftBMSDataToBus/BMS_Temp/BMS_CellTempMin_ToBus","Veh_1_B.VCar_Outport_lma","","Power-domain CAN output; observe motor, battery, and power-control frames.","1"
"Output","Veh_1.ToVCU.powerCAN_out.SoftBMSDataToBus.BMS_Temp.BMS_Temp_Counter_ToBus","Double","Power CAN output","Veh_1/ToVCU/powerCAN_out/SoftBMSDataToBus/BMS_Temp/BMS_Temp_Counter_ToBus","Veh_1_B.VCar_Outport_hs","","Power-domain CAN output; observe motor, battery, and power-control frames.","1"
"Output","Veh_1.ToVCU.powerCAN_out.SoftBMSDataToBus.BMS_Temp.BMS_Temp_sensor_total_ToBus","Double","Power CAN output","Veh_1/ToVCU/powerCAN_out/SoftBMSDataToBus/BMS_Temp/BMS_Temp_sensor_total_ToBus","Veh_1_B.VCar_Outport_igj","","Power-domain CAN output; observe motor, battery, and power-control frames.","1"
"Output","Veh_1.ToVCU.powerCAN_out.SoftBMSDataToBus.BMS_Temp_MsgEnable.BMS_Temp_MsgDisable","Bool","Power CAN output","Veh_1/ToVCU/powerCAN_out/SoftBMSDataToBus/BMS_Temp_MsgEnable/BMS_Temp_MsgDisable","Veh_1_B.VCar_Outport_die","","Power-domain CAN output; observe motor, battery, and power-control frames.","1"
"Output","Veh_1.ToVCU.powerCAN_out.SoftBMSDataToBus.BMS_TempSensorMsg1.BMS_Sensor_temp_1_ToBus","Double","Power CAN output","Veh_1/ToVCU/powerCAN_out/SoftBMSDataToBus/BMS_TempSensorMsg1/BMS_Sensor_temp_1_ToBus","Veh_1_B.VCar_Outport_kh","","Power-domain CAN output; observe motor, battery, and power-control frames.","1"
"Output","Veh_1.ToVCU.powerCAN_out.SoftBMSDataToBus.BMS_TempSensorMsg1.BMS_Sensor_temp_2_ToBus","Double","Power CAN output","Veh_1/ToVCU/powerCAN_out/SoftBMSDataToBus/BMS_TempSensorMsg1/BMS_Sensor_temp_2_ToBus","Veh_1_B.VCar_Outport_ap","","Power-domain CAN output; observe motor, battery, and power-control frames.","1"
"Output","Veh_1.ToVCU.powerCAN_out.SoftBMSDataToBus.BMS_TempSensorMsg1.BMS_Sensor_temp_3_ToBus","Double","Power CAN output","Veh_1/ToVCU/powerCAN_out/SoftBMSDataToBus/BMS_TempSensorMsg1/BMS_Sensor_temp_3_ToBus","Veh_1_B.VCar_Outport_is","","Power-domain CAN output; observe motor, battery, and power-control frames.","1"
"Output","Veh_1.ToVCU.powerCAN_out.SoftBMSDataToBus.BMS_TempSensorMsg1.BMS_Sensor_temp_4_ToBus","Double","Power CAN output","Veh_1/ToVCU/powerCAN_out/SoftBMSDataToBus/BMS_TempSensorMsg1/BMS_Sensor_temp_4_ToBus","Veh_1_B.VCar_Outport_h1","","Power-domain CAN output; observe motor, battery, and power-control frames.","1"
"Output","Veh_1.ToVCU.powerCAN_out.SoftBMSDataToBus.BMS_TempSensorMsg1.BMS_Sensor_temp_5_ToBus","Double","Power CAN output","Veh_1/ToVCU/powerCAN_out/SoftBMSDataToBus/BMS_TempSensorMsg1/BMS_Sensor_temp_5_ToBus","Veh_1_B.VCar_Outport_lf","","Power-domain CAN output; observe motor, battery, and power-control frames.","1"
"Output","Veh_1.ToVCU.powerCAN_out.SoftBMSDataToBus.BMS_TempSensorMsg1.BMS_Sensor_temp_6_ToBus","Double","Power CAN output","Veh_1/ToVCU/powerCAN_out/SoftBMSDataToBus/BMS_TempSensorMsg1/BMS_Sensor_temp_6_ToBus","Veh_1_B.VCar_Outport_ata","","Power-domain CAN output; observe motor, battery, and power-control frames.","1"
"Output","Veh_1.ToVCU.powerCAN_out.SoftBMSDataToBus.BMS_TempSensorMsg1.BMS_Sensor_temp_7_ToBus","Double","Power CAN output","Veh_1/ToVCU/powerCAN_out/SoftBMSDataToBus/BMS_TempSensorMsg1/BMS_Sensor_temp_7_ToBus","Veh_1_B.VCar_Outport_b3","","Power-domain CAN output; observe motor, battery, and power-control frames.","1"
"Output","Veh_1.ToVCU.powerCAN_out.SoftBMSDataToBus.BMS_TempSensorMsg1.BMS_TempSensorMsg1_Counter_ToBus","Double","Power CAN output","Veh_1/ToVCU/powerCAN_out/SoftBMSDataToBus/BMS_TempSensorMsg1/BMS_TempSensorMsg1_Counter_ToBus","Veh_1_B.VCar_Outport_pn","","Power-domain CAN output; observe motor, battery, and power-control frames.","1"
"Output","Veh_1.ToVCU.powerCAN_out.SoftBMSDataToBus.BMS_TempSensorMsg1_MsgEnable.BMS_TempSensorMsg1_MsgDisable","Bool","Power CAN output","Veh_1/ToVCU/powerCAN_out/SoftBMSDataToBus/BMS_TempSensorMsg1_MsgEnable/BMS_TempSensorMsg1_MsgDisable","Veh_1_B.VCar_Outport_b23","","Power-domain CAN output; observe motor, battery, and power-control frames.","1"
"Output","Veh_1.ToVCU.powerCAN_out.SoftBMSDataToBus.BMS_TempSensorMsg2.BMS_Sensor_temp_10_ToBus","Double","Power CAN output","Veh_1/ToVCU/powerCAN_out/SoftBMSDataToBus/BMS_TempSensorMsg2/BMS_Sensor_temp_10_ToBus","Veh_1_B.VCar_Outport_fy","","Power-domain CAN output; observe motor, battery, and power-control frames.","1"
"Output","Veh_1.ToVCU.powerCAN_out.SoftBMSDataToBus.BMS_TempSensorMsg2.BMS_Sensor_temp_11_ToBus","Double","Power CAN output","Veh_1/ToVCU/powerCAN_out/SoftBMSDataToBus/BMS_TempSensorMsg2/BMS_Sensor_temp_11_ToBus","Veh_1_B.VCar_Outport_bk2","","Power-domain CAN output; observe motor, battery, and power-control frames.","1"
"Output","Veh_1.ToVCU.powerCAN_out.SoftBMSDataToBus.BMS_TempSensorMsg2.BMS_Sensor_temp_12_ToBus","Double","Power CAN output","Veh_1/ToVCU/powerCAN_out/SoftBMSDataToBus/BMS_TempSensorMsg2/BMS_Sensor_temp_12_ToBus","Veh_1_B.VCar_Outport_aa","","Power-domain CAN output; observe motor, battery, and power-control frames.","1"
"Output","Veh_1.ToVCU.powerCAN_out.SoftBMSDataToBus.BMS_TempSensorMsg2.BMS_Sensor_temp_13_ToBus","Double","Power CAN output","Veh_1/ToVCU/powerCAN_out/SoftBMSDataToBus/BMS_TempSensorMsg2/BMS_Sensor_temp_13_ToBus","Veh_1_B.VCar_Outport_fm","","Power-domain CAN output; observe motor, battery, and power-control frames.","1"
"Output","Veh_1.ToVCU.powerCAN_out.SoftBMSDataToBus.BMS_TempSensorMsg2.BMS_Sensor_temp_14_ToBus","Double","Power CAN output","Veh_1/ToVCU/powerCAN_out/SoftBMSDataToBus/BMS_TempSensorMsg2/BMS_Sensor_temp_14_ToBus","Veh_1_B.VCar_Outport_cyp","","Power-domain CAN output; observe motor, battery, and power-control frames.","1"
"Output","Veh_1.ToVCU.powerCAN_out.SoftBMSDataToBus.BMS_TempSensorMsg2.BMS_Sensor_temp_8_ToBus","Double","Power CAN output","Veh_1/ToVCU/powerCAN_out/SoftBMSDataToBus/BMS_TempSensorMsg2/BMS_Sensor_temp_8_ToBus","Veh_1_B.VCar_Outport_lmz","","Power-domain CAN output; observe motor, battery, and power-control frames.","1"
"Output","Veh_1.ToVCU.powerCAN_out.SoftBMSDataToBus.BMS_TempSensorMsg2.BMS_Sensor_temp_9_ToBus","Double","Power CAN output","Veh_1/ToVCU/powerCAN_out/SoftBMSDataToBus/BMS_TempSensorMsg2/BMS_Sensor_temp_9_ToBus","Veh_1_B.VCar_Outport_o5m","","Power-domain CAN output; observe motor, battery, and power-control frames.","1"
"Output","Veh_1.ToVCU.powerCAN_out.SoftBMSDataToBus.BMS_TempSensorMsg2.BMS_TempSensorMsg2_Counter_ToBus","Double","Power CAN output","Veh_1/ToVCU/powerCAN_out/SoftBMSDataToBus/BMS_TempSensorMsg2/BMS_TempSensorMsg2_Counter_ToBus","Veh_1_B.VCar_Outport_cf","","Power-domain CAN output; observe motor, battery, and power-control frames.","1"
"Output","Veh_1.ToVCU.powerCAN_out.SoftBMSDataToBus.BMS_TempSensorMsg2_MsgEnable.BMS_TempSensorMsg2_MsgDisable","Bool","Power CAN output","Veh_1/ToVCU/powerCAN_out/SoftBMSDataToBus/BMS_TempSensorMsg2_MsgEnable/BMS_TempSensorMsg2_MsgDisable","Veh_1_B.VCar_Outport_j11","","Power-domain CAN output; observe motor, battery, and power-control frames.","1"
"Output","Veh_1.ToVCU.powerCAN_out.SoftBMSDataToBus.BMS_WarningMsg.BMS_Battery_NOT_matching_ToBus","Double","Power CAN output","Veh_1/ToVCU/powerCAN_out/SoftBMSDataToBus/BMS_WarningMsg/BMS_Battery_NOT_matching_ToBus","Veh_1_B.VCar_Outport_npg","","Power-domain CAN output; observe motor, battery, and power-control frames.","1"
"Output","Veh_1.ToVCU.powerCAN_out.SoftBMSDataToBus.BMS_WarningMsg.BMS_SOC_Break_1_ToBus","Double","Power CAN output","Veh_1/ToVCU/powerCAN_out/SoftBMSDataToBus/BMS_WarningMsg/BMS_SOC_Break_1_ToBus","Veh_1_B.VCar_Outport_dg4","","Power-domain CAN output; observe motor, battery, and power-control frames.","1"
"Output","Veh_1.ToVCU.powerCAN_out.SoftBMSDataToBus.BMS_WarningMsg.BMS_SOC_too_High_ToBus","Double","Power CAN output","Veh_1/ToVCU/powerCAN_out/SoftBMSDataToBus/BMS_WarningMsg/BMS_SOC_too_High_ToBus","Veh_1_B.VCar_Outport_iiw","","Power-domain CAN output; observe motor, battery, and power-control frames.","1"
"Output","Veh_1.ToVCU.powerCAN_out.SoftBMSDataToBus.BMS_WarningMsg.BMS_War_cellOverVoltage_3_ToBus","Double","Power CAN output","Veh_1/ToVCU/powerCAN_out/SoftBMSDataToBus/BMS_WarningMsg/BMS_War_cellOverVoltage_3_ToBus","Veh_1_B.VCar_Outport_ju5","","Power-domain CAN output; observe motor, battery, and power-control frames.","1"
"Output","Veh_1.ToVCU.powerCAN_out.SoftBMSDataToBus.BMS_WarningMsg.BMS_War_cellOverVoltage_4_ToBus","Double","Power CAN output","Veh_1/ToVCU/powerCAN_out/SoftBMSDataToBus/BMS_WarningMsg/BMS_War_cellOverVoltage_4_ToBus","Veh_1_B.VCar_Outport_f4","","Power-domain CAN output; observe motor, battery, and power-control frames.","1"
"Output","Veh_1.ToVCU.powerCAN_out.SoftBMSDataToBus.BMS_WarningMsg.BMS_War_cellUnderVoltage_2_ToBus","Double","Power CAN output","Veh_1/ToVCU/powerCAN_out/SoftBMSDataToBus/BMS_WarningMsg/BMS_War_cellUnderVoltage_2_ToBus","Veh_1_B.VCar_Outport_md","","Power-domain CAN output; observe motor, battery, and power-control frames.","1"
"Output","Veh_1.ToVCU.powerCAN_out.SoftBMSDataToBus.BMS_WarningMsg.BMS_War_cellUnderVoltage_3_ToBus","Double","Power CAN output","Veh_1/ToVCU/powerCAN_out/SoftBMSDataToBus/BMS_WarningMsg/BMS_War_cellUnderVoltage_3_ToBus","Veh_1_B.VCar_Outport_gz0","","Power-domain CAN output; observe motor, battery, and power-control frames.","1"
"Output","Veh_1.ToVCU.powerCAN_out.SoftBMSDataToBus.BMS_WarningMsg.BMS_War_cellUnderVoltage_4_ToBus","Double","Power CAN output","Veh_1/ToVCU/powerCAN_out/SoftBMSDataToBus/BMS_WarningMsg/BMS_War_cellUnderVoltage_4_ToBus","Veh_1_B.VCar_Outport_p1n","","Power-domain CAN output; observe motor, battery, and power-control frames.","1"
"Output","Veh_1.ToVCU.powerCAN_out.SoftBMSDataToBus.BMS_WarningMsg.BMS_War_cellUnderVoltage_chg_4_ToBus","Double","Power CAN output","Veh_1/ToVCU/powerCAN_out/SoftBMSDataToBus/BMS_WarningMsg/BMS_War_cellUnderVoltage_chg_4_ToBus","Veh_1_B.VCar_Outport_aoq","","Power-domain CAN output; observe motor, battery, and power-control frames.","1"
"Output","Veh_1.ToVCU.powerCAN_out.SoftBMSDataToBus.BMS_WarningMsg.BMS_War_chg_Overcurrent_3_ToBus","Double","Power CAN output","Veh_1/ToVCU/powerCAN_out/SoftBMSDataToBus/BMS_WarningMsg/BMS_War_chg_Overcurrent_3_ToBus","Veh_1_B.VCar_Outport_kf","","Power-domain CAN output; observe motor, battery, and power-control frames.","1"
"Output","Veh_1.ToVCU.powerCAN_out.SoftBMSDataToBus.BMS_WarningMsg.BMS_War_chg_Overcurrent_4_ToBus","Double","Power CAN output","Veh_1/ToVCU/powerCAN_out/SoftBMSDataToBus/BMS_WarningMsg/BMS_War_chg_Overcurrent_4_ToBus","Veh_1_B.VCar_Outport_lfc","","Power-domain CAN output; observe motor, battery, and power-control frames.","1"
"Output","Veh_1.ToVCU.powerCAN_out.SoftBMSDataToBus.BMS_WarningMsg.BMS_War_crash_level_4_ToBus","Double","Power CAN output","Veh_1/ToVCU/powerCAN_out/SoftBMSDataToBus/BMS_WarningMsg/BMS_War_crash_level_4_ToBus","Veh_1_B.VCar_Outport_khv","","Power-domain CAN output; observe motor, battery, and power-control frames.","1"
"Output","Veh_1.ToVCU.powerCAN_out.SoftBMSDataToBus.BMS_WarningMsg.BMS_War_dischg_Overcurrent_2_ToBus","Double","Power CAN output","Veh_1/ToVCU/powerCAN_out/SoftBMSDataToBus/BMS_WarningMsg/BMS_War_dischg_Overcurrent_2_ToBus","Veh_1_B.VCar_Outport_im","","Power-domain CAN output; observe motor, battery, and power-control frames.","1"
"Output","Veh_1.ToVCU.powerCAN_out.SoftBMSDataToBus.BMS_WarningMsg.BMS_War_dischg_Overcurrent_3_ToBus","Double","Power CAN output","Veh_1/ToVCU/powerCAN_out/SoftBMSDataToBus/BMS_WarningMsg/BMS_War_dischg_Overcurrent_3_ToBus","Veh_1_B.VCar_Outport_bf2","","Power-domain CAN output; observe motor, battery, and power-control frames.","1"
"Output","Veh_1.ToVCU.powerCAN_out.SoftBMSDataToBus.BMS_WarningMsg.BMS_War_heating_fault_4_ToBus","Double","Power CAN output","Veh_1/ToVCU/powerCAN_out/SoftBMSDataToBus/BMS_WarningMsg/BMS_War_heating_fault_4_ToBus","Veh_1_B.VCar_Outport_mht","","Power-domain CAN output; observe motor, battery, and power-control frames.","1"
"Output","Veh_1.ToVCU.powerCAN_out.SoftBMSDataToBus.BMS_WarningMsg.BMS_War_heating_film_HingTemp_4_ToBus","Double","Power CAN output","Veh_1/ToVCU/powerCAN_out/SoftBMSDataToBus/BMS_WarningMsg/BMS_War_heating_film_HingTemp_4_ToBus","Veh_1_B.VCar_Outport_l1","","Power-domain CAN output; observe motor, battery, and power-control frames.","1"
"Output","Veh_1.ToVCU.powerCAN_out.SoftBMSDataToBus.BMS_WarningMsg.BMS_War_heating_rate_Too_high_4_ToBus","Double","Power CAN output","Veh_1/ToVCU/powerCAN_out/SoftBMSDataToBus/BMS_WarningMsg/BMS_War_heating_rate_Too_high_4_ToBus","Veh_1_B.VCar_Outport_fu","","Power-domain CAN output; observe motor, battery, and power-control frames.","1"
"Output","Veh_1.ToVCU.powerCAN_out.SoftBMSDataToBus.BMS_WarningMsg.BMS_War_heating_rate_Too_high_ToBus","Double","Power CAN output","Veh_1/ToVCU/powerCAN_out/SoftBMSDataToBus/BMS_WarningMsg/BMS_War_heating_rate_Too_high_ToBus","Veh_1_B.VCar_Outport_fk","","Power-domain CAN output; observe motor, battery, and power-control frames.","1"
"Output","Veh_1.ToVCU.powerCAN_out.SoftBMSDataToBus.BMS_WarningMsg.BMS_War_HingTemp_2_ToBus","Double","Power CAN output","Veh_1/ToVCU/powerCAN_out/SoftBMSDataToBus/BMS_WarningMsg/BMS_War_HingTemp_2_ToBus","Veh_1_B.VCar_Outport_py","","Power-domain CAN output; observe motor, battery, and power-control frames.","1"
"Output","Veh_1.ToVCU.powerCAN_out.SoftBMSDataToBus.BMS_WarningMsg.BMS_War_HingTemp_3_ToBus","Double","Power CAN output","Veh_1/ToVCU/powerCAN_out/SoftBMSDataToBus/BMS_WarningMsg/BMS_War_HingTemp_3_ToBus","Veh_1_B.VCar_Outport_n3","","Power-domain CAN output; observe motor, battery, and power-control frames.","1"
"Output","Veh_1.ToVCU.powerCAN_out.SoftBMSDataToBus.BMS_WarningMsg.BMS_War_HingTemp_4_ToBus","Double","Power CAN output","Veh_1/ToVCU/powerCAN_out/SoftBMSDataToBus/BMS_WarningMsg/BMS_War_HingTemp_4_ToBus","Veh_1_B.VCar_Outport_eao","","Power-domain CAN output; observe motor, battery, and power-control frames.","1"
"Output","Veh_1.ToVCU.powerCAN_out.SoftBMSDataToBus.BMS_WarningMsg.BMS_War_HVIL_fault_ToBus","Double","Power CAN output","Veh_1/ToVCU/powerCAN_out/SoftBMSDataToBus/BMS_WarningMsg/BMS_War_HVIL_fault_ToBus","Veh_1_B.VCar_Outport_hf","","Power-domain CAN output; observe motor, battery, and power-control frames.","1"
"Output","Veh_1.ToVCU.powerCAN_out.SoftBMSDataToBus.BMS_WarningMsg.BMS_War_InsulationRes_TooLOW_2_ToBus","Double","Power CAN output","Veh_1/ToVCU/powerCAN_out/SoftBMSDataToBus/BMS_WarningMsg/BMS_War_InsulationRes_TooLOW_2_ToBus","Veh_1_B.VCar_Outport_evh","","Power-domain CAN output; observe motor, battery, and power-control frames.","1"
"Output","Veh_1.ToVCU.powerCAN_out.SoftBMSDataToBus.BMS_WarningMsg.BMS_War_InsulationRes_TooLOW_4_ToBus","Double","Power CAN output","Veh_1/ToVCU/powerCAN_out/SoftBMSDataToBus/BMS_WarningMsg/BMS_War_InsulationRes_TooLOW_4_ToBus","Veh_1_B.VCar_Outport_ha","","Power-domain CAN output; observe motor, battery, and power-control frames.","1"
"Output","Veh_1.ToVCU.powerCAN_out.SoftBMSDataToBus.BMS_WarningMsg.BMS_War_LowTemp_2_ToBus","Double","Power CAN output","Veh_1/ToVCU/powerCAN_out/SoftBMSDataToBus/BMS_WarningMsg/BMS_War_LowTemp_2_ToBus","Veh_1_B.VCar_Outport_pve","","Power-domain CAN output; observe motor, battery, and power-control frames.","1"
"Output","Veh_1.ToVCU.powerCAN_out.SoftBMSDataToBus.BMS_WarningMsg.BMS_War_LowTemp_3_ToBus","Double","Power CAN output","Veh_1/ToVCU/powerCAN_out/SoftBMSDataToBus/BMS_WarningMsg/BMS_War_LowTemp_3_ToBus","Veh_1_B.VCar_Outport_kw5","","Power-domain CAN output; observe motor, battery, and power-control frames.","1"
"Output","Veh_1.ToVCU.powerCAN_out.SoftBMSDataToBus.BMS_WarningMsg.BMS_War_neg_rly_conglutination_3_ToBus","Double","Power CAN output","Veh_1/ToVCU/powerCAN_out/SoftBMSDataToBus/BMS_WarningMsg/BMS_War_neg_rly_conglutination_3_ToBus","Veh_1_B.VCar_Outport_kf4","","Power-domain CAN output; observe motor, battery, and power-control frames.","1"
"Output","Veh_1.ToVCU.powerCAN_out.SoftBMSDataToBus.BMS_WarningMsg.BMS_War_neg_rly_not_attracting_3_ToBus","Double","Power CAN output","Veh_1/ToVCU/powerCAN_out/SoftBMSDataToBus/BMS_WarningMsg/BMS_War_neg_rly_not_attracting_3_ToBus","Veh_1_B.VCar_Outport_fwf","","Power-domain CAN output; observe motor, battery, and power-control frames.","1"
"Output","Veh_1.ToVCU.powerCAN_out.SoftBMSDataToBus.BMS_WarningMsg.BMS_War_OBC_communication_flt_3_ToBus","Double","Power CAN output","Veh_1/ToVCU/powerCAN_out/SoftBMSDataToBus/BMS_WarningMsg/BMS_War_OBC_communication_flt_3_ToBus","Veh_1_B.VCar_Outport_fj","","Power-domain CAN output; observe motor, battery, and power-control frames.","1"
"Output","Veh_1.ToVCU.powerCAN_out.SoftBMSDataToBus.BMS_WarningMsg.BMS_War_Packconsistency_ToBus","Double","Power CAN output","Veh_1/ToVCU/powerCAN_out/SoftBMSDataToBus/BMS_WarningMsg/BMS_War_Packconsistency_ToBus","Veh_1_B.VCar_Outport_cp","","Power-domain CAN output; observe motor, battery, and power-control frames.","1"
"Output","Veh_1.ToVCU.powerCAN_out.SoftBMSDataToBus.BMS_WarningMsg.BMS_War_PackOverVoltage_3_ToBus","Double","Power CAN output","Veh_1/ToVCU/powerCAN_out/SoftBMSDataToBus/BMS_WarningMsg/BMS_War_PackOverVoltage_3_ToBus","Veh_1_B.VCar_Outport_cn","","Power-domain CAN output; observe motor, battery, and power-control frames.","1"
"Output","Veh_1.ToVCU.powerCAN_out.SoftBMSDataToBus.BMS_WarningMsg.BMS_War_PackOverVoltage_4_ToBus","Double","Power CAN output","Veh_1/ToVCU/powerCAN_out/SoftBMSDataToBus/BMS_WarningMsg/BMS_War_PackOverVoltage_4_ToBus","Veh_1_B.VCar_Outport_bu","","Power-domain CAN output; observe motor, battery, and power-control frames.","1"
"Output","Veh_1.ToVCU.powerCAN_out.SoftBMSDataToBus.BMS_WarningMsg.BMS_War_PackUnderVoltage_2_ToBus","Double","Power CAN output","Veh_1/ToVCU/powerCAN_out/SoftBMSDataToBus/BMS_WarningMsg/BMS_War_PackUnderVoltage_2_ToBus","Veh_1_B.VCar_Outport_bj","","Power-domain CAN output; observe motor, battery, and power-control frames.","1"
"Output","Veh_1.ToVCU.powerCAN_out.SoftBMSDataToBus.BMS_WarningMsg.BMS_War_PackUnderVoltage_3_ToBus","Double","Power CAN output","Veh_1/ToVCU/powerCAN_out/SoftBMSDataToBus/BMS_WarningMsg/BMS_War_PackUnderVoltage_3_ToBus","Veh_1_B.VCar_Outport_prq","","Power-domain CAN output; observe motor, battery, and power-control frames.","1"
"Output","Veh_1.ToVCU.powerCAN_out.SoftBMSDataToBus.BMS_WarningMsg.BMS_War_PackUnderVoltage_4_ToBus","Double","Power CAN output","Veh_1/ToVCU/powerCAN_out/SoftBMSDataToBus/BMS_WarningMsg/BMS_War_PackUnderVoltage_4_ToBus","Veh_1_B.VCar_Outport_phq","","Power-domain CAN output; observe motor, battery, and power-control frames.","1"
"Output","Veh_1.ToVCU.powerCAN_out.SoftBMSDataToBus.BMS_WarningMsg.BMS_War_PackUnderVoltage_chg_4_ToBus","Double","Power CAN output","Veh_1/ToVCU/powerCAN_out/SoftBMSDataToBus/BMS_WarningMsg/BMS_War_PackUnderVoltage_chg_4_ToBus","Veh_1_B.VCar_Outport_dy","","Power-domain CAN output; observe motor, battery, and power-control frames.","1"
"Output","Veh_1.ToVCU.powerCAN_out.SoftBMSDataToBus.BMS_WarningMsg.BMS_War_SOClow_ToBus","Double","Power CAN output","Veh_1/ToVCU/powerCAN_out/SoftBMSDataToBus/BMS_WarningMsg/BMS_War_SOClow_ToBus","Veh_1_B.VCar_Outport_hk","","Power-domain CAN output; observe motor, battery, and power-control frames.","1"
"Output","Veh_1.ToVCU.powerCAN_out.SoftBMSDataToBus.BMS_WarningMsg.BMS_War_system_fault_3_ToBus","Double","Power CAN output","Veh_1/ToVCU/powerCAN_out/SoftBMSDataToBus/BMS_WarningMsg/BMS_War_system_fault_3_ToBus","Veh_1_B.VCar_Outport_iq4","","Power-domain CAN output; observe motor, battery, and power-control frames.","1"
"Output","Veh_1.ToVCU.powerCAN_out.SoftBMSDataToBus.BMS_WarningMsg.BMS_War_temp_collect_interrupt_2_ToBus","Double","Power CAN output","Veh_1/ToVCU/powerCAN_out/SoftBMSDataToBus/BMS_WarningMsg/BMS_War_temp_collect_interrupt_2_ToBus","Veh_1_B.VCar_Outport_no","","Power-domain CAN output; observe motor, battery, and power-control frames.","1"
"Output","Veh_1.ToVCU.powerCAN_out.SoftBMSDataToBus.BMS_WarningMsg.BMS_War_temp_collect_interrupt_4_ToBus","Double","Power CAN output","Veh_1/ToVCU/powerCAN_out/SoftBMSDataToBus/BMS_WarningMsg/BMS_War_temp_collect_interrupt_4_ToBus","Veh_1_B.VCar_Outport_kv","","Power-domain CAN output; observe motor, battery, and power-control frames.","1"
"Output","Veh_1.ToVCU.powerCAN_out.SoftBMSDataToBus.BMS_WarningMsg.BMS_War_tempDiffeerence_2_ToBus","Double","Power CAN output","Veh_1/ToVCU/powerCAN_out/SoftBMSDataToBus/BMS_WarningMsg/BMS_War_tempDiffeerence_2_ToBus","Veh_1_B.VCar_Outport_av","","Power-domain CAN output; observe motor, battery, and power-control frames.","1"
"Output","Veh_1.ToVCU.powerCAN_out.SoftBMSDataToBus.BMS_WarningMsg.BMS_War_time_of_chg_too_long_4_ToBus","Double","Power CAN output","Veh_1/ToVCU/powerCAN_out/SoftBMSDataToBus/BMS_WarningMsg/BMS_War_time_of_chg_too_long_4_ToBus","Veh_1_B.VCar_Outport_bh4","","Power-domain CAN output; observe motor, battery, and power-control frames.","1"
"Output","Veh_1.ToVCU.powerCAN_out.SoftBMSDataToBus.BMS_WarningMsg.BMS_War_time_of_heat_too_long_4_ToBus","Double","Power CAN output","Veh_1/ToVCU/powerCAN_out/SoftBMSDataToBus/BMS_WarningMsg/BMS_War_time_of_heat_too_long_4_ToBus","Veh_1_B.VCar_Outport_c2","","Power-domain CAN output; observe motor, battery, and power-control frames.","1"
"Output","Veh_1.ToVCU.powerCAN_out.SoftBMSDataToBus.BMS_WarningMsg.BMS_War_VCU_communication_flt_1_ToBus","Double","Power CAN output","Veh_1/ToVCU/powerCAN_out/SoftBMSDataToBus/BMS_WarningMsg/BMS_War_VCU_communication_flt_1_ToBus","Veh_1_B.VCar_Outport_l4","","Power-domain CAN output; observe motor, battery, and power-control frames.","1"
"Output","Veh_1.ToVCU.powerCAN_out.SoftBMSDataToBus.BMS_WarningMsg.BMS_War_Volt_collect_interrupt_2_ToBus","Double","Power CAN output","Veh_1/ToVCU/powerCAN_out/SoftBMSDataToBus/BMS_WarningMsg/BMS_War_Volt_collect_interrupt_2_ToBus","Veh_1_B.VCar_Outport_c0","","Power-domain CAN output; observe motor, battery, and power-control frames.","1"
"Output","Veh_1.ToVCU.powerCAN_out.SoftBMSDataToBus.BMS_WarningMsg.BMS_War_Volt_collect_interrupt_4_ToBus","Double","Power CAN output","Veh_1/ToVCU/powerCAN_out/SoftBMSDataToBus/BMS_WarningMsg/BMS_War_Volt_collect_interrupt_4_ToBus","Veh_1_B.VCar_Outport_ife","","Power-domain CAN output; observe motor, battery, and power-control frames.","1"
"Output","Veh_1.ToVCU.powerCAN_out.SoftBMSDataToBus.BMS_WarningMsg.BMS_War_Voltage_difference_2_ToBus","Double","Power CAN output","Veh_1/ToVCU/powerCAN_out/SoftBMSDataToBus/BMS_WarningMsg/BMS_War_Voltage_difference_2_ToBus","Veh_1_B.VCar_Outport_cha","","Power-domain CAN output; observe motor, battery, and power-control frames.","1"
"Output","Veh_1.ToVCU.powerCAN_out.SoftBMSDataToBus.BMS_WarningMsg_MsgEnable.BMS_WarningMsg_MsgDisable","Bool","Power CAN output","Veh_1/ToVCU/powerCAN_out/SoftBMSDataToBus/BMS_WarningMsg_MsgEnable/BMS_WarningMsg_MsgDisable","Veh_1_B.VCar_Outport_lu0","","Power-domain CAN output; observe motor, battery, and power-control frames.","1"
"Output","Veh_1.ToVCU.powerCAN_out.SoftDCDCDataToBus.DCDC_General.DCDC_control_mode_ToBus","Double","Power CAN output","Veh_1/ToVCU/powerCAN_out/SoftDCDCDataToBus/DCDC_General/DCDC_control_mode_ToBus","Veh_1_B.VCar_Outport_pp","","Power-domain CAN output; observe motor, battery, and power-control frames.","1"
"Output","Veh_1.ToVCU.powerCAN_out.SoftDCDCDataToBus.DCDC_General.DCDC_Fault_level_ToBus","Double","Power CAN output","Veh_1/ToVCU/powerCAN_out/SoftDCDCDataToBus/DCDC_General/DCDC_Fault_level_ToBus","Veh_1_B.VCar_Outport_hc","","Power-domain CAN output; observe motor, battery, and power-control frames.","1"
"Output","Veh_1.ToVCU.powerCAN_out.SoftDCDCDataToBus.DCDC_General.DCDC_General_Counter_ToBus","Double","Power CAN output","Veh_1/ToVCU/powerCAN_out/SoftDCDCDataToBus/DCDC_General/DCDC_General_Counter_ToBus","Veh_1_B.VCar_Outport_h5o","","Power-domain CAN output; observe motor, battery, and power-control frames.","1"
"Output","Veh_1.ToVCU.powerCAN_out.SoftDCDCDataToBus.DCDC_General.DCDC_HVIL_state_ToBus","Double","Power CAN output","Veh_1/ToVCU/powerCAN_out/SoftDCDCDataToBus/DCDC_General/DCDC_HVIL_state_ToBus","Veh_1_B.VCar_Outport_ol","","Power-domain CAN output; observe motor, battery, and power-control frames.","1"
"Output","Veh_1.ToVCU.powerCAN_out.SoftDCDCDataToBus.DCDC_General.DCDC_input_current_ToBus","Double","Power CAN output","Veh_1/ToVCU/powerCAN_out/SoftDCDCDataToBus/DCDC_General/DCDC_input_current_ToBus","Veh_1_B.VCar_Outport_dja","","Power-domain CAN output; observe motor, battery, and power-control frames.","1"
"Output","Veh_1.ToVCU.powerCAN_out.SoftDCDCDataToBus.DCDC_General.DCDC_input_Voltage_ToBus","Double","Power CAN output","Veh_1/ToVCU/powerCAN_out/SoftDCDCDataToBus/DCDC_General/DCDC_input_Voltage_ToBus","Veh_1_B.VCar_Outport_b5x","","Power-domain CAN output; observe motor, battery, and power-control frames.","1"
"Output","Veh_1.ToVCU.powerCAN_out.SoftDCDCDataToBus.DCDC_General.DCDC_On_Off_state_ToBus","Double","Power CAN output","Veh_1/ToVCU/powerCAN_out/SoftDCDCDataToBus/DCDC_General/DCDC_On_Off_state_ToBus","Veh_1_B.VCar_Outport_g2","","Power-domain CAN output; observe motor, battery, and power-control frames.","1"
"Output","Veh_1.ToVCU.powerCAN_out.SoftDCDCDataToBus.DCDC_General.DCDC_output_current_ToBus","Double","Power CAN output","Veh_1/ToVCU/powerCAN_out/SoftDCDCDataToBus/DCDC_General/DCDC_output_current_ToBus","Veh_1_B.VCar_Outport_ok","","Power-domain CAN output; observe motor, battery, and power-control frames.","1"
"Output","Veh_1.ToVCU.powerCAN_out.SoftDCDCDataToBus.DCDC_General.DCDC_output_Voltage_ToBus","Double","Power CAN output","Veh_1/ToVCU/powerCAN_out/SoftDCDCDataToBus/DCDC_General/DCDC_output_Voltage_ToBus","Veh_1_B.VCar_Outport_erm","","Power-domain CAN output; observe motor, battery, and power-control frames.","1"
"Output","Veh_1.ToVCU.powerCAN_out.SoftDCDCDataToBus.DCDC_General.DCDC_over_temp_alarm_ToBus","Double","Power CAN output","Veh_1/ToVCU/powerCAN_out/SoftDCDCDataToBus/DCDC_General/DCDC_over_temp_alarm_ToBus","Veh_1_B.VCar_Outport_bjd","","Power-domain CAN output; observe motor, battery, and power-control frames.","1"
"Output","Veh_1.ToVCU.powerCAN_out.SoftDCDCDataToBus.DCDC_General.DCDC_state_ToBus","Double","Power CAN output","Veh_1/ToVCU/powerCAN_out/SoftDCDCDataToBus/DCDC_General/DCDC_state_ToBus","Veh_1_B.VCar_Outport_j1","","Power-domain CAN output; observe motor, battery, and power-control frames.","1"
"Output","Veh_1.ToVCU.powerCAN_out.SoftDCDCDataToBus.DCDC_General.DCDC_temp_ToBus","Double","Power CAN output","Veh_1/ToVCU/powerCAN_out/SoftDCDCDataToBus/DCDC_General/DCDC_temp_ToBus","Veh_1_B.VCar_Outport_ifu","","Power-domain CAN output; observe motor, battery, and power-control frames.","1"
"Output","Veh_1.ToVCU.powerCAN_out.SoftDCDCDataToBus.DCDC_General_MsgEnable.DCDC_General_MsgDisable","Bool","Power CAN output","Veh_1/ToVCU/powerCAN_out/SoftDCDCDataToBus/DCDC_General_MsgEnable/DCDC_General_MsgDisable","Veh_1_B.VCar_Outport_gbh","","Power-domain CAN output; observe motor, battery, and power-control frames.","1"
"Output","Veh_1.ToVCU.powerCAN_out.SoftMCUDataToBus.MC_General.MC_Control_mode_ToBus","Double","Power CAN output","Veh_1/ToVCU/powerCAN_out/SoftMCUDataToBus/MC_General/MC_Control_mode_ToBus","Veh_1_B.VCar_Outport_k1","","Power-domain CAN output; observe motor, battery, and power-control frames.","1"
"Output","Veh_1.ToVCU.powerCAN_out.SoftMCUDataToBus.MC_General.MC_General_Checksum_ToBus","Double","Power CAN output","Veh_1/ToVCU/powerCAN_out/SoftMCUDataToBus/MC_General/MC_General_Checksum_ToBus","Veh_1_B.VCar_Outport_pvd","","Power-domain CAN output; observe motor, battery, and power-control frames.","1"
"Output","Veh_1.ToVCU.powerCAN_out.SoftMCUDataToBus.MC_General.MC_General_Counter_ToBus","Double","Power CAN output","Veh_1/ToVCU/powerCAN_out/SoftMCUDataToBus/MC_General/MC_General_Counter_ToBus","Veh_1_B.VCar_Outport_bul","","Power-domain CAN output; observe motor, battery, and power-control frames.","1"
"Output","Veh_1.ToVCU.powerCAN_out.SoftMCUDataToBus.MC_General.MC_HVIL_Status_ToBus","Double","Power CAN output","Veh_1/ToVCU/powerCAN_out/SoftMCUDataToBus/MC_General/MC_HVIL_Status_ToBus","Veh_1_B.VCar_Outport_esg","","Power-domain CAN output; observe motor, battery, and power-control frames.","1"
"Output","Veh_1.ToVCU.powerCAN_out.SoftMCUDataToBus.MC_General.MC_MaxToque_Limit_ToBus","Double","Power CAN output","Veh_1/ToVCU/powerCAN_out/SoftMCUDataToBus/MC_General/MC_MaxToque_Limit_ToBus","Veh_1_B.VCar_Outport_h5m","","Power-domain CAN output; observe motor, battery, and power-control frames.","1"
"Output","Veh_1.ToVCU.powerCAN_out.SoftMCUDataToBus.MC_General.MC_Power_In_Or_Out_stata_ToBus","Double","Power CAN output","Veh_1/ToVCU/powerCAN_out/SoftMCUDataToBus/MC_General/MC_Power_In_Or_Out_stata_ToBus","Veh_1_B.VCar_Outport_ao2","","Power-domain CAN output; observe motor, battery, and power-control frames.","1"
"Output","Veh_1.ToVCU.powerCAN_out.SoftMCUDataToBus.MC_General.MC_Status_TargetRun_ToBus","Double","Power CAN output","Veh_1/ToVCU/powerCAN_out/SoftMCUDataToBus/MC_General/MC_Status_TargetRun_ToBus","Veh_1_B.VCar_Outport_j2x","","Power-domain CAN output; observe motor, battery, and power-control frames.","1"
"Output","Veh_1.ToVCU.powerCAN_out.SoftMCUDataToBus.MC_General.MC_Status_Uncover_ToBus","Double","Power CAN output","Veh_1/ToVCU/powerCAN_out/SoftMCUDataToBus/MC_General/MC_Status_Uncover_ToBus","Veh_1_B.VCar_Outport_c3o","","Power-domain CAN output; observe motor, battery, and power-control frames.","1"
"Output","Veh_1.ToVCU.powerCAN_out.SoftMCUDataToBus.MC_General.MC_system_Fault_level_ToBus","Double","Power CAN output","Veh_1/ToVCU/powerCAN_out/SoftMCUDataToBus/MC_General/MC_system_Fault_level_ToBus","Veh_1_B.VCar_Outport_fbl","","Power-domain CAN output; observe motor, battery, and power-control frames.","1"
"Output","Veh_1.ToVCU.powerCAN_out.SoftMCUDataToBus.MC_General_MsgEnable.MC_General_MsgDisable","Bool","Power CAN output","Veh_1/ToVCU/powerCAN_out/SoftMCUDataToBus/MC_General_MsgEnable/MC_General_MsgDisable","Veh_1_B.VCar_Outport_il","","Power-domain CAN output; observe motor, battery, and power-control frames.","1"
"Output","Veh_1.ToVCU.powerCAN_out.SoftMCUDataToBus.MC_motor_Torque_AND_speed.MC_busbar_current_ToBus","Double","Power CAN output","Veh_1/ToVCU/powerCAN_out/SoftMCUDataToBus/MC_motor_Torque_AND_speed/MC_busbar_current_ToBus","Veh_1_B.VCar_Outport_au","","Power-domain CAN output; observe motor, battery, and power-control frames.","1"
"Output","Veh_1.ToVCU.powerCAN_out.SoftMCUDataToBus.MC_motor_Torque_AND_speed.MC_busbar_Voltage_ToBus","Double","Power CAN output","Veh_1/ToVCU/powerCAN_out/SoftMCUDataToBus/MC_motor_Torque_AND_speed/MC_busbar_Voltage_ToBus","Veh_1_B.VCar_Outport_i42","","Power-domain CAN output; observe motor, battery, and power-control frames.","1"
"Output","Veh_1.ToVCU.powerCAN_out.SoftMCUDataToBus.MC_motor_Torque_AND_speed.MC_motor_speed_ToBus","Double","Power CAN output","Veh_1/ToVCU/powerCAN_out/SoftMCUDataToBus/MC_motor_Torque_AND_speed/MC_motor_speed_ToBus","Veh_1_B.VCar_Outport_hz","","Power-domain CAN output; observe motor, battery, and power-control frames.","1"
"Output","Veh_1.ToVCU.powerCAN_out.SoftMCUDataToBus.MC_motor_Torque_AND_speed.MC_motor_Torque_ToBus","Double","Power CAN output","Veh_1/ToVCU/powerCAN_out/SoftMCUDataToBus/MC_motor_Torque_AND_speed/MC_motor_Torque_ToBus","Veh_1_B.VCar_Outport_mio","","Power-domain CAN output; observe motor, battery, and power-control frames.","1"
"Output","Veh_1.ToVCU.powerCAN_out.SoftMCUDataToBus.MC_motor_Torque_AND_speed_MsgEnable.MC_motor_Torque_AND_speed_MsgDisable","Bool","Power CAN output","Veh_1/ToVCU/powerCAN_out/SoftMCUDataToBus/MC_motor_Torque_AND_speed_MsgEnable/MC_motor_Torque_AND_speed_MsgDisable","Veh_1_B.VCar_Outport_fjb","","Power-domain CAN output; observe motor, battery, and power-control frames.","1"
"Output","Veh_1.ToVCU.powerCAN_out.SoftMCUDataToBus.MC_Status.MC_max_Torque_Limit_ToBus","Double","Power CAN output","Veh_1/ToVCU/powerCAN_out/SoftMCUDataToBus/MC_Status/MC_max_Torque_Limit_ToBus","Veh_1_B.VCar_Outport_h3","","Power-domain CAN output; observe motor, battery, and power-control frames.","1"
"Output","Veh_1.ToVCU.powerCAN_out.SoftMCUDataToBus.MC_Status.MC_Status_Checksum_ToBus","Double","Power CAN output","Veh_1/ToVCU/powerCAN_out/SoftMCUDataToBus/MC_Status/MC_Status_Checksum_ToBus","Veh_1_B.VCar_Outport_o1","","Power-domain CAN output; observe motor, battery, and power-control frames.","1"
"Output","Veh_1.ToVCU.powerCAN_out.SoftMCUDataToBus.MC_Status.MC_Status_Counter_ToBus","Double","Power CAN output","Veh_1/ToVCU/powerCAN_out/SoftMCUDataToBus/MC_Status/MC_Status_Counter_ToBus","Veh_1_B.VCar_Outport_h0","","Power-domain CAN output; observe motor, battery, and power-control frames.","1"
"Output","Veh_1.ToVCU.powerCAN_out.SoftMCUDataToBus.MC_Status.MC_Ucurrent_ToBus","Double","Power CAN output","Veh_1/ToVCU/powerCAN_out/SoftMCUDataToBus/MC_Status/MC_Ucurrent_ToBus","Veh_1_B.VCar_Outport_pu4","","Power-domain CAN output; observe motor, battery, and power-control frames.","1"
"Output","Veh_1.ToVCU.powerCAN_out.SoftMCUDataToBus.MC_Status.MC_Vcurrent_ToBus","Double","Power CAN output","Veh_1/ToVCU/powerCAN_out/SoftMCUDataToBus/MC_Status/MC_Vcurrent_ToBus","Veh_1_B.VCar_Outport_jug","","Power-domain CAN output; observe motor, battery, and power-control frames.","1"
"Output","Veh_1.ToVCU.powerCAN_out.SoftMCUDataToBus.MC_Status_MsgEnable.MC_Status_MsgDisable","Bool","Power CAN output","Veh_1/ToVCU/powerCAN_out/SoftMCUDataToBus/MC_Status_MsgEnable/MC_Status_MsgDisable","Veh_1_B.VCar_Outport_kt1","","Power-domain CAN output; observe motor, battery, and power-control frames.","1"
"Output","Veh_1.ToVCU.powerCAN_out.SoftMCUDataToBus.MC_Temp.MC_Max_Temp_ToBus","Double","Power CAN output","Veh_1/ToVCU/powerCAN_out/SoftMCUDataToBus/MC_Temp/MC_Max_Temp_ToBus","Veh_1_B.VCar_Outport_br","","Power-domain CAN output; observe motor, battery, and power-control frames.","1"
"Output","Veh_1.ToVCU.powerCAN_out.SoftMCUDataToBus.MC_Temp.MC_Motor_max_Temp_ToBus","Double","Power CAN output","Veh_1/ToVCU/powerCAN_out/SoftMCUDataToBus/MC_Temp/MC_Motor_max_Temp_ToBus","Veh_1_B.VCar_Outport_g0y","","Power-domain CAN output; observe motor, battery, and power-control frames.","1"
"Output","Veh_1.ToVCU.powerCAN_out.SoftMCUDataToBus.MC_Temp.MC_Temp_Counter_ToBus","Double","Power CAN output","Veh_1/ToVCU/powerCAN_out/SoftMCUDataToBus/MC_Temp/MC_Temp_Counter_ToBus","Veh_1_B.VCar_Outport_lmm","","Power-domain CAN output; observe motor, battery, and power-control frames.","1"
"Output","Veh_1.ToVCU.powerCAN_out.SoftMCUDataToBus.MC_Temp_MsgEnable.MC_Temp_MsgDisable","Bool","Power CAN output","Veh_1/ToVCU/powerCAN_out/SoftMCUDataToBus/MC_Temp_MsgEnable/MC_Temp_MsgDisable","Veh_1_B.VCar_Outport_arn","","Power-domain CAN output; observe motor, battery, and power-control frames.","1"
"Output","Veh_1.ToVCU.powerCAN_out.SoftOBCDataToBus.OBC_General.OBC_Charge_Temp_ToBus","Double","Power CAN output","Veh_1/ToVCU/powerCAN_out/SoftOBCDataToBus/OBC_General/OBC_Charge_Temp_ToBus","Veh_1_B.VCar_Outport_lel","","Power-domain CAN output; observe motor, battery, and power-control frames.","1"
"Output","Veh_1.ToVCU.powerCAN_out.SoftOBCDataToBus.OBC_General.OBC_error_Level_ToBus","Double","Power CAN output","Veh_1/ToVCU/powerCAN_out/SoftOBCDataToBus/OBC_General/OBC_error_Level_ToBus","Veh_1_B.VCar_Outport_bks","","Power-domain CAN output; observe motor, battery, and power-control frames.","1"
"Output","Veh_1.ToVCU.powerCAN_out.SoftOBCDataToBus.OBC_General.OBC_General_Checksum_ToBus","Double","Power CAN output","Veh_1/ToVCU/powerCAN_out/SoftOBCDataToBus/OBC_General/OBC_General_Checksum_ToBus","Veh_1_B.VCar_Outport_o1a","","Power-domain CAN output; observe motor, battery, and power-control frames.","1"
"Output","Veh_1.ToVCU.powerCAN_out.SoftOBCDataToBus.OBC_General.OBC_General_Counter_ToBus","Double","Power CAN output","Veh_1/ToVCU/powerCAN_out/SoftOBCDataToBus/OBC_General/OBC_General_Counter_ToBus","Veh_1_B.VCar_Outport_aph","","Power-domain CAN output; observe motor, battery, and power-control frames.","1"
"Output","Veh_1.ToVCU.powerCAN_out.SoftOBCDataToBus.OBC_General.OBC_HV_In_Current_ToBus","Double","Power CAN output","Veh_1/ToVCU/powerCAN_out/SoftOBCDataToBus/OBC_General/OBC_HV_In_Current_ToBus","Veh_1_B.VCar_Outport_dpy","","Power-domain CAN output; observe motor, battery, and power-control frames.","1"
"Output","Veh_1.ToVCU.powerCAN_out.SoftOBCDataToBus.OBC_General.OBC_HV_Input_Voltage_ToBus","Double","Power CAN output","Veh_1/ToVCU/powerCAN_out/SoftOBCDataToBus/OBC_General/OBC_HV_Input_Voltage_ToBus","Veh_1_B.VCar_Outport_hldt","","Power-domain CAN output; observe motor, battery, and power-control frames.","1"
"Output","Veh_1.ToVCU.powerCAN_out.SoftOBCDataToBus.OBC_General.OBC_HV_Output_Current_ToBus","Double","Power CAN output","Veh_1/ToVCU/powerCAN_out/SoftOBCDataToBus/OBC_General/OBC_HV_Output_Current_ToBus","Veh_1_B.VCar_Outport_aqz","","Power-domain CAN output; observe motor, battery, and power-control frames.","1"
"Output","Veh_1.ToVCU.powerCAN_out.SoftOBCDataToBus.OBC_General.OBC_HV_Output_Voltage_ToBus","Double","Power CAN output","Veh_1/ToVCU/powerCAN_out/SoftOBCDataToBus/OBC_General/OBC_HV_Output_Voltage_ToBus","Veh_1_B.VCar_Outport_hx","","Power-domain CAN output; observe motor, battery, and power-control frames.","1"
"Output","Veh_1.ToVCU.powerCAN_out.SoftOBCDataToBus.OBC_General.OBC_HVIL_state_ToBus","Double","Power CAN output","Veh_1/ToVCU/powerCAN_out/SoftOBCDataToBus/OBC_General/OBC_HVIL_state_ToBus","Veh_1_B.VCar_Outport_dzi","","Power-domain CAN output; observe motor, battery, and power-control frames.","1"
"Output","Veh_1.ToVCU.powerCAN_out.SoftOBCDataToBus.OBC_General.OBC_state_charge_run_ToBus","Double","Power CAN output","Veh_1/ToVCU/powerCAN_out/SoftOBCDataToBus/OBC_General/OBC_state_charge_run_ToBus","Veh_1_B.VCar_Outport_iv","","Power-domain CAN output; observe motor, battery, and power-control frames.","1"
"Output","Veh_1.ToVCU.powerCAN_out.SoftOBCDataToBus.OBC_General_MsgEnable.OBC_General_MsgDisable","Bool","Power CAN output","Veh_1/ToVCU/powerCAN_out/SoftOBCDataToBus/OBC_General_MsgEnable/OBC_General_MsgDisable","Veh_1_B.VCar_Outport_jxv","","Power-domain CAN output; observe motor, battery, and power-control frames.","1"
"Output","Veh_1.ToVCU.powerCAN_out.SoftOBCDataToBus.OBC_VoltCurr.OBC_HV_Output_Max_Current_Limit_ToBus","Double","Power CAN output","Veh_1/ToVCU/powerCAN_out/SoftOBCDataToBus/OBC_VoltCurr/OBC_HV_Output_Max_Current_Limit_ToBus","Veh_1_B.VCar_Outport_oga","","Power-domain CAN output; observe motor, battery, and power-control frames.","1"
"Output","Veh_1.ToVCU.powerCAN_out.SoftOBCDataToBus.OBC_VoltCurr.OBC_HV_Output_Max_Voltage_Limit_ToBus","Double","Power CAN output","Veh_1/ToVCU/powerCAN_out/SoftOBCDataToBus/OBC_VoltCurr/OBC_HV_Output_Max_Voltage_Limit_ToBus","Veh_1_B.VCar_Outport_js5","","Power-domain CAN output; observe motor, battery, and power-control frames.","1"
"Output","Veh_1.ToVCU.powerCAN_out.SoftOBCDataToBus.OBC_VoltCurr.OBC_LV_Output_Current_ToBus","Double","Power CAN output","Veh_1/ToVCU/powerCAN_out/SoftOBCDataToBus/OBC_VoltCurr/OBC_LV_Output_Current_ToBus","Veh_1_B.VCar_Outport_c5r","","Power-domain CAN output; observe motor, battery, and power-control frames.","1"
"Output","Veh_1.ToVCU.powerCAN_out.SoftOBCDataToBus.OBC_VoltCurr.OBC_LV_Output_Voltage_ToBus","Double","Power CAN output","Veh_1/ToVCU/powerCAN_out/SoftOBCDataToBus/OBC_VoltCurr/OBC_LV_Output_Voltage_ToBus","Veh_1_B.VCar_Outport_c3b","","Power-domain CAN output; observe motor, battery, and power-control frames.","1"
"Output","Veh_1.ToVCU.powerCAN_out.SoftOBCDataToBus.OBC_VoltCurr.OBC_VoltCurr_Counter_ToBus","Double","Power CAN output","Veh_1/ToVCU/powerCAN_out/SoftOBCDataToBus/OBC_VoltCurr/OBC_VoltCurr_Counter_ToBus","Veh_1_B.VCar_Outport_ld","","Power-domain CAN output; observe motor, battery, and power-control frames.","1"
"Output","Veh_1.ToVCU.powerCAN_out.SoftOBCDataToBus.OBC_VoltCurr_MsgEnable.OBC_VoltCurr_MsgDisable","Bool","Power CAN output","Veh_1/ToVCU/powerCAN_out/SoftOBCDataToBus/OBC_VoltCurr_MsgEnable/OBC_VoltCurr_MsgDisable","Veh_1_B.VCar_Outport_cr","","Power-domain CAN output; observe motor, battery, and power-control frames.","1"
"Output","Veh_1.ToVCU.powerCAN_out.SoftTesterDataToBus.DetailInfor_BroadCast.ECU_Edition_ToBus","Double","Power CAN output","Veh_1/ToVCU/powerCAN_out/SoftTesterDataToBus/DetailInfor_BroadCast/ECU_Edition_ToBus","Veh_1_B.VCar_Outport_is0","","Power-domain CAN output; observe motor, battery, and power-control frames.","1"
"Output","Veh_1.ToVCU.powerCAN_out.SoftTesterDataToBus.DetailInfor_BroadCast_MsgEnable.DetailInfor_BroadCast_MsgDisable","Bool","Power CAN output","Veh_1/ToVCU/powerCAN_out/SoftTesterDataToBus/DetailInfor_BroadCast_MsgEnable/DetailInfor_BroadCast_MsgDisable","Veh_1_B.VCar_Outport_ac","","Power-domain CAN output; observe motor, battery, and power-control frames.","1"
